type,campus,original_text,translated_text,url
post,Cagayan de Oro College,"PHINMACOC EXPERIENCE: FRESHMAN 2024-2025 I wanna share these experiences as objectively as possible. Hi! I'm a **freshmen** in **PHINMA-COC** for almost a year na (2024-2025) I enrolled in their CAHS program cause i wanna be an aspiring future nurse (erss parang pt. mn sigoro ko padulongay ani). So maghimo nalng kog quest/s-topics abt my experiences in chronological order:

1. Why did I choose this school?
2. What did I expect?
3. How was my 1st sem experience?
4. How was my 2nd sem experience?
5. How was my program?
6. Rating my overall experience?
7. Analyzing and summarizing their system -Pros -Cons
8. Masasabi ko sa balak mag COC 🤗
9. My personal comment about this school. (AGAIN! THIS IS MY PERSONAL EXPERIENCE!! SO KUNG NAA MAY COC FANATICS NGA WA GANAHI SA AKONG GI SAY THEN ANONG PAKE KO SA PAKE NIYO🤨 CHAR. If you have something to say paki connect permi sa akong topics hilig raba mo mang bundak ug ""WALA MAN SAD KA GIPUGOS MAG COC!"" dafuk! ga paila ragud mo🤨.)

**START!**

*1. Why did I choose this school?*

\-Not gonna lie😩 na dala kos flowery words sa nag promote sa ilang eskol✨ during my g12 (near graduation days). Hatag2x dayun silag brochures kay para lagi naa mi proof nga nag avail mi sa scholarship ug naa mi higher chance makakuhag 75% or 50% scholarship 💅(no exam, no grade maintenance). Plus, gipangayuan mig mga personal infos (numbers, name, etc) which is major near red flag na HAHHAHAH.chariz nag question ra bitaw ko kung nice ba gud ni nga school kay murag atat mn makakuhag estudents😌 (hmm murag naa nasay ga bark)

\-I heard many bad experiences and warnings about COC especially ang school system. But since nag tuo man ko nga nag vary ra gud to nga bad experiences kay lagi I can't disagree/agree with them cause I didn't wear their shoes🤦. Naa man say few nag ingon ""It's college what did you expect? It's about survival of the fittest na!"" tas ako nga naay ""I'm better than others"" complexion pak gusto burakosh babels🥰 received a message ""You are now enrolled!, welcome fellow Cocian!""

It's near my hometown/province, short travel lang (1-2hrs)Offers Affordable tuition w/ HK scholarship that can be partnered with external scholarships like City-scholar (Unfortunately, dili ko Cagay-anon pips)

*2. What did I expect?*

a. **Payable/affordable tuition** = **Partially met**

I mean yeah my first sem nag range sia (more or less 30k) dli nakims ma share akong ORF kay lagot ko ni dean, school, and law 🤗 2nd sem range (original 40k to w/ HK 31,328). I was granted with HK10-50%, I thought ma down syag 50% pero I was wrong karun rako kabantay. Ang gi explain man gud atong nag promote is mag base lagi daw sa percentage. The HK math is not mathing for me (I guess ako ang wakasabot or somethings wrong tlga, if any1 knows about it pls. paki explain🥺, naa man ko atong school guide book pero nawala nakims😅 wala sab nako nabasa about ani). Ang pinaka makalagot nga experience nako about sa tuition is late patak sa other fees 🤦 then libog nga explanation and transparency (IDk if sa among program rani gakahitabo). Okay ra unta ang na ulahig patak is naa ra sa 5k less, pero behh muabot syag 15k plus!. It's big NO NO FOR ME kay akong MAMA nag hagog bayad ug advance, unya ignan radyun mi nga naay na add kalit! sa last term exam pa e timing ug add. ""Ngano wala man mo kabalo? Nga nag pa meeting man mi regarding ani nga issue."" O nag pa meeting mo sa inyong chosen parents lang nuon! Ginapasa-pasa, pahulat ug dugay, and paasa rapagud mi kung mag ask mi or mag forward mig problem hayst (sorry dinako mapugngan mag rant) HAHAHHA. Unya karun attat kaayu mo mag pabayad! nga fresh from the bank kaayu inyong gi surprise sa amoa! Update2x pamo (course related) nga dili mi magradohan pag wala miy kabayad or permit, damay pagud among MINOR!!!! Hayst aha namn to inyong ginayawyaw nga giving chance and opportunities for the UNFORTUNATE.

\-I reviewed my ORF naa mi budget nga 10k for RLE, nga 1 to none ragud ko kagamit sa among supposed RLE facilities, kami pa mupalit or mangitag apparatus (excluded ang CHN and personal items) During HCT ratwon ata mi kabalik 🤦 unsay purpose sa mga dolls and other apparatus, for display? Tas most of the time dili pagud na gakahitabo among RLE, epa video radyun mi maylang unta ipa hulam mis mock hospital nga dili raba gud.

\-My faced problems: Transparency, finance, and program issues.

\-anyways yeah nag range ragud ilang tuition(fornow 1st year) from 40k and below persem ✅. Not like other schools nga 60k above per sem. expected nani kay wow man ang gipili nga kurso. Which is honestly affordable 👍  Im poor

b.) **Good school system** = ☠️☠️🤨

For me, it's ☠️, sana nabantayn koni katong nag pa enroll palang ko. Murag dinanako ni ma explain ug tarong kay supher personal talaga. Akong e share lang akong pinaka top opinion ""many-make-ing"" (free to counter this with accurate rationale and facts pls. cause I am hoping that this opinion of mine is too tsaka ra) Here are my top question in mind ngano naka come up ko ani nga opinion: -Ngano ga dawat pa silag students, unsa ni unlimited school? (Pls. don't counter me with ""Bobo baka?"" and other personal attacks kay mo cry ko🥺 isumbong ta mo kay papa Digong) Hala oe HAHAHHAHAH

c.)**School facilities/things are good** = ❌ 6/10 Naa may tv bay pero most naay functionality issues. Ang banko is kulang2x or naay guba. IGANNNNNNGGGGGGG!!!!!!! The library is okay man pero gamay ra nga students ang makasulod & igang sad.

d.)**Cute pets** = 100000🤍-1 I really adore coc pets mga well fed pagud. Especially ang mga cats hehehhe -1 lang kay naay uban pets bisag asa ra ga libang medyo baho pero keribels rmn nuon.

f.) **School Cleanliness** = ✅**moderately maintained** I witnessed nga ang school guards, cleaners & other school workers gina maintain gud ang cleanliness. Dila lang perfect kay gamay ramn sila ug plus factor ang pagka damak namo uban students🤗.

e.)**College life is socially fun** = 7/10 Daghan sila school/program events. Ako ang problema ani nga expectation hahahha. Unsaon mahimong socially fun nga ayha rako mamansin if una ko pansinon💅😩. Supher awkward kopa pag hindi ko sila ka close, tanga. Dali rasad ko mawalan ug social battery.

g.) **Accommodating school personnel(ambot tama bani akong engles)** = 6/10 mid Mapangutanan man sila bay especially sa CSDL, FINANCE, & ASSESSMENT usahay naa sila slight attitude (masabtan man nuon kay its a draining job) Makasapot lang usahay pag ipasa-pasa nalang ta like last term examP2 nag ask ko about sa akong tuition ngano wala pa na bayaran nga human namn unta, bageng from finance gipasa to assessment, from assessment gipasa to finance, hulat dayun ug dugay. Like😭😭😭☠️ wako kasabot sa akong gibati HAHHAHA kahilakon nga naglagot ni walk out nlng dayun HAHHAHAHA

*3. How was my 1st sem experience?*

Supher cultured shock labi na sa ilang fast paced acad life. Hayst, though I'm glad nga 2 days ra among f2f then 3 days OL class(vary sa subject time) which is not too hasol for lagyog homes like me💅. The parallel class(for minors) was a joke for me🤦‍♀️ galisod ems. Since OA man ko, na shock ko nga most of my cm gina AI ang tasks bisag naa ras module ang answer😭 and usahay gakalagot kog group mate sa uban kay gasalig ragud kang besty AI perme. Masabtan ramn bay if magamit ayaw lang ug 100% kay unsay purpose sa tong pag skweladiba😭 Pero I have no right to judge and wala akong magawa kay ilaha manang life.(Ps: Gagamit sab ko pero ginalimit nako. I'm not downgrading my fellow cm ha concerning ra gud ni nga actions kay I know naay dili maayu nga outcome ani. Yes, I know this is an offensive comment but I hope nga makuha ninyo akong pasabot.) *Dafuk ngano kaabot man ko sa AI nga topic HAHAHAH* The grading system was self explanatory. Nag research nako daan sa possible nako nga acad difficulties and grades pero dili gud malikayan nga mag question labi nag maka dawat og 70+ (especially from a constant acad achiever from Elem-2-Sr.High) Napaka saddening HAHHAHA pero buhi pamn ko so I'll keep on SLAYINNNN💅 even with these new set of grades. LABAN LANG ALAXAN. -I was a optimistic freshmen with too much expectations and goals.

4. **How was my 2nd sem experience?**

I realized the school scheduling is not for me. Super draining, sunod2x nga activities nga supher sayon raba ga lumba rag bundak ang minors and majors murag walay gadungan nga school events (Yes! normal ni nga life sa college so shut ur mouth na ha) School tuition transparency issues dayun. As in niabot ko sa time nga wala nako nag study for upcoming quizs and exams kay idk I feel so down sa akong acad life. E add nalng nako to among program day nga kasaba among first inatupag HAHAHHA mandatory pala yun. I thought lingaw2x nami ato and stress free, yun fala👄. (Kani is super personal opinion ha, if my shoe does not fit to your feet edi 😊)

5. **How was my program?** Ahhhhhhhhhhhhhhhhhh feeling 6/10 for the reason nga murag dili nila gina analyze among gina raise nga problems. For my course I would say 4/10, regarding sa among recent froblema. Personal reasons dayun like the attitude and ways sa pag tudlo sa among CI's. I mean yeah malain sab gud ila attitude kay daghan man sab sila students& long teaching hours pero unta ma deliver sab nila og ayo ang ilang ginatudlo. Plus, i don't get the reason ngano dili mi hatagan og ppt sa among lessons kay basig amo daw ibaligya😭 Gurl!! wala diay mi right ana? abi ba nako na apil na sa among tuition.

6. Rating my overall experience? 6/10 kapoy nag type basta gipang mention nanako.

7. Analyzing and summarizing their system -Pros: ✅ Affordable tuition Cute pets MID school facilities/personnel  
Has many school events  
Good for students who lives far from the city and those who works  
\-Cons: ❌ Fast paced acad life Tuition late miscellaneous issues

8. Masasabi ko sa balak mag COC 🤗 Buhay niyo yan bahala na kayo😌  
🛑🛑🛑🛑🚧 🏃🏃‍♂️🏃‍♀️🏃🏃‍♂️🏃‍♀️🏃🏃‍♂️🏃‍♀️🏃🏃‍♂️🏃‍♀️💨

9. My personal comment about this school. I hope nga mo grow ang COC for the better. I know this expectation will come true and I hope nga naa pako para maka witness ani nga change. I hope that this school in my following years will change my perspective and opinion, from ""maypag sa lain skwilahan ko nag enroll"" to ""Pak shopak I'm proud to be a SLAYABLE COCIAN!💅""

Pasagdai na ninyo akong wrong grahams🤦‍♀️","PHINMACOC EXPERIENCE: FRESHMAN 2024-2025 I wanna share these experiences as objectively as possible. Hi! I'm a **freshmen** in **PHINMA-COC** for almost a year na (2024-2025) I enrolled in their CAHS program cause i wanna be an aspiring future nurse (erss parang pt. mn sigoro ko padulongay ani). So maghimo nalng kog quest/s-topics abt my experiences in chronological order:

1. Why did I choose this school?
2. What did I expect?
3. How was my 1st sem experience?
4. How was my 2nd sem experience?
5. How was my program?
6. Rating my overall experience?
7. Analyzing and summarizing their system -Pros -Cons
8. Masasabi ko sa balak mag COC 🤗
9. My personal comment about this school. (AGAIN! THIS IS MY PERSONAL EXPERIENCE!! SO KUNG NAA MAY COC FANATICS NGA WA GANAHI SA AKONG GI SAY THEN ANONG PAKE KO SA PAKE NIYO🤨 CHAR. If you have something to say paki connect permi sa akong topics hilig raba mo mang bundak ug ""WALA MAN SAD KA GIPUGOS MAG COC!"" dafuk! ga paila ragud mo🤨.)

**START!**

*1. Why did I choose this school?*

\-Not gonna lie😩 na dala kos flowery words sa nag promote sa ilang eskol✨ during my g12 (near graduation days). Hatag2x dayun silag brochures kay para lagi naa mi proof nga nag avail mi sa scholarship ug naa mi higher chance makakuhag 75% or 50% scholarship 💅(no exam, no grade maintenance). Plus, gipangayuan mig mga personal infos (numbers, name, etc) which is major near red flag na HAHHAHAH.chariz nag question ra bitaw ko kung nice ba gud ni nga school kay murag atat mn makakuhag estudents😌 (hmm murag naa nasay ga bark)

\-I heard many bad experiences and warnings about COC especially ang school system. But since nag tuo man ko nga nag vary ra gud to nga bad experiences kay lagi I can't disagree/agree with them cause I didn't wear their shoes🤦. Naa man say few nag ingon ""It's college what did you expect? It's about survival of the fittest na!"" tas ako nga naay ""I'm better than others"" complexion pak gusto burakosh babels🥰 received a message ""You are now enrolled!, welcome fellow Cocian!""

It's near my hometown/province, short travel lang (1-2hrs)Offers Affordable tuition w/ HK scholarship that can be partnered with external scholarships like City-scholar (Unfortunately, dili ko Cagay-anon pips)

*2. What did I expect?*

a. **Payable/affordable tuition** = **Partially met**

I mean yeah my first sem nag range sia (more or less 30k) dli nakims ma share akong ORF kay lagot ko ni dean, school, and law 🤗 2nd sem range (original 40k to w/ HK 31,328). I was granted with HK10-50%, I thought ma down syag 50% pero I was wrong karun rako kabantay. Ang gi explain man gud atong nag promote is mag base lagi daw sa percentage. The HK math is not mathing for me (I guess ako ang wakasabot or somethings wrong tlga, if any1 knows about it pls. paki explain🥺, naa man ko atong school guide book pero nawala nakims😅 wala sab nako nabasa about ani). Ang pinaka makalagot nga experience nako about sa tuition is late patak sa other fees 🤦 then libog nga explanation and transparency (IDk if sa among program rani gakahitabo). Okay ra unta ang na ulahig patak is naa ra sa 5k less, pero behh muabot syag 15k plus!. It's big NO NO FOR ME kay akong MAMA nag hagog bayad ug advance, unya ignan radyun mi nga naay na add kalit! sa last term exam pa e timing ug add. ""Ngano wala man mo kabalo? Nga nag pa meeting man mi regarding ani nga issue."" O nag pa meeting mo sa inyong chosen parents lang nuon! Ginapasa-pasa, pahulat ug dugay, and paasa rapagud mi kung mag ask mi or mag forward mig problem hayst (sorry dinako mapugngan mag rant) HAHAHHA. Unya karun attat kaayu mo mag pabayad! nga fresh from the bank kaayu inyong gi surprise sa amoa! Update2x pamo (course related) nga dili mi magradohan pag wala miy kabayad or permit, damay pagud among MINOR!!!! Hayst aha namn to inyong ginayawyaw nga giving chance and opportunities for the UNFORTUNATE.

\-I reviewed my ORF naa mi budget nga 10k for RLE, nga 1 to none ragud ko kagamit sa among supposed RLE facilities, kami pa mupalit or mangitag apparatus (excluded ang CHN and personal items) During HCT ratwon ata mi kabalik 🤦 unsay purpose sa mga dolls and other apparatus, for display? Tas most of the time dili pagud na gakahitabo among RLE, epa video radyun mi maylang unta ipa hulam mis mock hospital nga dili raba gud.

\-My faced problems: Transparency, finance, and program issues.

\-anyways yeah nag range ragud ilang tuition(fornow 1st year) from 40k and below persem ✅. Not like other schools nga 60k above per sem. expected nani kay wow man ang gipili nga kurso. Which is honestly affordable 👍  Im poor

b.) **Good school system** = ☠️☠️🤨

For me, it's ☠️, sana nabantayn koni katong nag pa enroll palang ko. Murag dinanako ni ma explain ug tarong kay supher personal talaga. Akong e share lang akong pinaka top opinion ""many-make-ing"" (free to counter this with accurate rationale and facts pls. cause I am hoping that this opinion of mine is too tsaka ra) Here are my top question in mind ngano naka come up ko ani nga opinion: -Ngano ga dawat pa silag students, unsa ni unlimited school? (Pls. don't counter me with ""Bobo baka?"" and other personal attacks kay mo cry ko🥺 isumbong ta mo kay papa Digong) Hala oe HAHAHHAHAH

c.)**School facilities/things are good** = ❌ 6/10 Naa may tv bay pero most naay functionality issues. Ang banko is kulang2x or naay guba. IGANNNNNNGGGGGGG!!!!!!! The library is okay man pero gamay ra nga students ang makasulod & igang sad.

d.)**Cute pets** = 100000🤍-1 I really adore coc pets mga well fed pagud. Especially ang mga cats hehehhe -1 lang kay naay uban pets bisag asa ra ga libang medyo baho pero keribels rmn nuon.

f.) **School Cleanliness** = ✅**moderately maintained** I witnessed nga ang school guards, cleaners & other school workers gina maintain gud ang cleanliness. Dila lang perfect kay gamay ramn sila ug plus factor ang pagka damak namo uban students🤗.

e.)**College life is socially fun** = 7/10 Daghan sila school/program events. Ako ang problema ani nga expectation hahahha. Unsaon mahimong socially fun nga ayha rako mamansin if una ko pansinon💅😩. Supher awkward kopa pag hindi ko sila ka close, tanga. Dali rasad ko mawalan ug social battery.

g.) **Accommodating school personnel(ambot tama bani akong engles)** = 6/10 mid Mapangutanan man sila bay especially sa CSDL, FINANCE, & ASSESSMENT usahay naa sila slight attitude (masabtan man nuon kay its a draining job) Makasapot lang usahay pag ipasa-pasa nalang ta like last term examP2 nag ask ko about sa akong tuition ngano wala pa na bayaran nga human namn unta, bageng from finance gipasa to assessment, from assessment gipasa to finance, hulat dayun ug dugay. Like😭😭😭☠️ wako kasabot sa akong gibati HAHHAHA kahilakon nga naglagot ni walk out nlng dayun HAHHAHAHA

*3. How was my 1st sem experience?*

Supher cultured shock labi na sa ilang fast paced acad life. Hayst, though I'm glad nga 2 days ra among f2f then 3 days OL class(vary sa subject time) which is not too hasol for lagyog homes like me💅. The parallel class(for minors) was a joke for me🤦‍♀️ galisod ems. Since OA man ko, na shock ko nga most of my cm gina AI ang tasks bisag naa ras module ang answer😭 and usahay gakalagot kog group mate sa uban kay gasalig ragud kang besty AI perme. Masabtan ramn bay if magamit ayaw lang ug 100% kay unsay purpose sa tong pag skweladiba😭 Pero I have no right to judge and wala akong magawa kay ilaha manang life.(Ps: Gagamit sab ko pero ginalimit nako. I'm not downgrading my fellow cm ha concerning ra gud ni nga actions kay I know naay dili maayu nga outcome ani. Yes, I know this is an offensive comment but I hope nga makuha ninyo akong pasabot.) *Dafuk ngano kaabot man ko sa AI nga topic HAHAHAH* The grading system was self explanatory. Nag research nako daan sa possible nako nga acad difficulties and grades pero dili gud malikayan nga mag question labi nag maka dawat og 70+ (especially from a constant acad achiever from Elem-2-Sr.High) Napaka saddening HAHHAHA pero buhi pamn ko so I'll keep on SLAYINNNN💅 even with these new set of grades. LABAN LANG ALAXAN. -I was a optimistic freshmen with too much expectations and goals.

4. **How was my 2nd sem experience?**

I realized the school scheduling is not for me. Super draining, sunod2x nga activities nga supher sayon raba ga lumba rag bundak ang minors and majors murag walay gadungan nga school events (Yes! normal ni nga life sa college so shut ur mouth na ha) School tuition transparency issues dayun. As in niabot ko sa time nga wala nako nag study for upcoming quizs and exams kay idk I feel so down sa akong acad life. E add nalng nako to among program day nga kasaba among first inatupag HAHAHHA mandatory pala yun. I thought lingaw2x nami ato and stress free, yun fala👄. (Kani is super personal opinion ha, if my shoe does not fit to your feet edi 😊)

5. **How was my program?** Ahhhhhhhhhhhhhhhhhh feeling 6/10 for the reason nga murag dili nila gina analyze among gina raise nga problems. For my course I would say 4/10, regarding sa among recent froblema. Personal reasons dayun like the attitude and ways sa pag tudlo sa among CI's. I mean yeah malain sab gud ila attitude kay daghan man sab sila students& long teaching hours pero unta ma deliver sab nila og ayo ang ilang ginatudlo. Plus, i don't get the reason ngano dili mi hatagan og ppt sa among lessons kay basig amo daw ibaligya😭 Gurl!! wala diay mi right ana? abi ba nako na apil na sa among tuition.

6. Rating my overall experience? 6/10 kapoy nag type basta gipang mention nanako.

7. Analyzing and summarizing their system -Pros: ✅ Affordable tuition Cute pets MID school facilities/personnel  
Has many school events  
Good for students who lives far from the city and those who works  
\-Cons: ❌ Fast paced acad life Tuition late miscellaneous issues

8. Masasabi ko sa balak mag COC 🤗 Buhay niyo yan bahala na kayo😌  
🛑🛑🛑🛑🚧 🏃🏃‍♂️🏃‍♀️🏃🏃‍♂️🏃‍♀️🏃🏃‍♂️🏃‍♀️🏃🏃‍♂️🏃‍♀️💨

9. My personal comment about this school. I hope nga mo grow ang COC for the better. I know this expectation will come true and I hope nga naa pako para maka witness ani nga change. I hope that this school in my following years will change my perspective and opinion, from ""maypag sa lain skwilahan ko nag enroll"" to ""Pak shopak I'm proud to be a SLAYABLE COCIAN!💅""

Pasagdai na ninyo akong wrong grahams🤦‍♀️",https://www.reddit.com/r/cagayandeoro/comments/1jsvk43/phinmacoc_experience_freshman_20242025/
comment,Cagayan de Oro College,"#Thank you for your text submission to r/cagayandeoro, Higala!

Please remember to treat everyone respectfully and to read the community rules of r/cagayandeoro.

Please read the [subreddit rules](https://www.reddit.com/r/cagayandeoro/about/rules/) before posting. Remember to flair your post appropriately to avoid it being deleted.


*I am a bot, and this action was performed automatically. Please [contact the moderators of this subreddit](/message/compose/?to=/r/cagayandeoro) if you have any questions or concerns.*","#Thank you for your text submission to r/cagayandeoro, Higala!

Please remember to treat everyone respectfully and to read the community rules of r/cagayandeoro.

Please read the [subreddit rules](https://www.reddit.com/r/cagayandeoro/about/rules/) before posting. Remember to flair your post appropriately to avoid it being deleted.


*I am a bot, and this action was performed automatically. Please [contact the moderators of this subreddit](/message/compose/?to=/r/cagayandeoro) if you have any questions or concerns.*",https://www.reddit.com/r/cagayandeoro/comments/1jsvk43/phinmacoc_experience_freshman_20242025/
comment,Cagayan de Oro College,"aint reading allat hahahahahaha pero akong ma ingun nmu op, ayaw padayun diha 😭😭😭😭 way ayo ilang system, nag enroll ko diha akong gi drop dretso after a week kay basta alimout hahahahaha

mulakaw ka nga fresh sa inyong balay, wa p nag sugod inyong klase imong hitsura murag pdulong na muuli sa kaigang ug sa kaalimout HAHHAHAHAHHAJAAH 😭😭","aint reading allat hahahahahaha but I said op, don't continue there 😭😭😭 their system is not good, I enrolled there I dropped right after a week because it was just alimout hahahahaha

you walk fresh from your house, you haven't started your class, you look like you're going home to the kaigan and kaalimout HAHHAHAHAHHAJAAH 😭😭",https://www.reddit.com/r/cagayandeoro/comments/1jsvk43/phinmacoc_experience_freshman_20242025/
comment,Cagayan de Oro College,"I’ve read good points. And a lot of the problems you have encountered is rooted on the fact that still, it is business. Na establish nila ilang name na largest education network in the Philippines tungod sa ilang target market. Cascading problems na dayun from there, nagkulang na sa facilities, student-teacher ratio does not even meet CHED requirements. Although they are starting to expand to other regions, ang Carmen ang pinaka crowded since it is the main campus in Mindanao. In addition, yes, being an employee there will be stressful, again, student-teacher ratio, admin task on top of teaching, types of students (walay entrance exam, hence walay pake sa strand and no filtering of students), and their job is always on the line specially for courses with board exams. So yeah, blame the management, not the teachers, sila lang jud ang always the first person to blame kay sila man ang frontliners. But truth is, they’re just following orders because they are at the bottom of the pyramid.","I’ve read good points. And a lot of the problems you have encountered is rooted on the fact that still, it is business. Na establish nila ilang name na largest education network in the Philippines tungod sa ilang target market. Cascading problems na dayun from there, nagkulang na sa facilities, student-teacher ratio does not even meet CHED requirements. Although they are starting to expand to other regions, ang Carmen ang pinaka crowded since it is the main campus in Mindanao. In addition, yes, being an employee there will be stressful, again, student-teacher ratio, admin task on top of teaching, types of students (walay entrance exam, hence walay pake sa strand and no filtering of students), and their job is always on the line specially for courses with board exams. So yeah, blame the management, not the teachers, sila lang jud ang always the first person to blame kay sila man ang frontliners. But truth is, they’re just following orders because they are at the bottom of the pyramid.",https://www.reddit.com/r/cagayandeoro/comments/1jsvk43/phinmacoc_experience_freshman_20242025/
comment,Cagayan de Oro College,"I graduated from COC and most of your points nag agree gyud ko. Nawala na ila significance sa ila mission nga “to make lives better through education” tungod gaka sacrifice and compromise ang quality of education kay ga focus nalang sila sa profits. I know this is business but saddening lang nga ing ani na karon. Red flag pud kaayo nga sige sila dawat students miskan ga exam na even with the fact nga kulang ang manpower and facilities. Luoy ang teachers tungod ilang trabaho pang tulo ka tawo and luoy ang students tungod dali dali permi ang lessons. Unya ignan ra dayon mo nga ang practice jud diha kay self-learning permi but kuwang ra gud na sila sa tawo. Kinsa may mu klase in 1 hour unya upat ka section ang e handle, wa moy matun-an ana busa ga AI nalang tungod gaapas sa tanan lessons and assignments. Sad but I am hopeful gihapon sa akong Alma Mater, I do hope they will change their system and prioritize the welfare of their employees and the quality of their education. Kay unsaon pag produce ug tsada nga quality if hago and permi dali dali ang teachers diha. Hahay.","I graduated from COC and I agree with most of your points. They have lost the significance of their mission ""to make lives better through education"" because they sacrifice and compromise the quality of education because they only focus on profits. I know this is business but it's just saddening that this is happening now. It's also a red flag that they continue to accept students from exams even with the fact that manpower and facilities are lacking. The teachers are miserable because they have to work with three people and the students are miserable because the lessons are always quick. Then you immediately say that the practice there is always self-learning but they are really lacking in people. Who has a class in 1 hour and then the e-handle has four sections, you can't study that because it's only AI because of all the lessons and assignments. Sad but I am still hopeful for my Alma Mater, I do hope they will change their system and prioritize the welfare of their employees and the quality of their education. Because how can we produce good quality if the teachers there are hard and always quick. Hahaha.",https://www.reddit.com/r/cagayandeoro/comments/1jsvk43/phinmacoc_experience_freshman_20242025/
comment,Cagayan de Oro College,"Balhin nlg XU or CU (Nursing dba?) Lahi ra ang branding gyud if manarbaho naka. 

Sa XU ko nagskwela, nakakuha pa kog scholarship na unexpected igka 3rd year kay good academic standing.","Change it to XU or CU (Nursing dba?) The branding is really different if you work. 

I went to school in XU, I even got a scholarship unexpectedly in the 3rd year because of good academic standing.",https://www.reddit.com/r/cagayandeoro/comments/1jsvk43/phinmacoc_experience_freshman_20242025/
comment,Cagayan de Oro College,"kapoy basa, pangit mn inyo school sorry","I'm tired, your school is ugly, sorry",https://www.reddit.com/r/cagayandeoro/comments/1jsvk43/phinmacoc_experience_freshman_20242025/
comment,Cagayan de Oro College,"Wow, when I was in XU in 2012, my full load tuition is 26K only","Wow, when I was in XU in 2012, my full load tuition is 26K only",https://www.reddit.com/r/cagayandeoro/comments/1jsvk43/phinmacoc_experience_freshman_20242025/
comment,Cagayan de Oro College,[removed],[removed],https://www.reddit.com/r/cagayandeoro/comments/1jsvk43/phinmacoc_experience_freshman_20242025/
post,Cagayan de Oro College,Phinma coc Hi! I just want to share kung ingani rba student life sa coc? Transferee ko & feeling ko neglectful kaayo when it comes to student concern ang mga assigned professors. Nung enrollment grabehan jud ang pag adto kung aha na dept at walay motabang na fellow student when it comes to concern. Ingani ba jud ang student life dra?,"Phinma coc Hi! I just want to share what is rba student life in coc? I am a transferee & I feel that the assigned professors are very neglectful when it comes to student concern. During enrollment, it was very difficult to go to what department and no one would help a fellow student when it comes to concern. What is student life like?",https://www.reddit.com/r/cagayandeoro/comments/1lmchdz/phinma_coc/
comment,Cagayan de Oro College,"#Thank you for your text submission to r/cagayandeoro, u/gnarly_0!

Please remember to treat everyone respectfully and to read the community rules of r/cagayandeoro.

Please read the [subreddit rules](https://www.reddit.com/r/cagayandeoro/about/rules/) before posting. Remember to flair your post appropriately to avoid it being deleted.


*I am a bot, and this action was performed automatically. Please [contact the moderators of this subreddit](/message/compose/?to=/r/cagayandeoro) if you have any questions or concerns.*","#Thank you for your text submission to r/cagayandeoro, u/gnarly_0!

Please remember to treat everyone respectfully and to read the community rules of r/cagayandeoro.

Please read the [subreddit rules](https://www.reddit.com/r/cagayandeoro/about/rules/) before posting. Remember to flair your post appropriately to avoid it being deleted.


*I am a bot, and this action was performed automatically. Please [contact the moderators of this subreddit](/message/compose/?to=/r/cagayandeoro) if you have any questions or concerns.*",https://www.reddit.com/r/cagayandeoro/comments/1lmchdz/phinma_coc/
comment,Cagayan de Oro College,Gabayad ug tuition tas ing.ana ang services? Yikes,Tuition fees and services? Yikes,https://www.reddit.com/r/cagayandeoro/comments/1lmchdz/phinma_coc/
comment,Cagayan de Oro College,"paningkamot lng dha kai at the end of the day it's your future. so hustle up, ayaw kaulaw if naa concerns, tuon tarung.","just try hard because at the end of the day it's your future. so hustle up, don't be shy if you have concerns, study hard.",https://www.reddit.com/r/cagayandeoro/comments/1lmchdz/phinma_coc/
comment,Cagayan de Oro College,Yes,Yes,https://www.reddit.com/r/cagayandeoro/comments/1lmchdz/phinma_coc/
comment,Cagayan de Oro College,[deleted],[deleted],https://www.reddit.com/r/cagayandeoro/comments/1lmchdz/phinma_coc/
comment,Cagayan de Oro College,[deleted],[deleted],https://www.reddit.com/r/cagayandeoro/comments/1lmchdz/phinma_coc/
comment,Cagayan de Oro College,Busy man gud kaayo ang mga professor diha sa coc although dli tanan ha pero basin nakatunong lang kag mga tawo nga busy gyud ato nga adlaw pag approach nimo. Pero in ana gyud na mostly diha kay.,"The professors in the coc are also very busy, although not all of them are, but maybe people who are really busy that day will listen to you when you approach them. But that's mostly there.",https://www.reddit.com/r/cagayandeoro/comments/1lmchdz/phinma_coc/
comment,Cagayan de Oro College,basta enrollment busy jud tanan staff ug faculty.,"as long as enrollment is busy, all staff and faculty are busy.",https://www.reddit.com/r/cagayandeoro/comments/1lmchdz/phinma_coc/
comment,Cagayan de Oro College,"For clarification, noon may - june ako sigeg balik² sa coc para mahuman nko enrollment process. Dili pa kaayo hassle dat time pero grabehan nmn walay clear instruction sila aha ko moadto after payment.","For clarification, in May - June I kept going back to COC to finish the enrollment process. It's not too much of a hassle at that time but it's terrible that they don't have a clear instruction as to where I should go after payment.",https://www.reddit.com/r/cagayandeoro/comments/1lmchdz/phinma_coc/
comment,Cagayan de Oro College,Dili jud ka maka accomodate saimong concerns diha kay daghan students enrolled ana na school maglibog na sila kinsay unahon pagaccomodate and sometimes way pake ang mga instructors diha,"You can't accomodate your concerns there because there are many students enrolled in that school, they will be confused about who to accomodate first and sometimes the instructors there are useless",https://www.reddit.com/r/cagayandeoro/comments/1lmchdz/phinma_coc/
comment,Cagayan de Oro College,Na ikaw2 ra gyud diha op,You're the only one there,https://www.reddit.com/r/cagayandeoro/comments/1lmchdz/phinma_coc/
post,Cagayan de Oro College,"Please Don't enroll in PHINMA COC. Please Lang PARENTS/RELATIVES/FRIENDS of incoming Senior High, College students. Never ever  let them enroll in Phinma COC if you care about their mental health and education. If you still insist nga mo enroll diria nga School kay no choice kay cheap ug no entrance exam? then think twice after reading this.

2days f2f, the rest are online class through messenger ang Senior high ug First Year College. Not even ON CAM, mag chat chat ra mo.

Overcrowded af! 50 ang BSIT students pero 30 ra ang computers per section ( idk if this is still the case today, Correct me if I'm wrong)

Nganong Overcrowded man? Kay ang Phinma sige rag accept ug students biskan mid sem na, even though dili na nila ma accommodate tungod sa ka daghan. Now whats their solution? HALF DAY UG ONLINE CLASS FOR FRESHMENS!

Mag disscuss ra mga 15-30 mins more or less dayun biyaan naka kay mo balhin sa uban section ang mga Teachers. Sometimes dili na maka tunga kay na hutdan ug oras kung last section ka. Ana ilang solution para ma accommodate ang ilang sobra ka daghan nga students. Its not the fault of the teachers nganung gaka hutdan silag oras I know that.

Now, whats even more frustrating when you are in a overcrowded school ? Sometimes 3-5 months ka mag wait bago ma release imong ID! or maka kuhag complete uniform. This was the case for my classmates and other people. Lets not talk about Exam permit, you get the point. Now you can say "" Patience is virtue"" Pero the hassle and frustrations of not getting inside the campus kay wala kay Uniform/ID unless mag kuha kag permission slip everytime mag expire kay grabe ka frustrating!!!

Because its overcrowded and no entrance exam. You will encounter alot of students nga ambot nalang jud. Pa swertehan sa groupings HJAHAHA.

Wala jud ko na inform na inani ang COC. Constructive Criticism are shunned in public specially in facebook. Maong wala ko naka research jud ug ayo. Puro Positive akong gaka dunggan, maong naka enroll ko aning School.","Please Don't enroll in PHINMA COC. Please Lang PARENTS/RELATIVES/FRIENDS of incoming Senior High, College students. Never ever let them enroll in Phinma COC if you care about their mental health and education. If you still insist on enrolling in this school because there is no choice because it is cheap and no entrance exam? then think twice after reading this.

2days f2f, the rest are online class through messenger the Senior high and First Year College. Not even ON CAM, just chat.

Overcrowded af! 50 BSIT students but only 30 computers per section ( idk if this is still the case today, Correct me if I'm wrong)

Why is it Overcrowded? Because Phinma keeps accepting students even mid sem, even though they can't accommodate because of the number. Now whats their solution? HALF DAY AND ONLINE CLASS FOR FRESHMENS!

Just discuss for 15-30 mins more or less and then leave you because the teachers will move to another section. Sometimes you can't get halfway because you run out of time if you're in the last section. That's their solution to accommodate their overwhelming number of students. Its not the fault of the teachers why they are running out of time I know that.

Now, whats even more frustrating when you are in an overcrowded school ? Sometimes you have to wait 3-5 months before your ID is released! or get a complete uniform. This was the case for my classmates and other people. Lets not talk about Exam permit, you get the point. Now you can say ""Patience is virtue"" But the hassle and frustrations of not getting inside the campus because you don't have a uniform/ID unless you get a permission slip everytime it expires because it's so frustrating!!!

Because its overcrowded and no entrance exam. You will encounter alot of students that I don't know. Good luck with the groupings HJAHAHA.

I was not informed that this is the COC. Constructive Criticism are shunned in public specially in facebook. So I didn't do much research. I heard all positive things, so I enrolled in this school.",https://www.reddit.com/r/cagayandeoro/comments/1fmr8f5/please_dont_enroll_in_phinma_coc/
comment,Cagayan de Oro College,"#Thank you for your text submission to r/cagayandeoro, Higala!

Please remember to treat everyone respectfully and to read the community rules of r/cagayandeoro.

Please read the [subreddit rules](https://www.reddit.com/r/cagayandeoro/about/rules/) before posting. Remember to flair your post appropriately to avoid it being deleted.


*I am a bot, and this action was performed automatically. Please [contact the moderators of this subreddit](/message/compose/?to=/r/cagayandeoro) if you have any questions or concerns.*","#Thank you for your text submission to r/cagayandeoro, Higala!

Please remember to treat everyone respectfully and to read the community rules of r/cagayandeoro.

Please read the [subreddit rules](https://www.reddit.com/r/cagayandeoro/about/rules/) before posting. Remember to flair your post appropriately to avoid it being deleted.


*I am a bot, and this action was performed automatically. Please [contact the moderators of this subreddit](/message/compose/?to=/r/cagayandeoro) if you have any questions or concerns.*",https://www.reddit.com/r/cagayandeoro/comments/1fmr8f5/please_dont_enroll_in_phinma_coc/
comment,Cagayan de Oro College,"Gets jud tika, OP. Na deteriorate akong mental health tungod ana nga skwelahan and sa ubang instructors. Mamagsak bisag never once ga tudlo, dili ipa take ug quiz kay late naka fill up sa google form, tapos, wala nagpa special exam bisag ni agree na ang instructor nga mag special exam. Dili i-record ang score if walay exam permit even though city scholar man ko sauna, need pa daw nako magbayad nga fully paid man akong tuition fee sa city. *kay lagi mao daw ang instructions sa ila* until I left that school because dili na nako ma kaya.

edit: *HK 50% and City Scholarship*

This happened during the pandemic, when everyone was still adjusting sa situatuon pero ni small hangyo, wala ko gi tugutan. I still cant believe na until now, in'ana japon ilang ways sa pagtudlo.","I get you, OP. My mental health deteriorated because of that school and other instructors. They failed even though they never once taught, they didn't let them take a quiz because they filled up the google form late, then, they didn't take a special exam even though the instructor agreed to do a special exam. The score will not be recorded if there is no exam permit even though I am a city scholar, I still need to pay my tuition fee in the city. *because that's how their instructions always seem to be* until I left that school because I couldn't do it anymore.

edit: *HK 50% and City Scholarship*

This happened during the pandemic, when everyone was still adjusting to the situation but even a small request, I was not allowed. I still can't believe until now, that's how they teach.",https://www.reddit.com/r/cagayandeoro/comments/1fmr8f5/please_dont_enroll_in_phinma_coc/
comment,Cagayan de Oro College,someone i know enrolled in coc kay daghan kaayo scholarship. nag transfer sya after one day of class lol overcrowded daw kaayo,someone i know enrolled in coc because there are many scholarships. he transferred after one day of class lol it seems very overcrowded,https://www.reddit.com/r/cagayandeoro/comments/1fmr8f5/please_dont_enroll_in_phinma_coc/
comment,Cagayan de Oro College,Ni worse nadiay ni ang COC ba tsk wala na na mao diha raba ko ni graduate medyo ok paman to sauna sakong time,"Worse, is the COC there? It's no longer there. I just graduated.",https://www.reddit.com/r/cagayandeoro/comments/1fmr8f5/please_dont_enroll_in_phinma_coc/
comment,Cagayan de Oro College,"Not even surprised. What would you expect sa school nga walay entrance exam man lang? Of course walay filter, mura rakag ni skwelag public school without the science class like as in sagol tanan. Ayaw ko ignag kay cheaper ra siya and para sa ""less fortunate"", kay naay USTP halos same program gina offer except for a few courses. I visited last year, yes grabe ka daghan tao, igang, mga crim kay hilas and ang mga tao mug.ot kaayog mga nawong HAHAHAHAH","Not even surprised. What would you expect from a school that doesn't even have an entrance exam? Of course there is no filter, it's like going to a public school without the science class like in sagol allan. Don't bother me because he is cheaper and for the ""less fortunate"", because USTP offers almost the same program except for a few courses. I visited last year, yes, there are a lot of people.",https://www.reddit.com/r/cagayandeoro/comments/1fmr8f5/please_dont_enroll_in_phinma_coc/
comment,Cagayan de Oro College,[deleted],[deleted],https://www.reddit.com/r/cagayandeoro/comments/1fmr8f5/please_dont_enroll_in_phinma_coc/
comment,Cagayan de Oro College,Hahaha nag delete account si teacher. Sad to see that they went through the things op mentioned and yet failed to see the problem. Or maybe turning a blind eye to this plague of a problem in education.,Hahaha nag delete account si teacher. Sad to see that they went through the things op mentioned and yet failed to see the problem. Or maybe turning a blind eye to this plague of a problem in education.,https://www.reddit.com/r/cagayandeoro/comments/1fmr8f5/please_dont_enroll_in_phinma_coc/
comment,Cagayan de Oro College,"HAHAHAHAHAHAHAHAHA im with you OP! HAHAHAHAHAAHAH akung frustration ani nga school sangko na gd. Wkuy choice ky di nku e permit mag transfer nasad ug school skung parents. Pero legit daghan kaayo lapses ang coc, yes kaayo ng about sa instructors pd hahaha mang backstab pa gali na daw pabor2 bwesit. Also, ilang new system karun nagka lala man oi naa pay staffs nga rude kaayo miski lgi tarung imong approach. I get it na gikapoy/bad day nila pero HELLO??? WHY THE HELL E DUMP NILA SKU ANG KASAPOT. Gabayad rba tag tuition ug tarung tas in.ana na treatment makuha nmo, disrespectful kaayo. Mag antos na lng gd ko pero never gd nku ni e recommend ang coc gd. Never again.","HAHAHAHAHAHAHAHA I'm with you OP! HAHAHAHAHAHAH my frustration with this school is over. I have no choice but to allow my parents to transfer to school. But legit there are many lapses in the coc, yes there is a lot about the instructors as well hahaha even backstab seems to favor bwesit. Also, their new system is now getting worse or there are still staffs who are very rude even if your approach is correct. I get it they are tired/having a bad day but HELLO??? WHY THE HELL THEY DUMP SKU THE CLOTHES. Pay the tuition and pay the right amount. That's the treatment you'll get, it's very disrespectful. I'll be patient but I will never recommend coc gd. Never again.",https://www.reddit.com/r/cagayandeoro/comments/1fmr8f5/please_dont_enroll_in_phinma_coc/
comment,Cagayan de Oro College,Shout out ko sa business center sa COC isog kaau kung mag pa untag ka og books. Kay not available gani. Unfair kaau sa regular students na gabayad og tarung unya mao pay mahutdan slot sa books. Gets man nako pang masa siya na school pero dapat tarungon na nila. Very disappointing 😭,I shout out to the business center of COC if you are brave enough to do books. Because it's not even available. It is unfair to regular students who pay a fair amount and then run out of slots in books. I still get a lot of him in school but they should fix it. Very disappointing 😭,https://www.reddit.com/r/cagayandeoro/comments/1fmr8f5/please_dont_enroll_in_phinma_coc/
comment,Cagayan de Oro College,"Alumini ko dira na school, elementary to college. Nice ang basic education og quality kay private jud. Pero ang shs to collage department are chaos sige sila og dawat students bisan dli na nila ga cater. Sige ra og build og building ni pangit siya through the years. Scam na ilaha HK scholarship ilaha ng marketing strategy. 75 % ray worth it na HK pero the 25-50% dli jud ga kapoy2 raka sa life. Nag basol ko dira ko nag college taking bs nursing. 75% sa pag ka 3rd yr pang basakon na. Overcrowded na, unya ipatong nila diretso sa tution bisan wala pa nimo na claim imuha books. Perting mahala ra ba na books na nursing. Matira matibay og walay balance sure maka pasar daw. Labayanan amoa department sa Liceo og Cu nga students na nga bagsak. Daghan nanigulang na wala japon ka graduate or kapaso. 💀","Alumini ko dira school, elementary to college. The basic education and quality in private jud is nice. But the shs to collage department are chaos, they accept students even though they don't cater anymore. Go ahead and build and build buildings, he's ugly through the years. It's a scam, it's a HK scholarship, it's a marketing strategy. 75% is worth it in HK but the 25-50% is not really tiring in life. I regret that I went to college taking BS nursing. 75% when you are 3rd year old. It's already overcrowded, then they will charge directly to tuition even if you have not claimed to take books. Are nursing books really expensive? It's said to be sturdy and without balance, it's sure to break. Labayan amoa department in Liceo and Cu students are failing. A lot of people grow up without a graduate or college degree. 💀",https://www.reddit.com/r/cagayandeoro/comments/1fmr8f5/please_dont_enroll_in_phinma_coc/
comment,Cagayan de Oro College,"Same with my cousin. Grabe nga pressure up until nakagraduate na. Inig take sa board exam bisan kalapait, ipatake jud ug review sa CBRC kay maulawan daw ang school if di kapasar. Karon akong ig-agaw halos di nag pakatulog sigeg tuona para sa board kay daghan daw ang wa niya natun-an while gaskwela pa siya. ☹️","Same with my cousin. There is a lot of pressure until you graduate. If you take the board exam even if it's bad, you should file a review with the CBRC because the school will be embarrassed if you don't pass. Now my cousin hardly sleeps and keeps studying for the board because he didn't study a lot while he was still in school. ☹️",https://www.reddit.com/r/cagayandeoro/comments/1fmr8f5/please_dont_enroll_in_phinma_coc/
comment,Cagayan de Oro College,"Exactly my sentiments OP. Akong nephew, 1st year college. Maka juskolored ko sa ka walay klaro nga lessons. 2 days f2f and 2 days online. Ang akong nephew, pag online class, icheck ra ang activity and the rest of it is tulog time...hahahahhaha... Pastilan. Naa pa mga teachers nga mo hatag assignment, murag di man professors, murag mga teachers sa bukid, or mas maau pa cguro teachers sa bukid. Hatag ug assignments without thinking if appropriate ba ang activity or will the students learn from it. And ending, ako ga professor sa akong nephew, halos tanan activity and assignments iexplain nako unsay point and what is it all about. Ni quit naman unta ko pagka professor for a long time but right now, I feel like I am back in the academe. Hahahahahahahha. Wala jud btaw klaro, dili worth it, dili na impressive compared before. Mura sila ug schools for the rejects. 

No lectures if online classes, their teachers will just send modules and self study. If I asked my nephew, not a single lesson he remembers. He remembers our story time, history and the things he learned from our travels but not his lessons from schools. Kung ilang student kay dumb musamot ka dumb jud. 

Naa pay grading system, juskolored, pasar man ang 60% nga average sa grades oi. Ang TESDA if ilang scholars can't maintain an average of at least 80%, their students will lose the scholarship. 

Ang COC kay mura na ug Community College. I think mas better pa ang community college kay naa pa sila entrance exam. TESDA is far better than COC, my nephew's best friend is at TESDA, they have 5 days and whole day classes. Kung mag eavesdrop ko sa ilang convo about things they learned from school, mas daghan man na kat-una ang bestfriend kay sa ako nephew sa COC. 

Matud pa sa uban pag sugod 2nd college f2f na daw. Pero sa ka daghang estudyante, mura naman ug public school.

Ang COC kay pangkwarta nalang ila, dili na quality education. 

We are considering of transferring him to other school.  Dili worth it ilang school.  Murag lami on the outside pero rotten on the inside.","Exactly my sentiments OP. My nephew, 1st year college. I can color you with unclear lessons. 2 days f2f and 2 days online. My nephew, when taking an online class, just check the activity and the rest of it is sleep time...hahahahaha...Pastilan. There are still teachers who give you assignments, they don't seem to be professors, they look like farm teachers, or even better, farm teachers. Give assignments without thinking if the activity is appropriate or will the students learn from it. And ending, I am the professor to my nephew, I will explain almost all the activities and assignments, what is the point and what is it all about. I didn't want to quit being a professor for a long time but right now, I feel like I am back in the academy. Hahahahaha. It's not clear, it's not worth it, it's not impressive compared to before. They are cheap and schools for the rejects. 

No lectures if online classes, their teachers will just send modules and self study. If I asked my nephew, not a single lesson he remembers. He remembers our story time, history and the things he learned from our travels but not his lessons from schools. If some students are dumb, then you are dumb. 

There is still a grading system, juskolored, even if the 60% average is passed in grades oi. TESDA if some scholars can't maintain an average of at least 80%, their students will lose the scholarship. 

COC is cheap and Community College. I think community college is better because they still have an entrance exam. TESDA is far better than COC, my nephew's best friend is at TESDA, they have 5 days and whole day classes. If I eavesdrop in some convo about things they learned from school, the best friend will have more friends than my nephew in COC. 

He said to the gray hair when he rushed 2nd college f2f. But with many students, public school is cheap.

COC is just for money, not quality education. 

We are considering transferring him to another school.  Some schools are not worth it.  It looks tasty on the outside but rotten on the inside.",https://www.reddit.com/r/cagayandeoro/comments/1fmr8f5/please_dont_enroll_in_phinma_coc/
comment,Cagayan de Oro College,"Currently enrolled (Transferee) ko karon sa Coc na shock gyud ko pag start sa class namo sa Calculus kay 15-20mins lang mag teach Amo Teacher then self study for the rest usahay wala gyud mo tungha sa klase igo rami attendance kay tua sa pikas section ga discuss, unya 2 hrs unta ang duration sa klase, Then next meeting online Class send rag powerpoint di pagyud mag discuss, makawala gyud gana ing ani nga pagtudlo oy, samot na nga daghan kag pangutana di gyud mi ma accomodate, send nalang dayon syag Powerpoint kay magpaquiz dayon next meeting unya na shock sya kay daghan daw gagmay score sa amoa, louy kaayo ming igo ra mupasar kay ga tinabangay gyud ug tuon maskig sayop hahaha. First time na full 2hrs amo class was after na sa P1 exams and nag Observe ang Dean, interactive dayon kaayo sya sa amoa kuyawa lagi kaingon kog nasapian amo maestro.

 Pero despite the downsides naa gyud puy mga teachers nga very approachable gyud di mag dinalo ug tips and tricks sa problem solving ug mga techniques nga gigamit sa board exams and very thorough gyud inig mu tudlo sya balik balikon gyud ang basics para masabtan in a way nga evident or makita dayon nga naay natun an ang student. 

Would not Recommend gyapun ni nga school, ga hasol2x ra diri.","I am currently enrolled (Transferee) now in Coc, I was really shocked when we started our class in Calculus because the teacher only teaches for 15-20 minutes then self study for the rest sometimes you don't attend the class enough because there is a lot of attendance because there is a discussion in the other section, then the duration of the class is supposed to be 2 hrs. accomodate, just send him Powerpoint right away because he will take a quiz at the next meeting and then he was shocked because there seemed to be a lot of small scores for us, we were very low enough to pass because we really helped each other and studied even if we made mistakes hahaha. The first time it was a full 2hrs class was after the P1 exams and the Dean was observing, he was very interactive with us and I always felt like I was the teacher.

 But despite the downsides, there are teachers who are very approachable and don't give tips and tricks on problem solving and techniques used in board exams and are very thorough when they teach again and repeat the basics so that they can understand in a way that is evident or it can be seen immediately that the student has learned something. 

Would not recommend this school, it's just a hassle.",https://www.reddit.com/r/cagayandeoro/comments/1fmr8f5/please_dont_enroll_in_phinma_coc/
comment,Cagayan de Oro College,"hahahah, that’s why I transferred school. PHINMA COC SUCKS!","hahahah, that’s why I transferred school. PHINMA COC SUCKS!",https://www.reddit.com/r/cagayandeoro/comments/1fmr8f5/please_dont_enroll_in_phinma_coc/
comment,Cagayan de Oro College,"Prio ang CRIM na course kay mao ang ga dala ug fame sa school, ang uban baliwala na... gravi kay maka pang kwarta sa mga student dghan kay ipang dugang nga way labot na bayrunon matingala nlang ka, worst case if naa ay bitay na grado, dli ka pansinon para ma re enroll ka utro mka bayad nasad ka..","The CRIM course is prio because it is what brings fame to the school, others ignore it... gravi because it can make money for many students because if there is no need to pay, you will be surprised, worst case if there is a pending grade, they will not pay attention to you so that you can re-enroll and you have to pay..",https://www.reddit.com/r/cagayandeoro/comments/1fmr8f5/please_dont_enroll_in_phinma_coc/
comment,Cagayan de Oro College,"Ni balhin nako red school tungod ani, sige sila’g accept ug students even when they know nga kulang ang manpower/staff jusko. Bayad2 mo ug tuiton pero mag self study ra diay haha

Karon everytime mulabay ko didtu sa buntag hastang ka traffic.","I didn't transfer to a red school because of this, they keep accepting students even when they know that the manpower/staff is lacking. You pay for tuition but it's self study haha

Now every time I pass there in the morning until there is traffic.",https://www.reddit.com/r/cagayandeoro/comments/1fmr8f5/please_dont_enroll_in_phinma_coc/
comment,Cagayan de Oro College,"Let me share also from a different perspective, recently lng ni nahitabo. The school is looking for full and part-time instructors. I was endorsed sa akong kauban sa work which g hire pud siya as part time instructor. The reason is kulang daw teaching personnel si school. Nag intent pud ko kay nangita ko ug medyo higher ug pay rate and continuation sa akong 2nd love which is teaching (I came from GHPC). Fast forward, when I received my teaching load, I immediately called the HR because of the schedule. Mao ni ako questions sa ilaha.

1. Nag wonder ko why naa pay online class? - Tungod daw daghan enrollees. 
2. I have 3 sections in one subject pero same time tanan. 30 students in each section. - mag hopping every section by 20 mins. Light discussion and bilin lng daw ug activity.
3. In connection sa #2, g ask nko if pwede i merge into one class bahala sa gym, open area or any place na pwede sila ma usa kaysa mag hopping pko. - wala daw sila area

At the end, wala ko nila gdawat. 

Dli ko gusto ma compromised ang learning sa students tungod lng sa overcrowded and lacking of manpower. Mas mo prefer ko sa GHPC maskin gamay ang school pero dli nila gna compromised ang learning sa students.


PS. Set up na ang exams, assignments, quizzes, activities, answers, lectures and others. Instructors igo ra mag basa and hatag ug activity si instructor.","Let me share also from a different perspective, it just happened recently. The school is looking for full and part-time instructors. I was endorsed by my work colleague who also hired him as a part time instructor. The reason is that the school lacks teaching personnel. I also applied because I was looking for a slightly higher pay rate and continuation of my 2nd love which is teaching (I came from GHPC). Fast forward, when I received my teaching load, I immediately called the HR because of the schedule. These are my questions for them.

1. I wonder why there are still online classes? - It is said that there are many enrollees. 
2. I have 3 sections in one subject but all at the same time. 30 students in each section. - go hopping every section by 20 mins. Light discussion and activity.
3. In connection with #2, I am asking if I can merge into one class depending on the gym, open area or any place where they can be alone instead of hopping. - they say they don't have an area

At the end, they didn't accept me. 

I don't want students' learning to be compromised just because of overcrowded and lack of manpower. I prefer GHPC even though the school is small but they don't compromise the learning of the students.


P.S. Exams, assignments, quizzes, activities, answers, lectures and others are set up. Instructors, the instructor just reads and gives an activity.",https://www.reddit.com/r/cagayandeoro/comments/1fmr8f5/please_dont_enroll_in_phinma_coc/
comment,Cagayan de Oro College,"I'm a product of that school and I really regret na nag stay ko dadto until college. At first, makaya pa ilang system until nag pandemic, pero wala ko nag expect nga ipadayon nila na ang online class considering nga kulang jud ang ma learn sa students samot na nga sa messenger ra mag ""chat/copypaste"" ang teacher. If ang instructor nga part timer kay muundang and naa ka need saiya, dili nimo siya malakag and you have to repeat the subject which is super hassle and maka bwesit. I had to gave up my hobbies and other extra activities when I was a student para lang maka self study. 

Also, I still haven't got my SHS diploma and my other gipangbayaran sa college like my yearbook 🥴 more than 2 years nako graduate.","I'm a product of that school and I really regret that I stayed there until college. First of all, some systems can still handle it until the pandemic, but I didn't expect them to continue the online class considering that there is not enough for the students to learn. If the instructor is a part timer who quits and you need him, you can't ask him and you have to repeat the subject which is super hassle and can be missed. I had to give up my hobbies and other extra activities when I was a student just to be able to self study. 

Also, I still haven't got my SHS diploma and my other college fees like my yearbook 🥴 more than 2 years after I graduated.",https://www.reddit.com/r/cagayandeoro/comments/1fmr8f5/please_dont_enroll_in_phinma_coc/
comment,Cagayan de Oro College,"Alumni from that school. Shs to college.

Di gyud nako na gina recommend nga school. Dili maka proud nga diha ko graduate. Crowded na gani to sa amoa before. Mas worst jod karon. Kwarta ray apas ana nga school.","Alumni from that school. Shs to college.

I don't really recommend this school. I can't be proud that I graduated there. It was even crowded in ours before. It's worse today. It's just money after that school.",https://www.reddit.com/r/cagayandeoro/comments/1fmr8f5/please_dont_enroll_in_phinma_coc/
comment,Cagayan de Oro College,For profit man gud ang Phinma so mao jud na ang cons,"Phinma is for profit, so that's the cons",https://www.reddit.com/r/cagayandeoro/comments/1fmr8f5/please_dont_enroll_in_phinma_coc/
comment,Cagayan de Oro College,"Nawala akong payong sa school while ga claim ko sa TOR sa akong uncle. Wala lang. Na bad memory lang ko diri. Plano paman unta nako mag transfer diri, mayra gyud wala ko nadayun :(","I lost my umbrella at school while I was claiming my uncle's TOR. Just nothing. I just have a bad memory here. I was planning to transfer here, but I didn't have it :(",https://www.reddit.com/r/cagayandeoro/comments/1fmr8f5/please_dont_enroll_in_phinma_coc/
comment,Cagayan de Oro College,"Na palit amung school sa phinma so na compare jud nako ang pamalakad sa previous owner og sa phinma and now reading rants from COC students, gives me an impression na same2 lang jud ang mga phinma school. Pasalamat nlng jud ko naka graduate nako. I still get lowkey panic attacks pag makita nako ang word na phinma sa akong email para sa mga alumni eme 😂 very war flashbacksss","The school changed to phinma so I compared the behavior of the previous owner and phinma and now reading rants from COC students, gives me the impression that phinma schools are the same. Thank goodness I graduated. I still get lowkey panic attacks when I see the word phinma in my email for alumni eme 😂 very war flashbacksss",https://www.reddit.com/r/cagayandeoro/comments/1fmr8f5/please_dont_enroll_in_phinma_coc/
comment,Cagayan de Oro College,Main issue is on their admissions. I've heard that PHINMA's objective was to hit another projection next year to near 1million students gathered in all PHINMA schools. Imagine how crowded it is and how purely business oriented the institution is.,Main issue is on their admissions. I've heard that PHINMA's objective was to hit another projection next year to near 1million students gathered in all PHINMA schools. Imagine how crowded it is and how purely business oriented the institution is.,https://www.reddit.com/r/cagayandeoro/comments/1fmr8f5/please_dont_enroll_in_phinma_coc/
comment,Cagayan de Oro College,Please do write this concern and express your suggestion tapos ibutang sa ilang suggestion box. Para maabot sa higher ups. They keep on expanding and keep on accepting costumers beyond their capacity.,Please do write this concern and express your suggestion tapos ibutang sa ilang suggestion box. Para maabot sa higher ups. They keep on expanding and keep on accepting costumers beyond their capacity.,https://www.reddit.com/r/cagayandeoro/comments/1fmr8f5/please_dont_enroll_in_phinma_coc/
comment,Cagayan de Oro College,"I'm taking bs psychology now sa coc, what I don't like about this kay ang mga instructor jud kay na late lang ko og answer sa quiz which is sa Google form kay dili na pede also grabe ka crowded. 2 days face to face ra dya although naka sabot ko atong flex learning but 2 days face to face kay dili ko maka gain og knowledge huhuhu","I'm taking bs psychology now at coc, what I don't like about this is the instructors because I was late to answer the quiz which is in the Google form because it's not pede anymore and it's very crowded. It's only 2 days face to face, although I understand our flex learning, but 2 days face to face because I can't gain knowledge huhuhu",https://www.reddit.com/r/cagayandeoro/comments/1fmr8f5/please_dont_enroll_in_phinma_coc/
comment,Cagayan de Oro College,"Magdawat pag students bsag over crowded na? Simple lang,business. Kwarta baya, dawat jud","Will you accept students because it's overcrowded? It's simple, business. It's money, accept it",https://www.reddit.com/r/cagayandeoro/comments/1fmr8f5/please_dont_enroll_in_phinma_coc/
comment,Cagayan de Oro College,"Hi! I just want to share my experience in coc. Naka pasar ko og city scholar and (ana nila) nice ang coc for engineering, since graduate man pud akong kuya dana as EE pero dugay nakayo to. So nag enroll ko, tingala ko sailang systema ky nganong inato wala koy matun an everytime na during class namo gapabilin ra among major sub og quiz/activity unya walay discussion2 niabot pa sa point na nag shuffle na amoang topic. So nag transfer ko, og gi process nako akong withdrawal (wala pako ka exam sa prelim 1st sem ani) before ko maka withdraw ila kung pabayron og 22k kapin ky sakong tuition daw etc. And na shock ko ky ngano inato nga wala paman koka take og exam sa ilaha og isa pa scholar ko sa city. Ang ilang gi tubag ky wala daw labot ang scholarship nako sa city anang bayrunon nila para maka withdraw ka. So unsay sense sakong pag ka scholar nga mismo exam nila wala ko ni take? ","Hi! I just want to share my experience in coc. I passed city scholar and (they say) the coc for engineering is nice, since my older brother also graduated as EE but it took a long time. So I enrolled, I think their system is why I can't learn every time during class we just keep our major sub with a quiz/activity and then there is no discussion until the point where our topic is shuffled. So I transferred, and I processed my withdrawal (you didn't have an exam in the prelim 1st sem) before I can withdraw them if they charge me 22k more than my tuition etc. And I'm shocked why I didn't take an exam from them and I'm another scholar in the city. Their answer is that my scholarship in the city does not have anything to do with what they have to pay so that you can withdraw. So what's the point of me not taking the exam as a scholar?",https://www.reddit.com/r/cagayandeoro/comments/1fmr8f5/please_dont_enroll_in_phinma_coc/
comment,Cagayan de Oro College,na shock jud kaau ko anang 10mins na tudlo unya ni balhin dayun pikas section kay mag tudlo nasad hahaahahahahah grabe ka crowded simbako,I was in shock after that 10 minutes of teaching and then moved to the other section because there are teaching hahahahahahaha very crowded simbako,https://www.reddit.com/r/cagayandeoro/comments/1fmr8f5/please_dont_enroll_in_phinma_coc/
comment,Cagayan de Oro College,"AYAW MO SA COC GUYS, MAKALANAYG MAKE UP BISAG UNSA PANA KAMAHAL IMONG SETTING SPRAY","DON'T GO TO COC GUYS, MAKE UP CAN BE DONE NO MATTER HOW EXPENSIVE YOUR SETTING SPRAY IS",https://www.reddit.com/r/cagayandeoro/comments/1fmr8f5/please_dont_enroll_in_phinma_coc/
comment,Cagayan de Oro College,"‼️‼️‼️

It’s really disappointing how inconsistent the rules of this school are. I understand the need to limit plastic waste, but the way it’s enforced just doesn’t make sense. Earlier, I bought food from outside the building and was about to enter the school when the guard stopped me, saying I couldn’t bring my drink inside because it was in a plastic cup. 

Meanwhile, inside the school, they’re selling snacks in plastic wrappers and bottled drinks without any issue. How is that fair? If the goal is to reduce plastic waste, then the rule should apply to everything, not just certain items. 

I get that the guard was just following rules, but it would’ve been nice if they at least explained the logic behind it instead of just blocking me at the entrance. It’s frustrating when policies feel random and unfair, especially when even the people enforcing them can’t justify them properly.","‼️‼️‼️

It’s really disappointing how inconsistent the rules of this school are. I understand the need to limit plastic waste, but the way it’s enforced just doesn’t make sense. Earlier, I bought food from outside the building and was about to enter the school when the guard stopped me, saying I couldn’t bring my drink inside because it was in a plastic cup. 

Meanwhile, inside the school, they’re selling snacks in plastic wrappers and bottled drinks without any issue. How is that fair? If the goal is to reduce plastic waste, then the rule should apply to everything, not just certain items. 

I get that the guard was just following rules, but it would’ve been nice if they at least explained the logic behind it instead of just blocking me at the entrance. It’s frustrating when policies feel random and unfair, especially when even the people enforcing them can’t justify them properly.",https://www.reddit.com/r/cagayandeoro/comments/1fmr8f5/please_dont_enroll_in_phinma_coc/
comment,Cagayan de Oro College,"Couldn't agree more 2 section in 1 room over 50 ka students the teachers are okay they are friendly and approachable *in my experience* but the environment is not for me for me alimuot saba and OVERCROWDED VERY (shs) pako ani what more sa college main every event mura mog mga swarm mag tipok hastang alimuota. The school focuses more on quantity over quality when pumping out graduates dont get me wrong there are still successful people that came from coc but how i see it you cannot really grow as an individual in that school mura kag part sa zerg or hive mind saka daghan ninyo and the teachers try to get to know students individually but saka daghan more like ma categorize ramo as a section and usually mag stand out kay ang mga bugoy ug saba 

Ps shs experience ni","Couldn't agree more 2 section in 1 room over 50 ka students the teachers are okay they are friendly and approachable *in my experience* but the environment is not for me for me alimuot saba and OVERCROWDED VERY (shs) pako ani what more sa college main every event mura mog mga swarm mag tipok hastang alimuota. The school focuses more on quantity over quality when pumping out graduates dont get me wrong there are still successful people that came from coc but how i see it you cannot really grow as an individual in that school mura kag part sa zerg or hive mind saka daghan ninyo and the teachers try to get to know students individually but saka daghan more like ma categorize ramo as a section and usually mag stand out kay ang mga bugoy ug saba 

Ps shs experience ni",https://www.reddit.com/r/cagayandeoro/comments/1fmr8f5/please_dont_enroll_in_phinma_coc/
comment,Cagayan de Oro College,"Hi OP! I am a proud product of that school and now I am a Licensed Professional Teacher and working in DEPED. The system that you are saying which the teacher stays for 15 to 20 minutes is the very system that has taught me to learn independently,such has been since 2014. Hundreds of professionals that obtained licenses in their respective degrees are also products of parallel classes. Your roar about crowd is valid and it is true that the school accepts late enrollees and that’s the sole school that does so!yYou might ask why. It is because the school’s mission to provide education for less fortunate.Less fortunate in terms of financial capacity to enroll in other universities/colleges. This is the school for the less fortunate students who are not able to pass state universities and colleges entrance examination. If not PHINMA-COC, which school can you think of that accepts these students?
ID?Uniform concern? I reckon you might be just misguided as to what to do.

Mind you,before PHINMA-COC I was irregular student from 2 private schools and that’s the school that I believe truly cares for the kinds of students it’s serving!

No school is perfect! Just trust the process.You will appreciate it especially when you proceed to upper levels.","Hi OP! I am a proud product of that school and now I am a Licensed Professional Teacher and working in DEPED. The system that you are saying which the teacher stays for 15 to 20 minutes is the very system that has taught me to learn independently,such has been since 2014. Hundreds of professionals that obtained licenses in their respective degrees are also products of parallel classes. Your roar about crowd is valid and it is true that the school accepts late enrollees and that’s the sole school that does so!yYou might ask why. It is because the school’s mission to provide education for less fortunate.Less fortunate in terms of financial capacity to enroll in other universities/colleges. This is the school for the less fortunate students who are not able to pass state universities and colleges entrance examination. If not PHINMA-COC, which school can you think of that accepts these students?
ID?Uniform concern? I reckon you might be just misguided as to what to do.

Mind you,before PHINMA-COC I was irregular student from 2 private schools and that’s the school that I believe truly cares for the kinds of students it’s serving!

No school is perfect! Just trust the process.You will appreciate it especially when you proceed to upper levels.",https://www.reddit.com/r/cagayandeoro/comments/1fmr8f5/please_dont_enroll_in_phinma_coc/
comment,Cagayan de Oro College,[deleted],[deleted],https://www.reddit.com/r/cagayandeoro/comments/1fmr8f5/please_dont_enroll_in_phinma_coc/
post,Cagayan de Oro College,"Phinma COC School Hi naay daghan post sa fb ba nga coc students na ibaligya nila ilang uniform cuz mu transfer Sila lain school and daghan kaayo namaligya cuz daghan mubalhin school. Naa dayun ni post ug ""Why daghan gusto mu transfer ug lain school from coc, unsay naa, inana najud ila quality of education?"" And daghan ga away sa comment section nga bati daw tas naa put Gina defend nga ""Ang students mismo problema not the school itself"" Kay di Lage daw abot sa students Ang standards sa COC. So the question is asa Juy tinuod, Ang school Ang problema or students na Dili kabalo daw mu catch up?","Phinma COC School Hi, are there many posts on fb that coc students are selling their uniforms cuz they are transferring to another school and they are selling a lot cuz many are transferring schools. Then there was a post saying ""Why do many people want to transfer to another school from COC, what's wrong with their quality of education?"" And there are a lot of fights in the comment section that seem to be there. She defends that ""The students themselves are the problem, not the school itself"" because it seems that the standards of the COC are not up to the students. So the question is where is Juy really, The school is the problem or students who don't know how to catch up?",https://www.reddit.com/r/cagayandeoro/comments/1lcvtco/phinma_coc_school/
comment,Cagayan de Oro College,"#Thank you for your text submission to r/cagayandeoro, u/Useful-Duck8842!

Please remember to treat everyone respectfully and to read the community rules of r/cagayandeoro.

Please read the [subreddit rules](https://www.reddit.com/r/cagayandeoro/about/rules/) before posting. Remember to flair your post appropriately to avoid it being deleted.


*I am a bot, and this action was performed automatically. Please [contact the moderators of this subreddit](/message/compose/?to=/r/cagayandeoro) if you have any questions or concerns.*","#Thank you for your text submission to r/cagayandeoro, u/Useful-Duck8842!

Please remember to treat everyone respectfully and to read the community rules of r/cagayandeoro.

Please read the [subreddit rules](https://www.reddit.com/r/cagayandeoro/about/rules/) before posting. Remember to flair your post appropriately to avoid it being deleted.


*I am a bot, and this action was performed automatically. Please [contact the moderators of this subreddit](/message/compose/?to=/r/cagayandeoro) if you have any questions or concerns.*",https://www.reddit.com/r/cagayandeoro/comments/1lcvtco/phinma_coc_school/
comment,Cagayan de Oro College,"Gkan ko nag teach dha and makaingon jud ko nga ga aim sila ma top sa board exam. Sadly, gina pressure nila ang mga students to the point nga dili sila pakuhaon ug TOR para mag take sa board exam kung dili sila mag review ug tarong. Sila rapud ang ga mock board kung graduating naka. Uban schools kay kung maka graduate naka, dika pugngan mukuhag TOR para mu take ug exam. 

Lastly, murag (dili tanan), luoy mga instructors. Hectic kau schedule. Gaihatag na nimo ang best pero ang students dghan jud reasons para dili magtarong. Ang ending ang instructors pay sad-an 😅","I taught there and I can say that they aim to be top in the board exam. Sadly, they are pressuring the students to the point that they will not get a TOR to take the board exam if they do not review properly. They will pass the mock board when they are graduating. With other schools, if you graduate, you will not be prevented from taking TOR to take an exam. 

Lastly, it seems (not all), the instructors are kind. You have a hectic schedule. You will give your best but the students have many reasons for not being right. The ending is the instructors' fault 😅",https://www.reddit.com/r/cagayandeoro/comments/1lcvtco/phinma_coc_school/
comment,Cagayan de Oro College,"Based sa mga interviews ni Mr. Ramon R. del Rosario, Jr., President and CEO of PHINMA Corporation, klaro kaayo nga ang mission jud sa PHINMA Education is to serve students nga gikan sa low-income families ug kadtong medyo low og academic competencies. Mao bitaw nga sa ilang mga schools, like COC, usually **walay entrance exam,** inclusive jud ang approach. (Di nako makita ang exact interview right now pero will leave the link as a reply when I do find it)

Ikaduha, ang business model sa PHINMA kay **ipalit ang mga underperforming nga local colleges or universities**, i-clean up ang operations, i-improve ang management, pero **i-retain ang name sa school with the PHINMA stamp**. Mao na nahitabo sa COC.

Ang pangutana karon kung **school ba ang problema or ang students mismo**, medyo both tingali. Dili man ta kaingon nga ang entire blame naa sa usa ra ka side. Ang PHINMA schools are designed to uplift students nga **usually deprived og access sa “better” education.** But it also means nga the student body is very diverse in terms of readiness. Quptation marks on the word better kay subjective man na. Kasagaran mag-base lang ta sa popular perception nga mas maayo ang private or big-name schools, bisan wala ta kabalo sa actual quality inside the classroom.

Pero kung daghan na kaayo ang gusto mubalhin, dapat i-consider pud sa admin kung unsay kulang? facilities? teaching quality? student support services? Di pud fair nga students ra pirmi ang pasanginlan. **Kung naay pattern sa dropout or transfer, klaro nga naay dapat usbon either sa teaching approach or learning environment.**","Based on the interviews of Mr. Ramon R. del Rosario, Jr., President and CEO of PHINMA Corporation, is very clear that the mission of PHINMA Education is to serve students from low-income families and those with relatively low academic competencies. That's why in their schools, like COC, usually **no entrance exam,** the approach is inclusive. (I can't see the exact interview right now but will leave the link as a reply when I do find it)

Second, PHINMA's business model is to **buy the underperforming local colleges or universities**, clean up the operations, improve the management, but **retain the name of the school with the PHINMA stamp**. That's what happened in COC.

The question now is whether **the problem is the school or the students themselves**, probably a little bit of both. We can't say that the entire blame is on one side. The PHINMA schools are designed to uplift students who are **usually deprived of access to ""better"" education.** But it also means that the student body is very diverse in terms of readiness. Quptation marks on the word better because it is subjective. Usually we just base on the popular perception that private or big-name schools are better, even if we don't know the actual quality inside the classroom.

But if there are so many people who want to move, the admin should also consider what is missing? facilities? teaching quality? student support services? It is not fair that only students are always blamed. **If there is a pattern of dropout or transfer, it is clear that something must be changed either in the teaching approach or learning environment.**",https://www.reddit.com/r/cagayandeoro/comments/1lcvtco/phinma_coc_school/
comment,Cagayan de Oro College,In my experience Tourism Student ko okay ang education sa phinma some teachers gikan sa USTP and XU okay sila mo teach but when it comes to environment lisod kaayu sa coc overcrowded igang ang mga electricfan like tag dowa ray muandar so its no for me ang coc kay overcrowded gyud siya,"In my experience, I am a Tourism Student, the education in phinma is okay, some teachers from USTP and XU teach okay, but when it comes to the environment, it is very difficult in the coc overcrowded, even the electric fans like tag dowa only work so its no for me the coc is really overcrowded",https://www.reddit.com/r/cagayandeoro/comments/1lcvtco/phinma_coc_school/
comment,Cagayan de Oro College,"mangutana ko please, naay nag online enrollment dira sa phinma tapos wala nidayun ug skwela? like nagpa enroll na lang sa lain nga school? nagbayad ra ug online enrollment pero wala pa nagpasa ug mga papers ba THANK YOU KAAYO","I want to ask please, has anyone done online enrollment in phinma but did not go to school? like just enrolling in another school? just paid online enrollment but haven't submitted any papers yet THANK YOU SO MUCH",https://www.reddit.com/r/cagayandeoro/comments/1lcvtco/phinma_coc_school/
post,No campus mentioned,What are your thoughts po for PHINMA?  Maganda ba ang pamamalakad at kalidad ng edukasyon ng PHINMA? Ano ang advantages and disadvantages ng paaralan na ito? Lalo na para sa kursong BS Nursing.,What are your thoughts for PHINMA?  Is PHINMA's management and education quality good? What are the advantages and disadvantages of this school? Especially for BS Nursing course.,https://www.reddit.com/r/CollegeAdmissionsPH/comments/1efso3d/what_are_your_thoughts_po_for_phinma/
comment,No campus mentioned,Hi! Do some searching in KOLEHIYO UPDATES: College admissions preparation on FB there are some posts about that school and also their learning approach hope it helps!,Hi! Do some searching in KOLEHIYO UPDATES: College admissions preparation on FB there are some posts about that school and also their learning approach hope it helps!,https://www.reddit.com/r/CollegeAdmissionsPH/comments/1efso3d/what_are_your_thoughts_po_for_phinma/
comment,No campus mentioned,Curious about this too since interested ako sa on going construction nila now sa Bacolod,Curious about this too since I am interested in their on going construction now in Bacolod,https://www.reddit.com/r/CollegeAdmissionsPH/comments/1efso3d/what_are_your_thoughts_po_for_phinma/
comment,No campus mentioned,[deleted],[deleted],https://www.reddit.com/r/CollegeAdmissionsPH/comments/1efso3d/what_are_your_thoughts_po_for_phinma/
comment,No campus mentioned,okay naman med related courses nila,their med related courses are okay,https://www.reddit.com/r/CollegeAdmissionsPH/comments/1efso3d/what_are_your_thoughts_po_for_phinma/
comment,No campus mentioned,Not good and my biggest regret na dito ako napasok maraming ibang school na mas worth it mababa ang bigay ng grades at ang puhunan ay kapit sa prof,"Not good and my biggest regret is that I entered here, there are many other schools that are more worth it, the grades are low and the investment depends on the prof",https://www.reddit.com/r/CollegeAdmissionsPH/comments/1efso3d/what_are_your_thoughts_po_for_phinma/
post,Cagayan de Oro College,Desperate move sa COC Shout out COC Phinma College. Nganong inyo man jud tawagan pa ang mga studyante just to push them na dira sa inyo mag school KUNG DILI NA GANI GANAHAN ANG BATA NA DIRA MAGSCHOOL SA INYO?! You are spamming them already of phone calls!! Desperado kaayo mo!! Why not reflect nalang sa mo and change your system before making moves on people??! They left your school for a reason!! Mura man mo ug pogo magspam ug phone calls sa mga tao uy!!  ,Desperate move to COC Shout out COC Phinma College. Why do you keep calling the students just to push them to go to school with you IF THE CHILDREN WHO GO TO SCHOOL WITH YOU DON'T LIKE IT ANYMORE?! You are already spamming them with phone calls!! You are so desperate!! Why not just reflect on yours and change your system before making moves on people??! They left your school for a reason!! You're cheap and want to spam people with phone calls!!,https://www.reddit.com/r/cagayandeoro/comments/1m1xk5n/desperate_move_sa_coc/
comment,Cagayan de Oro College,"#Thank you for your text submission to r/cagayandeoro, u/Icy_Increase1041!

Please remember to treat everyone respectfully and to read the community rules of r/cagayandeoro.

Please read the [subreddit rules](https://www.reddit.com/r/cagayandeoro/about/rules/) before posting. Remember to flair your post appropriately to avoid it being deleted.


*I am a bot, and this action was performed automatically. Please [contact the moderators of this subreddit](/message/compose/?to=/r/cagayandeoro) if you have any questions or concerns.*","#Thank you for your text submission to r/cagayandeoro, u/Icy_Increase1041!

Please remember to treat everyone respectfully and to read the community rules of r/cagayandeoro.

Please read the [subreddit rules](https://www.reddit.com/r/cagayandeoro/about/rules/) before posting. Remember to flair your post appropriately to avoid it being deleted.


*I am a bot, and this action was performed automatically. Please [contact the moderators of this subreddit](/message/compose/?to=/r/cagayandeoro) if you have any questions or concerns.*",https://www.reddit.com/r/cagayandeoro/comments/1m1xk5n/desperate_move_sa_coc/
comment,Cagayan de Oro College,As in? Naa diay in-ana ang COC karon? Atay mura man sad ka ug utangan sa online lending app ana hahahaha,As in? Is the COC there now? It's a shame that you owe money to the online lending app hahahaha,https://www.reddit.com/r/cagayandeoro/comments/1m1xk5n/desperate_move_sa_coc/
comment,Cagayan de Oro College,Instructor ko before sa COC and can confirm nga ingani jud ilang systema. Naay quota nga dapat namu ma achieve or else wala mi bonus. Igo raman unta mi mag tudlo pero part samo job description ang mag invite pa more ug mga students labe naay HK Scholarship ug uban financial assistance. Pag graduate raba daun kay dili maka basta makakuhag TOR para maka take ug board kay dapat ni enroll jud ug review center. Dghan rabag dili ga dugay dana nga instructors.,"I was an instructor before COC and can confirm that their system is right. There is a quota that we must achieve or else we will not get a bonus. It would be enough for us to teach, but part of our job description is to invite more students with HK Scholarship and other financial assistance. When you graduate, you can't just get TOR to take a board because you have to enroll in a review center. There are many instructors who will not be there for long.",https://www.reddit.com/r/cagayandeoro/comments/1m1xk5n/desperate_move_sa_coc/
comment,Cagayan de Oro College,mga dagway kayg kwarta mana sila. ilang gusto tanan bata sa cdo diha mag skwela hahahaha awa rajud na ilang kahimtang bisan og wala nay enough classroom mag sge pa japon og dawat og studyante giatay,"appearances because they are money. they want all the children in CDO to go to school hahahaha, that's their situation even though there aren't enough classrooms, they still accept students.",https://www.reddit.com/r/cagayandeoro/comments/1m1xk5n/desperate_move_sa_coc/
comment,Cagayan de Oro College,[deleted],[deleted],https://www.reddit.com/r/cagayandeoro/comments/1m1xk5n/desperate_move_sa_coc/
comment,Cagayan de Oro College,phinma kay nawong ug kwarta,phinma is face and money,https://www.reddit.com/r/cagayandeoro/comments/1m1xk5n/desperate_move_sa_coc/
comment,Cagayan de Oro College,Murag man ug home credit,It's like a home loan,https://www.reddit.com/r/cagayandeoro/comments/1m1xk5n/desperate_move_sa_coc/
comment,Cagayan de Oro College,"Sukad nga na PHINMA ng COC, pabulusok nana","Ever since PHINMA ng COC, let it sink in",https://www.reddit.com/r/cagayandeoro/comments/1m1xk5n/desperate_move_sa_coc/
comment,Cagayan de Oro College,Eskwelahan nga private pero nawong public ang hitsura.,Private school but public face.,https://www.reddit.com/r/cagayandeoro/comments/1m1xk5n/desperate_move_sa_coc/
comment,Cagayan de Oro College,"https://preview.redd.it/7ruopu2bqfdf1.jpeg?width=574&format=pjpg&auto=webp&s=f0db84166b93f553e378c2207e6983b7970d0e30

relax lng mo negative annual earnings sa Phinma, atleast kaya ma bawi sa COC ang .45% na nawala 😂","https://preview.redd.it/7ruopu2bqfdf1.jpeg?width=574&format=pjpg&auto=webp&s=f0db84166b93f553e378c2207e6983b7970d0e30

Just relax negative annual earnings in Phinma, at least the .45% that was lost can be recovered from the COC 😂",https://www.reddit.com/r/cagayandeoro/comments/1m1xk5n/desperate_move_sa_coc/
comment,Cagayan de Oro College,Dili lang COC naa pod kanang school didto sa Consolacion huhu mubalibad ka sa isa lahi napod nga tao manawag jsko. Ikapila na nimo gibalibaran pero wa epek oy kay lahi2 ga tawag. Ga apas man guro na sila anang 20K voucher sa Gov't. 🤷🏻‍♀️ Hagbay ra nag start ang class sige pagpangulit 🤦🏻‍♀️,"Not only COC, there is also that school in Consolacion, why would you refuse someone who is different from us to call you jsko. How many times have you refused but it didn't work because the calls were different. They don't even care about those 20K vouchers from the Gov't. 🤷🏻‍♀️ The class started slowly, keep carving 🤦🏻‍♀️",https://www.reddit.com/r/cagayandeoro/comments/1m1xk5n/desperate_move_sa_coc/
comment,Cagayan de Oro College,Bantog ra akong ate ana siya pangit daw ang coc apil pud sa pag teaching daw ang pag bayad sa tuition.,"My sister is famous, she is ugly, the coc is also involved in teaching and paying tuition.",https://www.reddit.com/r/cagayandeoro/comments/1m1xk5n/desperate_move_sa_coc/
comment,Cagayan de Oro College,Murag kani ra nga instance ko naka dungug ang school mag hangyu sa studyante mag enroll sa ila nga ingana na pamaagi. Atay ang school paman gani mu reject sa applicants tapos sila mang spam calls haha,It seems like this is the only instance where the school has asked the student to enroll in their so-called method. The school even rejects the applicants after they spam calls haha,https://www.reddit.com/r/cagayandeoro/comments/1m1xk5n/desperate_move_sa_coc/
comment,Cagayan de Oro College,[deleted],[deleted],https://www.reddit.com/r/cagayandeoro/comments/1m1xk5n/desperate_move_sa_coc/
comment,Cagayan de Oro College,hello po. wala koy gi paboran whatsoever pero all private school man ingana. they will reach out repeatedly sa students if mupadayun pa ba sila or naa ba sila problem financially para matabangan sila sa school. its more of gaka sayangan sila sa mga students if mag undang sila. Dili scam ang COC daghan na sila graduates and board passers. Mostly pa jud sa mga nakapasar sa boards naay chada nga works karon. I think you can just tell them na naka enroll na jud ka elsewhere and no more plans to go back sa coc. It's all business in the end. even xavier university ga ing ana pud sila sa mga students and parents kay stakeholders man pud sila. ☺️,"hello I don't favor anyone, but all private schools are good. they will reach out repeatedly to students if they are still going or if they have problems financially to help them in school. it's more of a waste of time for the students if they leave. COC is not a scam, many of them are graduates and board passers. Mostly those who have passed the boards are still working today. I think you can just tell them that you are already enrolled elsewhere and have no more plans to go back to COC. It's all business in the end. Even though Xavier University is there for the students and parents, they are also stakeholders. ☺️",https://www.reddit.com/r/cagayandeoro/comments/1m1xk5n/desperate_move_sa_coc/
comment,Cagayan de Oro College,guard! naay ga wild dri o...,guard! naay ga wild dri o.,https://www.reddit.com/r/cagayandeoro/comments/1m1xk5n/desperate_move_sa_coc/
post,Cagayan de Oro College,"PHINMA COC NURSING EXAMINATION (UNFAIR) COC you better count your days! mas inyo pang gi prioritize and school records over sa mga students nga qualified pero dili mga top? jusko grabe ka unfair ha as long as dili sila bagsak then ipa take na sila ngano mga TOP students manjud. Labon bitaw pag mental health and other concerns sa mga students dili ninyo gina acknowledge tapos kaning pag take sa board exam kay taas kaayog standards, UNFAIR kaayo for those students pud na nag work hard bisan dili sila TOP students grabe ba it denies equal opportunity to all qualifying students.","PHINMA COC NURSING EXAMINATION (UNFAIR) COC you better count your days! Do you prioritize and school records over students who are qualified but not top? It's really unfair, as long as they don't fail, then let them take it because they are TOP students. Even if the mental health and other concerns of the students are not acknowledged after taking the board exam because the standards are very high, it is UNFAIR for those students who have worked hard even if they are not TOP students. Is it serious that it denies equal opportunity to all qualifying students.",https://www.reddit.com/r/cagayandeoro/comments/1p6dfmq/phinma_coc_nursing_examination_unfair/
comment,Cagayan de Oro College,"#Thank you for your submission, u/kimbap-!

Please remember to treat everyone respectfully and to read the [subreddit rules](https://www.reddit.com/r/cagayandeoro/about/rules) of r/cagayandeoro.


Remember to flair your post appropriately to avoid it being deleted.


*I am a bot, and this action was performed automatically. Please [contact the moderators of this subreddit](/message/compose/?to=/r/cagayandeoro) if you have any questions or concerns.*","#Thank you for your submission, u/kimbap-!

Please remember to treat everyone respectfully and to read the [subreddit rules](https://www.reddit.com/r/cagayandeoro/about/rules) of r/cagayandeoro.


Remember to flair your post appropriately to avoid it being deleted.


*I am a bot, and this action was performed automatically. Please [contact the moderators of this subreddit](/message/compose/?to=/r/cagayandeoro) if you have any questions or concerns.*",https://www.reddit.com/r/cagayandeoro/comments/1p6dfmq/phinma_coc_nursing_examination_unfair/
comment,Cagayan de Oro College,"So sa among batch sa XU many (many😅) years ago, we were encouraged not to take the June exam and take the one in November instead. Also, we were encouraged to enroll sa review center tied sa school. We were not forced but I say “strongly” encouraged and our batch was the first 100% pass rate after how many years. The 100% streak started with our batch. I guess gi-base pud sa COC ilang decision sailang mock boards maybe? Anyway, lisod ang NLE. Mas lisod sa NCLEX imo so it’s better to be really prepared.","So sa among batch sa XU many (many😅) years ago, we were encouraged not to take the June exam and take the one in November instead. Also, we were encouraged to enroll sa review center tied sa school. We were not forced but I say “strongly” encouraged and our batch was the first 100% pass rate after how many years. The 100% streak started with our batch. I guess gi-base pud sa COC ilang decision sailang mock boards maybe? Anyway, lisod ang NLE. Mas lisod sa NCLEX imo so it’s better to be really prepared.",https://www.reddit.com/r/cagayandeoro/comments/1p6dfmq/phinma_coc_nursing_examination_unfair/
comment,Cagayan de Oro College,"If dili deserve e bagsak, grabe rsd nang ignan ug reward.","If you don't deserve and fail, it's too bad to ask for a reward.",https://www.reddit.com/r/cagayandeoro/comments/1p6dfmq/phinma_coc_nursing_examination_unfair/
comment,Cagayan de Oro College,"No need naman mag-ing ana if maayo jud ilang pamalakad sa program and nagsunod jud sila sa sakto na curriculum. Look at those top schools na sige ka 100% sa PNLE: XU, CMU, IIT - wala man sila'y ing-ana na policy karun. 


Nagpaila ra jud sila na wala sila'y salig sa ilang tinudluan kay sila mismo way salig sa ilang students. Ato na lang ingnon na makakuha sila'g taas nga passing rate pero mura man unnatural and lowkey fake. Selfish and outdated kaayo na approach and panghunahuna. ","There is no need to say that if they behave well in the program and follow the correct curriculum. Look at those top schools where you get 100% in PNLE: XU, CMU, IIT - they don't even have that policy now. 


They are just showing that they don't trust their teacher because they themselves don't trust their students. Let's just say that they get a high passing rate but it's unnatural and lowkey fake. Selfish and outdated approach and thinking.",https://www.reddit.com/r/cagayandeoro/comments/1p6dfmq/phinma_coc_nursing_examination_unfair/
comment,Cagayan de Oro College,"I think by TOP meaning naa ni cut off like only those nakakuha ani na score.

Not just COC but daghan schools who do this for quality control and they do this with a basis.

Mock Board can be used as personal gauge sa imo chance of passing. By logic, nag lisod man gani kas pasa sa mock board, sa actual na ba kaha? There is endless argument to this and even cases gepasaka sa CHED.

But I know for sure this was made clear and don’t know if gebuhat sa COC but sa uban naay genapapirmahan na document that you are aware of it and will abide to it.

Not for Nursing lang pud ni but for all Board courses gena buhat ni nila na control.","I think by TOP meaning there is a cut off like only those who got this score.

Not just COC but many schools who do this for quality control and they do this with a basis.

Mock Board can be used as a personal gauge on your chance of passing. By logic, you had a hard time passing the mock board, did you have the actual one? There is endless argument to this and even cases filed in CHED.

But I know for sure this was made clear and don't know if done in the COC but in others there is a signed document that you are aware of it and will abide to it.

Not for Nursing but for all Board courses they do this control.",https://www.reddit.com/r/cagayandeoro/comments/1p6dfmq/phinma_coc_nursing_examination_unfair/
comment,Cagayan de Oro College,"HAHAHAHAHAHAHAHAHAHAHAH sa uban department labi nag naay mockboard, lain pd kaayo ng e refrain ang student mag take sa board against naman na. All for the sake of passing rate unya ang sweldo puryagaba","HAHAHAHAHAHAHAHAHAHAHAHAH in some departments there is a mock board, it's a different refrain for the student to take the board against it. All for the sake of passing rate then the salary puryagaba",https://www.reddit.com/r/cagayandeoro/comments/1p6dfmq/phinma_coc_nursing_examination_unfair/
comment,Cagayan de Oro College,"tbh it’s not js nursing, most of their courses they actually require that. afaik also in engineering they have that kind of policy, and some of the students cannot pass that mock exam and transfers to another school instead so they can take the exam.","tbh it’s not js nursing, most of their courses they actually require that. afaik also in engineering they have that kind of policy, and some of the students cannot pass that mock exam and transfers to another school instead so they can take the exam.",https://www.reddit.com/r/cagayandeoro/comments/1p6dfmq/phinma_coc_nursing_examination_unfair/
comment,Cagayan de Oro College,"Inana japon sila sa Accountancy. From 300 enrollees to 1-2 graduates kay OA ra kaayo ilahang pagka perfectionist. Look at XU oh, daghan kaayo sila CPA. Daghan kaayo bright and deserving atong batch namo pero wala man lang natagaan ug chance :)","They are in Accountancy. From 300 enrollees to 1-2 graduates because they are very perfectionists. Look at XU oh, they have a lot of CPA. There are many bright and deserving people in our batch, but we were not given a chance :)",https://www.reddit.com/r/cagayandeoro/comments/1p6dfmq/phinma_coc_nursing_examination_unfair/
comment,Cagayan de Oro College,"ingon ani pud ang sinugdanan sa mga top nursing schools diri sa cdo. they did not allow low performers take the board exam immediately. instead, as far as i remember, longer ang duration sa ilang review. mao tong maka 100% passing rate jud sila.","this is also how the top nursing schools started here in cdo. they did not allow low performers to take the board exam immediately. instead, as far as I remember, the duration of their review was longer. that's why they get 100% passing rate.",https://www.reddit.com/r/cagayandeoro/comments/1p6dfmq/phinma_coc_nursing_examination_unfair/
comment,Cagayan de Oro College,"Pwd man sguro na isumbong pero wala ko kabalo asa, sa ched or idk. The very thought nga nakahuman ka ug degree is a measurement nga pwd na ka motake sa boards. If they think nga dli ka ready to take the boards, ngano nakagraduate ka in the first place?","I can report it but I don't know where, ched or idk. The very thought that you have a degree is a measurement that you can take the boards. If they think you're not ready to take the boards, why did you graduate in the first place?",https://www.reddit.com/r/cagayandeoro/comments/1p6dfmq/phinma_coc_nursing_examination_unfair/
comment,Cagayan de Oro College,Mao nagyud na ang style sa COC. Naa to time isa ra kabook ang gipa take sa Dean kana gyung sure na mo 100% ang passing rate ky dha mn nila mahibgkayat ang future students na mag enroll saila. Kana na prerogative ky sa Dean If my memory serves me right,"That's the style of COC. At that time, the Dean only took one book, that's when you are sure of 100% passing rate because that's how they can attract future students to enroll with them. That's the Dean's prerogative if my memory serves me right",https://www.reddit.com/r/cagayandeoro/comments/1p6dfmq/phinma_coc_nursing_examination_unfair/
comment,Cagayan de Oro College,"I mean, XU does that as well. They've always encouraged those ""not ready"" to take the exam para sa next one. (Source: my tita is a nursing prof there)","I mean, XU does that as well. They've always encouraged those ""not ready"" to take the exam para sa next one. (Source: my tita is a nursing prof there)",https://www.reddit.com/r/cagayandeoro/comments/1p6dfmq/phinma_coc_nursing_examination_unfair/
comment,Cagayan de Oro College,"COC pay imo, imo pay COC. Hahaha

Wajud nay buut nga skwelahan. Purya gaba kaau pwera hisgot lang. Never again hahaha","COC is yours, yours is COC. Hahaha

There is no school. Purya gaba kaau except just talk. Never again hahaha",https://www.reddit.com/r/cagayandeoro/comments/1p6dfmq/phinma_coc_nursing_examination_unfair/
comment,Cagayan de Oro College,"Inani sauna sa XU. Ang ila lang irecognize na board exam passers kay sa December ra. Mao ra na. Year 2014 ish, and years before that. Ang mag take sa May kay dili nila irecognize. You can take at your own risk, pero dili nila irecognize. Murag na bago na karon ata? This was before, sa time ni Dean Palad. And masabtan ra jud kay gina tagaan man gud pud nya time to review gyud ang takers. Pero naa man gud uban na atat na jud mo take.

EDIT: 
Not nga inana jud same sa ginabuhat sa COC ha. Ang kana lang pag take kay nay gina recognize na kinsay passer. Like ang December takers ra ila irecognize.","Inani sauna in XU. They will only recognize board exam passers in December. That's it. Year 2014 ish, and years before that. The one who takes May is because they don't recognize it. You can take at your own risk, but they won't recognize it. Does it seem like it's new now? This was before, during Dean Palad's time. And it is understandable because the takers are given time to review. But there are others that you have to take.

EDIT: 
Not that it's the same as what COC is doing. The only thing that is taken is that it recognizes who is a passer. Like the December takers they will only recognize.",https://www.reddit.com/r/cagayandeoro/comments/1p6dfmq/phinma_coc_nursing_examination_unfair/
comment,Cagayan de Oro College,ingani sad school namo sa davao. naa silay gina alagaan jud na reputation as topnotcher school tho dili ra top maka take pero usually ang panghadlok jud samo is dili makatake ang dili kapasar sa pre boards,"It's our school in Davao. They have a reputation as a topnotcher school, so it's not the top that can take, but usually what scares us is that those who don't pass the pre boards can't take it.",https://www.reddit.com/r/cagayandeoro/comments/1p6dfmq/phinma_coc_nursing_examination_unfair/
comment,Cagayan de Oro College,[removed],[removed],https://www.reddit.com/r/cagayandeoro/comments/1p6dfmq/phinma_coc_nursing_examination_unfair/
comment,Cagayan de Oro College,"lol, dili naman tawn sila consistent 100% passing rate kay ato palang sa May 2024 kay nay nabagsak 😆","lol, it's not like they have a consistent 100% passing rate because it's only in May 2024 that it fell 😆",https://www.reddit.com/r/cagayandeoro/comments/1p6dfmq/phinma_coc_nursing_examination_unfair/
comment,Cagayan de Oro College,[removed],[removed],https://www.reddit.com/r/cagayandeoro/comments/1p6dfmq/phinma_coc_nursing_examination_unfair/
comment,Cagayan de Oro College,[removed],[removed],https://www.reddit.com/r/cagayandeoro/comments/1p6dfmq/phinma_coc_nursing_examination_unfair/
comment,Cagayan de Oro College,[removed],[removed],https://www.reddit.com/r/cagayandeoro/comments/1p6dfmq/phinma_coc_nursing_examination_unfair/
comment,Cagayan de Oro College,[removed],[removed],https://www.reddit.com/r/cagayandeoro/comments/1p6dfmq/phinma_coc_nursing_examination_unfair/
comment,Cagayan de Oro College,"well if you want a quality school sa nursing sa cdo, XU gyud or CU. tested na gyud sila for years","well if you want a quality school sa nursing sa cdo, XU gyud or CU. tested na gyud sila for years",https://www.reddit.com/r/cagayandeoro/comments/1p6dfmq/phinma_coc_nursing_examination_unfair/
comment,Cagayan de Oro College,Even sa CU na consistent 100% sa first time takers. Maskin graduate na lantawon japon amo performance sa review center para sure kinsay maka take. I think sa school jud na para ma maintain ang nursing school kay if always low man jud ang performance sa school naa jd tendency mag sirado ang kana na department.,"Even in CU which is consistent 100% with first time takers. Even a graduate who looks at Japan's performance in the review center to make sure who can take it. I think the school has to maintain the nursing school because if the performance in the school is always low, there is a tendency to close that department.",https://www.reddit.com/r/cagayandeoro/comments/1p6dfmq/phinma_coc_nursing_examination_unfair/
comment,Cagayan de Oro College,"I think they’re basing sa results sa mock boards, naay cut off score/percentage para mu take kay para pud na sa school. Sguro mali lang pag deliver saimoha OP.","I think they're basing on the results of the mock boards, there is a cut off score/percentage to take because it's also for the school. Maybe it's just the wrong delivery to you OP.",https://www.reddit.com/r/cagayandeoro/comments/1p6dfmq/phinma_coc_nursing_examination_unfair/
post,Cagayan de Oro College,"Frustrating experience in Phinma COC I regret enrolling on this  school lmao. Grabe kaayo ka hassle ilang process sa ID, Uniform, etc.

Kung mo kuha kag Uniform grabe imong linya more than 5 hours, pag dili available imong size mapugos nalang ka pulihan ug mas dako para d naka makabalik, gasto dayon ka pa repair sa tailor. Same sa ID ug mo bayad ka sa exam permit.

I know nga tungod daghan silag estudyante. Pero kung na inform lang ko na inani diay ka hassle dire nga school sa uban nalang jud ko nag enroll.

Kung mag rant ka sa facebook page murag mga tala imong maka interact kay ignan ra ka "" wala man ka gi pugos mag coc "" "" permission to delete this post po, kay makalain sa school ""  "" Dili man mi inana tong freshmens pa pud mi "" HUH ? bawal na diay mag criticize ug rant karun ?

Also 2 days f2f, the rest are online class through messenger/gcr. Haaaaayst i orient lang ka nila pag naka enroll naka para dili ka maka withdraw kay bayaran nimo ang full tuition before maka withdraw HAHAHAHAHA.

","Frustrating experience in Phinma COC I regret enrolling in this school lmao. Their process of ID, Uniform, etc. is very hassle.

If you get a Uniform, your line is bad for more than 5 hours, if your size is not available, you will be forced to replace it with a bigger one so that you can return, you will have to pay for repair at the tailor. Same as the ID and you pay for the exam permit.

I know it's because they have many students. But if I had just been informed that it was a hassle, I would have enrolled in someone else's school.

If you rant on the facebook page, you can only interact with the notes because you are only called ""you are not forced to coc"" ""permission to delete this post, because it will separate you from school"" ""We are not like that, we are freshmen too"" HUH? is it not allowed to criticize and rant now?

Also 2 days f2f, the rest are online class through messenger/gcr. Haaaaayst they will only orient you when you are enrolled so that you can't withdraw because you have to pay the full tuition before you can withdraw HAHAHAHAHA.",https://www.reddit.com/r/cagayandeoro/comments/1ewkgw2/frustrating_experience_in_phinma_coc/
comment,Cagayan de Oro College,"#Thank you for your text submission to r/cagayandeoro, Higala!

Please remember to treat everyone respectfully and to read the community rules of r/cagayandeoro.

Please read the [subreddit rules](https://www.reddit.com/r/cagayandeoro/about/rules/) before posting. Remember to flair your post appropriately to avoid it being deleted.


*I am a bot, and this action was performed automatically. Please [contact the moderators of this subreddit](/message/compose/?to=/r/cagayandeoro) if you have any questions or concerns.*","#Thank you for your text submission to r/cagayandeoro, Higala!

Please remember to treat everyone respectfully and to read the community rules of r/cagayandeoro.

Please read the [subreddit rules](https://www.reddit.com/r/cagayandeoro/about/rules/) before posting. Remember to flair your post appropriately to avoid it being deleted.


*I am a bot, and this action was performed automatically. Please [contact the moderators of this subreddit](/message/compose/?to=/r/cagayandeoro) if you have any questions or concerns.*",https://www.reddit.com/r/cagayandeoro/comments/1ewkgw2/frustrating_experience_in_phinma_coc/
comment,Cagayan de Oro College,"Money making ramay focus anang skwlehana. Wala nay open space within school premise kay ang quadrangle gibutngan na og building para ""more"" students macater, instead ilimit ang number sa makaenroll para dili maghuot. Tas, isa sakong friend shs teacher dira, frustrated kaayo kay daghan (as in daghan) kaayog students na dili angay ipasar pero ginaadvisan sila nga ipapasar nalang para sa school image nga chada og education quality. That's why if naay mag ask nako, asa nice mag shs or college always nako ginatubag anywhere but sa COC kay bati jud ng skwelahana.","Money making is the main focus of that school. There is no more open space within the school premise because the quadrangle has been replaced by a building to accommodate ""more"" students, instead the number of those who can enroll will be limited so as not to overcrowd. Tas, a friend of mine who is a SHS teacher, is very frustrated because there are many (as in many) students who should not be passed but they are advised to pass only for the sake of the school's image and lack of education quality. That's why if someone asks me, where is it nice to go to shs or college, I always answer anywhere but in COC because it feels like school.",https://www.reddit.com/r/cagayandeoro/comments/1ewkgw2/frustrating_experience_in_phinma_coc/
comment,Cagayan de Oro College,"nawong mang gud nag kwarta ang phinma. Chada manang coc sauna  before na acquire sa phinma, karon na bati na hinuon!

hangol kay na silag estudyante miskan tunga2 nas semester open gyapon enrollment wala pajuy entrance exams mao ang mga boplaks nga nga di kamao mo himog essay miskan 1st year college na maka sulod gyapon hahaha

sigeg pa enroll ug studyante unya kulang2 ang classrooms kamulo pa ga construct ug bago building. Gi sacrifice ang quadrangle para sa new building giatay kaayo gamay nalang kaayo ang open space ma tambayan. Sa kadato sa phinma wala gyud sila nagpalit ug bagong yuta para tukaran pareho sa paseo ug xu.

dili nalang ko mag tell unsa ka basura ilang sistema sa aCtIvE LeArNInG PrOgRaM nila hahahaha","Phinma is really making money. Chada manang coc sauna before it was acquired by phinma, but now it feels better!

It's stupid because they are already students, even in the middle of the semester, enrollment is still open, there are still no entrance exams, they are the ones who don't know how to write an essay, even in the 1st year college, they can enter there hahaha

keep enrolling more students, then the classrooms are not enough, let alone construct a new building. The quadrangle was sacrificed for the new building, the open space was too small to hang out. With the wealth of phinma, they never bought new land to build both paseo and xu.

I'm not going to tell you how rubbish their active learning program system is hahahaha",https://www.reddit.com/r/cagayandeoro/comments/1ewkgw2/frustrating_experience_in_phinma_coc/
comment,Cagayan de Oro College,"Hello OP. Sa tinood nga storya gapangwarta Ang COC, can’t deny Kay private skul man. I’m not a student of that skul but ako gapa skwela sako brother taking accountancy sa COC. Ako maingon lang jud Kay grabe sila ka negosyante, ako brother good iya grades pero gusto Nila ginagmayon ra units para ma extend ako brother, para more tuition & miscellaneous fees to come. With that, pagka 3rd yr sako bro gibalhinn nko syag pilgrim. So far graduating na ako bro sa accountancy. Not bashing the skul, pero unta chada pod Ang quality Kay gabayad man sad if tarong Ang students and parents.","Hello OP. In fact, the COC is going to make money, it can't be denied even by a private school. I'm not a student of that school but I'm still in school with my brother taking accountancy at COC. I can only say that because they are great businessmen, my brother has good grades, but they only want units so that I can extend my brother, so that more tuition & miscellaneous fees will come. With that, after the 3rd year, bro, I transferred him to Pilgrim. So far I'm graduating bro in accountancy. Not bashing the school, but I hope the quality is better because the students and parents will pay if it's right.",https://www.reddit.com/r/cagayandeoro/comments/1ewkgw2/frustrating_experience_in_phinma_coc/
comment,Cagayan de Oro College,"HOY LEGIT HAHAHAHAHAHAH sige silag dawat ug students dayon sa grabe ka daghan di na nila macater nagkapuliki na sila

unta gani nagCU nalang ko na kaso di ko makahawa kay city ko so no choice","HOY LEGIT HAHAHAHAHAHAH they keep accepting students and then they can't cater to so many people

I wish I could go to CU but I can't because I'm in the city so no choice",https://www.reddit.com/r/cagayandeoro/comments/1ewkgw2/frustrating_experience_in_phinma_coc/
comment,Cagayan de Oro College,"Sadly True, Tungod sa Ilaha HK daghan sa akoa classmate gi patang2 nila ang HK. Kay ga samok2 ra daw mag dutyhan nimo. Okay lang unta 75% pero 59-25% not worth it. Planning to transfer og school sa Iligan. Btw I'm a nursing student. Gamay ra kaau ilaha ipa pasar when it comes na mag 4th yr. 75% sa amoa nursing gi bagsak nila. Unya kita nga ga dali kay naay timeline gi na gukod. 💀😌","Sadly True, Because of their HK, many of my classmates are killing HK. Because it's just too much trouble for you to do your duty. 75% would be okay but 59-25% is not worth it. Planning to transfer a school in Iligan. Btw I'm a nursing student. It's only a small amount of money when it comes to the 4th year. They failed 75% of our nursing. Then we will hurry because there is a timeline. 💀😌",https://www.reddit.com/r/cagayandeoro/comments/1ewkgw2/frustrating_experience_in_phinma_coc/
comment,Cagayan de Oro College,"Ingana pod mi shs to college, pero mas worst jod karon. Bisag scholar nako sa college before, dugay japon makakuhag permit kay taas kayg linya sa csdl and finance. Unsa nalang kaha karon? Mas hassle, mas igang. Kay sige ra silag dawat students.

I-Separate unta ilang offices for shs and college. Kay kung ting bayad tuition taas kaayog linya ga uban ang shs ug college. Naa pay online payment nila nga way ayo, pero sa finance rman japon ka mo kuha ug permit bsag online ka mag pay, same linya ra japon. Maayo lang ug maka afford ug bayad early, pero naa may time di sila mo hatag permit if medyo layo pa ang exam. Dawbi'g promissory note? Mas samot agwanta linya. Mao na tag sayo kaayo mga students ga linya sa coc.

Then, pinaka worst if board courses ka. Mas dugay maka graduate tungod sa mock board. So another kwarta nasad, another sem.


Kwarta rajod na ilang apas.","We used to go to college, but it's worse now. Even though I was a scholar in college before, it took a long time to get a permit because there was a long line in csdl and finance. What about now? More hassle, more time. Because they keep accepting students.

Their offices should be separated for shs and college. Because when it comes to paying tuition, it's a long line with shs and college. They still have online payment that is not fixed, but in finance, you still have to get a permit even if you pay online, it's the same line. It's good if you can afford to pay early, but there are times when they won't give you a permit if the exam is still a little far away. Do you have a promissory note? Worse endurance line. That's why the students line up at the coc very early.

Then, the worst is if you take board courses. It will take longer to graduate because of the mock board. So another kwarta nasad, another sem.


They have a lot of money.",https://www.reddit.com/r/cagayandeoro/comments/1ewkgw2/frustrating_experience_in_phinma_coc/
comment,Cagayan de Oro College,"Naa gyud ta frustrations to any thing. Di nako studyante pero ma frustrate ko aning mga Banko, BDO whole day offline yesterday.

What’s the connection?

We have choices but sometimes we have to stick to our choice and go through unsa man gani frustrations. At the end of the day, naa naman ka dha, go with the process nalng.

Ma frustrate gani tas traffic sa syudad ug kagubot sa Pilipinas. Lami na mo balhin nlang lain nasod","We have frustrations to anything. I'm not a student but I'm frustrated with these banks, BDO whole day offline yesterday.

What’s the connection?

We have choices but sometimes we have to stick to our choice and go through unsa man gani frustrations. At the end of the day, you're there, just go with the process.

We will be frustrated by the traffic in the city and the chaos in the Philippines. I'd rather move to another country",https://www.reddit.com/r/cagayandeoro/comments/1ewkgw2/frustrating_experience_in_phinma_coc/
comment,Cagayan de Oro College,">online class through messenger/gcr

  
Wla diay silay online blackboard? (LMS)",">online class through messenger/gcr

  
Wla diay silay online blackboard? (LMS)",https://www.reddit.com/r/cagayandeoro/comments/1ewkgw2/frustrating_experience_in_phinma_coc/
comment,Cagayan de Oro College,Kung naa moy plano mag 10 years sa college pag COC mo HAHAHAHHAHAHA,If you have a plan to spend 10 years in college with your COC HAHAHAHHAHAHA,https://www.reddit.com/r/cagayandeoro/comments/1ewkgw2/frustrating_experience_in_phinma_coc/
comment,Cagayan de Oro College,"HHAHAHAHAHAHAH felt so much, actually dako gd regret nku nag enroll sab ko dri. Hassle kaayo pag pay, miski pa e bank transfer pa incompetent kaayo ilang system gd. Kana sad sa module, makalagot kaayo ky gabayad man unta pero wa gd ky choice if mahutdan ka mahuman na lng ang sem wapa ghapon. Puryagaba, also some instructors pd unprofessional kaayo :). Kusog kaayo mang backstab ug student, gapang discriminate sa transferee students. Daghan kykog awful encounters in regards sa uban instructors, gusto na kyko mo transfer sab pero hapit nku mo grad man. Kapoy lng ba na in.ani ilang treament/services makuha nmo sa ila, when in fact nag pay bya kag tuition. Di gd nku gina recommend ang COC skung friends/kaila if ever mo transfer/enroll sila.","HHAHAHAHAHAHAH felt so much, actually I really regret enrolling here. It's very hassle to pay, even bank transfer, their system is very incompetent. That's sad about the module, it's very annoying that you should have paid but you don't have a choice if you run out, the sem will just finish yesterday. Puryagaba, also some instructors are very unprofessional :). The backstab and students are very strong, and the transferee students are discriminated against. I had a lot of awful encounters in regards to other instructors, I want you to transfer too, but I almost graduated. Are you tired of their treatment/services you can get from them, when in fact you are paying tuition. I do not recommend COC to friends/acquaintances if you ever transfer/enroll them.",https://www.reddit.com/r/cagayandeoro/comments/1ewkgw2/frustrating_experience_in_phinma_coc/
comment,Cagayan de Oro College,Balhin USTP boss,Change USTP boss,https://www.reddit.com/r/cagayandeoro/comments/1ewkgw2/frustrating_experience_in_phinma_coc/
comment,Cagayan de Oro College,Thank God nabasa nako ni! Isa rba jud ang phinma sa plano nko enroll.an ... kay lagi 1 ride ra unta ko diri. Any recommendations sa uban colleges here in cdo? Hw about liceo? Any thoughts?,Thank God I read this! The signature of my plan is to enroll... because I would only have 1 ride here. Any recommendations for other colleges here in cdo? Hw about high school? Any thoughts?,https://www.reddit.com/r/cagayandeoro/comments/1ewkgw2/frustrating_experience_in_phinma_coc/
comment,Cagayan de Oro College,"been there in COC sugod hs nako, the experience sa pagbayad sa exam permit ug sa uniform is still the same very inconvenient even after pag graduate nako sa senior hs, gakaluoy nalang ko sa mga ginikanan galinya dadto para magbayad and I was hoping nga mapangitaan nila pamaagi malessen ang kahassle atleast diha lang nga part kay magdasok na sila sa phinma hall. I've heard naa nay online permit sa students portal pero sadly wala pa japon nila ni improve, gaduha duha pa japon ko magcontinue sako board program diha cuz one of the reason gyud wala ko nipadayon ug college diha ang kahasol gyud.","been there in COC since my high school, the experience of paying for the exam permit and the uniform is still the same very inconvenient even after I graduated from senior high school, I just felt sorry for the parents who went there to pay and I was hoping that they would find a way to reduce the hassle at least in that part because they will be crowded in the phinma hall. I've heard that there is an online permit in the students portal but unfortunately they haven't improved it yet, it's going to take two more days for me to continue with the board program there cuz one of the reasons I didn't continue with college was the real inconvenience.",https://www.reddit.com/r/cagayandeoro/comments/1ewkgw2/frustrating_experience_in_phinma_coc/
comment,Cagayan de Oro College,Hassel kaayu feeling elite yawa sigeg panglibak sa taga liceo og sa lain skwelahan feeling sad kaayung mga estudyante dia hahahaha awa karon below minimum ang sweldo row sukua opionion nako ni aymog buot,"Hassel, I feel elite, the devil keeps gossiping about high school and other schools, I feel sad about the students, hahahaha, now the salary is below the minimum, I will give you an option if you want.",https://www.reddit.com/r/cagayandeoro/comments/1ewkgw2/frustrating_experience_in_phinma_coc/
comment,Cagayan de Oro College,Asa man ang gradwasyon sa mga estudyante sa PHINMA kasagarang mahitabo?,Where does the graduation of PHINMA students usually take place?,https://www.reddit.com/r/cagayandeoro/comments/1ewkgw2/frustrating_experience_in_phinma_coc/
post,Southwestern University,Officially enrolled sa SWU Phinma Hi everyone! Just got an email from SWU that I'm already enrolled and that classes would start on August 5. Are there any tips you could give me as an incoming first year med student? Especially if same school po tayo huhu. Only accepted this school bc of the HK scholarship. Med is already expensive so I just grabbed the scholarship opportunity even if I'm from outside Cebu.,Officially enrolled sa SWU Phinma Hi everyone! Just got an email from SWU that I'm already enrolled and that classes would start on August 5. Are there any tips you could give me as an incoming first year med student? Especially if same school po tayo huhu. Only accepted this school bc of the HK scholarship. Med is already expensive so I just grabbed the scholarship opportunity even if I'm from outside Cebu.,https://www.reddit.com/r/medschoolph/comments/1ddf0cf/officially_enrolled_sa_swu_phinma/
comment,Southwestern University,"Hi! An alumni from SWU here and an incoming 2nd year med. The only tip I can probably give you is to know the system. If weekly exams (covering both integs and bon-integs) is not for you, I suggest you brace urself and work hard to adapt to the school system. Resilience and determination is the way to go nalang 😭. Also, prepare to miss holidays even christmas and all knowing u r from outside Cebu… The grading system is also different although grades are curved, do not sacrifice minor subjects. I repeat. DO NOT SACRIFICE MINOR SUBJECTS. 😭 If ever, you fail only one subject even if it is minor you still can’t be promoted and will immediately get debarred (edit: debarred system was changed tho. You can retake the failed subject BUT you can’t proceed to take the next integrated subjects so irregular student). Note, there are no removals whatsoever. The department does not give any… soooo in short, condition urself. Eat healthy, get plenty of sleep, and most of all be humble (You will know why i said these once you start the school year). Godbless co-cobra! Aja!","Hi! An alumni from SWU here and an incoming 2nd year med. The only tip I can probably give you is to know the system. If weekly exams (covering both integs and bon-integs) is not for you, I suggest you brace urself and work hard to adapt to the school system. Resilience and determination is the way to go nalang 😭. Also, prepare to miss holidays even christmas and all knowing u r from outside Cebu… The grading system is also different although grades are curved, do not sacrifice minor subjects. I repeat. DO NOT SACRIFICE MINOR SUBJECTS. 😭 If ever, you fail only one subject even if it is minor you still can’t be promoted and will immediately get debarred (edit: debarred system was changed tho. You can retake the failed subject BUT you can’t proceed to take the next integrated subjects so irregular student). Note, there are no removals whatsoever. The department does not give any… soooo in short, condition urself. Eat healthy, get plenty of sleep, and most of all be humble (You will know why i said these once you start the school year). Godbless co-cobra! Aja!",https://www.reddit.com/r/medschoolph/comments/1ddf0cf/officially_enrolled_sa_swu_phinma/
comment,Southwestern University,Hi! Incoming freshman here! Wasn't able to attend the 2 days orientation and am yet to submit other requirements to finally call my self a legit med student of SWU. Haha,Hi! Incoming freshman here! Wasn't able to attend the 2 days orientation and am yet to submit other requirements to finally call my self a legit med student of SWU. Haha,https://www.reddit.com/r/medschoolph/comments/1ddf0cf/officially_enrolled_sa_swu_phinma/
comment,Southwestern University,"Hi, can i send you a dm regarding the hk scholarship po?","Hi, can i send you a dm regarding the hk scholarship po?",https://www.reddit.com/r/medschoolph/comments/1ddf0cf/officially_enrolled_sa_swu_phinma/
comment,Southwestern University,Congratulations! Interested din ako mag-enroll on Phinma schools pero on going construction pa siya under Phinma sa Bacolod. Do you have any tips?,Congratulations! I am also interested in enrolling in Phinma schools but he is still under going construction under Phinma in Bacolod. Do you have any tips?,https://www.reddit.com/r/medschoolph/comments/1ddf0cf/officially_enrolled_sa_swu_phinma/
comment,Southwestern University,[deleted],[deleted],https://www.reddit.com/r/medschoolph/comments/1ddf0cf/officially_enrolled_sa_swu_phinma/
comment,Southwestern University,"RUN for your life, my original school before i transferred,

Reasons:
1.The school doesn't have a transparent grading system, you cannot see the percentage of your quizzes,SGDS,attendance.At the end of the academic year you will just see posting at their bulletin of your student id and if you pass or fail without reason, they also delay the releasing of grades / transfer credits so if ever you change your mind to transfer, you will wait for another year or so before you can get your official credentials. 
Every after the exam, there is no post evaluation rationale and checking of paper so you cannot fathom where you went wrong and how you are supposed to know if you get the items right.

2. So popular school for being not student friendly, every student concerns or complains for their grades where just being dismissed and silenced by the school without proper channeling, student council is under the puppet of the school, they can't do anything about student concerns. They have a major issue back then facing lawsuits of ""the fallen clerks""( they delayed the graduation of this clerks because of the newly implemented mock exam before graduation,if they fail the mock exams, they will be delayed for grad, i mean how can you pass an exam that was just announced few days ago- how can you pass an exam that is short notice?) you can search it up the incident ,You're welcome.


3.  This school doesn't give any remedial or removals so you only have one shot at everything, if you fail , you fail. A lot of students from my time failed in 1 or 2 subjects because of their unfair curving system. If you can't reach their cut off of 75% passing you will not pass

4.  The quality of teaching is mediocre,still using online class in some of the classes even the pandemic is lifted. Some professors are not just competent to teach as they just read slides in their PowerPoints without proper explanation. Some will use power tripping and humiliation and bullying to guilt trip you to make you feel inferior. There is no mentoring here, the stellar and scholar students or the ""Fraternity boys"" always get the attention and favored by the teachers, you don't have any voice if your just an average or below the average stud.

5.Sometimes, there are no available rooms at the main hall exclusive for Medicine and there is no physical ""School of medicine"" in this school. Main hall is the mixture of every student in the campus ( rad tech, med tech, nursing, pre- med etc.) so expect chaos all over the place.

6. There is no proper channeling of concerns and communication, admissions committee and staff have different policy to the dean ( i.e. passing grade is 70 as verbalized by the staff while the dean is reinforcing 75%) so every decision to admit or fail is almost always questionable.

7.The academic calendar is almost always subject to change. You cannot enjoy your vacation and holidays because the exams keep on postponing and rescheduling.


8. Cheating is almost always widespread! It is Always unfair to the students who are really studying hard to pass. The ""frat boys"" have always a cheat sheet prior to every exam, it is amazing that their scores are unbelievably high compare to the scholars, like WT_?.


And the list would go on and on ...

Would not recommend based on my personal struggles with this school, i say try to look for another school, this is a private school yet the classrooms and its set up are low quality, not worth value for your money if you're just an average student dont have any scholarships.","RUN for your life, my original school before i transferred,

Reasons:
1.The school doesn't have a transparent grading system, you cannot see the percentage of your quizzes,SGDS,attendance.At the end of the academic year you will just see posting at their bulletin of your student id and if you pass or fail without reason, they also delay the releasing of grades / transfer credits so if ever you change your mind to transfer, you will wait for another year or so before you can get your official credentials. 
Every after the exam, there is no post evaluation rationale and checking of paper so you cannot fathom where you went wrong and how you are supposed to know if you get the items right.

2. So popular school for being not student friendly, every student concerns or complains for their grades where just being dismissed and silenced by the school without proper channeling, student council is under the puppet of the school, they can't do anything about student concerns. They have a major issue back then facing lawsuits of ""the fallen clerks""( they delayed the graduation of this clerks because of the newly implemented mock exam before graduation,if they fail the mock exams, they will be delayed for grad, i mean how can you pass an exam that was just announced few days ago- how can you pass an exam that is short notice?) you can search it up the incident ,You're welcome.


3.  This school doesn't give any remedial or removals so you only have one shot at everything, if you fail , you fail. A lot of students from my time failed in 1 or 2 subjects because of their unfair curving system. If you can't reach their cut off of 75% passing you will not pass

4.  The quality of teaching is mediocre,still using online class in some of the classes even the pandemic is lifted. Some professors are not just competent to teach as they just read slides in their PowerPoints without proper explanation. Some will use power tripping and humiliation and bullying to guilt trip you to make you feel inferior. There is no mentoring here, the stellar and scholar students or the ""Fraternity boys"" always get the attention and favored by the teachers, you don't have any voice if your just an average or below the average stud.

5.Sometimes, there are no available rooms at the main hall exclusive for Medicine and there is no physical ""School of medicine"" in this school. Main hall is the mixture of every student in the campus ( rad tech, med tech, nursing, pre- med etc.) so expect chaos all over the place.

6. There is no proper channeling of concerns and communication, admissions committee and staff have different policy to the dean ( i.e. passing grade is 70 as verbalized by the staff while the dean is reinforcing 75%) so every decision to admit or fail is almost always questionable.

7.The academic calendar is almost always subject to change. You cannot enjoy your vacation and holidays because the exams keep on postponing and rescheduling.


8. Cheating is almost always widespread! It is Always unfair to the students who are really studying hard to pass. The ""frat boys"" have always a cheat sheet prior to every exam, it is amazing that their scores are unbelievably high compare to the scholars, like WT_?.


And the list would go on and on ...

Would not recommend based on my personal struggles with this school, i say try to look for another school, this is a private school yet the classrooms and its set up are low quality, not worth value for your money if you're just an average student dont have any scholarships.",https://www.reddit.com/r/medschoolph/comments/1ddf0cf/officially_enrolled_sa_swu_phinma/
post,Southwestern University,SWU PHINMA Is anyone here from SWU PHINMA? I'm an upcoming freshman medical student and would love to know the pros and cons of freshman med school journey. Can you give me some tips and other resources/references to read in advance. Thank you 😭,SWU PHINMA Is anyone here from SWU PHINMA? I'm an upcoming freshman medical student and would love to know the pros and cons of freshman med school journey. Can you give me some tips and other resources/references to read in advance. Thank you 😭,https://www.reddit.com/r/medschoolph/comments/14sx5bf/swu_phinma/
comment,Southwestern University,Just graduated this year it's bad mate. I swear. Exams are always late. Your important documents will go missing. The current management is obsessed with being a top performer but the foundations in education aren't very good. All announcements are late. If you want to transfer they will hold your papers for more than a year to discourage you from transferring. They like to take in people who don't even have nmat scores but be prepared to have them expect u to have 70 mean grades(most schools do standard deviation) to move on. They failed 200 out of a class of 400 and prevented them from going forward with their 4th year. You can't graduate 4th year without passing the mockboard exams and ur doing 32 hour clerkship shifts. If u have the nmat scores 50+ - 70+ don't waste ur time and potential here. So many students complain wishing they didn't enroll here. (Also discriminatory to non Filipino students),Just graduated this year it's bad mate. I swear. Exams are always late. Your important documents will go missing. The current management is obsessed with being a top performer but the foundations in education aren't very good. All announcements are late. If you want to transfer they will hold your papers for more than a year to discourage you from transferring. They like to take in people who don't even have nmat scores but be prepared to have them expect u to have 70 mean grades(most schools do standard deviation) to move on. They failed 200 out of a class of 400 and prevented them from going forward with their 4th year. You can't graduate 4th year without passing the mockboard exams and ur doing 32 hour clerkship shifts. If u have the nmat scores 50+ - 70+ don't waste ur time and potential here. So many students complain wishing they didn't enroll here. (Also discriminatory to non Filipino students),https://www.reddit.com/r/medschoolph/comments/14sx5bf/swu_phinma/
comment,Southwestern University,"RUN for your life, my original school before i transferred,

Reasons:
1.The school doesn't have a transparent grading system, you cannot see the percentage of your quizzes,SGDS,attendance.At the end of the academic year you will just see posting at their bulletin of your student id and if you pass or fail without reason, they also delay the releasing of grades / transfer credits so if ever you change your mind to transfer, you will wait for another year or so before you can get your official credentials. 
Every after the exam, there is no post evaluation rationale and checking of paper so you cannot fathom where you went wrong and how you are supposed to know if you get the items right.

2. So popular school for being not student friendly, every student concerns or complains for their grades where just being dismissed and silenced by the school without proper channeling, student council is under the puppet of the school, they can't do anything about student concerns. They have a major issue back then facing lawsuits of ""the fallen clerks""( they delayed the graduation of this clerks because of the newly implemented mock exam before graduation,if they fail the mock exams, they will be delayed for grad, i mean how can you pass an exam that was just announced few days ago- how can you pass an exam that is short notice?) you can search it up the incident ,You're welcome.


3.  This school doesn't give any remedial or removals so you only have one shot at everything, if you fail , you fail. A lot of students from my time failed in 1 or 2 subjects because of their unfair curving system. If you can't reach their cut off of 75% passing you will not pass

4.  The quality of teaching is mediocre,still using online class in some of the classes even the pandemic is lifted. Some professors are not just competent to teach as they just read slides in their PowerPoints without proper explanation. Some will use power tripping and humiliation and bullying to guilt trip you to make you feel inferior. There is no mentoring here, the stellar and scholar students or the ""Fraternity boys"" always get the attention and favored by the teachers, you don't have any voice if your just an average or below the average stud.

5.Sometimes, there are no available rooms at the main hall exclusive for Medicine and there is no physical ""School of medicine"" in this school. Main hall is the mixture of every student in the campus ( rad tech, med tech, nursing, pre- med etc.) so expect chaos all over the place.

6. There is no proper channeling of concerns and communication, admissions committee and staff have different policy to the dean ( i.e. passing grade is 70 as verbalized by the staff while the dean is reinforcing 75%) so every decision to admit or fail is almost always questionable.

7.The academic calendar is almost always subject to change. You cannot enjoy your vacation and holidays because the exams keep on postponing and rescheduling.


8. Cheating is almost always widespread! It is Always unfair to the students who are really studying hard to pass. The ""frat boys"" have always a cheat sheet prior to every exam, it is amazing that their scores are unbelievably high compare to the scholars, like WT_?.


And the list would go on and on ...

Would not recommend based on my personal struggles with this school, i say try to look for another school, this is a private school yet the classrooms and its set up are low quality, not worth value for your money if you're just an average student dont have any scholarships.","RUN for your life, my original school before i transferred,

Reasons:
1.The school doesn't have a transparent grading system, you cannot see the percentage of your quizzes,SGDS,attendance.At the end of the academic year you will just see posting at their bulletin of your student id and if you pass or fail without reason, they also delay the releasing of grades / transfer credits so if ever you change your mind to transfer, you will wait for another year or so before you can get your official credentials. 
Every after the exam, there is no post evaluation rationale and checking of paper so you cannot fathom where you went wrong and how you are supposed to know if you get the items right.

2. So popular school for being not student friendly, every student concerns or complains for their grades where just being dismissed and silenced by the school without proper channeling, student council is under the puppet of the school, they can't do anything about student concerns. They have a major issue back then facing lawsuits of ""the fallen clerks""( they delayed the graduation of this clerks because of the newly implemented mock exam before graduation,if they fail the mock exams, they will be delayed for grad, i mean how can you pass an exam that was just announced few days ago- how can you pass an exam that is short notice?) you can search it up the incident ,You're welcome.


3.  This school doesn't give any remedial or removals so you only have one shot at everything, if you fail , you fail. A lot of students from my time failed in 1 or 2 subjects because of their unfair curving system. If you can't reach their cut off of 75% passing you will not pass

4.  The quality of teaching is mediocre,still using online class in some of the classes even the pandemic is lifted. Some professors are not just competent to teach as they just read slides in their PowerPoints without proper explanation. Some will use power tripping and humiliation and bullying to guilt trip you to make you feel inferior. There is no mentoring here, the stellar and scholar students or the ""Fraternity boys"" always get the attention and favored by the teachers, you don't have any voice if your just an average or below the average stud.

5.Sometimes, there are no available rooms at the main hall exclusive for Medicine and there is no physical ""School of medicine"" in this school. Main hall is the mixture of every student in the campus ( rad tech, med tech, nursing, pre- med etc.) so expect chaos all over the place.

6. There is no proper channeling of concerns and communication, admissions committee and staff have different policy to the dean ( i.e. passing grade is 70 as verbalized by the staff while the dean is reinforcing 75%) so every decision to admit or fail is almost always questionable.

7.The academic calendar is almost always subject to change. You cannot enjoy your vacation and holidays because the exams keep on postponing and rescheduling.


8. Cheating is almost always widespread! It is Always unfair to the students who are really studying hard to pass. The ""frat boys"" have always a cheat sheet prior to every exam, it is amazing that their scores are unbelievably high compare to the scholars, like WT_?.


And the list would go on and on ...

Would not recommend based on my personal struggles with this school, i say try to look for another school, this is a private school yet the classrooms and its set up are low quality, not worth value for your money if you're just an average student dont have any scholarships.",https://www.reddit.com/r/medschoolph/comments/14sx5bf/swu_phinma/
post,University of Pangasinan,thoughts about phinma-upang Hello! I'm an incoming first-year student and already enrolled (BSMLS course) at PHINMA-UPang. I just want to ask if it's good to study there po? What is the school's management like when it comes to BSMLS? I just want to get an idea of what to expect hehe.,thoughts about phinma-upang Hello! I'm an incoming first-year student and already enrolled (BSMLS course) at PHINMA-UPang. I just want to ask if it's good to study there po? What is the school's management like when it comes to BSMLS? I just want to get an idea of what to expect hehe.,https://www.reddit.com/r/Pangasinan/comments/1ktncof/thoughts_about_phinmaupang/
comment,University of Pangasinan,"You're in the right school. But be warned. Fast-paced ang environment diyan. Nung time namin sa 3rd year, every week may assessments. Super compressed and packed ang schedule nila. This was back in 2023. I'm not sure if ganito parin ngayon. All I can tell you is madaming hindi nakakapasa in one try. They will still give you a chance if nabagsak mo yung subject but if for the 3rd time wala parin, mataas ang chance they will recommend you to study sa ibang school. Regardless, magagaling mga prof dyan. :) Do your best and enjoy mo itong course!","You're in the right school. But be warned. The environment there is fast-paced. When we were in the 3rd year, there were assessments every week. Their schedule is super compressed and packed. This was back in 2023. I'm not sure if it's still like this today. All I can tell you is that many people do not pass in one try. They will still give you a chance if you failed the subject but if for the 3rd time there is still nothing, there is a high chance they will recommend you to study in another school. Regardless, great profs there. :) Do your best and enjoy this course!",https://www.reddit.com/r/Pangasinan/comments/1ktncof/thoughts_about_phinmaupang/
comment,University of Pangasinan,Go for LNU. Instructor ako sa Lnu from what I've heard sa students na nagtransfer. Super insensitive ng program coordinator Dyan. Feeling main character,Go for LNU. I am an instructor at LNU from what I've heard from students who transferred. The program coordinator Dyan is super insensitive. Feeling main character,https://www.reddit.com/r/Pangasinan/comments/1ktncof/thoughts_about_phinmaupang/
comment,University of Pangasinan,"Nah. Priority dyan nursing. Not from upang, but I had co interns before na first internship palang nila that time (eh that was the second sem of regular school year)","Nah. Priority dyan nursing. Not from upang, but I had co interns before na first internship palang nila that time (eh that was the second sem of regular school year)",https://www.reddit.com/r/Pangasinan/comments/1ktncof/thoughts_about_phinmaupang/
comment,University of Pangasinan,"never liked cramped schools. I remember nagtransfer ako dati sa Upang, grabe sobrang daming students like wtf tapos parang ang liit liit ng space ng school. Hindi rin ako makafocus dahil nga ang daming students tapos mainit pa. My introvert ass can't kaya bumalik ako sa vmuf. 🤣","never liked cramped schools. I remember I transferred to Upang before, there were too many students like wtf and then the space of the school seemed too small. I also couldn't focus because there were so many students and it was still hot. My introverted ass can't so I went back to vmuf. 🤣",https://www.reddit.com/r/Pangasinan/comments/1ktncof/thoughts_about_phinmaupang/
comment,University of Pangasinan,"Pansin ko lang sa mga taga Upang na medtech na nakasama ko na sa work lalo na pag fresh grad mahina sila pagdating sa skills. Hindi naman sa minamaliit pero hirap sila pati pag read ng manual cbc at urine, pati na rin sa lahat ng manual procedures. I think baka isa yun sa disadvantage ng program nila","I only pay attention to the medtech people from Upang that I have worked with, especially when they are fresh grads, they are weak when it comes to skills. It's not to belittle them, but it's hard for them to read manual cbc and urine, as well as all manual procedures. I think that might be one of the disadvantages of their program",https://www.reddit.com/r/Pangasinan/comments/1ktncof/thoughts_about_phinmaupang/
comment,University of Pangasinan,"enrolled na din, same coursee","enrolled na din, same coursee",https://www.reddit.com/r/Pangasinan/comments/1ktncof/thoughts_about_phinmaupang/
comment,University of Pangasinan,[deleted],[deleted],https://www.reddit.com/r/Pangasinan/comments/1ktncof/thoughts_about_phinmaupang/
comment,University of Pangasinan,"I don't believe in their mantra na ""Sasamahan Kita"", Kasama Mo ang PhinmaEd😥.","I don't believe in their mantra that ""I will accompany you"", PhinmaEd is with you😥.",https://www.reddit.com/r/Pangasinan/comments/1ktncof/thoughts_about_phinmaupang/
comment,University of Pangasinan,Graduating student (BSCE) here and I can say na maganda ang UPang for students na gusto talaga matuto. Ang cons lang diyan is fast paced environment kaya need mo talaga matuto ng mabilisan.,Graduating student (BSCE) here and I can say that UPang is good for students who really want to learn. The only cons there is fast paced environment so you really need to learn quickly.,https://www.reddit.com/r/Pangasinan/comments/1ktncof/thoughts_about_phinmaupang/
post,University of Pangasinan,"phinma dagupan thoughts n'yo po sa PHINMA Dagupan? gosh, nagdadalawang isip ako kung tutuloy akooooo. BSN po ang course na kukunin ko, pero ayon dami kong nababasang bad comments and negative feedbacks about the school. ayaw ko namang mabuhay na punong-puno ng pagsisisi kaya gusto ko talaga malaman if it's worth it or not. nahihirapan akong maghanap ng school na may bsn around La Union, Baguio at Pangasinan na medyo cheap ang tuition fee. plis help your girlie out, baka maiyak lang akooooo.","phinma dagupan What are your thoughts on PHINMA Dagupan? gosh, I'm having second thoughts about whether I should go on. The course I will take is BSN, but I read a lot of bad comments and negative feedbacks about the school. I don't want to live full of regrets so I really want to know if it's worth it or not. I'm having a hard time finding a school with bsn around La Union, Baguio and Pangasinan that has relatively cheap tuition fees. please help your girlie out, I might just cry.",https://www.reddit.com/r/Pangasinan/comments/1kugd1i/phinma_dagupan/
comment,University of Pangasinan,"Honest thoughts from someone who recently graduated nursing at UPang.

The reason why they are consistent with their NLE ratings is because they do not pass and allow students to graduate if they think that you are not yet ready and won't pass the board exams. Ganun ka competitive ang school.

100% ratings nila + topnotcher kasi sure na ang school na papasa ka para i-allow ka nila grumaduate.

Right now, 30+ blocks na sila with 50 students for each year levels (?) so around 1500+ students nila for each year level pero if titignan mo stats around 200-300 lang pumapasa sa board exams (kasama na dyan yung mga delayed students) so honestly matinding lagasan talaga ang nangyayari to maintain that 100% passing rate. 

Yep, hit or miss mga profs dyan. May mga magagaling pero may mga sablay na nagbabasa lang ng ppt. Can't deny that tuition is so high, pinakamataas na tuition fee sa buong nursing school sa Pangasinan.

All I'm saying is that if you want to have a shot at being a topnotcher, then go enroll at UPang kasi grabe ang pressure para pumasa. That pressure will then be the reason para mag-aral ka mabuti and push further your intellectual limits. Kasi hindi ka gagraduate dyan if putcho-putcho kang student.

Pero, lower your expectations. As I've mentioned, hit or miss mga prof dyan.","Honest thoughts from someone who recently graduated nursing at UPang.

The reason why they are consistent with their NLE ratings is because they do not pass and allow students to graduate if they think that you are not yet ready and won't pass the board exams. The school is that competitive.

Their 100% ratings + topnotcher because the school is sure that you will pass so they will allow you to graduate.

Right now, they have 30+ blocks with 50 students for each year levels (?) so they have around 1500+ students for each year level, but if you look at the stats, only around 200-300 pass the board exams (including the delayed students) so honestly, it's really hard to maintain that 100% passing rate. 

Yep, hit or miss there profs. There are good ones but there are some losers who just read ppt. Can't deny that tuition is so high, the highest tuition fee in the entire nursing school in Pangasinan.

All I'm saying is that if you want to have a shot at being a topnotcher, then go enroll at UPang because the pressure to pass is intense. That pressure will then be the reason for you to study hard and push further your intellectual limits. Because you won't graduate there if you're a putcho-putcho student.

But, lower your expectations. As I've mentioned, the profs there are hit or miss.",https://www.reddit.com/r/Pangasinan/comments/1kugd1i/phinma_dagupan/
comment,University of Pangasinan,"Alumnus ako ng nursing sa UPang. Madaling pumasok, sobrang hirap lumabas. Natretrain ang critical skills mo, ready at easy na lang ang BE pag grumaduate ka. Parang anlabo na ng chance bumagsak sa BE.

Literal kasi na mababagsak/ibabagsak ka muna sa exams ganon. Sobrang bigat ng work loads.

I'll say goods ka lang sa part ng THEORIES AND BOARD EXAM. Pero sa skills WALEY.

Yun talaga yung nakakatangina sa amin dati. Pero ewan ko lang now pag nagbago na yung sa part ng skills kasi nakikita ko sa mga stories ng lower batch sakin mejo nagokay naman na, nagagamit na din yung RLE lab","I am a nursing alumnus at UPang. Easy to get in, very hard to get out. Your critical skills have been trained, BE is ready and easy when you graduate. It seems that the chance to fall in BE is fading.

Literally, you will fail the exams first. Work loads are too heavy.

I'll say you're only good in the THEORIES AND BOARD EXAM part. But in skills WALEY.

That's what really made us unique before. But I don't know now when the skills part has changed because I can see in the stories of the lower batch of me that the mejo has already been taken care of, the RLE lab is also being used",https://www.reddit.com/r/Pangasinan/comments/1kugd1i/phinma_dagupan/
comment,University of Pangasinan,"Consistent mataas ang ratings nila jan. This recent boards kita ko lang din sila ang Top 1 performing school. And sabi ng mga kakilala ko, favorite ng management ang nursing/health sciences.",Their ratings are consistently high. These recent boards I just saw they are also the Top 1 performing school. And people I know say that nursing/health sciences are the management's favorite.,https://www.reddit.com/r/Pangasinan/comments/1kugd1i/phinma_dagupan/
comment,University of Pangasinan,"Produkto ng Phinma Dagupan yung angkan namin mapa old system at new which lahat naging RN. Cons lang siguro, maraming kumukuha ng BSN kaya yung mga ibang prof either hit or miss sa panlasa ng estyudante. Nasa iyo narin naman yan kung mag sisipag ka talaga, pero kung basis naman sa performance ng NLE, consistent mga student and may mga topnotchers rin. Tapos affiliated rin mga yan sa ibang hospital, clinic at review center. Kaya medyo pricey rin, since may mga specific clinic sila na required ka mag pa medical. Given na yan since sobrang focus yan sa practical training.","Our family is a product of Phinma Dagupan map old system and new which all became RN. Maybe it's just cons, there are many BSN students, so the other professors are either hit or miss with the student's taste. It's up to you if you really work hard, but based on NLE performance, students are consistent and there are topnotchers too. Then they are also affiliated with other hospitals, clinics and review centers. So it's also a bit pricey, since they have specific clinics that require you to go medical. That's a given since there's so much focus on practical training.",https://www.reddit.com/r/Pangasinan/comments/1kugd1i/phinma_dagupan/
comment,University of Pangasinan,Saint Louis University pa rin 💙,Saint Louis University pa rin 💙,https://www.reddit.com/r/Pangasinan/comments/1kugd1i/phinma_dagupan/
comment,University of Pangasinan,Try UCU,Try Tip,https://www.reddit.com/r/Pangasinan/comments/1kugd1i/phinma_dagupan/
comment,University of Pangasinan,nagtry ka rin ba sa psu bayambang?,did you also try psu bayambang?,https://www.reddit.com/r/Pangasinan/comments/1kugd1i/phinma_dagupan/
comment,University of Pangasinan,"Upang grad here pero Engineering course ko, but ung mga pinsan ko nursing and other medical courses. Masasabi kolang based sa experience nila at observation ko, malakas Upang sa nursing sobrang strict dyan ung tipong pag naka grad ka dyan basic nalang tayo ung board exam also we'll skilled din sila kaya in-demand sila abroad.","To graduate here, but my Engineering course, but my cousins ​​nursing and other medical courses. I can say that based on their experience and my observation, they are strong. In order for nursing to be very strict, when you graduate there, the board exam is just basic. Also, they are also skilled, so they are in demand abroad.",https://www.reddit.com/r/Pangasinan/comments/1kugd1i/phinma_dagupan/
comment,University of Pangasinan,sameeee it's either upang or lyceum. gonna take bspsych,sameeee it's either upang or lyceum. gonna take bspsych,https://www.reddit.com/r/Pangasinan/comments/1kugd1i/phinma_dagupan/
comment,University of Pangasinan,magkano po ang tuition fee sa Phinma dagupan?,how much is the tuition fee in phinma dagupan?,https://www.reddit.com/r/Pangasinan/comments/1kugd1i/phinma_dagupan/
post,University of Pangasinan,"PHINMA DAGUPAN thoughts n'yo po sa PHINMA Dagupan? gosh, nagdadalawang isip ako kung tutuloy akooooo. BSN po ang course na kukunin ko, pero ayon dami kong nababasang bad comments and negative feedbacks about the school. ayaw ko namang mabuhay na punong-puno ng pagsisisi kaya gusto ko talaga malaman if it's worth it or not. nahihirapan akong maghanap ng school na may bsn around La Union, Baguio at Pangasinan na medyo cheP ang tuition fee. plis help your girlie, baka maiyak lang akooooo. ","PHINMA DAGUPAN What are your thoughts on PHINMA Dagupan? gosh, I'm having second thoughts about whether I should go on. The course I will take is BSN, but I read a lot of bad comments and negative feedbacks about the school. I don't want to live full of regrets so I really want to know if it's worth it or not. I'm having a hard time finding a school with bsn around La Union, Baguio and Pangasinan where the tuition fee is relatively cheap. please help your girlie, I might just cry.",https://www.reddit.com/r/dagupan/comments/1kucsdd/phinma_dagupan/
comment,University of Pangasinan,"May iba-ibang business models ang mga private schools. Phinma schools can afford to offer lower fees for their programs pero may trade-offs (higher class sizes, more blended modalities etc). For BSN, maganda Board exam performance nila so I guess that is a good sign.","May iba-ibang business models ang mga private schools. Phinma schools can afford to offer lower fees for their programs pero may trade-offs (higher class sizes, more blended modalities etc). For BSN, maganda Board exam performance nila so I guess that is a good sign.",https://www.reddit.com/r/dagupan/comments/1kucsdd/phinma_dagupan/
comment,University of Pangasinan,"sana mapansin, 😭😭😭","I hope it will be noticed, 😭😭😭",https://www.reddit.com/r/dagupan/comments/1kucsdd/phinma_dagupan/
comment,University of Pangasinan,Go for Lyceum. Or kung kaya mo bumiyahe sa Vmu San Carlos. Hehe,Go for Lyceum. Or if you can travel to Vmu San Carlos. Hehe,https://www.reddit.com/r/dagupan/comments/1kucsdd/phinma_dagupan/
comment,University of Pangasinan,"If you're eyeing a nursing school in Dagupan, don’t get fooled by PHINMA-UPANG’s so called “topnotchers” and near-perfect passing rates. Here’s the tea: the reason they look “impressive” on paper is because they manipulate the system. Instead of letting all graduating students take the board exam like a normal school, they filter students as early as 3rd year. You're forced to enroll in a partner review center, and by the time you reach 4th year, you’ll need to pass a series of internal exams just to qualify for the board exam. So what happens? Only a few hundred “qualified” students out of THOUSANDS actually get to take the exam. The rest? Delayed, left behind, or worse stuck. And technically, CHED requires students to graduate, get their diploma and TOR first before taking the boards but PHINMA seems to bend this rule. That’s how they inflate their numbers and brag about their passing rates.

Meanwhile, schools like Lyceum-Northwestern University are built on legacy and consistent excellence. They’ve been producing legit board passers and topnotchers without playing the numbers game. Their nursing program is one of the most recognized in the region. Universidad de Dagupan is another strong contender ISO certified, Level III PACUCOA accredited, and steadily rising with CHED-recognized programs and modern facilities. Their focus is quality education, not image management.

So if you want a real nursing education and not some carefully curated PR stunt, skip UPANG. Go where you’re actually trained to become a nurse not where you’re filtered out to protect a school’s reputation.

 ","If you're eyeing a nursing school in Dagupan, don’t get fooled by PHINMA-UPANG’s so called “topnotchers” and near-perfect passing rates. Here’s the tea: the reason they look “impressive” on paper is because they manipulate the system. Instead of letting all graduating students take the board exam like a normal school, they filter students as early as 3rd year. You're forced to enroll in a partner review center, and by the time you reach 4th year, you’ll need to pass a series of internal exams just to qualify for the board exam. So what happens? Only a few hundred “qualified” students out of THOUSANDS actually get to take the exam. The rest? Delayed, left behind, or worse stuck. And technically, CHED requires students to graduate, get their diploma and TOR first before taking the boards but PHINMA seems to bend this rule. That’s how they inflate their numbers and brag about their passing rates.

Meanwhile, schools like Lyceum-Northwestern University are built on legacy and consistent excellence. They’ve been producing legit board passers and topnotchers without playing the numbers game. Their nursing program is one of the most recognized in the region. Universidad de Dagupan is another strong contender ISO certified, Level III PACUCOA accredited, and steadily rising with CHED-recognized programs and modern facilities. Their focus is quality education, not image management.

So if you want a real nursing education and not some carefully curated PR stunt, skip UPANG. Go where you’re actually trained to become a nurse not where you’re filtered out to protect a school’s reputation.",https://www.reddit.com/r/dagupan/comments/1kucsdd/phinma_dagupan/
post,University of Pangasinan,PHINMA UPANG This school is so traumatizing na to the point nanabunot ang isang professor. Transferee ako and what transpired today na manabunot ang isa sa mga professor ko is very alarming at naawa ako sa students na naka experience kasi literal na bali leeg ang sabunot nong professor na yon. Hays,PHINMA UPANG This school is so traumatizing that to the point a professor was pulled out. I am a transferee and what transpired today when one of my professors was pulled out is very alarming and I felt sorry for the students who had the experience because that professor's twist literally broke his neck. Hey,https://www.reddit.com/r/Pangasinan/comments/1o8xjws/phinma_upang/
comment,University of Pangasinan,Please provide context po. thanks.,Please provide context po. thanks.,https://www.reddit.com/r/Pangasinan/comments/1o8xjws/phinma_upang/
comment,University of Pangasinan,reveal mo,reveal mo,https://www.reddit.com/r/Pangasinan/comments/1o8xjws/phinma_upang/
comment,University of Pangasinan,"Report niyo sa CHED/Tulfo kung walang kwenta mga leaders at system niyo diyan. Don't let this be another experience for the other generation of students!!! SA PANAHON NGAYON THERE SHOULD BE NO SPACE FOR ABUSE!!! Never ever let these corrupt asshats win. KAYA CORRUPT GOBYERNO DAHIL SA SCHOOL GANITO SLA UMAKTO. ANG GAGALING NA ROLE MODEL E TN*NA. MASKI SA WORKPLACE WALA DAPAT GANITO. Make sure to get a lot of evidence lalo na on how they handled the matter, kung anong sinabi, etc. Wag niyo hayaang tapaktapakan kayo ng ganyan!!!","Report to CHED/Tulfo if your leaders and system are worthless there. Don't let this be another experience for the other generation of students!!! IN THIS TIME THERE SHOULD BE NO SPACE FOR ABUSE!!! Never ever let these corrupt asshats win. THAT'S WHY THE GOVERNMENT IS CORRUPT BECAUSE THE SCHOOL IS ACTING LIKE THIS. THE BEST ROLE MODEL E TN*NA. EVEN IN THE WORKPLACE NOTHING SHOULD BE LIKE THIS. Make sure to get a lot of evidence especially on how they handled the matter, what was said, etc. Don't let them trample you like that!!!",https://www.reddit.com/r/Pangasinan/comments/1o8xjws/phinma_upang/
comment,University of Pangasinan,"Same na lang din siguro ang trauma sa mga 4th yr nursing student ng UdD na dapat graduate na this year kaso minanipula ng mga nasa ""taas"" ang result ng grades/exam. Heheh","The trauma is probably the same for the 4th year nursing students of UdD who are supposed to graduate this year because the ""higher ups"" manipulated the grades/exam results. Heheh",https://www.reddit.com/r/Pangasinan/comments/1o8xjws/phinma_upang/
comment,University of Pangasinan,"Report mo sa Admin/HR

Also anong college/course yan!?? 😳 Sana may proof dn kau pero maramj naman kaung naka witness dba. Pwede kaung magreport para materminate yan na prof","Report to Admin/HR

Also what college/course is that!?? 😳 I hope you have proof, but there are many witnesses. You can report to terminate that prof",https://www.reddit.com/r/Pangasinan/comments/1o8xjws/phinma_upang/
comment,University of Pangasinan,"lol grabe talaga riyan, ang babastos at unprofessional pa ng mga nasa registrar, hindi naman effective. Pumasok ako sa UPang, iyan na ang problema nila, naka-graduate na ako’t lahat-lahat, bulok pa rin ‘yang opisinang ‘yan. Kung anong kinaganda ng marketing nila online, ganoon naman kabulok ang serbisyo sa loob.","lol That's really bad, the people at the registrar are rude and unprofessional, not effective. I entered UPang, that's their problem, I've graduated and everything, that office is still rotten. As good as their marketing online is, the service inside is just as bad.",https://www.reddit.com/r/Pangasinan/comments/1o8xjws/phinma_upang/
comment,University of Pangasinan,Report,Report,https://www.reddit.com/r/Pangasinan/comments/1o8xjws/phinma_upang/
comment,University of Pangasinan,"drop the name and course, if this is true.","drop the name and course, if this is true.",https://www.reddit.com/r/Pangasinan/comments/1o8xjws/phinma_upang/
comment,University of Pangasinan,Sa buong teaching journey ko na-imagine ko na rin mang ganyan ng student pag punong puno na ko pero never ko ginawa. I must say iba ang lakas ng loob ng prof na yan ha,"Throughout my teaching journey, I have imagined a student like that when I was full, but I never did it. I must say the courage of that prof is different",https://www.reddit.com/r/Pangasinan/comments/1o8xjws/phinma_upang/
comment,University of Pangasinan,reprt mo dito beh tinyurl.com/CAHS-StudentConcernsForm,Report here at tinyurl.com/CAHS-StudentConcernsForm,https://www.reddit.com/r/Pangasinan/comments/1o8xjws/phinma_upang/
comment,University of Pangasinan,may update ba sa nangyari?,is there an update on what happened?,https://www.reddit.com/r/Pangasinan/comments/1o8xjws/phinma_upang/
comment,University of Pangasinan,"Ang DUMI rin ng cr jan, lalo na yung bagong building kadiri, dugyot, mapanghi, MABAHOO parang hindi bagong building bosit. Bawal rin mag pasok ng anything plastic sa building kasi daw laging madumi yung mga rooms kapag hapon. MADUMI? never ata yan nilinisan eh kung may allergy kalang talaga sa alikabok baka matagal kanang pinaglalamayan AHHAHA ang dumi lagi, sobrang maalikabok pati sa uniform didikit eh, ang init din  tas kung maka singil sila ng tuition wagas KABANAS, may mga naka include pa sa tuition na hindi naman nagagamit.","The cr jan is also DIRTY, especially the new building is disgusting, dirty, smelly, STINKS like it's not a new building bosit. It is also forbidden to bring anything plastic into the building because the rooms are always dirty in the afternoon. DIRTY? It's never been cleaned, if you're really allergic to dust, maybe it's been sitting there for a long time AHHAHA, the dirt is always there, it's so dusty even on the uniform it sticks, it's also hot, but if they can charge tuition purely for KABANAS, there are some that are included in the tuition that can't be used.",https://www.reddit.com/r/Pangasinan/comments/1o8xjws/phinma_upang/
comment,University of Pangasinan,"omg, kelan to nangyari?","omg, when did this happen?",https://www.reddit.com/r/Pangasinan/comments/1o8xjws/phinma_upang/
comment,University of Pangasinan,What department po,What department po,https://www.reddit.com/r/Pangasinan/comments/1o8xjws/phinma_upang/
comment,University of Pangasinan,Asa pinas ka. Dont expect na. Wala din yan. :(,How are you? Don't expect that. That's not there either. :(,https://www.reddit.com/r/Pangasinan/comments/1o8xjws/phinma_upang/
comment,University of Pangasinan,bakit kasi hindi mo sinunod tapos sa harap ka pa umupo hahahahahahahahahaha kilala kita ate 😍😍,why didn't you follow and sit in front hahahahahahahaha I know you sister 😍😍,https://www.reddit.com/r/Pangasinan/comments/1o8xjws/phinma_upang/
comment,University of Pangasinan,[deleted],[deleted],https://www.reddit.com/r/Pangasinan/comments/1o8xjws/phinma_upang/
comment,University of Pangasinan,sabi ni mam DELETE MO NA. ANO PACLOUT KA PA RIN ATE K?,mam said DELETE IT. WHAT ARE YOU STILL PACLOUT SISTER K?,https://www.reddit.com/r/Pangasinan/comments/1o8xjws/phinma_upang/
post,University of Iloilo,"wanna hear some honest thoughts regarding sa phinma schools (esp phinma UI) hello! I wanna hear thoughts po sa mga phinma schools or kahit sa phinma UI lng sna. I've read quite a lot of comments and saw a lot of contents regarding phinma Schools and it's quite not good, gusto ko lang malaman if it's really as bad as what the students there say. also, to those na taga phinma University of Iloilo, worth it po ba ang school and maayos po ba pamamalakad?","wanna hear some honest thoughts regarding phinma schools (esp phinma UI) hello! I want to hear thoughts from the phinma schools or even the phinma UI. I've read quite a lot of comments and saw a lot of contents regarding phinma Schools and it's quite not good, I just want to know if it's really as bad as what the students there say. also, to those from Phinma University of Iloilo, is the school worth it and is it well run?",https://www.reddit.com/r/CollegeAdmissionsPH/comments/1dotcag/wanna_hear_some_honest_thoughts_regarding_sa/
comment,University of Iloilo,"hi as someone from phinma UI, if you have other options pls consider it(PHINMA is not worth it istg!!!! in my experience as well as my classmates, it’s really not good if you’re looking for a good quality education. twice a week class, modules.","hi as someone from phinma UI, if you have other options pls consider it(PHINMA is not worth it istg!!!! in my experience as well as my classmates, it’s really not good if you’re looking for a good quality education. twice a week class, modules.",https://www.reddit.com/r/CollegeAdmissionsPH/comments/1dotcag/wanna_hear_some_honest_thoughts_regarding_sa/
comment,University of Iloilo,[deleted],[deleted],https://www.reddit.com/r/CollegeAdmissionsPH/comments/1dotcag/wanna_hear_some_honest_thoughts_regarding_sa/
comment,University of Iloilo,PHINMA Schools- walang pake sa students pero grabe manguha ng credit sa board exams.,PHINMA Schools- no use for students but it is serious to get credit in board exams.,https://www.reddit.com/r/CollegeAdmissionsPH/comments/1dotcag/wanna_hear_some_honest_thoughts_regarding_sa/
post,University of Iloilo,"Is Phinma UI a good Univ? Hi, is Phinma UI a good university for bsba major in finance? And in IT too?","Is Phinma UI a good Univ? Hi, is Phinma UI a good university for bsba major in finance? And in IT too?",https://www.reddit.com/r/Iloilo/comments/1cwdcva/is_phinma_ui_a_good_univ/
comment,University of Iloilo,"For BSBA programs, I would recommend UPV (4 years) and SPUI (3 years). For IT, WVSU and CPU would be the options. 4 years duration of the programs for both of those schools as well.","For BSBA programs, I would recommend UPV (4 years) and SPUI (3 years). For IT, WVSU and CPU would be the options. 4 years duration of the programs for both of those schools as well.",https://www.reddit.com/r/Iloilo/comments/1cwdcva/is_phinma_ui_a_good_univ/
comment,University of Iloilo,"Sa mga boomers, ang UI skwelahan sang mga nataktak sa UP, WVSU kag ISATU.","For boomers, UI is the school of those who dropped out of UP, WVSU and ISATU.",https://www.reddit.com/r/Iloilo/comments/1cwdcva/is_phinma_ui_a_good_univ/
post,University of Iloilo,"Planning to shift and transfer sa PHINMA UI Hi everyone ma ask lang ko tani if kamusta ang quality of education sa UI in terms of nursing? nabatian ko bi sa friend ko nga daw nami man daw sa. I'm curretly a 2nd yr engineering student and it just dawned on me nga daw di gid ko ma satisfied sang outcome di sa engineering and planning to shift career na ngadaan hambang aga pa. Any suggestions nga school nga gabaton trasferees from engineering to nursing?

","Planning to shift and transfer to PHINMA UI Hi everyone, I just want to ask how is the quality of education at UI in terms of nursing? I said hello to my friend. I'm curretly a 2nd yr engineering student and it just dawned on me that I was not satisfied with the outcome in engineering and planning to shift career that passed while it was still morning. Any suggestions on the school that transfers from engineering to nursing?",https://www.reddit.com/r/Iloilo/comments/1cjvmtf/planning_to_shift_and_transfer_sa_phinma_ui/
comment,University of Iloilo,"Hi, OP! I recommend these institutions if ma shift ka Nursing. 

Top Performing Schools in Iloilo City - November 2023 PNLE (PRC)

TOP 1: West Visayas State University - 152/152 = 100%

TOP 5: St. Paul University Iloilo (SPU System) - 113/112 = 99.12%

Official Sources:

https://www.prcboard.com/november-2023-nurse-licensure-exam-nle-results-top-schools/","Hi, OP! I recommend these institutions if ma shift ka Nursing. 

Top Performing Schools in Iloilo City - November 2023 PNLE (PRC)

TOP 1: West Visayas State University - 152/152 = 100%

TOP 5: St. Paul University Iloilo (SPU System) - 113/112 = 99.12%

Official Sources:

https://www.prcboard.com/november-2023-nurse-licensure-exam-nle-results-top-schools/",https://www.reddit.com/r/Iloilo/comments/1cjvmtf/planning_to_shift_and_transfer_sa_phinma_ui/
post,Saint Jude College,"PHINMA St. Jude College Anyone here na nag-aaral sa PHINMA SJC? Meron kasi silang HK scholarship so nag-apply ako. Wala ako masyadong nakikitang reviews from regular students (puro student ambassadors lang) I just wanna know if maganda ba talaga don. Kamusta yung environment, profs, mga facilities, etc?","PHINMA St. Jude College Anyone here studying at PHINMA SJC? Because they have a HK scholarship so I applied. I don't see many reviews from regular students (only student ambassadors) I just wanna know if it's really good. How is the environment, profs, facilities, etc?",https://www.reddit.com/r/studentsph/comments/uva1fu/phinma_st_jude_college/
comment,Saint Jude College,"saw people saying even if you avail the scholarship, malaki pa rin daw babayaran mo.","saw people saying even if you avail the scholarship, you will still pay a lot.",https://www.reddit.com/r/studentsph/comments/uva1fu/phinma_st_jude_college/
comment,Saint Jude College,"Maganda sa st jude, ang hindi maganda dun yung mga kupal na registrar dun. Kung magiging alumni ka dun papahirapan ka nila, lalo na yung head ng registrar dun walang kwenta kausap","St jude is good, the bad registrars are there. If you become an alumni there they will make you suffer, especially the head registrar there is useless to talk to",https://www.reddit.com/r/studentsph/comments/uva1fu/phinma_st_jude_college/
comment,Saint Jude College,[deleted],[deleted],https://www.reddit.com/r/studentsph/comments/uva1fu/phinma_st_jude_college/
comment,Saint Jude College,"wag ka na tumuloy SJC sayang pera mo pramis. Pangit ng quality of education.  Not pambabash pero, I suggest mag STI ka nalang mas worth it yung bayad compared to SJC.","Don't go to SJC, it's a waste of money, Pramis. The quality of education is ugly.  Not bashing but, I suggest you go to STI, the fee is more worth it compared to SJC.",https://www.reddit.com/r/studentsph/comments/uva1fu/phinma_st_jude_college/
comment,Saint Jude College,Hi legit ba ang TCP nila?,Hi is their TCP legit?,https://www.reddit.com/r/studentsph/comments/uva1fu/phinma_st_jude_college/
comment,Saint Jude College,[deleted],[deleted],https://www.reddit.com/r/studentsph/comments/uva1fu/phinma_st_jude_college/
comment,Saint Jude College,pede po mag tanong kung paano po yung sistema na ginagawa sa st Jude? kaka enroll ko lang po ng BSN and under din po ako ng HK/scholarship nila. Gusto korin po malaman kung paano po mga ginagawa ng mga dumu duty sakanila. Im worried din po sa mga babayaran kaya sana meron po silang promissory note. thankyou po:>,can you ask how is the system that is being done in st jude? I just enrolled for BSN and I am also under their HK/scholarship. I want to know how the dirty duties are done with them. I'm also worried about the payments so I hope they have a promissory note. thank you :>,https://www.reddit.com/r/studentsph/comments/uva1fu/phinma_st_jude_college/
comment,Saint Jude College,"hello po! im planning to study nursing sa PHINMA SJC, maganda po ba phinma sjc as a school for nursing?","Hello! im planning to study nursing at PHINMA SJC, is phinma sjc good as a school for nursing?",https://www.reddit.com/r/studentsph/comments/uva1fu/phinma_st_jude_college/
comment,Saint Jude College,Ako po 13k per sem po binabayaran ko,I pay 13k per sem,https://www.reddit.com/r/studentsph/comments/uva1fu/phinma_st_jude_college/
comment,Saint Jude College,Hi magkano po kayo tuition ng accountancy sa sjc?,"Hi, how much is the accountancy tuition at SJC?",https://www.reddit.com/r/studentsph/comments/uva1fu/phinma_st_jude_college/
comment,Saint Jude College,pede po mag tanong kung paano po yung sistema na ginagawa sa st Jude? kaka enroll ko lang po ng BSN and under din po ako ng HK/scholarship nila. Gusto korin po malaman kung paano po mga ginagawa ng mga dumu duty sakanila. Im worried din po sa mga babayaran kaya sana meron po silang promissory note. thankyou po:>,can you ask how is the system that is being done in st jude? I just enrolled for BSN and I am also under their HK/scholarship. I want to know how the dirty duties are done with them. I'm also worried about the payments so I hope they have a promissory note. thank you :>,https://www.reddit.com/r/studentsph/comments/uva1fu/phinma_st_jude_college/
comment,Saint Jude College,Ril po ba panget po sa phinma manila? Like i mean po pag tuturo yung system nila?,Is it really ugly in phinma manila? Like I mean when they teach their system?,https://www.reddit.com/r/studentsph/comments/uva1fu/phinma_st_jude_college/
comment,Saint Jude College,"Hello,how about po sa educ ng st jude? And want to transfer sana irreg student hm tuition kaya?","Hello, how about the educ of st jude? And want to transfer, hopefully irreg student hm tuition?",https://www.reddit.com/r/studentsph/comments/uva1fu/phinma_st_jude_college/
post,Saint Jude College,"phinma st jude college manila hello, im currently enrolled in phinma st. jude college. and medyo kinakabahan ako kung tama ba yung desisyon ko na mag enroll ako dito. medyo tagilid kasi yung mga reviews about dito sa school. 

is phinma st jude good for nursing po ba? worth it po va mag bayad ng tuition dito? thank you sa makakasagottt","phinma st jude college manila hello, im currently enrolled in phinma st. jude college and I'm a little nervous if I made the right decision to enroll here. The reviews about this school are a bit biased. 

is phinma st jude good for nursing? is it worth it to pay tuition here? thank you to those who can answer",https://www.reddit.com/r/CollegeAdmissionsPH/comments/1lu50m7/phinma_st_jude_college_manila/
comment,Saint Jude College,"top rank naman ang phinma. phinma rin ako nung shs pero wala yung school namin jahjahwa so hindi ko alam kung same same lang ba ng patakaran pero sabi nila iisa lang ang patakaran ng buong phinma

pros (na alam ko)

1. top school naman ang phinma st jude sa nursing lalo na sa mga board exam  
2. if you're a student na medyo alanganing magbayad ng malaki for tuition and misc fee, okay ito  
3. if working student ka rin, okay rin ito

cons

1. if gusto mo talaga ng full college experience, baka hindi suitable sa iyo si phinma dahil afaik 3 days ftf/oc kayo per week which is okay lang naman since ganoon din naman sa ibang college like pup  
2. if working student ka ulit na kumuha ng hawak kamay scholarship para mabawasan ang tf mo, napakahirap niyan kasi sa mga non-ftf days mo, you need to render at least 80 hrs idkkkk basta need mo magrender ng time sa isang sem to assist students. like ikaw ang magiging assistant ng mga teachers and students. mahirap lalo if exam season nila dahil sa 3rd reason....  
3. kaunti ang teachers. parallel class kasi kayo like kunyari sa isang subject niyo na 2 hrs, 20-30 mins lang magtuturo ang mga teachers sa inyo kasi ang remaining time ay magtuturo naman siya sa ibang section and self study kayo. kaya need ng mga teachers ang hk assistants.   
4. yun na nga na struggle kapag exam szn na ng mga students, medyo mahihirapan ka. depende nalang kung marami kayong hk na nakatoka sa isang classroom.

yun lang naman, sana interesado ka pa rin sa phinma kase ako, ayoko na","phinma is top rank. I was also a phinma in SHS but our school didn't have one jahjahwa so I don't know if the policy is the same but they said the whole phinma has the same policy

pros (that i know of)

1. phinma st jude is a top school in nursing especially in board exams  
2. if you're a student who is a bit worried about paying a lot for tuition and misc fee, it's okay  
3. if you are also a working student, this is also okay

cons

1. if you really want a full college experience, maybe phinma is not suitable for you because afaik you ftf/oc 3 days per week which is okay since it's the same in other colleges like pup  
2. if you are a working student who takes a hand scholarship to reduce your tf, that is very difficult because on your non-ftf days, you need to render at least 80 hrs idkkkk as long as you need to render time in one sem to assist students. like you will be the assistant of teachers and students. it's especially difficult if it's their exam season because of the 3rd reason....  
3. there are few teachers. It's a parallel class because you're like, pretending to be a subject of yours that's 2 hrs, the teachers will only teach you 20-30 mins because the remaining time will be taught in another section and you'll self study. that's why teachers need hk assistants.   
4. That's the struggle when the students are about to take the exam, you'll have a bit of a hard time. It just depends if you have many hk stuck in one classroom.

that's all, I hope you're still interested in phinma because I'm not",https://www.reddit.com/r/CollegeAdmissionsPH/comments/1lu50m7/phinma_st_jude_college_manila/
comment,Saint Jude College,worst school for me hindi siya magandang school if want mo talaga matuto mag ntc nalang kayo or any school na may course na gusto niyo sakin kasi IT then mga minor sub puro ang hirap makukuha mong gawain tas hindi pa marunong mag explain,"worst school for me, it's not a good school if you really want to learn go to ntc or any school that has a course that you like because it's IT then only minor subs are the hardest to get work because you don't know how to explain yet",https://www.reddit.com/r/CollegeAdmissionsPH/comments/1lu50m7/phinma_st_jude_college_manila/
comment,Saint Jude College,up,up,https://www.reddit.com/r/CollegeAdmissionsPH/comments/1lu50m7/phinma_st_jude_college_manila/
comment,Saint Jude College,up,up,https://www.reddit.com/r/CollegeAdmissionsPH/comments/1lu50m7/phinma_st_jude_college_manila/
comment,Saint Jude College,up,up,https://www.reddit.com/r/CollegeAdmissionsPH/comments/1lu50m7/phinma_st_jude_college_manila/
comment,Saint Jude College,I hate PHINMA with every fiber of my soul,I hate PHINMA with every fiber of my soul,https://www.reddit.com/r/CollegeAdmissionsPH/comments/1lu50m7/phinma_st_jude_college_manila/
comment,Saint Jude College,nooooooo sumpa yang sjc npaka pangit,nooooooo curse that sjc is so ugly,https://www.reddit.com/r/CollegeAdmissionsPH/comments/1lu50m7/phinma_st_jude_college_manila/
post,Saint Jude College,"thoughts about phinma st jude q.c? Hello!

I'm planning to work and be a student,  are they flexible po ba dito sa phinma qc? 

How about the workload?  The class?  Is prof, competent? Quality education?

Sa tf and scholarship,  ipapareconsider ksi ung scholarship ko na HK 10 or HK 7.5, so is it true ba na around 10-14k per sem lng ung sa tf or is there more to it? 

thanks sa sasagot! ","thoughts about phinma st jude q.c? Hello!

I'm planning to work and be a student,  are they flexible po ba dito sa phinma qc? 

How about the workload?  The class?  Is prof, competent? Quality education?

Sa tf and scholarship,  ipapareconsider ksi ung scholarship ko na HK 10 or HK 7.5, so is it true ba na around 10-14k per sem lng ung sa tf or is there more to it? 

thanks sa sasagot!",https://www.reddit.com/r/CollegeAdmissionsPH/comments/1ev7bim/thoughts_about_phinma_st_jude_qc/
comment,Saint Jude College,Up! How about nursing hm tuition?,Up! How about nursing hm tuition?,https://www.reddit.com/r/CollegeAdmissionsPH/comments/1ev7bim/thoughts_about_phinma_st_jude_qc/
comment,Saint Jude College,pede po mag tanong kung paano po yung sistema na ginagawa sa st Jude? kaka enroll ko lang po ng BSN and under din po ako ng HK/scholarship nila. Gusto korin po malaman kung paano po mga ginagawa ng mga dumu duty sakanila. Im worried din po sa mga babayaran kaya sana meron po silang promissory note. thankyou po:>,can you ask how is the system that is being done in st jude? I just enrolled for BSN and I am also under their HK/scholarship. I want to know how the dirty duties are done with them. I'm also worried about the payments so I hope they have a promissory note. thank you :>,https://www.reddit.com/r/CollegeAdmissionsPH/comments/1ev7bim/thoughts_about_phinma_st_jude_qc/
post,Rizal College of Laguna,"Tots on PHINMA Rizal College in Laguna? Hello! First reddit upload ko to and wala ako mahanap na review online abt this school? I'm currently in grade 12 and plan ko mag BSBA major in marketing course. Okay ba sa school na to? •́⁠ ⁠ ⁠‿⁠ ⁠,⁠•̀","Tots on PHINMA Rizal College in Laguna? Hello! First reddit I uploaded this and I can't find any reviews online abt this school? I'm currently in grade 12 and I plan to major in BSBA in marketing course. Is it okay at school? •́⁠ ⁠ ⁠‿⁠ ⁠,⁠•̀",https://www.reddit.com/r/calambaph/comments/1gczzxq/tots_on_phinma_rizal_college_in_laguna/
comment,Rizal College of Laguna,"Halo! OP sabi sabi is basura daw ang education there sabi ng kakilala ko 😅
Iilan lang daw ang maayos magturo. 

If i were you, LPU and NU ka nalang.  Quality education pero asahan mo na ang tuition talaga mataas. Sa NU, they offer scholarship pagcommendable ang iyong academic performance.","Hello! OP said that the education there is garbage, my acquaintance said 😅
It is said that only a few are good at teaching. 

If I were you, you would just go to LPU and NU.  Quality education but expect the tuition to be really high. At NU, they offer scholarships if your academic performance is commendable.",https://www.reddit.com/r/calambaph/comments/1gczzxq/tots_on_phinma_rizal_college_in_laguna/
comment,Rizal College of Laguna,"Ang hanapin mo po na school ay yung ang specialty nila ay business and accounting para mas quality yung education. 'di ko sure kung yung lcba ay ganon ang specialty nila pero pwede ka magtanong muna sa school kung saan sila nakilala, for example yung school ng letran-calamba. Nag engineering ako pero mas kilala sila as school of accounting/tourism ata. Hindi ko sure eh hahaha. Good luck sa paghahanap ng school mo OP","Look for a school that specializes in business and accounting so that the education is more quality. I'm not sure if LCBA is their specialty but you can first ask the school where they met, for example the Letran-Calamba school. I studied engineering but they are better known as the school of accounting/tourism. I'm not sure hahaha. Good luck in finding your school OP",https://www.reddit.com/r/calambaph/comments/1gczzxq/tots_on_phinma_rizal_college_in_laguna/
comment,Rizal College of Laguna,Ang pangit hirap pa kuwain credential mo,"It's ugly, it's still hard to get your credential",https://www.reddit.com/r/calambaph/comments/1gczzxq/tots_on_phinma_rizal_college_in_laguna/
comment,Rizal College of Laguna,Ang pangit at biggest regrets ko talaga na napili ko na school ang worst sobra,It's really ugly and my biggest regret is that I chose the worst school,https://www.reddit.com/r/calambaph/comments/1gczzxq/tots_on_phinma_rizal_college_in_laguna/
post,Saint Jude College,"Huwag kayo mag enroll sa school nato To everyone who reads this, please never enroll in any PHINMA school, especially PHINMA SJC.

Corrupt ang mga tao diyan at walang kwenta ang sistema, lalo na ang ibang professors.

Kay Lailanie na minumura ang students at may pinapaboran — nagpa-event siya ng grad ball at nirequire niya kaming lahat na sumama. Nagkaroon pa ng meeting tungkol dito, at sinabi niya na kahit mga RAD students ay hindi na required sumama sa grad ball. Pero pagdating ng clearance day, required kaming magbayad ng 1k para sa grad ball kahit hindi kami sumama. Hindi man lang kami ininform ng finance na sinama nila ang grad ball sa tuition namin. Tapos nung nagpa-refund kami last year, hanggang ngayon wala pa rin kaming natatanggap. Sa inyo na lang daw ‘yon?

RAD students kami from 2nd year to 4th year, at sa PHINMA SJC Manila kami nag-enroll ever since. Pero kapag may tanong kami, lagi nilang sinasabi na hindi kami students ng SJC. Like hello, saan pala kami? SWU? Ano ba talaga?

Tapos ngayon hinihingian nila ako ng requirements tulad ng good moral at kung anu-ano pa bago raw ako makapag-request ng Certificate of Graduation, since wala pa ang TOR at diploma (dahil nasa CHED pa raw). Imagine, naka-graduate ako sa school na ‘yan tapos hahanapan nila ako ng good moral? Hindi naman ako makaka-graduate kung may kulang akong requirements.

Tapos sasabihin niyo sa GC na ang diploma at TOR ay upon request sa registrar? Ate girl, sabi mismo ng registrar wala pang diploma at TOR na pwedeng i-request dahil nasa CHED pa raw.

Next time, mag-briefing muna kayo bago kayo magbigay ng impormasyon sa mga students.","Do not enroll in our school To everyone who reads this, please never enroll in any PHINMA school, especially PHINMA SJC.

The people there are corrupt and the system is worthless, especially the other professors.

To Lailanie who curses the students and favors someone — she threw a grad ball event and required us all to come. There was even a meeting about this, and he said that even RAD students are no longer required to go to the grad ball. But when the clearance day came, we were required to pay 1k for the grad ball even if we didn't go. Finance did not even inform us that they included the grad ball in our tuition. Then when we applied for a refund last year, until now we still haven't received anything. Is that just for you?

We are RAD students from 2nd year to 4th year, and we have enrolled in PHINMA SJC Manila ever since. But when we have a question, they always say that we are not students of SJC. Like hello, where are we? SWU? What exactly?

Then now they are asking me for requirements such as good morals and so on before I can request a Certificate of Graduation, since I don't have the TOR and diploma yet (because it is still in CHED). Imagine, I graduated from that school and then they will find me with good morals? I will not be able to graduate if I lack any requirements.

Then you will tell the GC that the diploma and TOR are upon request to the registrar? Sister girl, the registrar himself said that there is no diploma and TOR that can be requested because it is still in CHED.

Next time, do a briefing before you give information to the students.",https://www.reddit.com/r/studentsph/comments/1qwbgq4/huwag_kayo_mag_enroll_sa_school_nato/
comment,Saint Jude College,"Hi, Ok_Assistant3428! We have a new subreddit for course and admission-related questions — r/CollegeAdmissionsPH! Should your post be an admission, scholarship, or CETs question, please delete your post here and post it on the other subreddit instead. Thank you!

Join our official Discord server: https://discord.com/invite/Pj2YPXP

NOTE: This is an automated message which comments on all new submissions made on the subreddit. Receiving this message does not imply your submission fits the criteria above.

*I am a bot, and this action was performed automatically. Please [contact the moderators of this subreddit](/message/compose/?to=/r/studentsph) if you have any questions or concerns.*","Hi, Ok_Assistant3428! We have a new subreddit for course and admission-related questions — r/CollegeAdmissionsPH! Should your post be an admission, scholarship, or CETs question, please delete your post here and post it on the other subreddit instead. Thank you!

Join our official Discord server: https://discord.com/invite/Pj2YPXP

NOTE: This is an automated message which comments on all new submissions made on the subreddit. Receiving this message does not imply your submission fits the criteria above.

*I am a bot, and this action was performed automatically. Please [contact the moderators of this subreddit](/message/compose/?to=/r/studentsph) if you have any questions or concerns.*",https://www.reddit.com/r/studentsph/comments/1qwbgq4/huwag_kayo_mag_enroll_sa_school_nato/
comment,Saint Jude College,"Marami ang nakakapasok sa tinatawag nilang Hawak Kamay Scholarship, diba? Pero hindi naman nila ini-screen nang maayos. Basta makapag-fill out ka lang, automatic may 50% less ka na agad sa tuition. Ang hindi nila sinasabi, kapag may HK ka, magdu-duty ka — magbabantay ng classroom at kung anu-ano pang ipapagawa sa’yo. Ibig sabihin, pinagtatrabahuhan mo rin talaga ang sinasabi nilang “scholarship.”

Isa pa, taon-taon nagbabago ang tuition. Isipin mo, noong first year nasa 15k per sem lang, pero pagdating ng 2nd year umaabot na ng 17k. Tapos nung 4th year, kahit 50% HK ka pa rin, ang tuition mo nasa 12k–13k pa rin — halos 3k lang ang nabawas. Mapapa-facepalm ka na lang talaga sa school na ‘yan.","Many people get into what they call the Hawak Kayam Scholarship, right? But they didn't screen it properly. As long as you can fill out, you automatically have 50% less tuition. What they don't say is, when you have HK, you will be on duty — guarding the classroom and whatever else you are assigned to do. That means, you are actually working on what they call ""scholarship.""

Also, tuition changes every year. Think about it, in the first year it was only around 15k per sem, but by the 2nd year it reaches 17k. Then in the 4th year, even though you are still 50% HK, your tuition is still around 12k–13k — only about 3k was reduced. You'll just get facepalmed at that school.",https://www.reddit.com/r/studentsph/comments/1qwbgq4/huwag_kayo_mag_enroll_sa_school_nato/
comment,Saint Jude College,"sjc manila muntik na ko mag enroll dun but i checked the fb reviews andaming nega, and ito naman sa current school ko andaming transferee from sjc m. kahit 4th yr na kami may mga transferee parin from that school.","sjc manila I almost enrolled there but I checked the fb reviews and there are nega, and this is my current school there are transferees from sjc m. even though it's our 4th year, we still have transferees from that school.",https://www.reddit.com/r/studentsph/comments/1qwbgq4/huwag_kayo_mag_enroll_sa_school_nato/
comment,Saint Jude College,"Wow, negosyo ang atake","Wow, attack is business",https://www.reddit.com/r/studentsph/comments/1qwbgq4/huwag_kayo_mag_enroll_sa_school_nato/
comment,Rizal College of Laguna,incoming first college ako and i'm planning na mag enroll isa sa branch ng PHINMA (sa laguna). please to those student/graduate sa PHINMA(laguna) bigyan ninyo ako ng feedback if maganda or what so that maka pag back out or makapaghanap ako ng bagong school.,I'm an incoming first college and I'm planning to enroll in one of the branches of PHINMA (in Laguna). please to those students/graduates at PHINMA(laguna) give me feedback if it's good or what so that I can back out or find a new school.,https://www.reddit.com/r/studentsph/comments/1qwbgq4/huwag_kayo_mag_enroll_sa_school_nato/
comment,Saint Jude College,"hi,may i know kung kelan ka graduate? ilang taon kna naghihintay sa diploma mo na dapat upon graduation binigay? I was currently inquiring sknila kung kelan balak irelease yung sa brother ko na 2024 pa graduate and also the graduation picture pero ang nirereply sken yung payment list which is pang duplicate purposes na yun, medyo nakakaubos ng pasensya maginquire sknila, cnaclarify ko pa kung tama ba nirereply nila saken","hi, does anyone know when you will graduate? How many years have you been waiting for your diploma that should have been given upon graduation? I was currently inquiring with them when they plan to release my brother who will graduate in 2024 and also the graduation picture, but they are replying to scan the payment list which is for duplicate purposes, it's a bit of a pain to inquire with them, I still have to clarify if they are replying correctly",https://www.reddit.com/r/studentsph/comments/1qwbgq4/huwag_kayo_mag_enroll_sa_school_nato/
comment,Saint Jude College,"Hello, kumusta naman po kaya ang bsa sa phinma sjc qc?","Hello, how is the bsa in phinma sjc qc?",https://www.reddit.com/r/studentsph/comments/1qwbgq4/huwag_kayo_mag_enroll_sa_school_nato/
comment,Saint Jude College,hello,hello,https://www.reddit.com/r/studentsph/comments/1qwbgq4/huwag_kayo_mag_enroll_sa_school_nato/
post,University of Pangasinan,"Phinma upang dagupan or Universidad de dagupan Good day, I need unbiased opinions po about sa mga performance ng mga school na ito sa program na kukunin ko which is nursing. Paano po patakaran nila? Ano po yung mas maayos na system? And ano po yung pros and cons ng dalawang university na 'to?","Phinma to Dagupan or Universidad de Dagupan Good day, I need unbiased opinions about the performance of these schools in the program I will take which is nursing. What is their policy? What is the better system? And what are the pros and cons of these two universities?",https://www.reddit.com/r/CollegeAdmissionsPH/comments/1d9hs1w/phinma_upang_dagupan_or_universidad_de_dagupan/
comment,University of Pangasinan,"Hii, I graduated from UPang. Ill say as a graduate ng nursing in that school na kailangan mo lang talaga matapos sa school na yun kasi mas mahirap lumabas sa UPang kesa sa Board exam.


Im thankful na grumaduate ako sa UPang since top school sya for nursing at the same time, may edge ka talaga sa BE. after BE waley na HAYAYA","Hi, I graduated from UPang. Ill say as a graduate of nursing in that school that you really need to finish in that school because it is more difficult to get out of UPang than the Board exam.


Im thankful that I graduated from UPang since it is a top school for nursing at the same time, you really have an edge in BE. after BE waley na HAYAYA",https://www.reddit.com/r/CollegeAdmissionsPH/comments/1d9hs1w/phinma_upang_dagupan_or_universidad_de_dagupan/
comment,University of Pangasinan,"hi, sa UPANG Naman sobra DAMING sections sa nursing + work load is heavy!!!!!!!! pero yun nga dahil sa quality education kaya madami nag eenroll. sa udd Naman Wala ako masasabi, pero I'd go for lnu if you don't want Upang, just ask me if u have any questions","hi, in UPANG there are too MANY sections in nursing + work load is heavy!!!!!!!! but that's because of the quality education so many people enroll. As for udd, I can't say anything, but I'd go for lnu if you don't want To, just ask me if u have any questions",https://www.reddit.com/r/CollegeAdmissionsPH/comments/1d9hs1w/phinma_upang_dagupan_or_universidad_de_dagupan/
