,,,,,,,,,,,,,,,,,,
"Importing 1
(Identifier from Pooling)
[Region|Province|Sector|Sub|Job|Program|Type|Rank]",Region,Province,Sector,Sub-sector,Job Requirement,Programs,"Program
Type","Priority
Ranking
(Province)",,Year 2,,,,,Year 3,,,
,,,,,,,,,,"No. of
RLAs","No. of
PLAs",Competency Assessors,Total,,"No. of
RLAs","No. of
PLAs",Competency Assessors,Total
,Region,Province,Sector,Sub-sector,Job Requirement,Programs,Type of Programs,Priority Ranking,,Total: ,Total: ,Total: 362,Total: 362,,Total: ,Total: ,Total: 362,Total: 362
REGION_VII|CEBU|AGRICULTURE FORESTRY AND FISHERY|AGRI-TOURISM|FARM EXPERIENCE HOST|NO CORRESPONDING TVET PROGRAM|NEW AND EMERGING|LOW,REGION_VII,CEBU,AGRICULTURE FORESTRY AND FISHERY,AGRI-TOURISM,FARM EXPERIENCE HOST,NO CORRESPONDING TVET PROGRAM,NEW AND EMERGING,LOW,,0,0,0,0,,0,0,0,0
REGION_VII|CEBU|AGRICULTURE FORESTRY AND FISHERY|AGRICULTURAL SERVICES|BAMBOO GROWER|BAMBOO PRODUCTION NC II|WITH TR|LOW,REGION_VII,CEBU,AGRICULTURE FORESTRY AND FISHERY,AGRICULTURAL SERVICES,BAMBOO GROWER,BAMBOO PRODUCTION NC II,WITH TR,LOW,,0,0,0,0,,0,0,0,0
REGION_VII|CEBU|AGRICULTURE FORESTRY AND FISHERY|AGRICULTURAL SERVICES|CACAO FARM TECHNCIAN|CACAO PRODUCTION LEVEL II|WITH CS|HIGH,REGION_VII,CEBU,AGRICULTURE FORESTRY AND FISHERY,AGRICULTURAL SERVICES,CACAO FARM TECHNCIAN,CACAO PRODUCTION LEVEL II,WITH CS,HIGH,,0,0,0,0,,0,0,0,0
REGION_VII|CEBU|AGRICULTURE FORESTRY AND FISHERY|AGRICULTURAL SERVICES|COCONUT FARM TECHNICIAN|COCONUT PRODUCTION LEVEL II|WITH CS|LOW,REGION_VII,CEBU,AGRICULTURE FORESTRY AND FISHERY,AGRICULTURAL SERVICES,COCONUT FARM TECHNICIAN,COCONUT PRODUCTION LEVEL II,WITH CS,LOW,,0,0,0,0,,0,0,0,0
REGION_VII|CEBU|AGRICULTURE FORESTRY AND FISHERY|AGRICULTURAL SERVICES|FARM TECHNCIAN|ARTIFICIAL INSEMINATION (LARGE RUMINANTS) NC II|WITH TR|LOW,REGION_VII,CEBU,AGRICULTURE FORESTRY AND FISHERY,AGRICULTURAL SERVICES,FARM TECHNCIAN,ARTIFICIAL INSEMINATION (LARGE RUMINANTS) NC II,WITH TR,LOW,,0,0,0,0,,0,0,0,0
REGION_VII|CEBU|AGRICULTURE FORESTRY AND FISHERY|AGRICULTURAL SERVICES|FARM TECHNICIAN FOR BEEKEEPING|BEEKEEPING LEVEL II|WITH CS|LOW,REGION_VII,CEBU,AGRICULTURE FORESTRY AND FISHERY,AGRICULTURAL SERVICES,FARM TECHNICIAN FOR BEEKEEPING,BEEKEEPING LEVEL II,WITH CS,LOW,,0,0,0,0,,0,0,0,0
REGION_VII|CEBU|AGRICULTURE FORESTRY AND FISHERY|AGRICULTURAL SERVICES|SMART IRRIGATORS|NO CORRESPONDING TVET PROGRAM|NEW AND EMERGING|LOW,REGION_VII,CEBU,AGRICULTURE FORESTRY AND FISHERY,AGRICULTURAL SERVICES,SMART IRRIGATORS,NO CORRESPONDING TVET PROGRAM,NEW AND EMERGING,LOW,,0,0,0,0,,0,0,0,0
REGION_VII|CEBU|AGRICULTURE FORESTRY AND FISHERY|ANIMAL PRODUCTION|DAIRY RAISER|ANIMAL PRODUCTION (RUMINANTS) NC II|WITH TR|LOW,REGION_VII,CEBU,AGRICULTURE FORESTRY AND FISHERY,ANIMAL PRODUCTION,DAIRY RAISER,ANIMAL PRODUCTION (RUMINANTS) NC II,WITH TR,LOW,,0,0,1,1,,0,0,1,1
REGION_VII|CEBU|AGRICULTURE FORESTRY AND FISHERY|ANIMAL PRODUCTION|HATCHERY TECHNICIAN|ANIMAL PRODUCTION (POULTRY-CHICKEN) NC II|WITH TR|LOW,REGION_VII,CEBU,AGRICULTURE FORESTRY AND FISHERY,ANIMAL PRODUCTION,HATCHERY TECHNICIAN,ANIMAL PRODUCTION (POULTRY-CHICKEN) NC II,WITH TR,LOW,,0,0,2,2,,0,0,2,2
REGION_VII|CEBU|AGRICULTURE FORESTRY AND FISHERY|ANIMAL PRODUCTION|HATCHERY TECHNICIAN|ANIMAL PRODUCTION (POULTRY-CHICKEN) NC II|WITH TR|MEDIUM,REGION_VII,CEBU,AGRICULTURE FORESTRY AND FISHERY,ANIMAL PRODUCTION,HATCHERY TECHNICIAN,ANIMAL PRODUCTION (POULTRY-CHICKEN) NC II,WITH TR,MEDIUM,,0,0,0,0,,0,0,0,0
REGION_VII|CEBU|AGRICULTURE FORESTRY AND FISHERY|ANIMAL PRODUCTION|RABBIT RAISER|NO CORRESPONDING TVET PROGRAM|NEW AND EMERGING|LOW,REGION_VII,CEBU,AGRICULTURE FORESTRY AND FISHERY,ANIMAL PRODUCTION,RABBIT RAISER,NO CORRESPONDING TVET PROGRAM,NEW AND EMERGING,LOW,,0,0,0,0,,0,0,0,0
REGION_VII|CEBU|AGRICULTURE FORESTRY AND FISHERY|ANIMAL PRODUCTION|SWINE RAISER|ANIMAL PRODUCTION (SWINE) NC II|WITH TR|LOW,REGION_VII,CEBU,AGRICULTURE FORESTRY AND FISHERY,ANIMAL PRODUCTION,SWINE RAISER,ANIMAL PRODUCTION (SWINE) NC II,WITH TR,LOW,,0,0,0,0,,0,0,0,0
"REGION_VII|CEBU|AGRICULTURE FORESTRY AND FISHERY|CROP PRODUCTION
NON PERENNIAL CROP
PERENNIAL CROP
PLANT PROPAGATION
ANIMAL AND LIVESTOCK
ANIMAL PRODUCTION
SUPPORT SERVICES
AGRICULTURAL SERVICES
SUPPORT AGRICULTURAL SERVICES
FORESTRY AND LOGGING
SILVICULTURE AND OTHER ACTIVITIES
LOGGING
GATHER NON-WOOD FOREST PRODUCTS
SUPPORT SERVICES FOR FORESTRY AND LOGGING
FOREST INVENTORIES
FOREST MANAGEMENT CONSULTING SERVICES
TIMBER EVALUATION
FOREST FIRE FIGHTING AND PROTECTION
FOREST PEST CONTROL
TRANSPORT LOGS WITHIN THE FOREST|PLANT GENETICIST
PLANT BREEDER
RESEARCH/LABORATORY TECHNICIAN
PLANT PATHOLOGIST
MOLECULAR BIOLOGIST
BIOTECHNOLOGIST
FARM TECHNICIAN|DIPLOMA PROGRAM IN IN AGRICULTURAL AND BIOSYSTEMS ENGINEERING TECHNOLOGY|DIPLOMA PROGRAMS|LOW",REGION_VII,CEBU,AGRICULTURE FORESTRY AND FISHERY,"CROP PRODUCTION
NON PERENNIAL CROP
PERENNIAL CROP
PLANT PROPAGATION
ANIMAL AND LIVESTOCK
ANIMAL PRODUCTION
SUPPORT SERVICES
AGRICULTURAL SERVICES
SUPPORT AGRICULTURAL SERVICES
FORESTRY AND LOGGING
SILVICULTURE AND OTHER ACTIVITIES
LOGGING
GATHER NON-WOOD FOREST PRODUCTS
SUPPORT SERVICES FOR FORESTRY AND LOGGING
FOREST INVENTORIES
FOREST MANAGEMENT CONSULTING SERVICES
TIMBER EVALUATION
FOREST FIRE FIGHTING AND PROTECTION
FOREST PEST CONTROL
TRANSPORT LOGS WITHIN THE FOREST","PLANT GENETICIST
PLANT BREEDER
RESEARCH/LABORATORY TECHNICIAN
PLANT PATHOLOGIST
MOLECULAR BIOLOGIST
BIOTECHNOLOGIST
FARM TECHNICIAN",DIPLOMA PROGRAM IN IN AGRICULTURAL AND BIOSYSTEMS ENGINEERING TECHNOLOGY,DIPLOMA PROGRAMS,LOW,,0,0,0,0,,0,0,0,0
REGION_VII|CEBU|AGRICULTURE FORESTRY AND FISHERY|CROP PRODUCTION AGRICULTURAL SERVICES|FARMER/GROWER|AGRICULTURAL CROPS PRODUCTION NC II|WITH TR|LOW,REGION_VII,CEBU,AGRICULTURE FORESTRY AND FISHERY,CROP PRODUCTION AGRICULTURAL SERVICES,FARMER/GROWER,AGRICULTURAL CROPS PRODUCTION NC II,WITH TR,LOW,,0,0,6,6,,0,0,6,6
REGION_VII|CEBU|AGRICULTURE FORESTRY AND FISHERY|CROP PRODUCTION ANIMAL PRODUCTION|FARMER LEADER|AGROENTREPRENEURSHIP NC III|WITH TR|HIGH,REGION_VII,CEBU,AGRICULTURE FORESTRY AND FISHERY,CROP PRODUCTION ANIMAL PRODUCTION,FARMER LEADER,AGROENTREPRENEURSHIP NC III,WITH TR,HIGH,,0,0,2,2,,0,0,2,2
REGION_VII|CEBU|AGRICULTURE FORESTRY AND FISHERY|CROP PRODUCTION SUPPORT AGRICULTURAL SERVICES|PEST CONTROL TECHNICIAN|PEST MANAGEMENT (VEGETABLES) NC II|WITH TR|LOW,REGION_VII,CEBU,AGRICULTURE FORESTRY AND FISHERY,CROP PRODUCTION SUPPORT AGRICULTURAL SERVICES,PEST CONTROL TECHNICIAN,PEST MANAGEMENT (VEGETABLES) NC II,WITH TR,LOW,,0,0,0,0,,0,0,0,0
REGION_VII|CEBU|AGRICULTURE FORESTRY AND FISHERY|CROP PRODUCTION SUPPORT AGRICULTURAL SERVICES|PEST CONTROL TECHNICIAN|PEST MANAGEMENT (VEGETABLES) NC II|WITH TR|MEDIUM,REGION_VII,CEBU,AGRICULTURE FORESTRY AND FISHERY,CROP PRODUCTION SUPPORT AGRICULTURAL SERVICES,PEST CONTROL TECHNICIAN,PEST MANAGEMENT (VEGETABLES) NC II,WITH TR,MEDIUM,,0,0,0,0,,0,0,0,0
REGION_VII|CEBU|AGRICULTURE FORESTRY AND FISHERY|CROP PRODUCTION|BAMBOO FARM WORKER|BAMBOO PRODUCTION NC II|WITH TR|HIGH,REGION_VII,CEBU,AGRICULTURE FORESTRY AND FISHERY,CROP PRODUCTION,BAMBOO FARM WORKER,BAMBOO PRODUCTION NC II,WITH TR,HIGH,,0,0,0,0,,0,0,0,0
REGION_VII|CEBU|AGRICULTURE FORESTRY AND FISHERY|CROP PRODUCTION|FARM LEAD HAND|AGRICULTURAL CROPS PRODUCTION NC III|WITH TR|HIGH,REGION_VII,CEBU,AGRICULTURE FORESTRY AND FISHERY,CROP PRODUCTION,FARM LEAD HAND,AGRICULTURAL CROPS PRODUCTION NC III,WITH TR,HIGH,,0,0,0,0,,0,0,0,0
REGION_VII|CEBU|AGRICULTURE FORESTRY AND FISHERY|CROP PRODUCTION|FARM LEAD HAND|AGRICULTURAL CROPS PRODUCTION NC III|WITH TR|LOW,REGION_VII,CEBU,AGRICULTURE FORESTRY AND FISHERY,CROP PRODUCTION,FARM LEAD HAND,AGRICULTURAL CROPS PRODUCTION NC III,WITH TR,LOW,,0,0,1,1,,0,0,1,1
REGION_VII|CEBU|AGRICULTURE FORESTRY AND FISHERY|CROP PRODUCTION|FARM TECHNCIAN|COFFEE PRODUCTION LEVEL II|WITH CS|LOW,REGION_VII,CEBU,AGRICULTURE FORESTRY AND FISHERY,CROP PRODUCTION,FARM TECHNCIAN,COFFEE PRODUCTION LEVEL II,WITH CS,LOW,,0,0,0,0,,0,0,0,0
REGION_VII|CEBU|AGRICULTURE FORESTRY AND FISHERY|CROP PRODUCTION|HORTICULTURE AIDE|HORTICULTURE NC III|WITH TR|MEDIUM,REGION_VII,CEBU,AGRICULTURE FORESTRY AND FISHERY,CROP PRODUCTION,HORTICULTURE AIDE,HORTICULTURE NC III,WITH TR,MEDIUM,,0,0,0,0,,0,0,0,0
REGION_VII|CEBU|AGRICULTURE FORESTRY AND FISHERY|CROP PRODUCTION|ORGANIC AGRICULTURE FARMER|ORGANIC AGRICULTURE PRODUCTION NC II|WITH TR|LOW,REGION_VII,CEBU,AGRICULTURE FORESTRY AND FISHERY,CROP PRODUCTION,ORGANIC AGRICULTURE FARMER,ORGANIC AGRICULTURE PRODUCTION NC II,WITH TR,LOW,,0,0,2,2,,0,0,2,2
REGION_VII|CEBU|AGRICULTURE FORESTRY AND FISHERY|EDUCATION|ESL TEACHER/TUTOR|NO CORRESPONDING TVET PROGRAM|NEW AND EMERGING|MEDIUM,REGION_VII,CEBU,AGRICULTURE FORESTRY AND FISHERY,EDUCATION,ESL TEACHER/TUTOR,NO CORRESPONDING TVET PROGRAM,NEW AND EMERGING,MEDIUM,,0,0,0,0,,0,0,0,0
REGION_VII|CEBU|AGRICULTURE FORESTRY AND FISHERY|SUPPORT AGRICULTURAL SERVICES|FISH HANDLER|FISHPORT/WHARF OPERATION NC I|WITH TR|LOW,REGION_VII,CEBU,AGRICULTURE FORESTRY AND FISHERY,SUPPORT AGRICULTURAL SERVICES,FISH HANDLER,FISHPORT/WHARF OPERATION NC I,WITH TR,LOW,,0,0,0,0,,0,0,0,0
REGION_VII|CEBU|AGRICULTURE FORESTRY AND FISHERY|SUPPORT AGRICULTURAL SERVICES|FISHERMAN|FISH CAPTURE NC II|WITH TR|LOW,REGION_VII,CEBU,AGRICULTURE FORESTRY AND FISHERY,SUPPORT AGRICULTURAL SERVICES,FISHERMAN,FISH CAPTURE NC II,WITH TR,LOW,,0,0,0,0,,0,0,0,0
REGION_VII|CEBU|AGRICULTURE FORESTRY AND FISHERY|SUPPORT AGRICULTURAL SERVICES|FISHING GEAR TECHNICIAN|FISHING GEAR REPAIR AND MAINTENANCE NC III|WITH TR|LOW,REGION_VII,CEBU,AGRICULTURE FORESTRY AND FISHERY,SUPPORT AGRICULTURAL SERVICES,FISHING GEAR TECHNICIAN,FISHING GEAR REPAIR AND MAINTENANCE NC III,WITH TR,LOW,,0,0,0,0,,0,0,0,0
REGION_VII|CEBU|AGRICULTURE FORESTRY AND FISHERY|SUPPORT AGRICULTURAL SERVICES|FRUIT/VEGETABLE VENDOR|AGROENTREPRENEURSHIP NC II|WITH TR|LOW,REGION_VII,CEBU,AGRICULTURE FORESTRY AND FISHERY,SUPPORT AGRICULTURAL SERVICES,FRUIT/VEGETABLE VENDOR,AGROENTREPRENEURSHIP NC II,WITH TR,LOW,,0,0,2,2,,0,0,2,2
REGION_VII|CEBU|AGRICULTURE FORESTRY AND FISHERY|SUPPORT AGRICULTURAL SERVICES|VETERINARY TECHNICIAN|ANIMAL HEALTH CARE AND MANAGEMENT NC III|WITH TR|LOW,REGION_VII,CEBU,AGRICULTURE FORESTRY AND FISHERY,SUPPORT AGRICULTURAL SERVICES,VETERINARY TECHNICIAN,ANIMAL HEALTH CARE AND MANAGEMENT NC III,WITH TR,LOW,,0,0,0,0,,0,0,0,0
REGION_VII|CEBU|AUTOMOTIVE AND LAND TRANSPORTATION|AFTERSALES & SERVICE (MAINTENANCE)|AUTO ELECTRICIAN|AUTOMOTIVE SERVICING (ELECTRICAL REPAIR) NC II|WITH TR|MEDIUM,REGION_VII,CEBU,AUTOMOTIVE AND LAND TRANSPORTATION,AFTERSALES & SERVICE (MAINTENANCE),AUTO ELECTRICIAN,AUTOMOTIVE SERVICING (ELECTRICAL REPAIR) NC II,WITH TR,MEDIUM,,0,0,2,2,,0,0,2,2
REGION_VII|CEBU|AUTOMOTIVE AND LAND TRANSPORTATION|AFTERSALES & SERVICE (MAINTENANCE)|AUTOMOTIVE TECHNICIAN|AUTOMOTIVE SERVICING NC I|WITH TR|LOW,REGION_VII,CEBU,AUTOMOTIVE AND LAND TRANSPORTATION,AFTERSALES & SERVICE (MAINTENANCE),AUTOMOTIVE TECHNICIAN,AUTOMOTIVE SERVICING NC I,WITH TR,LOW,,0,0,3,3,,0,0,3,3
REGION_VII|CEBU|AUTOMOTIVE AND LAND TRANSPORTATION|AFTERSALES & SERVICE (MAINTENANCE)|ENGINE TECHNICIAN|AUTOMOTIVE SERVICING (ENGINE REPAIR) NC II|WITH TR|LOW,REGION_VII,CEBU,AUTOMOTIVE AND LAND TRANSPORTATION,AFTERSALES & SERVICE (MAINTENANCE),ENGINE TECHNICIAN,AUTOMOTIVE SERVICING (ENGINE REPAIR) NC II,WITH TR,LOW,,0,0,2,2,,0,0,2,2
REGION_VII|CEBU|AUTOMOTIVE AND LAND TRANSPORTATION|AFTERSALES & SERVICE (MAINTENANCE)|SMALL ENGINE MECHANIC|MOTORCYCLE/SMALL ENGINE SERVICING NC II|WITH TR|LOW,REGION_VII,CEBU,AUTOMOTIVE AND LAND TRANSPORTATION,AFTERSALES & SERVICE (MAINTENANCE),SMALL ENGINE MECHANIC,MOTORCYCLE/SMALL ENGINE SERVICING NC II,WITH TR,LOW,,0,0,0,0,,0,0,0,0
REGION_VII|CEBU|AUTOMOTIVE AND LAND TRANSPORTATION|AUTOMOTIVE AND LAND TRANSPORTATION|AUTO BODY REPAIR TECHNICIAN|AUTOMOTIVE SERVICING (CHASSIS REPAIR) NC II|WITH TR|MEDIUM,REGION_VII,CEBU,AUTOMOTIVE AND LAND TRANSPORTATION,AUTOMOTIVE AND LAND TRANSPORTATION,AUTO BODY REPAIR TECHNICIAN,AUTOMOTIVE SERVICING (CHASSIS REPAIR) NC II,WITH TR,MEDIUM,,0,0,2,2,,0,0,2,2
REGION_VII|CEBU|AUTOMOTIVE AND LAND TRANSPORTATION|AUTOMOTIVE AND LAND TRANSPORTATION|AUTOMOTIVE AIRCON TECHNICIAN|AUTOMOTIVE SERVICING NC III|WITH TR|MEDIUM,REGION_VII,CEBU,AUTOMOTIVE AND LAND TRANSPORTATION,AUTOMOTIVE AND LAND TRANSPORTATION,AUTOMOTIVE AIRCON TECHNICIAN,AUTOMOTIVE SERVICING NC III,WITH TR,MEDIUM,,0,0,2,2,,0,0,2,2
REGION_VII|CEBU|AUTOMOTIVE AND LAND TRANSPORTATION|AUTOMOTIVE AND LAND TRANSPORTATION|AUTOMOTIVE ELECTRICIAN|AUTOMOTIVE ELECTRICAL ASSEMBLY NC III|WITH TR|MEDIUM,REGION_VII,CEBU,AUTOMOTIVE AND LAND TRANSPORTATION,AUTOMOTIVE AND LAND TRANSPORTATION,AUTOMOTIVE ELECTRICIAN,AUTOMOTIVE ELECTRICAL ASSEMBLY NC III,WITH TR,MEDIUM,,0,0,0,0,,0,0,0,0
REGION_VII|CEBU|AUTOMOTIVE AND LAND TRANSPORTATION|AUTOMOTIVE AND LAND TRANSPORTATION|AUTOMOTIVE MECHANIC|AUTOMOTIVE MECHANICAL ASSEMBLY NC II|WITH TR|MEDIUM,REGION_VII,CEBU,AUTOMOTIVE AND LAND TRANSPORTATION,AUTOMOTIVE AND LAND TRANSPORTATION,AUTOMOTIVE MECHANIC,AUTOMOTIVE MECHANICAL ASSEMBLY NC II,WITH TR,MEDIUM,,0,0,0,0,,0,0,0,0
REGION_VII|CEBU|AUTOMOTIVE AND LAND TRANSPORTATION|AUTOMOTIVE AND LAND TRANSPORTATION|AUTOMOTIVE PAINTER|AUTOMOTIVE BODY PAINTING/FINISHING NC I|WITH TR|MEDIUM,REGION_VII,CEBU,AUTOMOTIVE AND LAND TRANSPORTATION,AUTOMOTIVE AND LAND TRANSPORTATION,AUTOMOTIVE PAINTER,AUTOMOTIVE BODY PAINTING/FINISHING NC I,WITH TR,MEDIUM,,0,0,0,0,,0,0,0,0
REGION_VII|CEBU|AUTOMOTIVE AND LAND TRANSPORTATION|AUTOMOTIVE AND LAND TRANSPORTATION|DISPATCHER (BOOKING/TRIP CONTROLLER)|NO CORRESPONDING TVET PROGRAM|NEW AND EMERGING|HIGH,REGION_VII,CEBU,AUTOMOTIVE AND LAND TRANSPORTATION,AUTOMOTIVE AND LAND TRANSPORTATION,DISPATCHER (BOOKING/TRIP CONTROLLER),NO CORRESPONDING TVET PROGRAM,NEW AND EMERGING,HIGH,,0,0,0,0,,0,0,0,0
REGION_VII|CEBU|AUTOMOTIVE AND LAND TRANSPORTATION|AUTOMOTIVE AND LAND TRANSPORTATION|DRIVER|DRIVING NC II|WITH TR|MEDIUM,REGION_VII,CEBU,AUTOMOTIVE AND LAND TRANSPORTATION,AUTOMOTIVE AND LAND TRANSPORTATION,DRIVER,DRIVING NC II,WITH TR,MEDIUM,,0,0,6,6,,0,0,6,6
REGION_VII|CEBU|AUTOMOTIVE AND LAND TRANSPORTATION|AUTOMOTIVE AND LAND TRANSPORTATION|PASSENGER ASSISTANT OFFICER (CONDUCTOR)|NO CORRESPONDING TVET PROGRAM|NEW AND EMERGING|HIGH,REGION_VII,CEBU,AUTOMOTIVE AND LAND TRANSPORTATION,AUTOMOTIVE AND LAND TRANSPORTATION,PASSENGER ASSISTANT OFFICER (CONDUCTOR),NO CORRESPONDING TVET PROGRAM,NEW AND EMERGING,HIGH,,0,0,0,0,,0,0,0,0
REGION_VII|CEBU|AUTOMOTIVE AND LAND TRANSPORTATION|DESIGN AND DEVELOPMENT|AUTOMOTIVE PAINTER (SINGLE STAGE PAINTING)|AUTOMOTIVE BODY PAINTING/FINISHING NC III|WITH TR|MEDIUM,REGION_VII,CEBU,AUTOMOTIVE AND LAND TRANSPORTATION,DESIGN AND DEVELOPMENT,AUTOMOTIVE PAINTER (SINGLE STAGE PAINTING),AUTOMOTIVE BODY PAINTING/FINISHING NC III,WITH TR,MEDIUM,,0,0,0,0,,0,0,0,0
REGION_VII|CEBU|CONSTRUCTION|DIRECT WORKER EQUIPMENT OPERATORS AND MAINTENANCE VERTICAL CONSTRUCTION HORIZONTAL CONSTRUCTION RESIDENTIAL CONSTRUCTION|DUMPTRUCK OPERATOR|HEAVY EQUIPMENT OPERATION (RIGID ON-HIGHWAY DUMP TRUCK) NC II|WITH TR|MEDIUM,REGION_VII,CEBU,CONSTRUCTION,DIRECT WORKER EQUIPMENT OPERATORS AND MAINTENANCE VERTICAL CONSTRUCTION HORIZONTAL CONSTRUCTION RESIDENTIAL CONSTRUCTION,DUMPTRUCK OPERATOR,HEAVY EQUIPMENT OPERATION (RIGID ON-HIGHWAY DUMP TRUCK) NC II,WITH TR,MEDIUM,,0,0,2,2,,0,0,2,2
REGION_VII|CEBU|CONSTRUCTION|DIRECT WORKER EQUIPMENT OPERATORS AND MAINTENANCE VERTICAL CONSTRUCTION INDUSTRIAL CONSTRUCTION|MOBILE CRANE OPERATOR|HEAVY EQUIPMENT OPERATION (ROUGH TERRAIN CRANE) NC III|WITH TR|LOW,REGION_VII,CEBU,CONSTRUCTION,DIRECT WORKER EQUIPMENT OPERATORS AND MAINTENANCE VERTICAL CONSTRUCTION INDUSTRIAL CONSTRUCTION,MOBILE CRANE OPERATOR,HEAVY EQUIPMENT OPERATION (ROUGH TERRAIN CRANE) NC III,WITH TR,LOW,,0,0,2,2,,0,0,2,2
REGION_VII|CEBU|CONSTRUCTION|DIRECT WORKER EQUIPMENT OPERATORS AND MAINTENANCE VERTICAL CONSTRUCTION INDUSTRIAL CONSTRUCTION|RIGGER|RIGGING NC I|WITH TR|LOW,REGION_VII,CEBU,CONSTRUCTION,DIRECT WORKER EQUIPMENT OPERATORS AND MAINTENANCE VERTICAL CONSTRUCTION INDUSTRIAL CONSTRUCTION,RIGGER,RIGGING NC I,WITH TR,LOW,,0,0,2,2,,0,0,2,2
REGION_VII|CEBU|CONSTRUCTION|DIRECT WORKER EQUIPMENT OPERATORS AND MAINTENANCE VERTICAL CONSTRUCTION INDUSTRIAL CONSTRUCTION|TOWER CRANE OPERATOR|HEAVY EQUIPMENT OPERATION (TOWER CRANE) NC III|WITH TR|LOW,REGION_VII,CEBU,CONSTRUCTION,DIRECT WORKER EQUIPMENT OPERATORS AND MAINTENANCE VERTICAL CONSTRUCTION INDUSTRIAL CONSTRUCTION,TOWER CRANE OPERATOR,HEAVY EQUIPMENT OPERATION (TOWER CRANE) NC III,WITH TR,LOW,,0,0,0,0,,0,0,0,0
REGION_VII|CEBU|CONSTRUCTION|DIRECT WORKERS VERTICAL INDUSTRIAL HORIZONTAL|MASONRY (FINISHING)|MASONRY NC II|WITH TR|LOW,REGION_VII,CEBU,CONSTRUCTION,DIRECT WORKERS VERTICAL INDUSTRIAL HORIZONTAL,MASONRY (FINISHING),MASONRY NC II,WITH TR,LOW,,0,0,5,5,,0,0,5,5
REGION_VII|CEBU|CONSTRUCTION|DIRECT WORKERS VERTICAL INDUSTRIAL HORIZONTAL|MASONRY (ROUGH CONCRETE)|MASONRY NC I|WITH TR|LOW,REGION_VII,CEBU,CONSTRUCTION,DIRECT WORKERS VERTICAL INDUSTRIAL HORIZONTAL,MASONRY (ROUGH CONCRETE),MASONRY NC I,WITH TR,LOW,,0,0,2,2,,0,0,2,2
REGION_VII|CEBU|CONSTRUCTION|EQUIPMENT OPERATORS AND MAINTENANCE DIRECT WORKERS|CONCRETE PUMP OPERATOR|NO CORRESPONDING TVET PROGRAM|NEW AND EMERGING|LOW,REGION_VII,CEBU,CONSTRUCTION,EQUIPMENT OPERATORS AND MAINTENANCE DIRECT WORKERS,CONCRETE PUMP OPERATOR,NO CORRESPONDING TVET PROGRAM,NEW AND EMERGING,LOW,,0,0,0,0,,0,0,0,0
REGION_VII|CEBU|CONSTRUCTION|EQUIPMENT OPERATORS AND MAINTENANCE|HEO TOWER CRANE OPERATOR|HEAVY EQUIPMENT OPERATION (TOWER CRANE) NC III|WITH TR|MEDIUM,REGION_VII,CEBU,CONSTRUCTION,EQUIPMENT OPERATORS AND MAINTENANCE,HEO TOWER CRANE OPERATOR,HEAVY EQUIPMENT OPERATION (TOWER CRANE) NC III,WITH TR,MEDIUM,,0,0,0,0,,0,0,0,0
"REGION_VII|CEBU|CONSTRUCTION|HORIZONTAL CONSTRUCTION
DIRECT WORKERS|ROAD ROLLER OPERATOR|HEAVY EQUIPMENT OPERATION (ROAD ROLLER) NC II|WITH TR|LOW",REGION_VII,CEBU,CONSTRUCTION,"HORIZONTAL CONSTRUCTION
DIRECT WORKERS",ROAD ROLLER OPERATOR,HEAVY EQUIPMENT OPERATION (ROAD ROLLER) NC II,WITH TR,LOW,,0,0,2,2,,0,0,2,2
REGION_VII|CEBU|CONSTRUCTION|HORIZONTAL CONSTRUCTION VERTICAL CONSTRUCTION INDUSTRIAL CONSTRUCTION|BIM MODELER|BASIC 3D BUILDING INFORMATION MODELLING LEVEL III|WITH CS|MEDIUM,REGION_VII,CEBU,CONSTRUCTION,HORIZONTAL CONSTRUCTION VERTICAL CONSTRUCTION INDUSTRIAL CONSTRUCTION,BIM MODELER,BASIC 3D BUILDING INFORMATION MODELLING LEVEL III,WITH CS,MEDIUM,,0,0,0,0,,0,0,0,0
REGION_VII|CEBU|CONSTRUCTION|HORIZONTAL CONSTRUCTION VERTICAL CONSTRUCTION INDUSTRIAL CONSTRUCTION|CARBON STEEL PLATE/ PIPE WELDER|MANUAL METAL ARC WELDING (MMAW) NC I|WITH TR|MEDIUM,REGION_VII,CEBU,CONSTRUCTION,HORIZONTAL CONSTRUCTION VERTICAL CONSTRUCTION INDUSTRIAL CONSTRUCTION,CARBON STEEL PLATE/ PIPE WELDER,MANUAL METAL ARC WELDING (MMAW) NC I,WITH TR,MEDIUM,,0,0,6,6,,0,0,6,6
REGION_VII|CEBU|CONSTRUCTION|HORIZONTAL CONSTRUCTION VERTICAL CONSTRUCTION INDUSTRIAL CONSTRUCTION|CARBON STEEL PLATE/ PIPE WELDER|MANUAL METAL ARC WELDING (MMAW) NC III|WITH TR|MEDIUM,REGION_VII,CEBU,CONSTRUCTION,HORIZONTAL CONSTRUCTION VERTICAL CONSTRUCTION INDUSTRIAL CONSTRUCTION,CARBON STEEL PLATE/ PIPE WELDER,MANUAL METAL ARC WELDING (MMAW) NC III,WITH TR,MEDIUM,,0,0,0,0,,0,0,0,0
REGION_VII|CEBU|CONSTRUCTION|HORIZONTAL CONSTRUCTION VERTICAL CONSTRUCTION INDUSTRIAL CONSTRUCTION|CARBON STEEL PLATE/ PIPE WELDER|MANUAL METAL ARC WELDING (MMAW) NC IV|WITH TR|MEDIUM,REGION_VII,CEBU,CONSTRUCTION,HORIZONTAL CONSTRUCTION VERTICAL CONSTRUCTION INDUSTRIAL CONSTRUCTION,CARBON STEEL PLATE/ PIPE WELDER,MANUAL METAL ARC WELDING (MMAW) NC IV,WITH TR,MEDIUM,,0,0,0,0,,0,0,0,0
REGION_VII|CEBU|CONSTRUCTION|HORIZONTAL CONSTRUCTION VERTICAL CONSTRUCTION INDUSTRIAL CONSTRUCTION|CIVIL ENGINEERING ASSOCIATE|DIPLOMA PROGRAM IN CIVIL ENGINEERING TECHNOLOGY|DIPLOMA PROGRAMS|LOW,REGION_VII,CEBU,CONSTRUCTION,HORIZONTAL CONSTRUCTION VERTICAL CONSTRUCTION INDUSTRIAL CONSTRUCTION,CIVIL ENGINEERING ASSOCIATE,DIPLOMA PROGRAM IN CIVIL ENGINEERING TECHNOLOGY,DIPLOMA PROGRAMS,LOW,,0,0,0,0,,0,0,0,0
REGION_VII|CEBU|CONSTRUCTION|HORIZONTAL CONSTRUCTION VERTICAL CONSTRUCTION INDUSTRIAL CONSTRUCTION|CONSTRUCTION SITE SUPERVISOR|CONSTRUCTION SITE SUPERVISION LEVEL IV|WITH CS|MEDIUM,REGION_VII,CEBU,CONSTRUCTION,HORIZONTAL CONSTRUCTION VERTICAL CONSTRUCTION INDUSTRIAL CONSTRUCTION,CONSTRUCTION SITE SUPERVISOR,CONSTRUCTION SITE SUPERVISION LEVEL IV,WITH CS,MEDIUM,,0,0,0,0,,0,0,0,0
REGION_VII|CEBU|CONSTRUCTION|HORIZONTAL CONSTRUCTION VERTICAL CONSTRUCTION INDUSTRIAL CONSTRUCTION|CONSTRUCTION TRADE SUPERVISOR|CONSTRUCTION TRADE SUPERVISION LEVEL IV|WITH CS|LOW,REGION_VII,CEBU,CONSTRUCTION,HORIZONTAL CONSTRUCTION VERTICAL CONSTRUCTION INDUSTRIAL CONSTRUCTION,CONSTRUCTION TRADE SUPERVISOR,CONSTRUCTION TRADE SUPERVISION LEVEL IV,WITH CS,LOW,,0,0,0,0,,0,0,0,0
REGION_VII|CEBU|CONSTRUCTION|HORIZONTAL CONSTRUCTION VERTICAL CONSTRUCTION INDUSTRIAL CONSTRUCTION|GAS (OXY-ACETYLENE) WELDER|GAS WELDING NC II|WITH TR|LOW,REGION_VII,CEBU,CONSTRUCTION,HORIZONTAL CONSTRUCTION VERTICAL CONSTRUCTION INDUSTRIAL CONSTRUCTION,GAS (OXY-ACETYLENE) WELDER,GAS WELDING NC II,WITH TR,LOW,,0,0,1,1,,0,0,1,1
REGION_VII|CEBU|CONSTRUCTION|HORIZONTAL CONSTRUCTION VERTICAL CONSTRUCTION INDUSTRIAL CONSTRUCTION|SENIOR PAINTER|CONSTRUCTION PAINTING NC III|WITH TR|LOW,REGION_VII,CEBU,CONSTRUCTION,HORIZONTAL CONSTRUCTION VERTICAL CONSTRUCTION INDUSTRIAL CONSTRUCTION,SENIOR PAINTER,CONSTRUCTION PAINTING NC III,WITH TR,LOW,,0,0,1,1,,0,0,1,1
REGION_VII|CEBU|CONSTRUCTION|HORIZONTAL CONSTRUCTION VERTICAL CONSTRUCTION INDUSTRIAL CONSTRUCTION|TIG PLATE WELDER|GAS TUNGSTEN ARC WELDING (GTAW) NC IV|WITH TR|LOW,REGION_VII,CEBU,CONSTRUCTION,HORIZONTAL CONSTRUCTION VERTICAL CONSTRUCTION INDUSTRIAL CONSTRUCTION,TIG PLATE WELDER,GAS TUNGSTEN ARC WELDING (GTAW) NC IV,WITH TR,LOW,,0,0,0,0,,0,0,0,0
REGION_VII|CEBU|CONSTRUCTION|HORIZONTAL CONSTRUCTION VERTICAL CONSTRUCTION INDUSTRIAL CONSTRUCTION|WAREHOUSEMAN (EXTERNAL)|WAREHOUSING SERVICES NC II|WITH TR|LOW,REGION_VII,CEBU,CONSTRUCTION,HORIZONTAL CONSTRUCTION VERTICAL CONSTRUCTION INDUSTRIAL CONSTRUCTION,WAREHOUSEMAN (EXTERNAL),WAREHOUSING SERVICES NC II,WITH TR,LOW,,0,0,5,5,,0,0,5,5
REGION_VII|CEBU|CONSTRUCTION|HORIZONTAL CONSTRUCTION VERTICAL CONSTRUCTION INDUSTRIAL CONSTRUCTION|WAREHOUSEMAN (INTERNAL)|WAREHOUSING SERVICES NC II|WITH TR|LOW,REGION_VII,CEBU,CONSTRUCTION,HORIZONTAL CONSTRUCTION VERTICAL CONSTRUCTION INDUSTRIAL CONSTRUCTION,WAREHOUSEMAN (INTERNAL),WAREHOUSING SERVICES NC II,WITH TR,LOW,,0,0,5,5,,0,0,5,5
REGION_VII|CEBU|CONSTRUCTION|HORIZONTAL CONSTRUCTION VERTICAL CONSTRUCTION|CRAWLER CRANE OPERATOR|HEAVY EQUIPMENT OPERATION (CRAWLER CRANE) NC III|WITH TR|MEDIUM,REGION_VII,CEBU,CONSTRUCTION,HORIZONTAL CONSTRUCTION VERTICAL CONSTRUCTION,CRAWLER CRANE OPERATOR,HEAVY EQUIPMENT OPERATION (CRAWLER CRANE) NC III,WITH TR,MEDIUM,,0,0,2,2,,0,0,2,2
REGION_VII|CEBU|CONSTRUCTION|HORIZONTAL CONSTRUCTION VERTICAL CONSTRUCTION|FORKLIFT OPERATOR|HEAVY EQUIPMENT OPERATION (FORKLIFT) NC II|WITH TR|LOW,REGION_VII,CEBU,CONSTRUCTION,HORIZONTAL CONSTRUCTION VERTICAL CONSTRUCTION,FORKLIFT OPERATOR,HEAVY EQUIPMENT OPERATION (FORKLIFT) NC II,WITH TR,LOW,,0,0,2,2,,0,0,2,2
REGION_VII|CEBU|CONSTRUCTION|HORIZONTAL CONSTRUCTION VERTICAL CONSTRUCTION|OFF-HIGHWAY DUMP TRUCK (RIGID) OPERATOR|HEAVY EQUIPMENT OPERATION (RIGID OFF-HIGHWAY DUMP TRUCK) NC II|WITH TR|MEDIUM,REGION_VII,CEBU,CONSTRUCTION,HORIZONTAL CONSTRUCTION VERTICAL CONSTRUCTION,OFF-HIGHWAY DUMP TRUCK (RIGID) OPERATOR,HEAVY EQUIPMENT OPERATION (RIGID OFF-HIGHWAY DUMP TRUCK) NC II,WITH TR,MEDIUM,,0,0,2,2,,0,0,2,2
REGION_VII|CEBU|CONSTRUCTION|HORIZONTAL CONSTRUCTION VERTICAL CONSTRUCTION|PAVER OPERATOR|HEAVY EQUIPMENT OPERATION (PAVER) NC II|WITH TR|LOW,REGION_VII,CEBU,CONSTRUCTION,HORIZONTAL CONSTRUCTION VERTICAL CONSTRUCTION,PAVER OPERATOR,HEAVY EQUIPMENT OPERATION (PAVER) NC II,WITH TR,LOW,,0,0,0,0,,0,0,0,0
REGION_VII|CEBU|CONSTRUCTION|HORIZONTAL CONSTRUCTION VERTICAL CONSTRUCTION|TRUCK MOUNTED CRANE OPERATOR|HEAVY EQUIPMENT OPERATION (TRUCK MOUNTED CRANE) NC III|WITH TR|LOW,REGION_VII,CEBU,CONSTRUCTION,HORIZONTAL CONSTRUCTION VERTICAL CONSTRUCTION,TRUCK MOUNTED CRANE OPERATOR,HEAVY EQUIPMENT OPERATION (TRUCK MOUNTED CRANE) NC III,WITH TR,LOW,,0,0,2,2,,0,0,2,2
REGION_VII|CEBU|CONSTRUCTION|HORIZONTAL CONSTRUCTION VERTICAL CONSTRUCTION|WHEEL LOADER OPERATOR|HEAVY EQUIPMENT OPERATION (WHEEL LOADER) NC II|WITH TR|LOW,REGION_VII,CEBU,CONSTRUCTION,HORIZONTAL CONSTRUCTION VERTICAL CONSTRUCTION,WHEEL LOADER OPERATOR,HEAVY EQUIPMENT OPERATION (WHEEL LOADER) NC II,WITH TR,LOW,,0,0,1,1,,0,0,1,1
REGION_VII|CEBU|CONSTRUCTION|HORIZONTAL CONSTRUCTION VERTICAL CONSTRUCTION|WHEEL LOADER OPERATOR|HEAVY EQUIPMENT OPERATION (WHEEL LOADER) NC II|WITH TR|MEDIUM,REGION_VII,CEBU,CONSTRUCTION,HORIZONTAL CONSTRUCTION VERTICAL CONSTRUCTION,WHEEL LOADER OPERATOR,HEAVY EQUIPMENT OPERATION (WHEEL LOADER) NC II,WITH TR,MEDIUM,,0,0,0,0,,0,0,0,0
"REGION_VII|CEBU|CONSTRUCTION|HORIZONTAL CONSTRUCTION, INDUSTRIAL CONSTRUCTION, EQUIPMENT OPERATIONS AND MAINTENANCE|▪ BUILDING INSPECTOR ▪ CIVIL ENGINEERING DESIGN TECHNOLOGIST ▪ MATERIALS TESTING TECHNOLOGIST. ▪ CONSTRUCTION COORDINATOR, FOREMAN, OR SUPERINTENDENT ▪ ESTIMATOR ▪ TECHNICAL REPRESENTATIVE ▪ FIELD TECHNICAL ASSISTANT ▪ DRAFTSMAN/CAD OPERATOR ▪ REBAR FIXER ▪ BUILDING ELECTRICIAN ▪ BRICK LAYER/MASON ▪ PLUMBER|DIPLOMA PROGRAM IN CIVIL ENGINEERING TECHNOLOGY|DIPLOMA PROGRAMS|MEDIUM",REGION_VII,CEBU,CONSTRUCTION,"HORIZONTAL CONSTRUCTION, INDUSTRIAL CONSTRUCTION, EQUIPMENT OPERATIONS AND MAINTENANCE","▪ BUILDING INSPECTOR ▪ CIVIL ENGINEERING DESIGN TECHNOLOGIST ▪ MATERIALS TESTING TECHNOLOGIST. ▪ CONSTRUCTION COORDINATOR, FOREMAN, OR SUPERINTENDENT ▪ ESTIMATOR ▪ TECHNICAL REPRESENTATIVE ▪ FIELD TECHNICAL ASSISTANT ▪ DRAFTSMAN/CAD OPERATOR ▪ REBAR FIXER ▪ BUILDING ELECTRICIAN ▪ BRICK LAYER/MASON ▪ PLUMBER",DIPLOMA PROGRAM IN CIVIL ENGINEERING TECHNOLOGY,DIPLOMA PROGRAMS,MEDIUM,,0,0,0,0,,0,0,0,0
"REGION_VII|CEBU|CONSTRUCTION|HORIZONTAL CONSTRUCTION, INDUSTRIAL CONSTRUCTION, EQUIPMENT OPERATIONS AND MAINTENANCE|BULLDOZER OPERATOR|HEAVY EQUIPMENT OPERATION (BULLDOZER) NC II|WITH TR|HIGH",REGION_VII,CEBU,CONSTRUCTION,"HORIZONTAL CONSTRUCTION, INDUSTRIAL CONSTRUCTION, EQUIPMENT OPERATIONS AND MAINTENANCE",BULLDOZER OPERATOR,HEAVY EQUIPMENT OPERATION (BULLDOZER) NC II,WITH TR,HIGH,,0,0,0,0,,0,0,0,0
"REGION_VII|CEBU|CONSTRUCTION|HORIZONTAL CONSTRUCTION, INDUSTRIAL CONSTRUCTION, EQUIPMENT OPERATIONS AND MAINTENANCE|MASONRY TECHNICIAN, PLUMBING TECHNICIAN, TECHNICAL DRAFTSMAN, REINFORCING STEELWORKS TECHNICIAN, PAINTING TECHNICIAN, TILE SETTING TECHNICIAN, CARPENTRY, TECHNICIAN, SCAFFOLDING AND FORMWORKS TECHNICIAN, CIVIL ENGINEERING TECHNOLOGIST|DIPLOMA PROGRAM IN CIVIL ENGINEERING TECHNOLOGY|DIPLOMA PROGRAMS|MEDIUM",REGION_VII,CEBU,CONSTRUCTION,"HORIZONTAL CONSTRUCTION, INDUSTRIAL CONSTRUCTION, EQUIPMENT OPERATIONS AND MAINTENANCE","MASONRY TECHNICIAN, PLUMBING TECHNICIAN, TECHNICAL DRAFTSMAN, REINFORCING STEELWORKS TECHNICIAN, PAINTING TECHNICIAN, TILE SETTING TECHNICIAN, CARPENTRY, TECHNICIAN, SCAFFOLDING AND FORMWORKS TECHNICIAN, CIVIL ENGINEERING TECHNOLOGIST",DIPLOMA PROGRAM IN CIVIL ENGINEERING TECHNOLOGY,DIPLOMA PROGRAMS,MEDIUM,,0,0,0,0,,0,0,0,0
"REGION_VII|CEBU|CONSTRUCTION|HORIZONTAL CONSTRUCTION, RESIDENTIAL CONSTRUCTION, INDUSTRIAL CONSTRUCTION|PV SYSTEMS INSTALLATION TECHNICIAN|PV SYSTEMS INSTALLATION NC II|WITH TR|LOW",REGION_VII,CEBU,CONSTRUCTION,"HORIZONTAL CONSTRUCTION, RESIDENTIAL CONSTRUCTION, INDUSTRIAL CONSTRUCTION",PV SYSTEMS INSTALLATION TECHNICIAN,PV SYSTEMS INSTALLATION NC II,WITH TR,LOW,,0,0,0,0,,0,0,0,0
REGION_VII|CEBU|CONSTRUCTION|HORIZONTAL CONSTRUCTION|FDAS TECHNICIAN|ELECTRICAL INSTALLATION AND MAINTENANCE NC II|WITH TR|LOW,REGION_VII,CEBU,CONSTRUCTION,HORIZONTAL CONSTRUCTION,FDAS TECHNICIAN,ELECTRICAL INSTALLATION AND MAINTENANCE NC II,WITH TR,LOW,,0,0,6,6,,0,0,6,6
REGION_VII|CEBU|CONSTRUCTION|HORIZONTAL CONSTRUCTION|MOTOR GRADER OPERATOR|HEAVY EQUIPMENT OPERATION (MOTOR GRADER) NC II|WITH TR|LOW,REGION_VII,CEBU,CONSTRUCTION,HORIZONTAL CONSTRUCTION,MOTOR GRADER OPERATOR,HEAVY EQUIPMENT OPERATION (MOTOR GRADER) NC II,WITH TR,LOW,,0,0,3,3,,0,0,3,3
REGION_VII|CEBU|CONSTRUCTION|RESIDENTIAL CONSTRUCTION VERTICAL CONSTRUCTION HORIZONTAL CONTRUCTN|AIRCON INSTALLER (COMMERCIAL/ INDUSTRIAL)|RAC SERVICING (DOMRAC) NC II|WITH TR|LOW,REGION_VII,CEBU,CONSTRUCTION,RESIDENTIAL CONSTRUCTION VERTICAL CONSTRUCTION HORIZONTAL CONTRUCTN,AIRCON INSTALLER (COMMERCIAL/ INDUSTRIAL),RAC SERVICING (DOMRAC) NC II,WITH TR,LOW,,0,0,4,4,,0,0,4,4
REGION_VII|CEBU|CONSTRUCTION|RESIDENTIAL CONSTRUCTION VERTICAL CONSTRUCTION HORIZONTAL CONTRUCTN|ELECTRICIAN (COMMERCIAL AND INDUSTRIAL BUILDING)|ELECTRICAL INSTALLATION AND MAINTENANCE NC III|WITH TR|LOW,REGION_VII,CEBU,CONSTRUCTION,RESIDENTIAL CONSTRUCTION VERTICAL CONSTRUCTION HORIZONTAL CONTRUCTN,ELECTRICIAN (COMMERCIAL AND INDUSTRIAL BUILDING),ELECTRICAL INSTALLATION AND MAINTENANCE NC III,WITH TR,LOW,,0,0,2,2,,0,0,2,2
REGION_VII|CEBU|CONSTRUCTION|RESIDENTIAL CONSTRUCTION VERTICAL CONSTRUCTION HORIZONTAL CONTRUCTN|ELECTRICIAN (COMMERCIAL AND INDUSTRIAL BUILDING)|ELECTRICAL INSTALLATION AND MAINTENANCE NC III|WITH TR|MEDIUM,REGION_VII,CEBU,CONSTRUCTION,RESIDENTIAL CONSTRUCTION VERTICAL CONSTRUCTION HORIZONTAL CONTRUCTN,ELECTRICIAN (COMMERCIAL AND INDUSTRIAL BUILDING),ELECTRICAL INSTALLATION AND MAINTENANCE NC III,WITH TR,MEDIUM,,0,0,2,2,,0,0,2,2
REGION_VII|CEBU|CONSTRUCTION|RESIDENTIAL CONSTRUCTION VERTICAL CONSTRUCTION HORIZONTAL CONTRUCTN|ELEVATOR INSTALLER|ELECTRICAL INSTALLATION AND MAINTENANCE NC III|WITH TR|HIGH,REGION_VII,CEBU,CONSTRUCTION,RESIDENTIAL CONSTRUCTION VERTICAL CONSTRUCTION HORIZONTAL CONTRUCTN,ELEVATOR INSTALLER,ELECTRICAL INSTALLATION AND MAINTENANCE NC III,WITH TR,HIGH,,0,0,2,2,,0,0,2,2
REGION_VII|CEBU|CONSTRUCTION|RESIDENTIAL CONSTRUCTION VERTICAL CONSTRUCTION HORIZONTAL CONTRUCTN|ELEVATOR INSTALLER|ELECTRICAL INSTALLATION AND MAINTENANCE NC III|WITH TR|LOW,REGION_VII,CEBU,CONSTRUCTION,RESIDENTIAL CONSTRUCTION VERTICAL CONSTRUCTION HORIZONTAL CONTRUCTN,ELEVATOR INSTALLER,ELECTRICAL INSTALLATION AND MAINTENANCE NC III,WITH TR,LOW,,0,0,2,2,,0,0,2,2
REGION_VII|CEBU|CONSTRUCTION|RESIDENTIAL CONSTRUCTION VERTICAL CONSTRUCTION HORIZONTAL CONTRUCTN|PIPEFITTER (FIRE PROTECTION SYSTEM)|PIPEFITTING (METALLIC) NC II|WITH TR|LOW,REGION_VII,CEBU,CONSTRUCTION,RESIDENTIAL CONSTRUCTION VERTICAL CONSTRUCTION HORIZONTAL CONTRUCTN,PIPEFITTER (FIRE PROTECTION SYSTEM),PIPEFITTING (METALLIC) NC II,WITH TR,LOW,,0,0,2,2,,0,0,2,2
REGION_VII|CEBU|CONSTRUCTION|RESIDENTIAL CONSTRUCTION VERTICAL CONSTRUCTION HORIZONTAL CONTRUCTN|PIPEFITTER (PUMP EQUIPMENT)|PIPEFITTING (METALLIC) NC II|WITH TR|LOW,REGION_VII,CEBU,CONSTRUCTION,RESIDENTIAL CONSTRUCTION VERTICAL CONSTRUCTION HORIZONTAL CONTRUCTN,PIPEFITTER (PUMP EQUIPMENT),PIPEFITTING (METALLIC) NC II,WITH TR,LOW,,0,0,2,2,,0,0,2,2
REGION_VII|CEBU|CONSTRUCTION|RESIDENTIAL CONSTRUCTION VERTICAL CONSTRUCTION HORIZONTAL CONTRUCTN|PIPEFITTER|PLUMBING NC III|WITH TR|LOW,REGION_VII,CEBU,CONSTRUCTION,RESIDENTIAL CONSTRUCTION VERTICAL CONSTRUCTION HORIZONTAL CONTRUCTN,PIPEFITTER,PLUMBING NC III,WITH TR,LOW,,0,0,4,4,,0,0,4,4
REGION_VII|CEBU|CONSTRUCTION|RESIDENTIAL CONSTRUCTION VERTICAL CONSTRUCTION HORIZONTAL CONTRUCTN|PLUMBER|PLUMBING NC II|WITH TR|LOW,REGION_VII,CEBU,CONSTRUCTION,RESIDENTIAL CONSTRUCTION VERTICAL CONSTRUCTION HORIZONTAL CONTRUCTN,PLUMBER,PLUMBING NC II,WITH TR,LOW,,0,0,4,4,,0,0,4,4
REGION_VII|CEBU|CONSTRUCTION|RESIDENTIAL CONSTRUCTION VERTICAL CONSTRUCTION HORIZONTAL CONTRUCTN|SEALANT APPLICATOR|CONSTRUCTION PAINTING NC II|WITH TR|LOW,REGION_VII,CEBU,CONSTRUCTION,RESIDENTIAL CONSTRUCTION VERTICAL CONSTRUCTION HORIZONTAL CONTRUCTN,SEALANT APPLICATOR,CONSTRUCTION PAINTING NC II,WITH TR,LOW,,0,0,4,4,,0,0,4,4
REGION_VII|CEBU|CONSTRUCTION|RESIDENTIAL CONSTRUCTION VERTICAL CONSTRUCTION HORIZONTAL DIRECT WORKERS|CONSTRUCTION ASSISTANT (HOUSEKEEPING)|NO CORRESPONDING TVET PROGRAM|NEW AND EMERGING|LOW,REGION_VII,CEBU,CONSTRUCTION,RESIDENTIAL CONSTRUCTION VERTICAL CONSTRUCTION HORIZONTAL DIRECT WORKERS,CONSTRUCTION ASSISTANT (HOUSEKEEPING),NO CORRESPONDING TVET PROGRAM,NEW AND EMERGING,LOW,,0,0,0,0,,0,0,0,0
REGION_VII|CEBU|CONSTRUCTION|RESIDENTIAL CONSTRUCTION VERTICAL CONSTRUCTION HORIZONTAL DIRECT WORKERS|CONSTRUCTION ASSISTANT (HOUSEKEEPING)|NO CORRESPONDING TVET PROGRAM|NEW AND EMERGING|MEDIUM,REGION_VII,CEBU,CONSTRUCTION,RESIDENTIAL CONSTRUCTION VERTICAL CONSTRUCTION HORIZONTAL DIRECT WORKERS,CONSTRUCTION ASSISTANT (HOUSEKEEPING),NO CORRESPONDING TVET PROGRAM,NEW AND EMERGING,MEDIUM,,0,0,0,0,,0,0,0,0
REGION_VII|CEBU|CONSTRUCTION|RESIDENTIAL CONSTRUCTION VERTICAL CONSTRUCTION HORIZONTAL DIRECT WORKERS|PAINTER|CONSTRUCTION PAINTING NC II|WITH TR|LOW,REGION_VII,CEBU,CONSTRUCTION,RESIDENTIAL CONSTRUCTION VERTICAL CONSTRUCTION HORIZONTAL DIRECT WORKERS,PAINTER,CONSTRUCTION PAINTING NC II,WITH TR,LOW,,0,0,2,2,,0,0,2,2
REGION_VII|CEBU|CONSTRUCTION|RESIDENTIAL CONSTRUCTION VERTICAL CONSTRUCTION HORIZONTAL DIRECT WORKERS|PAINTER|CONSTRUCTION PAINTING NC II|WITH TR|MEDIUM,REGION_VII,CEBU,CONSTRUCTION,RESIDENTIAL CONSTRUCTION VERTICAL CONSTRUCTION HORIZONTAL DIRECT WORKERS,PAINTER,CONSTRUCTION PAINTING NC II,WITH TR,MEDIUM,,0,0,2,2,,0,0,2,2
REGION_VII|CEBU|CONSTRUCTION|RESIDENTIAL CONSTRUCTION VERTICAL CONSTRUCTION INDUSTRIAL|DRY WALL AND CEILING INSTALLER|CARPENTRY NC II|WITH TR|LOW,REGION_VII,CEBU,CONSTRUCTION,RESIDENTIAL CONSTRUCTION VERTICAL CONSTRUCTION INDUSTRIAL,DRY WALL AND CEILING INSTALLER,CARPENTRY NC II,WITH TR,LOW,,0,0,6,6,,0,0,6,6
REGION_VII|CEBU|CONSTRUCTION|RESIDENTIAL CONSTRUCTION VERTICAL CONSTRUCTION INDUSTRIAL|ROOF INSTALLER|NO CORRESPONDING TVET PROGRAM|NEW AND EMERGING|LOW,REGION_VII,CEBU,CONSTRUCTION,RESIDENTIAL CONSTRUCTION VERTICAL CONSTRUCTION INDUSTRIAL,ROOF INSTALLER,NO CORRESPONDING TVET PROGRAM,NEW AND EMERGING,LOW,,0,0,0,0,,0,0,0,0
REGION_VII|CEBU|CONSTRUCTION|RESIDENTIAL CONSTRUCTION VERTICAL CONSTRUCTION|CARPENTRY (FINISHING & WOODWORKING)|CARPENTRY NC II|WITH TR|MEDIUM,REGION_VII,CEBU,CONSTRUCTION,RESIDENTIAL CONSTRUCTION VERTICAL CONSTRUCTION,CARPENTRY (FINISHING & WOODWORKING),CARPENTRY NC II,WITH TR,MEDIUM,,0,0,6,6,,0,0,6,6
REGION_VII|CEBU|CONSTRUCTION|RESIDENTIAL CONSTRUCTION VERTICAL CONSTRUCTION|MASONRY (FINISHING)|MASONRY NC I|WITH TR|LOW,REGION_VII,CEBU,CONSTRUCTION,RESIDENTIAL CONSTRUCTION VERTICAL CONSTRUCTION,MASONRY (FINISHING),MASONRY NC I,WITH TR,LOW,,0,0,6,6,,0,0,6,6
"REGION_VII|CEBU|CONSTRUCTION|RESIDENTIAL CONSTRUCTION VERTICAL CONSTRUCTION|SCAFFOLDER (INSPECTION, QUALITY ASSURANCE)|SCAFFOLDING WORKS NC II (SUPPORTED TYPE SCAFFOLD)|WITH TR|LOW",REGION_VII,CEBU,CONSTRUCTION,RESIDENTIAL CONSTRUCTION VERTICAL CONSTRUCTION,"SCAFFOLDER (INSPECTION, QUALITY ASSURANCE)",SCAFFOLDING WORKS NC II (SUPPORTED TYPE SCAFFOLD),WITH TR,LOW,,0,0,4,4,,0,0,4,4
REGION_VII|CEBU|CONSTRUCTION|RESIDENTIAL CONSTRUCTION VERTICAL CONSTRUCTION|SCAFFOLDER|NO CORRESPONDING TVET PROGRAM|NEW AND EMERGING|LOW,REGION_VII,CEBU,CONSTRUCTION,RESIDENTIAL CONSTRUCTION VERTICAL CONSTRUCTION,SCAFFOLDER,NO CORRESPONDING TVET PROGRAM,NEW AND EMERGING,LOW,,0,0,0,0,,0,0,0,0
REGION_VII|CEBU|CONSTRUCTION|RESIDENTIAL CONSTRUCTION VERTICAL CONSTRUCTION|WATERPROOFER (SLABS)|NO CORRESPONDING TVET PROGRAM|NEW AND EMERGING|LOW,REGION_VII,CEBU,CONSTRUCTION,RESIDENTIAL CONSTRUCTION VERTICAL CONSTRUCTION,WATERPROOFER (SLABS),NO CORRESPONDING TVET PROGRAM,NEW AND EMERGING,LOW,,0,0,0,0,,0,0,0,0
"REGION_VII|CEBU|CONSTRUCTION|VERTICAL CONSTRUCTION
HORIZONTAL CONSTRUCTION
INDUSTRY/INDUSTRIAL CONSTRUCTION
RESIDENTIAL CONSTRUCTION|DRAFTSMAN|TECHNICAL DRAFTING NC II|WITH TR|LOW",REGION_VII,CEBU,CONSTRUCTION,"VERTICAL CONSTRUCTION
HORIZONTAL CONSTRUCTION
INDUSTRY/INDUSTRIAL CONSTRUCTION
RESIDENTIAL CONSTRUCTION",DRAFTSMAN,TECHNICAL DRAFTING NC II,WITH TR,LOW,,0,0,3,3,,0,0,3,3
REGION_VII|CEBU|CONSTRUCTION|VERTICAL CONSTRUCTION HORIZONTAL CONSTRUCTION INDUSTRIAL CONSTRUCTION|WELDER (GAS)|GAS WELDING NC I|WITH TR|MEDIUM,REGION_VII,CEBU,CONSTRUCTION,VERTICAL CONSTRUCTION HORIZONTAL CONSTRUCTION INDUSTRIAL CONSTRUCTION,WELDER (GAS),GAS WELDING NC I,WITH TR,MEDIUM,,0,0,0,0,,0,0,0,0
REGION_VII|CEBU|CONSTRUCTION|VERTICAL CONSTRUCTION HORIZONTAL CONSTRUCTION INDUSTRIAL CONSTRUCTION|WELDER (GAS)|GAS WELDING NC II|WITH TR|HIGH,REGION_VII,CEBU,CONSTRUCTION,VERTICAL CONSTRUCTION HORIZONTAL CONSTRUCTION INDUSTRIAL CONSTRUCTION,WELDER (GAS),GAS WELDING NC II,WITH TR,HIGH,,0,0,1,1,,0,0,1,1
"REGION_VII|CEBU|CONSTRUCTION|VERTICAL CONSTRUCTION HORIZONTAL CONSTRUCTION RESIDENTIAL CONSTRUCTION
DIRECT WORKERS CORPORATE SUPPORT|HEO EXCAVATOR|HEAVY EQUIPMENT OPERATION (HYDRAULIC EXCAVATOR) NC II|WITH TR|LOW",REGION_VII,CEBU,CONSTRUCTION,"VERTICAL CONSTRUCTION HORIZONTAL CONSTRUCTION RESIDENTIAL CONSTRUCTION
DIRECT WORKERS CORPORATE SUPPORT",HEO EXCAVATOR,HEAVY EQUIPMENT OPERATION (HYDRAULIC EXCAVATOR) NC II,WITH TR,LOW,,0,0,2,2,,0,0,2,2
"REGION_VII|CEBU|CONSTRUCTION|VERTICAL CONSTRUCTION HORIZONTAL CONSTRUCTION RESIDENTIAL CONSTRUCTION
DIRECTO WORKERS CORPORATE SUPPORT|HEO BACKHOE LOADER|HEAVY EQUIPMENT OPERATION (BACKHOE LOADER) NC II|WITH TR|LOW",REGION_VII,CEBU,CONSTRUCTION,"VERTICAL CONSTRUCTION HORIZONTAL CONSTRUCTION RESIDENTIAL CONSTRUCTION
DIRECTO WORKERS CORPORATE SUPPORT",HEO BACKHOE LOADER,HEAVY EQUIPMENT OPERATION (BACKHOE LOADER) NC II,WITH TR,LOW,,0,0,0,0,,0,0,0,0
REGION_VII|CEBU|CONSTRUCTION|VERTICAL CONSTRUCTION HORIZONTAL CONSTRUCTION RESIDENTIAL CONSTRUCTION INDUSTRIAL CONSTRUCTION|CONSTRUCTION PAINTER (APPLICATION)|CONSTRUCTION PAINTING NC II|WITH TR|LOW,REGION_VII,CEBU,CONSTRUCTION,VERTICAL CONSTRUCTION HORIZONTAL CONSTRUCTION RESIDENTIAL CONSTRUCTION INDUSTRIAL CONSTRUCTION,CONSTRUCTION PAINTER (APPLICATION),CONSTRUCTION PAINTING NC II,WITH TR,LOW,,0,0,2,2,,0,0,2,2
REGION_VII|CEBU|CONSTRUCTION|VERTICAL CONSTRUCTION HORIZONTAL CONSTRUCTION RESIDENTIAL CONSTRUCTION INDUSTRIAL CONSTRUCTION|CONSTRUCTION PAINTER (APPLICATION)|CONSTRUCTION PAINTING NC II|WITH TR|MEDIUM,REGION_VII,CEBU,CONSTRUCTION,VERTICAL CONSTRUCTION HORIZONTAL CONSTRUCTION RESIDENTIAL CONSTRUCTION INDUSTRIAL CONSTRUCTION,CONSTRUCTION PAINTER (APPLICATION),CONSTRUCTION PAINTING NC II,WITH TR,MEDIUM,,0,0,2,2,,0,0,2,2
"REGION_VII|CEBU|CONSTRUCTION|VERTICAL CONSTRUCTION HORIZONTAL CONSTRUCTION RESIDENTIAL CONSTRUCTION INDUSTRIAL CONSTRUCTION|CONSTRUCTION PAINTER (REPAIR AND ARTISTIC APPLICATION, MIXING))|CONSTRUCTION PAINTING NC II|WITH TR|LOW",REGION_VII,CEBU,CONSTRUCTION,VERTICAL CONSTRUCTION HORIZONTAL CONSTRUCTION RESIDENTIAL CONSTRUCTION INDUSTRIAL CONSTRUCTION,"CONSTRUCTION PAINTER (REPAIR AND ARTISTIC APPLICATION, MIXING))",CONSTRUCTION PAINTING NC II,WITH TR,LOW,,0,0,2,2,,0,0,2,2
"REGION_VII|CEBU|CONSTRUCTION|VERTICAL CONSTRUCTION HORIZONTAL CONSTRUCTION RESIDENTIAL CONSTRUCTION INDUSTRIAL CONSTRUCTION|CONSTRUCTION PAINTER (REPAIR AND ARTISTIC APPLICATION, MIXING))|TILE SETTING NC II|WITH TR|MEDIUM",REGION_VII,CEBU,CONSTRUCTION,VERTICAL CONSTRUCTION HORIZONTAL CONSTRUCTION RESIDENTIAL CONSTRUCTION INDUSTRIAL CONSTRUCTION,"CONSTRUCTION PAINTER (REPAIR AND ARTISTIC APPLICATION, MIXING))",TILE SETTING NC II,WITH TR,MEDIUM,,0,0,2,2,,0,0,2,2
REGION_VII|CEBU|CONSTRUCTION|VERTICAL CONSTRUCTION HORIZONTAL CONSTRUCTION RESIDENTIAL CONSTRUCTION INDUSTRIAL CONSTRUCTION|DRY WALL AND CEILING INSTALLER|CARPENTRY NC III|WITH TR|LOW,REGION_VII,CEBU,CONSTRUCTION,VERTICAL CONSTRUCTION HORIZONTAL CONSTRUCTION RESIDENTIAL CONSTRUCTION INDUSTRIAL CONSTRUCTION,DRY WALL AND CEILING INSTALLER,CARPENTRY NC III,WITH TR,LOW,,0,0,0,0,,0,0,0,0
REGION_VII|CEBU|CONSTRUCTION|VERTICAL CONSTRUCTION HORIZONTAL CONSTRUCTION RESIDENTIAL CONSTRUCTION INDUSTRIAL CONSTRUCTION|DRY WALL AND CEILING INSTALLER|CARPENTRY NC III|WITH TR|MEDIUM,REGION_VII,CEBU,CONSTRUCTION,VERTICAL CONSTRUCTION HORIZONTAL CONSTRUCTION RESIDENTIAL CONSTRUCTION INDUSTRIAL CONSTRUCTION,DRY WALL AND CEILING INSTALLER,CARPENTRY NC III,WITH TR,MEDIUM,,0,0,0,0,,0,0,0,0
REGION_VII|CEBU|CONSTRUCTION|VERTICAL CONSTRUCTION HORIZONTAL CONSTRUCTION RESIDENTIAL CONSTRUCTION INDUSTRIAL CONSTRUCTION|GLASS INSTALLER (GLAZING WORKS)|NO CORRESPONDING TVET PROGRAM|NEW AND EMERGING|LOW,REGION_VII,CEBU,CONSTRUCTION,VERTICAL CONSTRUCTION HORIZONTAL CONSTRUCTION RESIDENTIAL CONSTRUCTION INDUSTRIAL CONSTRUCTION,GLASS INSTALLER (GLAZING WORKS),NO CORRESPONDING TVET PROGRAM,NEW AND EMERGING,LOW,,0,0,0,0,,0,0,0,0
REGION_VII|CEBU|CONSTRUCTION|VERTICAL CONSTRUCTION HORIZONTAL CONSTRUCTION RESIDENTIAL CONSTRUCTION INDUSTRIAL CONSTRUCTION|LAMINATE INSTALLER|CARPENTRY NC II|WITH TR|LOW,REGION_VII,CEBU,CONSTRUCTION,VERTICAL CONSTRUCTION HORIZONTAL CONSTRUCTION RESIDENTIAL CONSTRUCTION INDUSTRIAL CONSTRUCTION,LAMINATE INSTALLER,CARPENTRY NC II,WITH TR,LOW,,0,0,3,3,,0,0,3,3
REGION_VII|CEBU|CONSTRUCTION|VERTICAL CONSTRUCTION HORIZONTAL CONSTRUCTION RESIDENTIAL CONSTRUCTION INDUSTRIAL CONSTRUCTION|LAMINATE INSTALLER|CARPENTRY NC II|WITH TR|MEDIUM,REGION_VII,CEBU,CONSTRUCTION,VERTICAL CONSTRUCTION HORIZONTAL CONSTRUCTION RESIDENTIAL CONSTRUCTION INDUSTRIAL CONSTRUCTION,LAMINATE INSTALLER,CARPENTRY NC II,WITH TR,MEDIUM,,0,0,3,3,,0,0,3,3
REGION_VII|CEBU|CONSTRUCTION|VERTICAL CONSTRUCTION HORIZONTAL CONSTRUCTION RESIDENTIAL CONSTRUCTION INDUSTRIAL CONSTRUCTION|TILE SETTING|TILE SETTING NC II|WITH TR|LOW,REGION_VII,CEBU,CONSTRUCTION,VERTICAL CONSTRUCTION HORIZONTAL CONSTRUCTION RESIDENTIAL CONSTRUCTION INDUSTRIAL CONSTRUCTION,TILE SETTING,TILE SETTING NC II,WITH TR,LOW,,0,0,4,4,,0,0,4,4
REGION_VII|CEBU|CONSTRUCTION|VERTICAL CONSTRUCTION HORIZONTAL CONSTRUCTION RESIDENTIAL CONSTRUCTION|AIRLESS PAINTER|CONSTRUCTION PAINTING NC II|WITH TR|LOW,REGION_VII,CEBU,CONSTRUCTION,VERTICAL CONSTRUCTION HORIZONTAL CONSTRUCTION RESIDENTIAL CONSTRUCTION,AIRLESS PAINTER,CONSTRUCTION PAINTING NC II,WITH TR,LOW,,0,0,2,2,,0,0,2,2
REGION_VII|CEBU|CONSTRUCTION|VERTICAL CONSTRUCTION HORIZONTAL CONSTRUCTION RESIDENTIAL CONSTRUCTION|AIRLESS PAINTER|CONSTRUCTION PAINTING NC II|WITH TR|MEDIUM,REGION_VII,CEBU,CONSTRUCTION,VERTICAL CONSTRUCTION HORIZONTAL CONSTRUCTION RESIDENTIAL CONSTRUCTION,AIRLESS PAINTER,CONSTRUCTION PAINTING NC II,WITH TR,MEDIUM,,0,0,0,0,,0,0,0,0
REGION_VII|CEBU|CONSTRUCTION|VERTICAL CONSTRUCTION HORIZONTAL CONSTRUCTION RESIDENTIAL CONSTRUCTION|STEELMAN|REINFORCING STEEL WORKS NC II|WITH TR|LOW,REGION_VII,CEBU,CONSTRUCTION,VERTICAL CONSTRUCTION HORIZONTAL CONSTRUCTION RESIDENTIAL CONSTRUCTION,STEELMAN,REINFORCING STEEL WORKS NC II,WITH TR,LOW,,0,0,2,2,,0,0,2,2
REGION_VII|CEBU|CONSTRUCTION|VERTICAL CONSTRUCTION HORIZONTAL CONSTRUCTION RESIDENTIAL CONSTRUCTION|SURVEY ASSISTANT|NO CORRESPONDING TVET PROGRAM|NEW AND EMERGING|LOW,REGION_VII,CEBU,CONSTRUCTION,VERTICAL CONSTRUCTION HORIZONTAL CONSTRUCTION RESIDENTIAL CONSTRUCTION,SURVEY ASSISTANT,NO CORRESPONDING TVET PROGRAM,NEW AND EMERGING,LOW,,0,0,0,0,,0,0,0,0
REGION_VII|CEBU|CONSTRUCTION|VERTICAL CONSTRUCTION HORIZONTAL CONSTRUCTION RESIDENTIAL CONSTRUCTION|SYSTEM FORWORKS INSTALLER|SYSTEM FORMWORKS INSTALLATION NC II|WITH TR|MEDIUM,REGION_VII,CEBU,CONSTRUCTION,VERTICAL CONSTRUCTION HORIZONTAL CONSTRUCTION RESIDENTIAL CONSTRUCTION,SYSTEM FORWORKS INSTALLER,SYSTEM FORMWORKS INSTALLATION NC II,WITH TR,MEDIUM,,0,0,2,2,,0,0,2,2
REGION_VII|CEBU|CONSTRUCTION|VERTICAL CONSTRUCTION HORIZONTAL CONTRUCTN|FDAS TECHNICIAN|ELECTRICAL INSTALLATION AND MAINTENANCE NC II|WITH TR|HIGH,REGION_VII,CEBU,CONSTRUCTION,VERTICAL CONSTRUCTION HORIZONTAL CONTRUCTN,FDAS TECHNICIAN,ELECTRICAL INSTALLATION AND MAINTENANCE NC II,WITH TR,HIGH,,0,0,6,6,,0,0,6,6
REGION_VII|CEBU|CONSTRUCTION|VERTICAL CONSTRUCTION HORIZONTAL CONTRUCTN|PIPEFITTER (FIRE PROTECTION SYSTEM)|PIPEFITTING (METALLIC) NC II|WITH TR|LOW,REGION_VII,CEBU,CONSTRUCTION,VERTICAL CONSTRUCTION HORIZONTAL CONTRUCTN,PIPEFITTER (FIRE PROTECTION SYSTEM),PIPEFITTING (METALLIC) NC II,WITH TR,LOW,,0,0,2,2,,0,0,2,2
REGION_VII|CEBU|CONSTRUCTION|VERTICAL CONSTRUCTION HORIZONTAL CONTRUCTN|PIPEFITTER (PUMP EQUIPMENT)|PIPEFITTING (METALLIC) NC II|WITH TR|LOW,REGION_VII,CEBU,CONSTRUCTION,VERTICAL CONSTRUCTION HORIZONTAL CONTRUCTN,PIPEFITTER (PUMP EQUIPMENT),PIPEFITTING (METALLIC) NC II,WITH TR,LOW,,0,0,2,2,,0,0,2,2
REGION_VII|CEBU|CONSTRUCTION|VERTICAL CONSTRUCTION HORIZONTAL CONTRUCTN|WELDER (SMAW)|MANUAL METAL ARC WELDING (MMAW) NC II|WITH TR|HIGH,REGION_VII,CEBU,CONSTRUCTION,VERTICAL CONSTRUCTION HORIZONTAL CONTRUCTN,WELDER (SMAW),MANUAL METAL ARC WELDING (MMAW) NC II,WITH TR,HIGH,,0,0,9,9,,0,0,9,9
REGION_VII|CEBU|CONSTRUCTION|VERTICAL CONSTRUCTION HORIZONTAL CONTRUCTN|WELDER (SMAW)|MANUAL METAL ARC WELDING (MMAW) NC II|WITH TR|LOW,REGION_VII,CEBU,CONSTRUCTION,VERTICAL CONSTRUCTION HORIZONTAL CONTRUCTN,WELDER (SMAW),MANUAL METAL ARC WELDING (MMAW) NC II,WITH TR,LOW,,0,0,9,9,,0,0,9,9
REGION_VII|CEBU|CONSTRUCTION|VERTICAL CONSTRUCTION INDUSTRIAL CONSTRUCTION RESIDENTIAL CONSTRUCTION HORIZONTAL CONSTRUCTION DIRECT WORKERS|CARPENTRY (FINISHING)|CARPENTRY NC II|WITH TR|MEDIUM,REGION_VII,CEBU,CONSTRUCTION,VERTICAL CONSTRUCTION INDUSTRIAL CONSTRUCTION RESIDENTIAL CONSTRUCTION HORIZONTAL CONSTRUCTION DIRECT WORKERS,CARPENTRY (FINISHING),CARPENTRY NC II,WITH TR,MEDIUM,,0,0,3,3,,0,0,3,3
REGION_VII|CEBU|CONSTRUCTION|VERTICAL CONSTRUCTION INDUSTRIAL CONSTRUCTION RESIDENTIAL CONSTRUCTION HORIZONTAL CONSTRUCTION DIRECT WORKERS|CARPENTRY (ROUGH)|CARPENTRY NC II|WITH TR|LOW,REGION_VII,CEBU,CONSTRUCTION,VERTICAL CONSTRUCTION INDUSTRIAL CONSTRUCTION RESIDENTIAL CONSTRUCTION HORIZONTAL CONSTRUCTION DIRECT WORKERS,CARPENTRY (ROUGH),CARPENTRY NC II,WITH TR,LOW,,0,0,3,3,,0,0,3,3
REGION_VII|CEBU|CONSTRUCTION|VERTICAL CONSTRUCTION RESIDENTIAL CONSTRUCTION|FINISHING MASON|MASONRY NC III|WITH TR|LOW,REGION_VII,CEBU,CONSTRUCTION,VERTICAL CONSTRUCTION RESIDENTIAL CONSTRUCTION,FINISHING MASON,MASONRY NC III,WITH TR,LOW,,0,0,0,0,,0,0,0,0
REGION_VII|CEBU|CONSTRUCTION|VERTICAL CONSTRUCTION RESIDENTIAL CONSTRUCTION|SPECIALIZED CARPENTER|CARPENTRY NC III|WITH TR|LOW,REGION_VII,CEBU,CONSTRUCTION,VERTICAL CONSTRUCTION RESIDENTIAL CONSTRUCTION,SPECIALIZED CARPENTER,CARPENTRY NC III,WITH TR,LOW,,0,0,1,1,,0,0,1,1
REGION_VII|CEBU|CONSTRUCTION|VERTICAL HORIZONTAL|WATERPROOFER (VERTICAL WALLS)|CONSTRUCTION PAINTING NC II|WITH TR|LOW,REGION_VII,CEBU,CONSTRUCTION,VERTICAL HORIZONTAL,WATERPROOFER (VERTICAL WALLS),CONSTRUCTION PAINTING NC II,WITH TR,LOW,,0,0,2,2,,0,0,2,2
REGION_VII|CEBU|CONSTRUCTION|VERTICAL HORIZONTAL|WATERPROOFER (VERTICAL WALLS)|CONSTRUCTION PAINTING NC II|WITH TR|MEDIUM,REGION_VII,CEBU,CONSTRUCTION,VERTICAL HORIZONTAL,WATERPROOFER (VERTICAL WALLS),CONSTRUCTION PAINTING NC II,WITH TR,MEDIUM,,0,0,2,2,,0,0,2,2
REGION_VII|CEBU|CONSTRUCTION|VERTICAL INDUSTRIAL RESIDENTIAL DIRECT WORKS EQUIPMENT OPERATORS AND MAINTENANCE DIRECT WORKERS|TRANSIT MIXER|HEAVY EQUIPMENT OPERATION (TRANSIT MIXER) NC II|WITH TR|LOW,REGION_VII,CEBU,CONSTRUCTION,VERTICAL INDUSTRIAL RESIDENTIAL DIRECT WORKS EQUIPMENT OPERATORS AND MAINTENANCE DIRECT WORKERS,TRANSIT MIXER,HEAVY EQUIPMENT OPERATION (TRANSIT MIXER) NC II,WITH TR,LOW,,0,0,2,2,,0,0,2,2
REGION_VII|CEBU|CONSTRUCTION|VERTICAL INDUSTRIAL RESIDENTIAL DIRECT WORKS|SCAFFOLDER|SCAFFOLDING WORKS NC II (SUPPORTED TYPE SCAFFOLD)|WITH TR|LOW,REGION_VII,CEBU,CONSTRUCTION,VERTICAL INDUSTRIAL RESIDENTIAL DIRECT WORKS,SCAFFOLDER,SCAFFOLDING WORKS NC II (SUPPORTED TYPE SCAFFOLD),WITH TR,LOW,,0,0,1,1,,0,0,1,1
REGION_VII|CEBU|CONSTRUCTION|VERTICAL INDUSTRIAL RESIDENTIAL DIRECT WORKS|WELDER (STRUCTURAL)|FLUX-CORED ARC WELDING (FCAW) NC II|WITH TR|MEDIUM,REGION_VII,CEBU,CONSTRUCTION,VERTICAL INDUSTRIAL RESIDENTIAL DIRECT WORKS,WELDER (STRUCTURAL),FLUX-CORED ARC WELDING (FCAW) NC II,WITH TR,MEDIUM,,0,0,2,2,,0,0,2,2
REGION_VII|CEBU|CONSTRUCTION|VERTICAL INDUSTRIAL RESIDENTIAL DIRECT WORKS|WELDER (STRUCTURAL)|GAS TUNGSTEN ARC WELDING (GTAW) NC II|WITH TR|HIGH,REGION_VII,CEBU,CONSTRUCTION,VERTICAL INDUSTRIAL RESIDENTIAL DIRECT WORKS,WELDER (STRUCTURAL),GAS TUNGSTEN ARC WELDING (GTAW) NC II,WITH TR,HIGH,,0,0,3,3,,0,0,3,3
REGION_VII|CEBU|CONSTRUCTION|VERTICAL INDUSTRIAL RESIDENTIAL DIRECT WORKS|WELDER (STRUCTURAL)|MANUAL METAL ARC WELDING (MMAW) NC II|WITH TR|LOW,REGION_VII,CEBU,CONSTRUCTION,VERTICAL INDUSTRIAL RESIDENTIAL DIRECT WORKS,WELDER (STRUCTURAL),MANUAL METAL ARC WELDING (MMAW) NC II,WITH TR,LOW,,0,0,9,9,,0,0,9,9
"REGION_VII|CEBU|CONSTRUCTION|VERTICAL INDUSTRIAL RESIDENTIAL PROJECT MANAGEMENT|SCAFFOLDER (INSPECTION, QUALITY ASSURANCE)|NO CORRESPONDING TVET PROGRAM|NEW AND EMERGING|LOW",REGION_VII,CEBU,CONSTRUCTION,VERTICAL INDUSTRIAL RESIDENTIAL PROJECT MANAGEMENT,"SCAFFOLDER (INSPECTION, QUALITY ASSURANCE)",NO CORRESPONDING TVET PROGRAM,NEW AND EMERGING,LOW,,0,0,0,0,,0,0,0,0
REGION_VII|CEBU|CREATIVE SECTOR|CIRCUS LIVE EVENTS|PERFORMER (MAGICIAN)|PERFORMING ARTS (MAGICIAN) NC II|WITH TR|LOW,REGION_VII,CEBU,CREATIVE SECTOR,CIRCUS LIVE EVENTS,PERFORMER (MAGICIAN),PERFORMING ARTS (MAGICIAN) NC II,WITH TR,LOW,,0,0,0,0,,0,0,0,0
REGION_VII|CEBU|CREATIVE SECTOR|DANCE LIVE MUSIC MUSICAL THEATER LIVE EVENTS|PERFORMER (BALLROOM DANCER)|PERFORMING ARTS (BALLROOM DANCING) NC II|WITH TR|LOW,REGION_VII,CEBU,CREATIVE SECTOR,DANCE LIVE MUSIC MUSICAL THEATER LIVE EVENTS,PERFORMER (BALLROOM DANCER),PERFORMING ARTS (BALLROOM DANCING) NC II,WITH TR,LOW,,0,0,0,0,,0,0,0,0
REGION_VII|CEBU|CREATIVE SECTOR|DANCE LIVE MUSIC MUSICAL THEATER LIVE EVENTS|PERFORMER (DANCER)|PERFORMING ARTS (DANCE) NC II|WITH TR|LOW,REGION_VII,CEBU,CREATIVE SECTOR,DANCE LIVE MUSIC MUSICAL THEATER LIVE EVENTS,PERFORMER (DANCER),PERFORMING ARTS (DANCE) NC II,WITH TR,LOW,,0,0,0,0,,0,0,0,0
REGION_VII|CEBU|CREATIVE SECTOR|DESIGN CREATIVE|EVENTS COORDINATOR|EVENTS MANAGEMENT SERVICES NC III|WITH TR|LOW,REGION_VII,CEBU,CREATIVE SECTOR,DESIGN CREATIVE,EVENTS COORDINATOR,EVENTS MANAGEMENT SERVICES NC III,WITH TR,LOW,,0,0,3,3,,0,0,3,3
REGION_VII|CEBU|CREATIVE SECTOR|GASTRONOMY|SERVER|FOOD AND BEVERAGE SERVICES NC II|WITH TR|LOW,REGION_VII,CEBU,CREATIVE SECTOR,GASTRONOMY,SERVER,FOOD AND BEVERAGE SERVICES NC II,WITH TR,LOW,,0,0,4,4,,0,0,4,4
REGION_VII|CEBU|CREATIVE SECTOR|GRAPHIC DESIGNING|ANIMATOR|2D ANIMATION NC III|WITH TR|MEDIUM,REGION_VII,CEBU,CREATIVE SECTOR,GRAPHIC DESIGNING,ANIMATOR,2D ANIMATION NC III,WITH TR,MEDIUM,,0,0,0,0,,0,0,0,0
REGION_VII|CEBU|CREATIVE SECTOR|GRAPHIC DESIGNING|VISUAL GRAPHIC MULTIMEDIA ARTIST|VISUAL GRAPHIC DESIGN NC III|WITH TR|LOW,REGION_VII,CEBU,CREATIVE SECTOR,GRAPHIC DESIGNING,VISUAL GRAPHIC MULTIMEDIA ARTIST,VISUAL GRAPHIC DESIGN NC III,WITH TR,LOW,,0,0,0,0,,0,0,0,0
REGION_VII|CEBU|CREATIVE SECTOR|LIVE MUSIC MUSICAL THEATER LIVE EVENTS OPERA|PERFORMER (SINGER)|PERFORMING ARTS (SONG) NC II|WITH TR|HIGH,REGION_VII,CEBU,CREATIVE SECTOR,LIVE MUSIC MUSICAL THEATER LIVE EVENTS OPERA,PERFORMER (SINGER),PERFORMING ARTS (SONG) NC II,WITH TR,HIGH,,0,0,0,0,,0,0,0,0
REGION_VII|CEBU|CREATIVE SECTOR|PHOTOGRAPHY|FILM AND PHOTOGRAPHY SKILLS/ PROFESSIONAL PHOTOGRAPHER|PHOTOGRAPHY NC II|WITH TR|LOW,REGION_VII,CEBU,CREATIVE SECTOR,PHOTOGRAPHY,FILM AND PHOTOGRAPHY SKILLS/ PROFESSIONAL PHOTOGRAPHER,PHOTOGRAPHY NC II,WITH TR,LOW,,0,0,2,2,,0,0,2,2
REGION_VII|CEBU|CREATIVE SECTOR|TEXTILE DEVELOPMENT|HANDLOOM WEAVER|HANDLOOM WEAVING (UPRIGHT) NC II|WITH TR|LOW,REGION_VII,CEBU,CREATIVE SECTOR,TEXTILE DEVELOPMENT,HANDLOOM WEAVER,HANDLOOM WEAVING (UPRIGHT) NC II,WITH TR,LOW,,0,0,0,0,,0,0,0,0
REGION_VII|CEBU|CREATIVE SECTOR|VLOGS|VIDEO EDITOR|FILM AND VIDEO POSTPRODUCTION LEVEL III|WITH CS|LOW,REGION_VII,CEBU,CREATIVE SECTOR,VLOGS,VIDEO EDITOR,FILM AND VIDEO POSTPRODUCTION LEVEL III,WITH CS,LOW,,0,0,0,0,,0,0,0,0
REGION_VII|CEBU|CREATIVE SECTOR|VLOGS|VIDEO EDITOR|FILM AND VIDEO POSTPRODUCTION LEVEL III|WITH CS|MEDIUM,REGION_VII,CEBU,CREATIVE SECTOR,VLOGS,VIDEO EDITOR,FILM AND VIDEO POSTPRODUCTION LEVEL III,WITH CS,MEDIUM,,0,0,0,0,,0,0,0,0
"REGION_VII|CEBU|ELECTRICAL & ELECTRONICS|ELECTRICAL AND ELECTRONICS|MACHINES OPERATOR, WELDER/FABRICATOR, MECHANICAL TECHNICIAN, CAD/CAM OPERATOR, CNC LATHE PROGRAMMER, CNC MILLING PROGRAMMER, ASSISTANT SUPERVISOR, ASSISTANT TRAINER, ENTREPRENEUR|DIPLOMA PROGRAM IN ELECTRICAL TECHNOLOGY|DIPLOMA PROGRAMS|LOW",REGION_VII,CEBU,ELECTRICAL & ELECTRONICS,ELECTRICAL AND ELECTRONICS,"MACHINES OPERATOR, WELDER/FABRICATOR, MECHANICAL TECHNICIAN, CAD/CAM OPERATOR, CNC LATHE PROGRAMMER, CNC MILLING PROGRAMMER, ASSISTANT SUPERVISOR, ASSISTANT TRAINER, ENTREPRENEUR",DIPLOMA PROGRAM IN ELECTRICAL TECHNOLOGY,DIPLOMA PROGRAMS,LOW,,0,0,0,0,,0,0,0,0
REGION_VII|CEBU|ELECTRICAL & ELECTRONICS|INDUSTRIAL AUTOMATION|MECHATRONICS AND AUTOMATION TECHNICIAN|MECHATRONICS SERVICING NC II|WITH TR|MEDIUM,REGION_VII,CEBU,ELECTRICAL & ELECTRONICS,INDUSTRIAL AUTOMATION,MECHATRONICS AND AUTOMATION TECHNICIAN,MECHATRONICS SERVICING NC II,WITH TR,MEDIUM,,0,0,0,0,,0,0,0,0
REGION_VII|CEBU|ENERGY|DESIGNATED ESTABLISHMENTS|TECHNICAL SUPPORT STAFF OF CERTIFIED ENERGY MANAGER|ENERGY EFFICIENCY AND CONSERVATION LEVEL III|WITH CS|LOW,REGION_VII,CEBU,ENERGY,DESIGNATED ESTABLISHMENTS,TECHNICAL SUPPORT STAFF OF CERTIFIED ENERGY MANAGER,ENERGY EFFICIENCY AND CONSERVATION LEVEL III,WITH CS,LOW,,0,0,0,0,,0,0,0,0
"REGION_VII|CEBU|ENERGY|EV CHARGING EQUIPMENT, ASSEMBLY, INSTALLATION AND SALES|EVSE INSTALLATION TECHNICIAN|ELECTRICAL INSTALLATION AND MAINTENANCE NC II|WITH TR|HIGH",REGION_VII,CEBU,ENERGY,"EV CHARGING EQUIPMENT, ASSEMBLY, INSTALLATION AND SALES",EVSE INSTALLATION TECHNICIAN,ELECTRICAL INSTALLATION AND MAINTENANCE NC II,WITH TR,HIGH,,0,0,6,6,,0,0,6,6
REGION_VII|CEBU|ENERGY|EV CHARGING STATION OPERATION|CHARGING FACILITY MANAGER/SAFETY OFFICER|NO CORRESPONDING TVET PROGRAM|NEW AND EMERGING|LOW,REGION_VII,CEBU,ENERGY,EV CHARGING STATION OPERATION,CHARGING FACILITY MANAGER/SAFETY OFFICER,NO CORRESPONDING TVET PROGRAM,NEW AND EMERGING,LOW,,0,0,0,0,,0,0,0,0
REGION_VII|CEBU|ENERGY|EV CHARGING STATION OPERATION|CHARGING SERVICE PERSONNEL|NO CORRESPONDING TVET PROGRAM|NEW AND EMERGING|LOW,REGION_VII,CEBU,ENERGY,EV CHARGING STATION OPERATION,CHARGING SERVICE PERSONNEL,NO CORRESPONDING TVET PROGRAM,NEW AND EMERGING,LOW,,0,0,0,0,,0,0,0,0
REGION_VII|CEBU|ENERGY|EV CHARGING STATION OPERATION|EVSE REPAIR AND MAINTENANCE|ELECTRICAL INSTALLATION AND MAINTENANCE NC II|WITH TR|MEDIUM,REGION_VII,CEBU,ENERGY,EV CHARGING STATION OPERATION,EVSE REPAIR AND MAINTENANCE,ELECTRICAL INSTALLATION AND MAINTENANCE NC II,WITH TR,MEDIUM,,0,0,6,6,,0,0,6,6
REGION_VII|CEBU|ENERGY|EV CHARGING STATION OPERATION|TECHNICAL SUPPORT ASSOCIATE (FOE SELF-SERVICE CHARGING)|NO CORRESPONDING TVET PROGRAM|NEW AND EMERGING|LOW,REGION_VII,CEBU,ENERGY,EV CHARGING STATION OPERATION,TECHNICAL SUPPORT ASSOCIATE (FOE SELF-SERVICE CHARGING),NO CORRESPONDING TVET PROGRAM,NEW AND EMERGING,LOW,,0,0,0,0,,0,0,0,0
REGION_VII|CEBU|ENERGY|EV FLEET OPERATIONS (E.G. PUBLIC/PRIVATE TRANSPORT COOPERATIVES)|EV DRIVER|NO CORRESPONDING TVET PROGRAM|NEW AND EMERGING|MEDIUM,REGION_VII,CEBU,ENERGY,EV FLEET OPERATIONS (E.G. PUBLIC/PRIVATE TRANSPORT COOPERATIVES),EV DRIVER,NO CORRESPONDING TVET PROGRAM,NEW AND EMERGING,MEDIUM,,0,0,0,0,,0,0,0,0
REGION_VII|CEBU|ENERGY|EV MANUFACTURING|EV ELECTRICAL ASSEMBLY|AUTOMOTIVE ELECTRICAL ASSEMBLY NC III|WITH TR|MEDIUM,REGION_VII,CEBU,ENERGY,EV MANUFACTURING,EV ELECTRICAL ASSEMBLY,AUTOMOTIVE ELECTRICAL ASSEMBLY NC III,WITH TR,MEDIUM,,0,0,0,0,,0,0,0,0
REGION_VII|CEBU|ENERGY|EV MANUFACTURING|EV MECHANICAL ASSEMBLY PERSONNEL|AUTOMOTIVE MECHANICAL ASSEMBLY NC II|WITH TR|MEDIUM,REGION_VII,CEBU,ENERGY,EV MANUFACTURING,EV MECHANICAL ASSEMBLY PERSONNEL,AUTOMOTIVE MECHANICAL ASSEMBLY NC II,WITH TR,MEDIUM,,0,0,0,0,,0,0,0,0
REGION_VII|CEBU|ENERGY|EV MANUFACTURING|EV TEST TECHNICIAN|NO CORRESPONDING TVET PROGRAM|NEW AND EMERGING|LOW,REGION_VII,CEBU,ENERGY,EV MANUFACTURING,EV TEST TECHNICIAN,NO CORRESPONDING TVET PROGRAM,NEW AND EMERGING,LOW,,0,0,0,0,,0,0,0,0
REGION_VII|CEBU|ENERGY|EV MANUFACTURING|EVSE ELECTRICAL SUPPLY SYSTEM DESIGNER|NO CORRESPONDING TVET PROGRAM|NEW AND EMERGING|HIGH,REGION_VII,CEBU,ENERGY,EV MANUFACTURING,EVSE ELECTRICAL SUPPLY SYSTEM DESIGNER,NO CORRESPONDING TVET PROGRAM,NEW AND EMERGING,HIGH,,0,0,0,0,,0,0,0,0
REGION_VII|CEBU|ENERGY|EV SERVICING AND MAINTENANCE (FOR PRIVATE/PUBLIC VEHICLES)|EV ELECTRICAL SERVICE TECHNICIAN|AUTOMOTIVE SERVICING (ELECTRICAL REPAIR) NC II|WITH TR|MEDIUM,REGION_VII,CEBU,ENERGY,EV SERVICING AND MAINTENANCE (FOR PRIVATE/PUBLIC VEHICLES),EV ELECTRICAL SERVICE TECHNICIAN,AUTOMOTIVE SERVICING (ELECTRICAL REPAIR) NC II,WITH TR,MEDIUM,,0,0,1,1,,0,0,1,1
REGION_VII|CEBU|ENERGY|EV SERVICING AND MAINTENANCE (FOR PRIVATE/PUBLIC VEHICLES)|EV MECHANICAL SERVICE TECHNICIAN|AUTOMOTIVE SERVICING NC I|WITH TR|LOW,REGION_VII,CEBU,ENERGY,EV SERVICING AND MAINTENANCE (FOR PRIVATE/PUBLIC VEHICLES),EV MECHANICAL SERVICE TECHNICIAN,AUTOMOTIVE SERVICING NC I,WITH TR,LOW,,0,0,3,3,,0,0,3,3
REGION_VII|CEBU|ENERGY|SOLAR|SOLAR INSTALLER|PV SYSTEMS INSTALLATION NC II|WITH TR|MEDIUM,REGION_VII,CEBU,ENERGY,SOLAR,SOLAR INSTALLER,PV SYSTEMS INSTALLATION NC II,WITH TR,MEDIUM,,0,0,2,2,,0,0,2,2
"REGION_VII|CEBU|FURNITURE AND FIXTURES|DESIGN AND CREATIVE DOMAIN|MACHINES OPERATOR, FURNITURE MAKER/ASSEMBLER, FURNITURE FINISHER, CABINET MAKER/ASSEMBLER, CAD OPERATOR, CNC MILLING PROGRAMMER, ASSISTANT SUPERVISOR, ASSISTANT TRAINER, ENTREPRENEUR|DIPLOMA PROGRAM IN FURNITURE MAKING TECHNOLOGY|DIPLOMA PROGRAMS|LOW",REGION_VII,CEBU,FURNITURE AND FIXTURES,DESIGN AND CREATIVE DOMAIN,"MACHINES OPERATOR, FURNITURE MAKER/ASSEMBLER, FURNITURE FINISHER, CABINET MAKER/ASSEMBLER, CAD OPERATOR, CNC MILLING PROGRAMMER, ASSISTANT SUPERVISOR, ASSISTANT TRAINER, ENTREPRENEUR",DIPLOMA PROGRAM IN FURNITURE MAKING TECHNOLOGY,DIPLOMA PROGRAMS,LOW,,0,0,0,0,,0,0,0,0
REGION_VII|CEBU|GARMENTS|GARMENTS|FASHION DESIGNER (APPAREL)|FASHION DESIGN (APPAREL) NC III|WITH TR|LOW,REGION_VII,CEBU,GARMENTS,GARMENTS,FASHION DESIGNER (APPAREL),FASHION DESIGN (APPAREL) NC III,WITH TR,LOW,,0,0,0,0,,0,0,0,0
"REGION_VII|CEBU|HUMAN HEALTH / HEALTH CARE|HEALTH CARE FACILITIES|AMBULANCE CARE ASSISTANT
EMERGENCY MEDICAL TECHNICIAN
FIRST AID ATTENDANTS
MEDICAL FIRST RESPONDER|EMERGENCY MEDICAL SERVICES NC II|WITH TR|LOW",REGION_VII,CEBU,HUMAN HEALTH / HEALTH CARE,HEALTH CARE FACILITIES,"AMBULANCE CARE ASSISTANT
EMERGENCY MEDICAL TECHNICIAN
FIRST AID ATTENDANTS
MEDICAL FIRST RESPONDER",EMERGENCY MEDICAL SERVICES NC II,WITH TR,LOW,,0,0,2,2,,0,0,2,2
"REGION_VII|CEBU|HUMAN HEALTH / HEALTH CARE|HEALTH CARE FACILITIES|AMBULANCE CARE ASSISTANT
EMERGENCY MEDICAL TECHNICIAN
FIRST AID ATTENDANTS
MEDICAL FIRST RESPONDER|EMERGENCY MEDICAL SERVICES NC III|WITH TR|LOW",REGION_VII,CEBU,HUMAN HEALTH / HEALTH CARE,HEALTH CARE FACILITIES,"AMBULANCE CARE ASSISTANT
EMERGENCY MEDICAL TECHNICIAN
FIRST AID ATTENDANTS
MEDICAL FIRST RESPONDER",EMERGENCY MEDICAL SERVICES NC III,WITH TR,LOW,,0,0,2,2,,0,0,2,2
REGION_VII|CEBU|HUMAN HEALTH / HEALTH CARE|HEALTH CARE FACILITIES|BIOMED TECHNICIANS|BIOMEDICAL EQUIPMENT SERVICING NC II|WITH TR|LOW,REGION_VII,CEBU,HUMAN HEALTH / HEALTH CARE,HEALTH CARE FACILITIES,BIOMED TECHNICIANS,BIOMEDICAL EQUIPMENT SERVICING NC II,WITH TR,LOW,,0,0,1,1,,0,0,1,1
REGION_VII|CEBU|HUMAN HEALTH / HEALTH CARE|HEALTH CARE FACILITIES|CAREGIVER ASSISTANTS|CAREGIVING (CLIENTS WITH SPECIAL NEEDS) NC II|WITH TR|HIGH,REGION_VII,CEBU,HUMAN HEALTH / HEALTH CARE,HEALTH CARE FACILITIES,CAREGIVER ASSISTANTS,CAREGIVING (CLIENTS WITH SPECIAL NEEDS) NC II,WITH TR,HIGH,,0,0,0,0,,0,0,0,0
REGION_VII|CEBU|HUMAN HEALTH / HEALTH CARE|HEALTH CARE FACILITIES|CAREGIVER ASSISTANTS|CAREGIVING (ELDERLY) NC II|WITH TR|LOW,REGION_VII,CEBU,HUMAN HEALTH / HEALTH CARE,HEALTH CARE FACILITIES,CAREGIVER ASSISTANTS,CAREGIVING (ELDERLY) NC II,WITH TR,LOW,,0,0,2,2,,0,0,2,2
REGION_VII|CEBU|HUMAN HEALTH / HEALTH CARE|HEALTH CARE FACILITIES|CAREGIVER ASSISTANTS|CAREGIVING (GRADE SCHOOLER TO ADOLESCENT) NC II|WITH TR|MEDIUM,REGION_VII,CEBU,HUMAN HEALTH / HEALTH CARE,HEALTH CARE FACILITIES,CAREGIVER ASSISTANTS,CAREGIVING (GRADE SCHOOLER TO ADOLESCENT) NC II,WITH TR,MEDIUM,,0,0,0,0,,0,0,0,0
REGION_VII|CEBU|HUMAN HEALTH / HEALTH CARE|HEALTH CARE FACILITIES|CAREGIVER ASSISTANTS|CAREGIVING (NEWBORN TO PRE-SCHOOLER) NC II|WITH TR|MEDIUM,REGION_VII,CEBU,HUMAN HEALTH / HEALTH CARE,HEALTH CARE FACILITIES,CAREGIVER ASSISTANTS,CAREGIVING (NEWBORN TO PRE-SCHOOLER) NC II,WITH TR,MEDIUM,,0,0,1,1,,0,0,1,1
REGION_VII|CEBU|HUMAN HEALTH / HEALTH CARE|HEALTH CARE FACILITIES|CODERS|MEDICAL CODING AND CLAIMS PROCESSING NC III|WITH TR|LOW,REGION_VII,CEBU,HUMAN HEALTH / HEALTH CARE,HEALTH CARE FACILITIES,CODERS,MEDICAL CODING AND CLAIMS PROCESSING NC III,WITH TR,LOW,,0,0,0,0,,0,0,0,0
"REGION_VII|CEBU|HUMAN HEALTH / HEALTH CARE|HEALTH CARE FACILITIES|DENTAL ASSISTANT
DENTAL HYGIENIST
DENTAL AIDE|DENTAL ASSISTANT COURSE|NEW AND EMERGING|LOW",REGION_VII,CEBU,HUMAN HEALTH / HEALTH CARE,HEALTH CARE FACILITIES,"DENTAL ASSISTANT
DENTAL HYGIENIST
DENTAL AIDE",DENTAL ASSISTANT COURSE,NEW AND EMERGING,LOW,,0,0,0,0,,0,0,0,0
REGION_VII|CEBU|HUMAN HEALTH / HEALTH CARE|HEALTH CARE FACILITIES|MEDICAL AUXILLIARY SUPPORT|NO CORRESPONDING TVET PROGRAM|NEW AND EMERGING|HIGH,REGION_VII,CEBU,HUMAN HEALTH / HEALTH CARE,HEALTH CARE FACILITIES,MEDICAL AUXILLIARY SUPPORT,NO CORRESPONDING TVET PROGRAM,NEW AND EMERGING,HIGH,,0,0,0,0,,0,0,0,0
REGION_VII|CEBU|HUMAN HEALTH / HEALTH CARE|HEALTH CARE FACILITIES|MEDICAL TRANSCRIPTION EDITOR|MEDICAL TRANSCRIPTION NC II|WITH TR|MEDIUM,REGION_VII,CEBU,HUMAN HEALTH / HEALTH CARE,HEALTH CARE FACILITIES,MEDICAL TRANSCRIPTION EDITOR,MEDICAL TRANSCRIPTION NC II,WITH TR,MEDIUM,,0,0,0,0,,0,0,0,0
REGION_VII|CEBU|HUMAN HEALTH / HEALTH CARE|HEALTH CARE FACILITIES|NURSES HEALTHCARE SERVICE WORKER|HEALTH CARE SERVICES NC II|WITH TR|LOW,REGION_VII,CEBU,HUMAN HEALTH / HEALTH CARE,HEALTH CARE FACILITIES,NURSES HEALTHCARE SERVICE WORKER,HEALTH CARE SERVICES NC II,WITH TR,LOW,,0,0,3,3,,0,0,3,3
REGION_VII|CEBU|HUMAN HEALTH / HEALTH CARE|HEALTH CARE FACILITIES|PHARMACISTS PHARMACY ASSISTANT|PHARMACY SERVICES NC III|WITH TR|LOW,REGION_VII,CEBU,HUMAN HEALTH / HEALTH CARE,HEALTH CARE FACILITIES,PHARMACISTS PHARMACY ASSISTANT,PHARMACY SERVICES NC III,WITH TR,LOW,,0,0,2,2,,0,0,2,2
REGION_VII|CEBU|HUMAN HEALTH / HEALTH CARE|HEALTH INFORMATION MANAGEMENT SERVICES|CONTACT TRACER|CONTACT TRACING LEVEL II|WITH CS|LOW,REGION_VII,CEBU,HUMAN HEALTH / HEALTH CARE,HEALTH INFORMATION MANAGEMENT SERVICES,CONTACT TRACER,CONTACT TRACING LEVEL II,WITH CS,LOW,,0,0,0,0,,0,0,0,0
"REGION_VII|CEBU|HUMAN HEALTH / HEALTH CARE|PRIMARY CARE FACILITIES, HEALTH CARE FACILITIES|ADMINISTRATIVE ASSISTANT|NO CORRESPONDING TVET PROGRAM|NEW AND EMERGING|MEDIUM",REGION_VII,CEBU,HUMAN HEALTH / HEALTH CARE,"PRIMARY CARE FACILITIES, HEALTH CARE FACILITIES",ADMINISTRATIVE ASSISTANT,NO CORRESPONDING TVET PROGRAM,NEW AND EMERGING,MEDIUM,,0,0,0,0,,0,0,0,0
"REGION_VII|CEBU|HUMAN HEALTH / HEALTH CARE|PRIMARY CARE FACILITIES, HEALTH CARE FACILITIES|CAREGIVER ASSISTANTS|CAREGIVING NC II|WITH TR|MEDIUM",REGION_VII,CEBU,HUMAN HEALTH / HEALTH CARE,"PRIMARY CARE FACILITIES, HEALTH CARE FACILITIES",CAREGIVER ASSISTANTS,CAREGIVING NC II,WITH TR,MEDIUM,,0,0,6,6,,0,0,6,6
"REGION_VII|CEBU|HUMAN HEALTH / HEALTH CARE|PRIMARY CARE FACILITIES, HEALTH CARE FACILITIES|DENTAL ASSISTANT
DENTAL HYGIENIST
DENTAL AIDE|DENTAL HYGIENE LEVEL IV|WITH CS|LOW",REGION_VII,CEBU,HUMAN HEALTH / HEALTH CARE,"PRIMARY CARE FACILITIES, HEALTH CARE FACILITIES","DENTAL ASSISTANT
DENTAL HYGIENIST
DENTAL AIDE",DENTAL HYGIENE LEVEL IV,WITH CS,LOW,,0,0,0,0,,0,0,0,0
"REGION_VII|CEBU|HUMAN HEALTH / HEALTH CARE|PRIMARY CARE FACILITIES, HEALTH CARE FACILITIES|DENTAL EQUIPMENT
LABORATORY TECHNICIAN|DENTAL LABORATORY TECHNOLOGY SERVICES (FIXED DENTURES/RESTORATIONS) NC II|WITH TR|LOW",REGION_VII,CEBU,HUMAN HEALTH / HEALTH CARE,"PRIMARY CARE FACILITIES, HEALTH CARE FACILITIES","DENTAL EQUIPMENT
LABORATORY TECHNICIAN",DENTAL LABORATORY TECHNOLOGY SERVICES (FIXED DENTURES/RESTORATIONS) NC II,WITH TR,LOW,,0,0,0,0,,0,0,0,0
"REGION_VII|CEBU|HUMAN HEALTH / HEALTH CARE|PRIMARY CARE FACILITIES, HEALTH CARE FACILITIES|DENTAL EQUIPMENT
LABORATORY TECHNICIAN|DENTAL LABORATORY TECHNOLOGY SERVICES (REMOVABLE DENTURES/APPLIANCES) NC II|WITH TR|LOW",REGION_VII,CEBU,HUMAN HEALTH / HEALTH CARE,"PRIMARY CARE FACILITIES, HEALTH CARE FACILITIES","DENTAL EQUIPMENT
LABORATORY TECHNICIAN",DENTAL LABORATORY TECHNOLOGY SERVICES (REMOVABLE DENTURES/APPLIANCES) NC II,WITH TR,LOW,,0,0,0,0,,0,0,0,0
"REGION_VII|CEBU|HUMAN HEALTH / HEALTH CARE|PRIMARY CARE FACILITIES, HEALTH CARE FACILITIES|MEDICAL RECEPTIONIST|NO CORRESPONDING TVET PROGRAM|NEW AND EMERGING|LOW",REGION_VII,CEBU,HUMAN HEALTH / HEALTH CARE,"PRIMARY CARE FACILITIES, HEALTH CARE FACILITIES",MEDICAL RECEPTIONIST,NO CORRESPONDING TVET PROGRAM,NEW AND EMERGING,LOW,,0,0,0,0,,0,0,0,0
"REGION_VII|CEBU|HUMAN HEALTH / HEALTH CARE|PRIMARY CARE FACILITIES, HEALTH CARE FACILITIES|MEDICAL SECRETARY|NO CORRESPONDING TVET PROGRAM|NEW AND EMERGING|HIGH",REGION_VII,CEBU,HUMAN HEALTH / HEALTH CARE,"PRIMARY CARE FACILITIES, HEALTH CARE FACILITIES",MEDICAL SECRETARY,NO CORRESPONDING TVET PROGRAM,NEW AND EMERGING,HIGH,,0,0,0,0,,0,0,0,0
REGION_VII|CEBU|HUMAN HEALTH / HEALTH CARE|PRIMARY CARE FACILITIES|BARANGAY NUTRITION SCHOLARS|COMMUNITY NUTRITION SERVICES NC II|WITH TR|LOW,REGION_VII,CEBU,HUMAN HEALTH / HEALTH CARE,PRIMARY CARE FACILITIES,BARANGAY NUTRITION SCHOLARS,COMMUNITY NUTRITION SERVICES NC II,WITH TR,LOW,,0,0,1,1,,0,0,1,1
"REGION_VII|CEBU|HUMAN HEALTH / HEALTH CARE|PRIMARY CARE FACILITIES|COMMUNITY HEALTH WORKERS 
BARANGAY HEALTH WORKERS|BARANGAY HEALTH SERVICES NC II|WITH TR|LOW",REGION_VII,CEBU,HUMAN HEALTH / HEALTH CARE,PRIMARY CARE FACILITIES,"COMMUNITY HEALTH WORKERS 
BARANGAY HEALTH WORKERS",BARANGAY HEALTH SERVICES NC II,WITH TR,LOW,,0,0,2,2,,0,0,2,2
REGION_VII|CEBU|HUMAN HEALTH / HEALTH CARE|WELLNESS FACILITIES|MASSAGE THERAPISTS|HILOT (WELLNESS MASSAGE) NC II|WITH TR|HIGH,REGION_VII,CEBU,HUMAN HEALTH / HEALTH CARE,WELLNESS FACILITIES,MASSAGE THERAPISTS,HILOT (WELLNESS MASSAGE) NC II,WITH TR,HIGH,,0,0,5,5,,0,0,5,5
REGION_VII|CEBU|HUMAN HEALTH / HEALTH CARE|WELLNESS FACILITIES|MASSAGE THERAPISTS|MASSAGE THERAPY NC II|WITH TR|LOW,REGION_VII,CEBU,HUMAN HEALTH / HEALTH CARE,WELLNESS FACILITIES,MASSAGE THERAPISTS,MASSAGE THERAPY NC II,WITH TR,LOW,,0,0,2,2,,0,0,2,2
REGION_VII|CEBU|INFORMATION AND COMMUNICATION TECHNOLOGY|ANIMATION SERVICE|2D ANIMATOR|2D ANIMATION NC III|WITH TR|LOW,REGION_VII,CEBU,INFORMATION AND COMMUNICATION TECHNOLOGY,ANIMATION SERVICE,2D ANIMATOR,2D ANIMATION NC III,WITH TR,LOW,,0,0,0,0,,0,0,0,0
REGION_VII|CEBU|INFORMATION AND COMMUNICATION TECHNOLOGY|ANIMATION SERVICE|3D ANIMATOR|3D ANIMATION NC III|WITH TR|LOW,REGION_VII,CEBU,INFORMATION AND COMMUNICATION TECHNOLOGY,ANIMATION SERVICE,3D ANIMATOR,3D ANIMATION NC III,WITH TR,LOW,,0,0,0,0,,0,0,0,0
REGION_VII|CEBU|INFORMATION AND COMMUNICATION TECHNOLOGY|ANIMATION SERVICE|ANIMATION CHECKER|VISUAL GRAPHIC DESIGN NC III|WITH TR|LOW,REGION_VII,CEBU,INFORMATION AND COMMUNICATION TECHNOLOGY,ANIMATION SERVICE,ANIMATION CHECKER,VISUAL GRAPHIC DESIGN NC III,WITH TR,LOW,,0,0,0,0,,0,0,0,0
REGION_VII|CEBU|INFORMATION AND COMMUNICATION TECHNOLOGY|ANIMATION SERVICES|ANIMATION ARTIST|ANIMATION NC II|WITH TR|MEDIUM,REGION_VII,CEBU,INFORMATION AND COMMUNICATION TECHNOLOGY,ANIMATION SERVICES,ANIMATION ARTIST,ANIMATION NC II,WITH TR,MEDIUM,,0,0,0,0,,0,0,0,0
REGION_VII|CEBU|INFORMATION AND COMMUNICATION TECHNOLOGY|ANIMATION SERVICES|CLEAN-UP ARTIST|VISUAL GRAPHIC DESIGN NC III|WITH TR|HIGH,REGION_VII,CEBU,INFORMATION AND COMMUNICATION TECHNOLOGY,ANIMATION SERVICES,CLEAN-UP ARTIST,VISUAL GRAPHIC DESIGN NC III,WITH TR,HIGH,,0,0,0,0,,0,0,0,0
REGION_VII|CEBU|INFORMATION AND COMMUNICATION TECHNOLOGY|CONTACT CENTER AND BPO|CALL CENTER AGENT|CONTACT CENTER SERVICES NC II|WITH TR|LOW,REGION_VII,CEBU,INFORMATION AND COMMUNICATION TECHNOLOGY,CONTACT CENTER AND BPO,CALL CENTER AGENT,CONTACT CENTER SERVICES NC II,WITH TR,LOW,,0,0,3,3,,0,0,3,3
REGION_VII|CEBU|INFORMATION AND COMMUNICATION TECHNOLOGY|CONTACT CENTER AND BPO|CUSTOMER EXPERIENCE (FINANCE SERVICES)|NO CORRESPONDING TVET PROGRAM|NEW AND EMERGING|MEDIUM,REGION_VII,CEBU,INFORMATION AND COMMUNICATION TECHNOLOGY,CONTACT CENTER AND BPO,CUSTOMER EXPERIENCE (FINANCE SERVICES),NO CORRESPONDING TVET PROGRAM,NEW AND EMERGING,MEDIUM,,0,0,0,0,,0,0,0,0
REGION_VII|CEBU|INFORMATION AND COMMUNICATION TECHNOLOGY|CONTACT CENTER AND BPO|CUSTOMER EXPERIENCE (HEALTHCARE)|CUSTOMER SERVICES NC II|WITH TR|MEDIUM,REGION_VII,CEBU,INFORMATION AND COMMUNICATION TECHNOLOGY,CONTACT CENTER AND BPO,CUSTOMER EXPERIENCE (HEALTHCARE),CUSTOMER SERVICES NC II,WITH TR,MEDIUM,,0,0,0,0,,0,0,0,0
REGION_VII|CEBU|INFORMATION AND COMMUNICATION TECHNOLOGY|CONTACT CENTER AND BPO|CUSTOMER SUPPORT|CUSTOMER SERVICES NC II|WITH TR|LOW,REGION_VII,CEBU,INFORMATION AND COMMUNICATION TECHNOLOGY,CONTACT CENTER AND BPO,CUSTOMER SUPPORT,CUSTOMER SERVICES NC II,WITH TR,LOW,,0,0,0,0,,0,0,0,0
REGION_VII|CEBU|INFORMATION AND COMMUNICATION TECHNOLOGY|CONTACT CENTER AND BPO|DATA ANALYTICS|DATA ANALYTICS LEVEL III|WITH CS|LOW,REGION_VII,CEBU,INFORMATION AND COMMUNICATION TECHNOLOGY,CONTACT CENTER AND BPO,DATA ANALYTICS,DATA ANALYTICS LEVEL III,WITH CS,LOW,,0,0,0,0,,0,0,0,0
REGION_VII|CEBU|INFORMATION AND COMMUNICATION TECHNOLOGY|CONTACT CENTER AND BPO|DIGITAL MARKETING|DIGITAL MARKETING LEVEL III|WITH CS|LOW,REGION_VII,CEBU,INFORMATION AND COMMUNICATION TECHNOLOGY,CONTACT CENTER AND BPO,DIGITAL MARKETING,DIGITAL MARKETING LEVEL III,WITH CS,LOW,,0,0,0,0,,0,0,0,0
REGION_VII|CEBU|INFORMATION AND COMMUNICATION TECHNOLOGY|CONTACT CENTER AND BPO|DIGITIAL MARKETING PROFICIENCY|DIGITAL MARKETING LEVEL III|WITH CS|LOW,REGION_VII,CEBU,INFORMATION AND COMMUNICATION TECHNOLOGY,CONTACT CENTER AND BPO,DIGITIAL MARKETING PROFICIENCY,DIGITAL MARKETING LEVEL III,WITH CS,LOW,,0,0,0,0,,0,0,0,0
REGION_VII|CEBU|INFORMATION AND COMMUNICATION TECHNOLOGY|CONTACT CENTER AND BPO|E COMMERCE|DIGITAL MARKETING LEVEL III|WITH CS|LOW,REGION_VII,CEBU,INFORMATION AND COMMUNICATION TECHNOLOGY,CONTACT CENTER AND BPO,E COMMERCE,DIGITAL MARKETING LEVEL III,WITH CS,LOW,,0,0,0,0,,0,0,0,0
REGION_VII|CEBU|INFORMATION AND COMMUNICATION TECHNOLOGY|CONTACT CENTER AND BPO|ENGLISH PROFICIENCY|NO CORRESPONDING TVET PROGRAM|NEW AND EMERGING|MEDIUM,REGION_VII,CEBU,INFORMATION AND COMMUNICATION TECHNOLOGY,CONTACT CENTER AND BPO,ENGLISH PROFICIENCY,NO CORRESPONDING TVET PROGRAM,NEW AND EMERGING,MEDIUM,,0,0,0,0,,0,0,0,0
REGION_VII|CEBU|INFORMATION AND COMMUNICATION TECHNOLOGY|CONTACT CENTER AND BPO|REPORTERS (WHO CAN DO DIGITAL WORKS AND ARE SOCIAL MEDIA ENTHUSIAST)|DIGITAL MARKETING LEVEL III|WITH CS|LOW,REGION_VII,CEBU,INFORMATION AND COMMUNICATION TECHNOLOGY,CONTACT CENTER AND BPO,REPORTERS (WHO CAN DO DIGITAL WORKS AND ARE SOCIAL MEDIA ENTHUSIAST),DIGITAL MARKETING LEVEL III,WITH CS,LOW,,0,0,0,0,,0,0,0,0
REGION_VII|CEBU|INFORMATION AND COMMUNICATION TECHNOLOGY|CONTACT CENTER AND BPO|SALES AND MARKETING|DIGITAL MARKETING LEVEL III|WITH CS|LOW,REGION_VII,CEBU,INFORMATION AND COMMUNICATION TECHNOLOGY,CONTACT CENTER AND BPO,SALES AND MARKETING,DIGITAL MARKETING LEVEL III,WITH CS,LOW,,0,0,0,0,,0,0,0,0
REGION_VII|CEBU|INFORMATION AND COMMUNICATION TECHNOLOGY|CONTACT CENTER AND BPO|SALES/TELEMARKETING PROFICIENT WORKFORCE|CUSTOMER SERVICES NC II|WITH TR|HIGH,REGION_VII,CEBU,INFORMATION AND COMMUNICATION TECHNOLOGY,CONTACT CENTER AND BPO,SALES/TELEMARKETING PROFICIENT WORKFORCE,CUSTOMER SERVICES NC II,WITH TR,HIGH,,0,0,0,0,,0,0,0,0
REGION_VII|CEBU|INFORMATION AND COMMUNICATION TECHNOLOGY|CONTACT CENTER AND BPO|SOCIAL MEDIA MARKETING|DIGITAL MARKETING LEVEL III|WITH CS|LOW,REGION_VII,CEBU,INFORMATION AND COMMUNICATION TECHNOLOGY,CONTACT CENTER AND BPO,SOCIAL MEDIA MARKETING,DIGITAL MARKETING LEVEL III,WITH CS,LOW,,0,0,0,0,,0,0,0,0
REGION_VII|CEBU|INFORMATION AND COMMUNICATION TECHNOLOGY|EDUCATION|ESL TEACHER/TUTOR|NO CORRESPONDING TVET PROGRAM|NEW AND EMERGING|MEDIUM,REGION_VII,CEBU,INFORMATION AND COMMUNICATION TECHNOLOGY,EDUCATION,ESL TEACHER/TUTOR,NO CORRESPONDING TVET PROGRAM,NEW AND EMERGING,MEDIUM,,0,0,0,0,,0,0,0,0
REGION_VII|CEBU|INFORMATION AND COMMUNICATION TECHNOLOGY|GAME DEVELOPENT SERVICES|DEVELOPERS|WEB DEVELOPMENT NC III|WITH TR|LOW,REGION_VII,CEBU,INFORMATION AND COMMUNICATION TECHNOLOGY,GAME DEVELOPENT SERVICES,DEVELOPERS,WEB DEVELOPMENT NC III,WITH TR,LOW,,0,0,0,0,,0,0,0,0
REGION_VII|CEBU|INFORMATION AND COMMUNICATION TECHNOLOGY|GAME DEVELOPMENT SERVICES|2D GAME ARTIST|2D GAME ART DEVELOPMENT NC III|WITH TR|LOW,REGION_VII,CEBU,INFORMATION AND COMMUNICATION TECHNOLOGY,GAME DEVELOPMENT SERVICES,2D GAME ARTIST,2D GAME ART DEVELOPMENT NC III,WITH TR,LOW,,0,0,0,0,,0,0,0,0
REGION_VII|CEBU|INFORMATION AND COMMUNICATION TECHNOLOGY|GAME DEVELOPMENT SERVICES|3D GAME ARTIST|3D GAME ART DEVELOPMENT NC III|WITH TR|LOW,REGION_VII,CEBU,INFORMATION AND COMMUNICATION TECHNOLOGY,GAME DEVELOPMENT SERVICES,3D GAME ARTIST,3D GAME ART DEVELOPMENT NC III,WITH TR,LOW,,0,0,0,0,,0,0,0,0
REGION_VII|CEBU|INFORMATION AND COMMUNICATION TECHNOLOGY|GAME DEVELOPMENT SERVICES|APPLICATION DEVELOPER|GAME PROGRAMMING NC III|WITH TR|MEDIUM,REGION_VII,CEBU,INFORMATION AND COMMUNICATION TECHNOLOGY,GAME DEVELOPMENT SERVICES,APPLICATION DEVELOPER,GAME PROGRAMMING NC III,WITH TR,MEDIUM,,0,0,0,0,,0,0,0,0
REGION_VII|CEBU|INFORMATION AND COMMUNICATION TECHNOLOGY|GAME DEVELOPMENT SERVICES|APPLICATION DEVELOPMENT|WEB DEVELOPMENT NC III|WITH TR|LOW,REGION_VII,CEBU,INFORMATION AND COMMUNICATION TECHNOLOGY,GAME DEVELOPMENT SERVICES,APPLICATION DEVELOPMENT,WEB DEVELOPMENT NC III,WITH TR,LOW,,0,0,0,0,,0,0,0,0
REGION_VII|CEBU|INFORMATION AND COMMUNICATION TECHNOLOGY|GAME DEVELOPMENT SERVICES|FRONT END WEB DEVELOPER|VISUAL GRAPHIC DESIGN NC III|WITH TR|LOW,REGION_VII,CEBU,INFORMATION AND COMMUNICATION TECHNOLOGY,GAME DEVELOPMENT SERVICES,FRONT END WEB DEVELOPER,VISUAL GRAPHIC DESIGN NC III,WITH TR,LOW,,0,0,0,0,,0,0,0,0
REGION_VII|CEBU|INFORMATION AND COMMUNICATION TECHNOLOGY|GAME DEVELOPMENT SERVICES|GAME DEVELOPMENT|GAME PROGRAMMING NC III|WITH TR|LOW,REGION_VII,CEBU,INFORMATION AND COMMUNICATION TECHNOLOGY,GAME DEVELOPMENT SERVICES,GAME DEVELOPMENT,GAME PROGRAMMING NC III,WITH TR,LOW,,0,0,0,0,,0,0,0,0
REGION_VII|CEBU|INFORMATION AND COMMUNICATION TECHNOLOGY|GAME DEVELOPMENT SERVICES|SOFTWARE DEVELOPER|WEB DEVELOPMENT NC III|WITH TR|LOW,REGION_VII,CEBU,INFORMATION AND COMMUNICATION TECHNOLOGY,GAME DEVELOPMENT SERVICES,SOFTWARE DEVELOPER,WEB DEVELOPMENT NC III,WITH TR,LOW,,0,0,0,0,,0,0,0,0
REGION_VII|CEBU|INFORMATION AND COMMUNICATION TECHNOLOGY|GAME DEVELOPMENT SERVICES|WEB DEVELOPER|WEB DEVELOPMENT NC III|WITH TR|LOW,REGION_VII,CEBU,INFORMATION AND COMMUNICATION TECHNOLOGY,GAME DEVELOPMENT SERVICES,WEB DEVELOPER,WEB DEVELOPMENT NC III,WITH TR,LOW,,0,0,0,0,,0,0,0,0
REGION_VII|CEBU|INFORMATION AND COMMUNICATION TECHNOLOGY|GAME DEVELOPMENT SERVICES|WEB DEVELOPER|WEB DEVELOPMENT NC III|WITH TR|MEDIUM,REGION_VII,CEBU,INFORMATION AND COMMUNICATION TECHNOLOGY,GAME DEVELOPMENT SERVICES,WEB DEVELOPER,WEB DEVELOPMENT NC III,WITH TR,MEDIUM,,0,0,0,0,,0,0,0,0
REGION_VII|CEBU|INFORMATION AND COMMUNICATION TECHNOLOGY|HEALTH INFORMATION MANAGEMENT SERVICES|CLAIMS PROCESSORS|MEDICAL CODING AND CLAIMS PROCESSING NC III|WITH TR|LOW,REGION_VII,CEBU,INFORMATION AND COMMUNICATION TECHNOLOGY,HEALTH INFORMATION MANAGEMENT SERVICES,CLAIMS PROCESSORS,MEDICAL CODING AND CLAIMS PROCESSING NC III,WITH TR,LOW,,0,0,0,0,,0,0,0,0
REGION_VII|CEBU|INFORMATION AND COMMUNICATION TECHNOLOGY|HEALTH INFORMATION MANAGEMENT SERVICES|MEDICAL CODER|MEDICAL CODING AND CLAIMS PROCESSING NC III|WITH TR|LOW,REGION_VII,CEBU,INFORMATION AND COMMUNICATION TECHNOLOGY,HEALTH INFORMATION MANAGEMENT SERVICES,MEDICAL CODER,MEDICAL CODING AND CLAIMS PROCESSING NC III,WITH TR,LOW,,0,0,0,0,,0,0,0,0
REGION_VII|CEBU|INFORMATION AND COMMUNICATION TECHNOLOGY|HEALTH INFORMATION MANAGEMENT SERVICES|MEDICAL TRANSCRIPTION EDITOR|MEDICAL TRANSCRIPTION NC II|WITH TR|LOW,REGION_VII,CEBU,INFORMATION AND COMMUNICATION TECHNOLOGY,HEALTH INFORMATION MANAGEMENT SERVICES,MEDICAL TRANSCRIPTION EDITOR,MEDICAL TRANSCRIPTION NC II,WITH TR,LOW,,0,0,0,0,,0,0,0,0
REGION_VII|CEBU|INFORMATION AND COMMUNICATION TECHNOLOGY|INFORMATION TECHNOLOGY SERVICES|AI MARKETING|GENERATIVE ARTIFICIAL INTELLIGENCE (AI)|WITH CS|LOW,REGION_VII,CEBU,INFORMATION AND COMMUNICATION TECHNOLOGY,INFORMATION TECHNOLOGY SERVICES,AI MARKETING,GENERATIVE ARTIFICIAL INTELLIGENCE (AI),WITH CS,LOW,,0,0,0,0,,0,0,0,0
REGION_VII|CEBU|INFORMATION AND COMMUNICATION TECHNOLOGY|INFORMATION TECHNOLOGY SERVICES|AUTOMATION|NO CORRESPONDING TVET PROGRAM|NEW AND EMERGING|LOW,REGION_VII,CEBU,INFORMATION AND COMMUNICATION TECHNOLOGY,INFORMATION TECHNOLOGY SERVICES,AUTOMATION,NO CORRESPONDING TVET PROGRAM,NEW AND EMERGING,LOW,,0,0,0,0,,0,0,0,0
REGION_VII|CEBU|INFORMATION AND COMMUNICATION TECHNOLOGY|INFORMATION TECHNOLOGY SERVICES|COMPUTER LITERACY|COMPUTER SYSTEMS SERVICING NC II|WITH TR|LOW,REGION_VII,CEBU,INFORMATION AND COMMUNICATION TECHNOLOGY,INFORMATION TECHNOLOGY SERVICES,COMPUTER LITERACY,COMPUTER SYSTEMS SERVICING NC II,WITH TR,LOW,,0,0,8,8,,0,0,8,8
REGION_VII|CEBU|INFORMATION AND COMMUNICATION TECHNOLOGY|INFORMATION TECHNOLOGY SERVICES|CREATIVE/ ART DIRECTOR|VISUAL GRAPHIC DESIGN NC III|WITH TR|LOW,REGION_VII,CEBU,INFORMATION AND COMMUNICATION TECHNOLOGY,INFORMATION TECHNOLOGY SERVICES,CREATIVE/ ART DIRECTOR,VISUAL GRAPHIC DESIGN NC III,WITH TR,LOW,,0,0,0,0,,0,0,0,0
REGION_VII|CEBU|INFORMATION AND COMMUNICATION TECHNOLOGY|INFORMATION TECHNOLOGY SERVICES|CRYPTO (BLOCK CHAIN)|NO CORRESPONDING TVET PROGRAM|NEW AND EMERGING|MEDIUM,REGION_VII,CEBU,INFORMATION AND COMMUNICATION TECHNOLOGY,INFORMATION TECHNOLOGY SERVICES,CRYPTO (BLOCK CHAIN),NO CORRESPONDING TVET PROGRAM,NEW AND EMERGING,MEDIUM,,0,0,0,0,,0,0,0,0
REGION_VII|CEBU|INFORMATION AND COMMUNICATION TECHNOLOGY|INFORMATION TECHNOLOGY SERVICES|CYBER SECURITY|NO CORRESPONDING TVET PROGRAM|NEW AND EMERGING|LOW,REGION_VII,CEBU,INFORMATION AND COMMUNICATION TECHNOLOGY,INFORMATION TECHNOLOGY SERVICES,CYBER SECURITY,NO CORRESPONDING TVET PROGRAM,NEW AND EMERGING,LOW,,0,0,0,0,,0,0,0,0
REGION_VII|CEBU|INFORMATION AND COMMUNICATION TECHNOLOGY|INFORMATION TECHNOLOGY SERVICES|DATA ANALYSIS|DATA ANALYTICS LEVEL III|WITH CS|LOW,REGION_VII,CEBU,INFORMATION AND COMMUNICATION TECHNOLOGY,INFORMATION TECHNOLOGY SERVICES,DATA ANALYSIS,DATA ANALYTICS LEVEL III,WITH CS,LOW,,0,0,0,0,,0,0,0,0
REGION_VII|CEBU|INFORMATION AND COMMUNICATION TECHNOLOGY|INFORMATION TECHNOLOGY SERVICES|DATA SCIENCE|DATA ANALYTICS LEVEL III|WITH CS|MEDIUM,REGION_VII,CEBU,INFORMATION AND COMMUNICATION TECHNOLOGY,INFORMATION TECHNOLOGY SERVICES,DATA SCIENCE,DATA ANALYTICS LEVEL III,WITH CS,MEDIUM,,0,0,0,0,,0,0,0,0
REGION_VII|CEBU|INFORMATION AND COMMUNICATION TECHNOLOGY|INFORMATION TECHNOLOGY SERVICES|FULL-STACK DEVELOPER|DIPLOMA PROGRAM IN WEB APPLICATION DEVELOPMENT TECHNOLOGY|DIPLOMA PROGRAMS|LOW,REGION_VII,CEBU,INFORMATION AND COMMUNICATION TECHNOLOGY,INFORMATION TECHNOLOGY SERVICES,FULL-STACK DEVELOPER,DIPLOMA PROGRAM IN WEB APPLICATION DEVELOPMENT TECHNOLOGY,DIPLOMA PROGRAMS,LOW,,0,0,0,0,,0,0,0,0
REGION_VII|CEBU|INFORMATION AND COMMUNICATION TECHNOLOGY|INFORMATION TECHNOLOGY SERVICES|IOT TECHNICIAN|NO CORRESPONDING TVET PROGRAM|NEW AND EMERGING|MEDIUM,REGION_VII,CEBU,INFORMATION AND COMMUNICATION TECHNOLOGY,INFORMATION TECHNOLOGY SERVICES,IOT TECHNICIAN,NO CORRESPONDING TVET PROGRAM,NEW AND EMERGING,MEDIUM,,0,0,0,0,,0,0,0,0
"REGION_VII|CEBU|INFORMATION AND COMMUNICATION TECHNOLOGY|INFORMATION TECHNOLOGY SERVICES|IT SUPPORT SPECIALIST, COMPUTER TECHNICIAN, PROGRAMMER, NETWORK SYSTEM TECHNICIAN, HELP DESK SUPPORT, DESKTOP SUPPORT SPECIALIST|DIPLOMA PROGRAM IN COMPUTER ENGINEERING TECHNOLOGY|DIPLOMA PROGRAMS|LOW",REGION_VII,CEBU,INFORMATION AND COMMUNICATION TECHNOLOGY,INFORMATION TECHNOLOGY SERVICES,"IT SUPPORT SPECIALIST, COMPUTER TECHNICIAN, PROGRAMMER, NETWORK SYSTEM TECHNICIAN, HELP DESK SUPPORT, DESKTOP SUPPORT SPECIALIST",DIPLOMA PROGRAM IN COMPUTER ENGINEERING TECHNOLOGY,DIPLOMA PROGRAMS,LOW,,0,0,0,0,,0,0,0,0
REGION_VII|CEBU|INFORMATION AND COMMUNICATION TECHNOLOGY|INFORMATION TECHNOLOGY SERVICES|JAVA PROGRAMMER|PROGRAMMING (JAVA) NC III|WITH TR|MEDIUM,REGION_VII,CEBU,INFORMATION AND COMMUNICATION TECHNOLOGY,INFORMATION TECHNOLOGY SERVICES,JAVA PROGRAMMER,PROGRAMMING (JAVA) NC III,WITH TR,MEDIUM,,0,0,0,0,,0,0,0,0
REGION_VII|CEBU|INFORMATION AND COMMUNICATION TECHNOLOGY|INFORMATION TECHNOLOGY SERVICES|LAYOUT ARTIST|VISUAL GRAPHIC DESIGN NC III|WITH TR|LOW,REGION_VII,CEBU,INFORMATION AND COMMUNICATION TECHNOLOGY,INFORMATION TECHNOLOGY SERVICES,LAYOUT ARTIST,VISUAL GRAPHIC DESIGN NC III,WITH TR,LOW,,0,0,0,0,,0,0,0,0
REGION_VII|CEBU|INFORMATION AND COMMUNICATION TECHNOLOGY|INFORMATION TECHNOLOGY SERVICES|MULTIMEDIA ARTIST|VISUAL GRAPHIC DESIGN NC III|WITH TR|LOW,REGION_VII,CEBU,INFORMATION AND COMMUNICATION TECHNOLOGY,INFORMATION TECHNOLOGY SERVICES,MULTIMEDIA ARTIST,VISUAL GRAPHIC DESIGN NC III,WITH TR,LOW,,0,0,0,0,,0,0,0,0
REGION_VII|CEBU|INFORMATION AND COMMUNICATION TECHNOLOGY|INFORMATION TECHNOLOGY SERVICES|PHYTON PROGRAMMING|PROGRAMMING (.NET TECHNOLOGY) NC III|WITH TR|LOW,REGION_VII,CEBU,INFORMATION AND COMMUNICATION TECHNOLOGY,INFORMATION TECHNOLOGY SERVICES,PHYTON PROGRAMMING,PROGRAMMING (.NET TECHNOLOGY) NC III,WITH TR,LOW,,0,0,0,0,,0,0,0,0
REGION_VII|CEBU|INFORMATION AND COMMUNICATION TECHNOLOGY|INFORMATION TECHNOLOGY SERVICES|PROJECT MANAGERS|NO CORRESPONDING TVET PROGRAM|NEW AND EMERGING|LOW,REGION_VII,CEBU,INFORMATION AND COMMUNICATION TECHNOLOGY,INFORMATION TECHNOLOGY SERVICES,PROJECT MANAGERS,NO CORRESPONDING TVET PROGRAM,NEW AND EMERGING,LOW,,0,0,0,0,,0,0,0,0
REGION_VII|CEBU|INFORMATION AND COMMUNICATION TECHNOLOGY|INFORMATION TECHNOLOGY SERVICES|SERVER ADMINISTRATION|COMPUTER SYSTEMS SERVICING NC II|WITH TR|LOW,REGION_VII,CEBU,INFORMATION AND COMMUNICATION TECHNOLOGY,INFORMATION TECHNOLOGY SERVICES,SERVER ADMINISTRATION,COMPUTER SYSTEMS SERVICING NC II,WITH TR,LOW,,0,0,1,1,,0,0,1,1
REGION_VII|CEBU|INFORMATION AND COMMUNICATION TECHNOLOGY|INFORMATION TECHNOLOGY SERVICES|SOCIAL MEDIA PROFICIENCY|CONTENT CREATION (SOCIAL MEDIA) LEVEL III|WITH CS|MEDIUM,REGION_VII,CEBU,INFORMATION AND COMMUNICATION TECHNOLOGY,INFORMATION TECHNOLOGY SERVICES,SOCIAL MEDIA PROFICIENCY,CONTENT CREATION (SOCIAL MEDIA) LEVEL III,WITH CS,MEDIUM,,0,0,0,0,,0,0,0,0
REGION_VII|CEBU|INFORMATION AND COMMUNICATION TECHNOLOGY|INFORMATION TECHNOLOGY SERVICES|SOFTWARE DEVELOPMENT WITH AI|CYBER THREAT MONITORING LEVEL I|WITH CS|LOW,REGION_VII,CEBU,INFORMATION AND COMMUNICATION TECHNOLOGY,INFORMATION TECHNOLOGY SERVICES,SOFTWARE DEVELOPMENT WITH AI,CYBER THREAT MONITORING LEVEL I,WITH CS,LOW,,0,0,0,0,,0,0,0,0
REGION_VII|CEBU|INFORMATION AND COMMUNICATION TECHNOLOGY|INFORMATION TECHNOLOGY SERVICES|SOFTWARE QA|WEB DEVELOPMENT NC III|WITH TR|LOW,REGION_VII,CEBU,INFORMATION AND COMMUNICATION TECHNOLOGY,INFORMATION TECHNOLOGY SERVICES,SOFTWARE QA,WEB DEVELOPMENT NC III,WITH TR,LOW,,0,0,0,0,,0,0,0,0
REGION_VII|CEBU|INFORMATION AND COMMUNICATION TECHNOLOGY|INFORMATION TECHNOLOGY SERVICES|SPEED TYPING|DATA ENCODING AND MANAGEMENT LEVEL II|WITH CS|MEDIUM,REGION_VII,CEBU,INFORMATION AND COMMUNICATION TECHNOLOGY,INFORMATION TECHNOLOGY SERVICES,SPEED TYPING,DATA ENCODING AND MANAGEMENT LEVEL II,WITH CS,MEDIUM,,0,0,0,0,,0,0,0,0
REGION_VII|CEBU|INFORMATION AND COMMUNICATION TECHNOLOGY|INFORMATION TECHNOLOGY SERVICES|TECHNICAL SUPPORT GROUP|CUSTOMER SERVICES NC II|WITH TR|LOW,REGION_VII,CEBU,INFORMATION AND COMMUNICATION TECHNOLOGY,INFORMATION TECHNOLOGY SERVICES,TECHNICAL SUPPORT GROUP,CUSTOMER SERVICES NC II,WITH TR,LOW,,0,0,0,0,,0,0,0,0
REGION_VII|CEBU|INFORMATION AND COMMUNICATION TECHNOLOGY|INFORMATION TECHNOLOGY SERVICES|TECHNICAL TEAM|CUSTOMER SERVICES NC II|WITH CS|LOW,REGION_VII,CEBU,INFORMATION AND COMMUNICATION TECHNOLOGY,INFORMATION TECHNOLOGY SERVICES,TECHNICAL TEAM,CUSTOMER SERVICES NC II,WITH CS,LOW,,0,0,0,0,,0,0,0,0
REGION_VII|CEBU|INFORMATION AND COMMUNICATION TECHNOLOGY|INFORMATION TECHNOLOGY SERVICES|VIRTUAL ASSISTANCE|DIGITAL MARKETING LEVEL III|WITH CS|LOW,REGION_VII,CEBU,INFORMATION AND COMMUNICATION TECHNOLOGY,INFORMATION TECHNOLOGY SERVICES,VIRTUAL ASSISTANCE,DIGITAL MARKETING LEVEL III,WITH CS,LOW,,0,0,0,0,,0,0,0,0
REGION_VII|CEBU|INFORMATION AND COMMUNICATION TECHNOLOGY|INFORMATION TECHNOLOGY SERVICES|VIRTUAL REALITY|VIRTUAL ASSISTANT SERVICES LEVEL III|WITH CS|MEDIUM,REGION_VII,CEBU,INFORMATION AND COMMUNICATION TECHNOLOGY,INFORMATION TECHNOLOGY SERVICES,VIRTUAL REALITY,VIRTUAL ASSISTANT SERVICES LEVEL III,WITH CS,MEDIUM,,0,0,0,0,,0,0,0,0
REGION_VII|CEBU|INFORMATION AND COMMUNICATION TECHNOLOGY|INFORMATION TECHNOLOGY SERVICES|VISUAL GRAPHIC/ ARTIST/ DESIGNER|VISUAL GRAPHIC DESIGN NC III|WITH TR|MEDIUM,REGION_VII,CEBU,INFORMATION AND COMMUNICATION TECHNOLOGY,INFORMATION TECHNOLOGY SERVICES,VISUAL GRAPHIC/ ARTIST/ DESIGNER,VISUAL GRAPHIC DESIGN NC III,WITH TR,MEDIUM,,0,0,0,0,,0,0,0,0
REGION_VII|CEBU|INFORMATION AND COMMUNICATION TECHNOLOGY|INFORMATION TECHNOLOGY SERVICES|WEBSITE CREATION|WEB DEVELOPMENT NC III|WITH TR|MEDIUM,REGION_VII,CEBU,INFORMATION AND COMMUNICATION TECHNOLOGY,INFORMATION TECHNOLOGY SERVICES,WEBSITE CREATION,WEB DEVELOPMENT NC III,WITH TR,MEDIUM,,0,0,0,0,,0,0,0,0
REGION_VII|CEBU|MANUFACTURING|AUTOMOTIVE AND LAND TRANSPORTATION PRODUCTION (OEM) ASSEMBLY|AUTO ELECTRICIAN|AUTOMOTIVE ELECTRICAL ASSEMBLY NC II|WITH TR|HIGH,REGION_VII,CEBU,MANUFACTURING,AUTOMOTIVE AND LAND TRANSPORTATION PRODUCTION (OEM) ASSEMBLY,AUTO ELECTRICIAN,AUTOMOTIVE ELECTRICAL ASSEMBLY NC II,WITH TR,HIGH,,0,0,0,0,,0,0,0,0
REGION_VII|CEBU|MANUFACTURING|CONSTRUCTION|MASON|MASONRY NC I|WITH TR|LOW,REGION_VII,CEBU,MANUFACTURING,CONSTRUCTION,MASON,MASONRY NC I,WITH TR,LOW,,0,0,1,1,,0,0,1,1
REGION_VII|CEBU|MANUFACTURING|ELECTRICAL AND ELECTRONICS|CALIBRATION TECHNICIAN|INSTRUMENTATION AND CONTROL SERVICING NC II|WITH TR|LOW,REGION_VII,CEBU,MANUFACTURING,ELECTRICAL AND ELECTRONICS,CALIBRATION TECHNICIAN,INSTRUMENTATION AND CONTROL SERVICING NC II,WITH TR,LOW,,0,0,1,1,,0,0,1,1
REGION_VII|CEBU|MANUFACTURING|ELECTRICAL AND ELECTRONICS|DATABASE ADMINISTRATOR|PROGRAMMING (ORACLE DATABASE) NC III|WITH TR|LOW,REGION_VII,CEBU,MANUFACTURING,ELECTRICAL AND ELECTRONICS,DATABASE ADMINISTRATOR,PROGRAMMING (ORACLE DATABASE) NC III,WITH TR,LOW,,0,0,0,0,,0,0,0,0
REGION_VII|CEBU|MANUFACTURING|ELECTRICAL AND ELECTRONICS|ELECTRICAL LEADMAN|ELECTRICAL INSTALLATION AND MAINTENANCE NC III|WITH TR|LOW,REGION_VII,CEBU,MANUFACTURING,ELECTRICAL AND ELECTRONICS,ELECTRICAL LEADMAN,ELECTRICAL INSTALLATION AND MAINTENANCE NC III,WITH TR,LOW,,0,0,1,1,,0,0,1,1
REGION_VII|CEBU|MANUFACTURING|ELECTRICAL AND ELECTRONICS|ELECTRICIAN|AUTOMOTIVE ELECTRICAL ASSEMBLY NC II|WITH TR|LOW,REGION_VII,CEBU,MANUFACTURING,ELECTRICAL AND ELECTRONICS,ELECTRICIAN,AUTOMOTIVE ELECTRICAL ASSEMBLY NC II,WITH TR,LOW,,0,0,0,0,,0,0,0,0
REGION_VII|CEBU|MANUFACTURING|ELECTRICAL AND ELECTRONICS|INDUSTRIAL ELECTRONIC TECHNICIAN|DIPLOMA PROGRAM IN ELECTRONICS ENGINEERING TECHNOLOGY|DIPLOMA PROGRAMS|MEDIUM,REGION_VII,CEBU,MANUFACTURING,ELECTRICAL AND ELECTRONICS,INDUSTRIAL ELECTRONIC TECHNICIAN,DIPLOMA PROGRAM IN ELECTRONICS ENGINEERING TECHNOLOGY,DIPLOMA PROGRAMS,MEDIUM,,0,0,0,0,,0,0,0,0
REGION_VII|CEBU|MANUFACTURING|ELECTRICAL AND ELECTRONICS|INSTRUMENT TECHNICIAN 2|INSTRUMENTATION AND CONTROL SERVICING NC III|WITH TR|LOW,REGION_VII,CEBU,MANUFACTURING,ELECTRICAL AND ELECTRONICS,INSTRUMENT TECHNICIAN 2,INSTRUMENTATION AND CONTROL SERVICING NC III,WITH TR,LOW,,0,0,0,0,,0,0,0,0
REGION_VII|CEBU|MANUFACTURING|ELECTRICAL AND ELECTRONICS|INSTRUMENT TECHNICIAN 3|INSTRUMENTATION AND CONTROL SERVICING NC IV|WITH TR|LOW,REGION_VII,CEBU,MANUFACTURING,ELECTRICAL AND ELECTRONICS,INSTRUMENT TECHNICIAN 3,INSTRUMENTATION AND CONTROL SERVICING NC IV,WITH TR,LOW,,0,0,0,0,,0,0,0,0
REGION_VII|CEBU|MANUFACTURING|ELECTRICAL AND ELECTRONICS|INTEGRATION SPECIALIST|PROGRAMMING (.NET TECHNOLOGY) NC III|WITH TR|LOW,REGION_VII,CEBU,MANUFACTURING,ELECTRICAL AND ELECTRONICS,INTEGRATION SPECIALIST,PROGRAMMING (.NET TECHNOLOGY) NC III,WITH TR,LOW,,0,0,0,0,,0,0,0,0
REGION_VII|CEBU|MANUFACTURING|ELECTRICAL AND ELECTRONICS|MAINTENANCE ELECTRICIAN|ELECTRICAL INSTALLATION AND MAINTENANCE NC II|WITH TR|LOW,REGION_VII,CEBU,MANUFACTURING,ELECTRICAL AND ELECTRONICS,MAINTENANCE ELECTRICIAN,ELECTRICAL INSTALLATION AND MAINTENANCE NC II,WITH TR,LOW,,0,0,1,1,,0,0,1,1
REGION_VII|CEBU|MANUFACTURING|ELECTRICAL AND ELECTRONICS|MANUFACTURING SYSTEMS DEVELOPER|PROGRAMMING (JAVA) NC III|WITH TR|HIGH,REGION_VII,CEBU,MANUFACTURING,ELECTRICAL AND ELECTRONICS,MANUFACTURING SYSTEMS DEVELOPER,PROGRAMMING (JAVA) NC III,WITH TR,HIGH,,0,0,1,1,,0,0,1,1
REGION_VII|CEBU|MANUFACTURING|ELECTRICAL AND ELECTRONICS|MECHATRONICS AND AUTOMATION TECHNICIAN|MECHATRONICS SERVICING NC II|WITH TR|HIGH,REGION_VII,CEBU,MANUFACTURING,ELECTRICAL AND ELECTRONICS,MECHATRONICS AND AUTOMATION TECHNICIAN,MECHATRONICS SERVICING NC II,WITH TR,HIGH,,0,0,1,1,,0,0,1,1
REGION_VII|CEBU|MANUFACTURING|ELECTRICAL AND ELECTRONICS|PCB DESIGN TECHNICIAN|ELECTRONIC PRODUCTS ASSEMBLY AND SERVICING NC II|WITH TR|LOW,REGION_VII,CEBU,MANUFACTURING,ELECTRICAL AND ELECTRONICS,PCB DESIGN TECHNICIAN,ELECTRONIC PRODUCTS ASSEMBLY AND SERVICING NC II,WITH TR,LOW,,0,0,1,1,,0,0,1,1
REGION_VII|CEBU|MANUFACTURING|ELECTRICAL AND ELECTRONICS|RESIDENTIAL/COMMERCIAL WIRING TECHNICIAN|DIPLOMA PROGRAM IN ELECTRICAL ENGINEERING TECHNOLOGY|DIPLOMA PROGRAMS|MEDIUM,REGION_VII,CEBU,MANUFACTURING,ELECTRICAL AND ELECTRONICS,RESIDENTIAL/COMMERCIAL WIRING TECHNICIAN,DIPLOMA PROGRAM IN ELECTRICAL ENGINEERING TECHNOLOGY,DIPLOMA PROGRAMS,MEDIUM,,0,0,0,0,,0,0,0,0
"REGION_VII|CEBU|MANUFACTURING|ELECTRICAL AND ELECTRONICS|SOLDERING, MICROSCOPE OPERATION|ELECTRONIC PRODUCTS ASSEMBLY AND SERVICING NC II|WITH TR|LOW",REGION_VII,CEBU,MANUFACTURING,ELECTRICAL AND ELECTRONICS,"SOLDERING, MICROSCOPE OPERATION",ELECTRONIC PRODUCTS ASSEMBLY AND SERVICING NC II,WITH TR,LOW,,0,0,1,1,,0,0,1,1
REGION_VII|CEBU|MANUFACTURING|ELECTRICAL AND ELECTRONICS|SUPERVISING TECHNICIAN|ELECTRICAL INSTALLATION AND MAINTENANCE NC IV|WITH TR|MEDIUM,REGION_VII,CEBU,MANUFACTURING,ELECTRICAL AND ELECTRONICS,SUPERVISING TECHNICIAN,ELECTRICAL INSTALLATION AND MAINTENANCE NC IV,WITH TR,MEDIUM,,0,0,0,0,,0,0,0,0
REGION_VII|CEBU|MANUFACTURING|FURNITURE AND FIXTURES|CARPENTER|CARPENTRY NC II|WITH TR|HIGH,REGION_VII,CEBU,MANUFACTURING,FURNITURE AND FIXTURES,CARPENTER,CARPENTRY NC II,WITH TR,HIGH,,0,0,1,1,,0,0,1,1
REGION_VII|CEBU|MANUFACTURING|GAME DEVELOPMENT SERVICES|GAME PROGRAMMER|GAME PROGRAMMING NC III|WITH TR|HIGH,REGION_VII,CEBU,MANUFACTURING,GAME DEVELOPMENT SERVICES,GAME PROGRAMMER,GAME PROGRAMMING NC III,WITH TR,HIGH,,0,0,0,0,,0,0,0,0
REGION_VII|CEBU|MANUFACTURING|GARMENTS|GARMENT SEWER|DRESSMAKING NC II|WITH TR|LOW,REGION_VII,CEBU,MANUFACTURING,GARMENTS,GARMENT SEWER,DRESSMAKING NC II,WITH TR,LOW,,0,0,1,1,,0,0,1,1
REGION_VII|CEBU|MANUFACTURING|GARMENTS|INDUSTRIAL SEWING MACHINE OPERATORS|NO CORRESPONDING TVET PROGRAM|NEW AND EMERGING|LOW,REGION_VII,CEBU,MANUFACTURING,GARMENTS,INDUSTRIAL SEWING MACHINE OPERATORS,NO CORRESPONDING TVET PROGRAM,NEW AND EMERGING,LOW,,0,0,0,0,,0,0,0,0
REGION_VII|CEBU|MANUFACTURING|GARMENTS|TAILOR|TAILORING NC II|WITH TR|LOW,REGION_VII,CEBU,MANUFACTURING,GARMENTS,TAILOR,TAILORING NC II,WITH TR,LOW,,0,0,1,1,,0,0,1,1
"REGION_VII|CEBU|MANUFACTURING|HEATING, VENTILATION, AIRCONDITIONING AND REFRIGERATION|RAC TECHNICIAN/ INSTALLERS|COMMERCIAL AIR-CONDITIONING INSTALLATION AND SERVICING NC III|WITH TR|HIGH",REGION_VII,CEBU,MANUFACTURING,"HEATING, VENTILATION, AIRCONDITIONING AND REFRIGERATION",RAC TECHNICIAN/ INSTALLERS,COMMERCIAL AIR-CONDITIONING INSTALLATION AND SERVICING NC III,WITH TR,HIGH,,0,0,1,1,,0,0,1,1
"REGION_VII|CEBU|MANUFACTURING|HEATING, VENTILATION, AIRCONDITIONING AND REFRIGERATION|RAC TECHNICIAN/ INSTALLERS|RAC SERVICING (DOMRAC) NC II|WITH TR|MEDIUM",REGION_VII,CEBU,MANUFACTURING,"HEATING, VENTILATION, AIRCONDITIONING AND REFRIGERATION",RAC TECHNICIAN/ INSTALLERS,RAC SERVICING (DOMRAC) NC II,WITH TR,MEDIUM,,0,0,1,1,,0,0,1,1
REGION_VII|CEBU|MANUFACTURING|METALS AND ENGINEERING|CARBON STEEL PLATE/ PIPE WELDER (MMAW)|MANUAL METAL ARC WELDING (MMAW) NC I|WITH TR|LOW,REGION_VII,CEBU,MANUFACTURING,METALS AND ENGINEERING,CARBON STEEL PLATE/ PIPE WELDER (MMAW),MANUAL METAL ARC WELDING (MMAW) NC I,WITH TR,LOW,,0,0,0,0,,0,0,0,0
REGION_VII|CEBU|MANUFACTURING|METALS AND ENGINEERING|CARBON STEEL PLATE/ PIPE WELDER (MMAW)|MANUAL METAL ARC WELDING (MMAW) NC III|WITH TR|LOW,REGION_VII,CEBU,MANUFACTURING,METALS AND ENGINEERING,CARBON STEEL PLATE/ PIPE WELDER (MMAW),MANUAL METAL ARC WELDING (MMAW) NC III,WITH TR,LOW,,0,0,0,0,,0,0,0,0
REGION_VII|CEBU|MANUFACTURING|METALS AND ENGINEERING|CARBON STEEL PLATE/ PIPE WELDER (MMAW)|MANUAL METAL ARC WELDING (MMAW) NC IV|WITH TR|HIGH,REGION_VII,CEBU,MANUFACTURING,METALS AND ENGINEERING,CARBON STEEL PLATE/ PIPE WELDER (MMAW),MANUAL METAL ARC WELDING (MMAW) NC IV,WITH TR,HIGH,,0,0,0,0,,0,0,0,0
REGION_VII|CEBU|MANUFACTURING|METALS AND ENGINEERING|FCAW PLATE WELDER (ALLOY STEEL)|FLUX-CORED ARC WELDING (FCAW) NC III|WITH TR|LOW,REGION_VII,CEBU,MANUFACTURING,METALS AND ENGINEERING,FCAW PLATE WELDER (ALLOY STEEL),FLUX-CORED ARC WELDING (FCAW) NC III,WITH TR,LOW,,0,0,1,1,,0,0,1,1
REGION_VII|CEBU|MANUFACTURING|METALS AND ENGINEERING|GAS (OXY-ACETYLENE) WELDER|GAS WELDING NC I|WITH TR|LOW,REGION_VII,CEBU,MANUFACTURING,METALS AND ENGINEERING,GAS (OXY-ACETYLENE) WELDER,GAS WELDING NC I,WITH TR,LOW,,0,0,0,0,,0,0,0,0
REGION_VII|CEBU|MANUFACTURING|METALS AND ENGINEERING|GAS WELDER (OXY-ACETYLENE)|GAS WELDING NC II|WITH TR|LOW,REGION_VII,CEBU,MANUFACTURING,METALS AND ENGINEERING,GAS WELDER (OXY-ACETYLENE),GAS WELDING NC II,WITH TR,LOW,,0,0,1,1,,0,0,1,1
REGION_VII|CEBU|MANUFACTURING|METALS AND ENGINEERING|GMAW WELDER (ALLOY STEEL)|GAS METAL ARC WELDING (GMAW) NC III|WITH TR|LOW,REGION_VII,CEBU,MANUFACTURING,METALS AND ENGINEERING,GMAW WELDER (ALLOY STEEL),GAS METAL ARC WELDING (GMAW) NC III,WITH TR,LOW,,0,0,1,1,,0,0,1,1
REGION_VII|CEBU|MANUFACTURING|METALS AND ENGINEERING|GTAW OR TIG PIPE WELDER (ALLOY STEEL)|GAS TUNGSTEN ARC WELDING (GTAW) NC IV|WITH TR|LOW,REGION_VII,CEBU,MANUFACTURING,METALS AND ENGINEERING,GTAW OR TIG PIPE WELDER (ALLOY STEEL),GAS TUNGSTEN ARC WELDING (GTAW) NC IV,WITH TR,LOW,,0,0,0,0,,0,0,0,0
REGION_VII|CEBU|MANUFACTURING|METALS AND ENGINEERING|GTAW/TIG WELDER|GAS TUNGSTEN ARC WELDING (GTAW) NC II|WITH TR|LOW,REGION_VII,CEBU,MANUFACTURING,METALS AND ENGINEERING,GTAW/TIG WELDER,GAS TUNGSTEN ARC WELDING (GTAW) NC II,WITH TR,LOW,,0,0,1,1,,0,0,1,1
REGION_VII|CEBU|MANUFACTURING|METALS AND ENGINEERING|INSTRUMENTATION TECHNICIAN|DIPLOMA PROGRAM IN MECHANICAL ENGINEERING TECHNOLOGY|DIPLOMA PROGRAMS|MEDIUM,REGION_VII,CEBU,MANUFACTURING,METALS AND ENGINEERING,INSTRUMENTATION TECHNICIAN,DIPLOMA PROGRAM IN MECHANICAL ENGINEERING TECHNOLOGY,DIPLOMA PROGRAMS,MEDIUM,,0,0,0,0,,0,0,0,0
REGION_VII|CEBU|MANUFACTURING|METALS AND ENGINEERING|MACHINIST|MACHINING NC I|WITH TR|HIGH,REGION_VII,CEBU,MANUFACTURING,METALS AND ENGINEERING,MACHINIST,MACHINING NC I,WITH TR,HIGH,,0,0,1,1,,0,0,1,1
REGION_VII|CEBU|MANUFACTURING|METALS AND ENGINEERING|MACHINIST|MACHINING NC II|WITH TR|MEDIUM,REGION_VII,CEBU,MANUFACTURING,METALS AND ENGINEERING,MACHINIST,MACHINING NC II,WITH TR,MEDIUM,,0,0,1,1,,0,0,1,1
REGION_VII|CEBU|MANUFACTURING|METALS AND ENGINEERING|MILLWRIGHT FITTER|NO CORRESPONDING TVET PROGRAM|NEW AND EMERGING|HIGH,REGION_VII,CEBU,MANUFACTURING,METALS AND ENGINEERING,MILLWRIGHT FITTER,NO CORRESPONDING TVET PROGRAM,NEW AND EMERGING,HIGH,,0,0,0,0,,0,0,0,0
REGION_VII|CEBU|MANUFACTURING|METALS AND ENGINEERING|MILLWRIGHT|NO CORRESPONDING TVET PROGRAM|NEW AND EMERGING|LOW,REGION_VII,CEBU,MANUFACTURING,METALS AND ENGINEERING,MILLWRIGHT,NO CORRESPONDING TVET PROGRAM,NEW AND EMERGING,LOW,,0,0,0,0,,0,0,0,0
REGION_VII|CEBU|MANUFACTURING|METALS AND ENGINEERING|PIPE FITTER|PIPEFITTING (METALLIC) NC II|WITH TR|HIGH,REGION_VII,CEBU,MANUFACTURING,METALS AND ENGINEERING,PIPE FITTER,PIPEFITTING (METALLIC) NC II,WITH TR,HIGH,,0,0,1,1,,0,0,1,1
REGION_VII|CEBU|MANUFACTURING|METALS AND ENGINEERING|PIPE FITTER|PIPEFITTING (METALLIC) NC II|WITH TR|LOW,REGION_VII,CEBU,MANUFACTURING,METALS AND ENGINEERING,PIPE FITTER,PIPEFITTING (METALLIC) NC II,WITH TR,LOW,,0,0,1,1,,0,0,1,1
REGION_VII|CEBU|MANUFACTURING|METALS AND ENGINEERING|PIPE WELDER (FCAW)|FLUX-CORED ARC WELDING (FCAW) NC II|WITH TR|HIGH,REGION_VII,CEBU,MANUFACTURING,METALS AND ENGINEERING,PIPE WELDER (FCAW),FLUX-CORED ARC WELDING (FCAW) NC II,WITH TR,HIGH,,0,0,1,1,,0,0,1,1
REGION_VII|CEBU|MANUFACTURING|METALS AND ENGINEERING|PIPE WELDER (GMAW)|GAS METAL ARC WELDING (GMAW) NC II|WITH TR|LOW,REGION_VII,CEBU,MANUFACTURING,METALS AND ENGINEERING,PIPE WELDER (GMAW),GAS METAL ARC WELDING (GMAW) NC II,WITH TR,LOW,,0,0,1,1,,0,0,1,1
REGION_VII|CEBU|MANUFACTURING|METALS AND ENGINEERING|PIPE WELDER (SAW)|SUBMERGED ARC WELDING (SAW) NC II|WITH TR|LOW,REGION_VII,CEBU,MANUFACTURING,METALS AND ENGINEERING,PIPE WELDER (SAW),SUBMERGED ARC WELDING (SAW) NC II,WITH TR,LOW,,0,0,0,0,,0,0,0,0
REGION_VII|CEBU|MANUFACTURING|METALS AND ENGINEERING|PLATE WELDER (FCAW)|FLUX-CORED ARC WELDING (FCAW) NC I|WITH TR|LOW,REGION_VII,CEBU,MANUFACTURING,METALS AND ENGINEERING,PLATE WELDER (FCAW),FLUX-CORED ARC WELDING (FCAW) NC I,WITH TR,LOW,,0,0,1,1,,0,0,1,1
REGION_VII|CEBU|MANUFACTURING|METALS AND ENGINEERING|PLATE WELDER (GMAW)|GAS METAL ARC WELDING (GMAW) NC I|WITH TR|LOW,REGION_VII,CEBU,MANUFACTURING,METALS AND ENGINEERING,PLATE WELDER (GMAW),GAS METAL ARC WELDING (GMAW) NC I,WITH TR,LOW,,0,0,0,0,,0,0,0,0
REGION_VII|CEBU|MANUFACTURING|METALS AND ENGINEERING|PLATE WELDER (SAW)|SUBMERGED ARC WELDING (SAW) NC I|WITH TR|LOW,REGION_VII,CEBU,MANUFACTURING,METALS AND ENGINEERING,PLATE WELDER (SAW),SUBMERGED ARC WELDING (SAW) NC I,WITH TR,LOW,,0,0,0,0,,0,0,0,0
REGION_VII|CEBU|MANUFACTURING|METALS AND ENGINEERING|PRECISION GRINDING MACHINE OPERATOR|MACHINING NC III|WITH TR|MEDIUM,REGION_VII,CEBU,MANUFACTURING,METALS AND ENGINEERING,PRECISION GRINDING MACHINE OPERATOR,MACHINING NC III,WITH TR,MEDIUM,,0,0,1,1,,0,0,1,1
REGION_VII|CEBU|MANUFACTURING|METALS AND ENGINEERING|WELDER|MANUAL METAL ARC WELDING (MMAW) NC II|WITH TR|LOW,REGION_VII,CEBU,MANUFACTURING,METALS AND ENGINEERING,WELDER,MANUAL METAL ARC WELDING (MMAW) NC II,WITH TR,LOW,,0,0,0,0,,0,0,0,0
REGION_VII|CEBU|MANUFACTURING|METALS AND ENGINEERING|WELDERS (SMAW)|MANUAL METAL ARC WELDING (MMAW) NC II|WITH TR|MEDIUM,REGION_VII,CEBU,MANUFACTURING,METALS AND ENGINEERING,WELDERS (SMAW),MANUAL METAL ARC WELDING (MMAW) NC II,WITH TR,MEDIUM,,0,0,0,0,,0,0,0,0
REGION_VII|CEBU|MANUFACTURING|PROCESSED FOOD AND BEVERAGES|BAKER|FOOD PRODUCTION (BREAD AND PATISSERIE) NC II|WITH TR|HIGH,REGION_VII,CEBU,MANUFACTURING,PROCESSED FOOD AND BEVERAGES,BAKER,FOOD PRODUCTION (BREAD AND PATISSERIE) NC II,WITH TR,HIGH,,0,0,1,1,,0,0,1,1
REGION_VII|CEBU|MANUFACTURING|PROCESSED FOOD AND BEVERAGES|CACAO PROCESSING TECHNICIAN|NO CORRESPONDING TVET PROGRAM|WITH CS|LOW,REGION_VII,CEBU,MANUFACTURING,PROCESSED FOOD AND BEVERAGES,CACAO PROCESSING TECHNICIAN,NO CORRESPONDING TVET PROGRAM,WITH CS,LOW,,0,0,0,0,,0,0,0,0
REGION_VII|CEBU|MANUFACTURING|PROCESSED FOOD AND BEVERAGES|CULINARY|COOKERY NC II|WITH TR|LOW,REGION_VII,CEBU,MANUFACTURING,PROCESSED FOOD AND BEVERAGES,CULINARY,COOKERY NC II,WITH TR,LOW,,0,0,1,1,,0,0,1,1
REGION_VII|CEBU|MANUFACTURING|PROCESSED FOOD AND BEVERAGES|FURNITURE CARPENTER|CARPENTRY NC III|WITH TR|LOW,REGION_VII,CEBU,MANUFACTURING,PROCESSED FOOD AND BEVERAGES,FURNITURE CARPENTER,CARPENTRY NC III,WITH TR,LOW,,0,0,1,1,,0,0,1,1
REGION_VII|CEBU|MANUFACTURING|PROCESSED FOOD AND BEVERAGES|KITCHEN SUPERVISOR|FOOD PRODUCTION (PROFESSIONAL COOKERY) NC III|WITH TR|MEDIUM,REGION_VII,CEBU,MANUFACTURING,PROCESSED FOOD AND BEVERAGES,KITCHEN SUPERVISOR,FOOD PRODUCTION (PROFESSIONAL COOKERY) NC III,WITH TR,MEDIUM,,0,0,0,0,,0,0,0,0
REGION_VII|CEBU|MANUFACTURING|PROCESSED FOOD AND BEVERAGES|SOUS CHEF|FOOD PRODUCTION (PROFESSIONAL COOKERY) NC IV|WITH TR|LOW,REGION_VII,CEBU,MANUFACTURING,PROCESSED FOOD AND BEVERAGES,SOUS CHEF,FOOD PRODUCTION (PROFESSIONAL COOKERY) NC IV,WITH TR,LOW,,0,0,0,0,,0,0,0,0
REGION_VII|CEBU|MANUFACTURING|SHIPBUILDING|FITTERS|PIPEFITTING (METALLIC) NC II|WITH TR|HIGH,REGION_VII,CEBU,MANUFACTURING,SHIPBUILDING,FITTERS,PIPEFITTING (METALLIC) NC II,WITH TR,HIGH,,0,0,0,0,,0,0,0,0
REGION_VII|CEBU|MANUFACTURING|SHIPBUILDING|PAINTERS|NO CORRESPONDING TVET PROGRAM|NEW AND EMERGING|LOW,REGION_VII,CEBU,MANUFACTURING,SHIPBUILDING,PAINTERS,NO CORRESPONDING TVET PROGRAM,NEW AND EMERGING,LOW,,0,0,0,0,,0,0,0,0
REGION_VII|CEBU|MANUFACTURING|SHIPBUILDING|SANDBLASTERS|NO CORRESPONDING TVET PROGRAM|NEW AND EMERGING|HIGH,REGION_VII,CEBU,MANUFACTURING,SHIPBUILDING,SANDBLASTERS,NO CORRESPONDING TVET PROGRAM,NEW AND EMERGING,HIGH,,0,0,0,0,,0,0,0,0
REGION_VII|CEBU|MANUFACTURING|SHIPBUILDING|WELDERS (FCAW)|FLUX-CORED ARC WELDING (FCAW) NC II|WITH TR|HIGH,REGION_VII,CEBU,MANUFACTURING,SHIPBUILDING,WELDERS (FCAW),FLUX-CORED ARC WELDING (FCAW) NC II,WITH TR,HIGH,,0,0,0,0,,0,0,0,0
REGION_VII|CEBU|MANUFACTURING|SHIPBUILDING|WELDERS (SMAW)|MANUAL METAL ARC WELDING (MMAW) NC I|WITH TR|HIGH,REGION_VII,CEBU,MANUFACTURING,SHIPBUILDING,WELDERS (SMAW),MANUAL METAL ARC WELDING (MMAW) NC I,WITH TR,HIGH,,0,0,0,0,,0,0,0,0
REGION_VII|CEBU|MANUFACTURING|SHIPBUILDING|WELDERS (SMAW)|MANUAL METAL ARC WELDING (MMAW) NC II|WITH TR|HIGH,REGION_VII,CEBU,MANUFACTURING,SHIPBUILDING,WELDERS (SMAW),MANUAL METAL ARC WELDING (MMAW) NC II,WITH TR,HIGH,,0,0,0,0,,0,0,0,0
REGION_VII|CEBU|MANUFACTURING|SHIPBUILDING|WELDERS (SMAW)|MANUAL METAL ARC WELDING (MMAW) NC II|WITH TR|LOW,REGION_VII,CEBU,MANUFACTURING,SHIPBUILDING,WELDERS (SMAW),MANUAL METAL ARC WELDING (MMAW) NC II,WITH TR,LOW,,0,0,0,0,,0,0,0,0
REGION_VII|CEBU|MANUFACTURING|SHIPBUILDING|WELDERS (SMAW)|MANUAL METAL ARC WELDING (MMAW) NC III|WITH TR|HIGH,REGION_VII,CEBU,MANUFACTURING,SHIPBUILDING,WELDERS (SMAW),MANUAL METAL ARC WELDING (MMAW) NC III,WITH TR,HIGH,,0,0,0,0,,0,0,0,0
REGION_VII|CEBU|MANUFACTURING|SHIPBUILDING|WELDERS (SMAW)|MANUAL METAL ARC WELDING (MMAW) NC IV|WITH TR|HIGH,REGION_VII,CEBU,MANUFACTURING,SHIPBUILDING,WELDERS (SMAW),MANUAL METAL ARC WELDING (MMAW) NC IV,WITH TR,HIGH,,0,0,0,0,,0,0,0,0
REGION_VII|CEBU|MANUFACTURING|SHIPBUILDING|WIREBRUSHERS|MANUAL METAL ARC WELDING (MMAW) NC I|WITH TR|HIGH,REGION_VII,CEBU,MANUFACTURING,SHIPBUILDING,WIREBRUSHERS,MANUAL METAL ARC WELDING (MMAW) NC I,WITH TR,HIGH,,0,0,0,0,,0,0,0,0
"REGION_VII|CEBU|MARITIME|CREW AND VESSEL SERVICES, MARITIME HOSPITALITY|MESSMAN|SHIP'S CATERING SERVICES NC I|WITH TR|LOW",REGION_VII,CEBU,MARITIME,"CREW AND VESSEL SERVICES, MARITIME HOSPITALITY",MESSMAN,SHIP'S CATERING SERVICES NC I,WITH TR,LOW,,0,0,0,0,,0,0,0,0
"REGION_VII|CEBU|MARITIME|CREW AND VESSEL SERVICES, MARITIME HOSPITALITY|SHIPS’ COOK|SHIPS' CATERING NC III (SHIPS' COOKS)|WITH TR|LOW",REGION_VII,CEBU,MARITIME,"CREW AND VESSEL SERVICES, MARITIME HOSPITALITY",SHIPS’ COOK,SHIPS' CATERING NC III (SHIPS' COOKS),WITH TR,LOW,,0,0,0,0,,0,0,0,0
REGION_VII|CEBU|METALS AND ENGINEERING|MACHINING AND METALWORKING|CNC LATHE MACHINE OPERATOR (BASIC)|CNC LATHE MACHINE OPERATION NC II|WITH TR|LOW,REGION_VII,CEBU,METALS AND ENGINEERING,MACHINING AND METALWORKING,CNC LATHE MACHINE OPERATOR (BASIC),CNC LATHE MACHINE OPERATION NC II,WITH TR,LOW,,0,0,0,0,,0,0,0,0
REGION_VII|CEBU|METALS AND ENGINEERING|MACHINING AND METALWORKING|CNC MILLING MACHINE OPERATOR (BASIC)|CNC MILLING MACHINE OPERATION NC II|WITH TR|LOW,REGION_VII,CEBU,METALS AND ENGINEERING,MACHINING AND METALWORKING,CNC MILLING MACHINE OPERATOR (BASIC),CNC MILLING MACHINE OPERATION NC II,WITH TR,LOW,,0,0,0,0,,0,0,0,0
REGION_VII|CEBU|METALS AND ENGINEERING|METALS AND ENGINEERING|AUSTENITIC STAINLESS STEEL PLATE/ PIPE WELDER (MMAW)|MANUAL METAL ARC WELDING (MMAW) NC IV|WITH TR|HIGH,REGION_VII,CEBU,METALS AND ENGINEERING,METALS AND ENGINEERING,AUSTENITIC STAINLESS STEEL PLATE/ PIPE WELDER (MMAW),MANUAL METAL ARC WELDING (MMAW) NC IV,WITH TR,HIGH,,0,0,0,0,,0,0,0,0
REGION_VII|CEBU|METALS AND ENGINEERING|METALS AND ENGINEERING|CARBON STEEL PLATE/ PIPE WELDER (MMAW)|MANUAL METAL ARC WELDING (MMAW) NC I|WITH TR|HIGH,REGION_VII,CEBU,METALS AND ENGINEERING,METALS AND ENGINEERING,CARBON STEEL PLATE/ PIPE WELDER (MMAW),MANUAL METAL ARC WELDING (MMAW) NC I,WITH TR,HIGH,,0,0,1,1,,0,0,1,1
REGION_VII|CEBU|METALS AND ENGINEERING|METALS AND ENGINEERING|CARBON STEEL PLATE/ PIPE WELDER (MMAW)|MANUAL METAL ARC WELDING (MMAW) NC II|WITH TR|HIGH,REGION_VII,CEBU,METALS AND ENGINEERING,METALS AND ENGINEERING,CARBON STEEL PLATE/ PIPE WELDER (MMAW),MANUAL METAL ARC WELDING (MMAW) NC II,WITH TR,HIGH,,0,0,1,1,,0,0,1,1
REGION_VII|CEBU|METALS AND ENGINEERING|METALS AND ENGINEERING|CARBON STEEL PLATE/ PIPE WELDER (MMAW)|MANUAL METAL ARC WELDING (MMAW) NC III|WITH TR|LOW,REGION_VII,CEBU,METALS AND ENGINEERING,METALS AND ENGINEERING,CARBON STEEL PLATE/ PIPE WELDER (MMAW),MANUAL METAL ARC WELDING (MMAW) NC III,WITH TR,LOW,,0,0,1,1,,0,0,1,1
REGION_VII|CEBU|METALS AND ENGINEERING|METALS AND ENGINEERING|FCAW PLATE & PIPE WELDER ( ALLOY STEEL)|FLUX-CORED ARC WELDING (FCAW) NC III|WITH TR|LOW,REGION_VII,CEBU,METALS AND ENGINEERING,METALS AND ENGINEERING,FCAW PLATE & PIPE WELDER ( ALLOY STEEL),FLUX-CORED ARC WELDING (FCAW) NC III,WITH TR,LOW,,0,0,0,0,,0,0,0,0
REGION_VII|CEBU|METALS AND ENGINEERING|METALS AND ENGINEERING|GAS (OXY-ACETYLENE) WELDER|GAS WELDING NC I|WITH TR|LOW,REGION_VII,CEBU,METALS AND ENGINEERING,METALS AND ENGINEERING,GAS (OXY-ACETYLENE) WELDER,GAS WELDING NC I,WITH TR,LOW,,0,0,0,0,,0,0,0,0
REGION_VII|CEBU|METALS AND ENGINEERING|METALS AND ENGINEERING|GAS WELDER (OXY-ACETYLENE)|GAS WELDING NC II|WITH TR|LOW,REGION_VII,CEBU,METALS AND ENGINEERING,METALS AND ENGINEERING,GAS WELDER (OXY-ACETYLENE),GAS WELDING NC II,WITH TR,LOW,,0,0,1,1,,0,0,1,1
REGION_VII|CEBU|METALS AND ENGINEERING|METALS AND ENGINEERING|GMAW PLATE & PIPE WELDER ( ALLOY STEEL)|GAS METAL ARC WELDING (GMAW) NC III|WITH TR|LOW,REGION_VII,CEBU,METALS AND ENGINEERING,METALS AND ENGINEERING,GMAW PLATE & PIPE WELDER ( ALLOY STEEL),GAS METAL ARC WELDING (GMAW) NC III,WITH TR,LOW,,0,0,0,0,,0,0,0,0
REGION_VII|CEBU|METALS AND ENGINEERING|METALS AND ENGINEERING|GTAW/TIG PIPE & PLATE WELDER (ALLOY STEEL)|GAS TUNGSTEN ARC WELDING (GTAW) NC IV|WITH TR|LOW,REGION_VII,CEBU,METALS AND ENGINEERING,METALS AND ENGINEERING,GTAW/TIG PIPE & PLATE WELDER (ALLOY STEEL),GAS TUNGSTEN ARC WELDING (GTAW) NC IV,WITH TR,LOW,,0,0,0,0,,0,0,0,0
REGION_VII|CEBU|METALS AND ENGINEERING|METALS AND ENGINEERING|GTAW/TIG WELDER|GAS TUNGSTEN ARC WELDING (GTAW) NC II|WITH TR|HIGH,REGION_VII,CEBU,METALS AND ENGINEERING,METALS AND ENGINEERING,GTAW/TIG WELDER,GAS TUNGSTEN ARC WELDING (GTAW) NC II,WITH TR,HIGH,,0,0,1,1,,0,0,1,1
REGION_VII|CEBU|METALS AND ENGINEERING|METALS AND ENGINEERING|INSTRUMENTATION AND AUTOMATION TECHNICIAN (LEVEL 1)|INSTRUMENTATION AND CONTROL SERVICING NC II|WITH TR|LOW,REGION_VII,CEBU,METALS AND ENGINEERING,METALS AND ENGINEERING,INSTRUMENTATION AND AUTOMATION TECHNICIAN (LEVEL 1),INSTRUMENTATION AND CONTROL SERVICING NC II,WITH TR,LOW,,0,0,1,1,,0,0,1,1
REGION_VII|CEBU|METALS AND ENGINEERING|METALS AND ENGINEERING|INSTRUMENTATION AND AUTOMATION TECHNICIAN (LEVEL 2)|INSTRUMENTATION AND CONTROL SERVICING NC III|WITH TR|LOW,REGION_VII,CEBU,METALS AND ENGINEERING,METALS AND ENGINEERING,INSTRUMENTATION AND AUTOMATION TECHNICIAN (LEVEL 2),INSTRUMENTATION AND CONTROL SERVICING NC III,WITH TR,LOW,,0,0,0,0,,0,0,0,0
REGION_VII|CEBU|METALS AND ENGINEERING|METALS AND ENGINEERING|INSTRUMENTATION AND AUTOMATION TECHNICIAN (LEVEL 3)|INSTRUMENTATION AND CONTROL SERVICING NC IV|WITH TR|LOW,REGION_VII,CEBU,METALS AND ENGINEERING,METALS AND ENGINEERING,INSTRUMENTATION AND AUTOMATION TECHNICIAN (LEVEL 3),INSTRUMENTATION AND CONTROL SERVICING NC IV,WITH TR,LOW,,0,0,0,0,,0,0,0,0
"REGION_VII|CEBU|METALS AND ENGINEERING|METALS AND ENGINEERING|MACHINES OPERATOR, WELDER/FABRICATOR, MECHANICAL TECHNICIAN, CAD/CAM OPERATOR, CNC LATHE PROGRAMMER, CNC MILLING PROGRAMMER, ASSISTANT SUPERVISOR, ASSISTANT TRAINER, ENTREPRENEUR|DIPLOMA PROGRAM IN MECHANICAL TECHNOLOGY|DIPLOMA PROGRAMS|LOW",REGION_VII,CEBU,METALS AND ENGINEERING,METALS AND ENGINEERING,"MACHINES OPERATOR, WELDER/FABRICATOR, MECHANICAL TECHNICIAN, CAD/CAM OPERATOR, CNC LATHE PROGRAMMER, CNC MILLING PROGRAMMER, ASSISTANT SUPERVISOR, ASSISTANT TRAINER, ENTREPRENEUR",DIPLOMA PROGRAM IN MECHANICAL TECHNOLOGY,DIPLOMA PROGRAMS,LOW,,0,0,0,0,,0,0,0,0
"REGION_VII|CEBU|METALS AND ENGINEERING|METALS AND ENGINEERING|MECHANICAL INSPECTOR METAL ENGINEERING DESIGN TECHNOLOGIST MATERIALS TESTING TECHNOLOGIST. MECHANICAL COORDINATOR, FOREMAN, OR SUPERINTENDENT ESTIMATOR TECHNICAL REPRESENTATIVE FIELD TECHNICAL ASSISTANT DRAFTSMAN/CAD OPERATOR|DIPLOMA PROGRAM IN MECHANICAL ENGINEERING TECHNOLOGY|DIPLOMA PROGRAMS|LOW",REGION_VII,CEBU,METALS AND ENGINEERING,METALS AND ENGINEERING,"MECHANICAL INSPECTOR METAL ENGINEERING DESIGN TECHNOLOGIST MATERIALS TESTING TECHNOLOGIST. MECHANICAL COORDINATOR, FOREMAN, OR SUPERINTENDENT ESTIMATOR TECHNICAL REPRESENTATIVE FIELD TECHNICAL ASSISTANT DRAFTSMAN/CAD OPERATOR",DIPLOMA PROGRAM IN MECHANICAL ENGINEERING TECHNOLOGY,DIPLOMA PROGRAMS,LOW,,0,0,0,0,,0,0,0,0
REGION_VII|CEBU|METALS AND ENGINEERING|METALS AND ENGINEERING|PIPE WELDER (SAW)|SUBMERGED ARC WELDING (SAW) NC II|WITH TR|LOW,REGION_VII,CEBU,METALS AND ENGINEERING,METALS AND ENGINEERING,PIPE WELDER (SAW),SUBMERGED ARC WELDING (SAW) NC II,WITH TR,LOW,,0,0,0,0,,0,0,0,0
REGION_VII|CEBU|METALS AND ENGINEERING|METALS AND ENGINEERING|PIPEFITTER|PIPEFITTING (METALLIC) NC II|WITH TR|LOW,REGION_VII,CEBU,METALS AND ENGINEERING,METALS AND ENGINEERING,PIPEFITTER,PIPEFITTING (METALLIC) NC II,WITH TR,LOW,,0,0,1,1,,0,0,1,1
REGION_VII|CEBU|METALS AND ENGINEERING|METALS AND ENGINEERING|PLATE & PIPE WELDER (FCAW)|FLUX-CORED ARC WELDING (FCAW) NC II|WITH TR|HIGH,REGION_VII,CEBU,METALS AND ENGINEERING,METALS AND ENGINEERING,PLATE & PIPE WELDER (FCAW),FLUX-CORED ARC WELDING (FCAW) NC II,WITH TR,HIGH,,0,0,1,1,,0,0,1,1
REGION_VII|CEBU|METALS AND ENGINEERING|METALS AND ENGINEERING|PLATE & PIPE WELDER (GMAW)|GAS METAL ARC WELDING (GMAW) NC II|WITH TR|LOW,REGION_VII,CEBU,METALS AND ENGINEERING,METALS AND ENGINEERING,PLATE & PIPE WELDER (GMAW),GAS METAL ARC WELDING (GMAW) NC II,WITH TR,LOW,,0,0,1,1,,0,0,1,1
REGION_VII|CEBU|METALS AND ENGINEERING|METALS AND ENGINEERING|PLATE WELDER (FCAW)|FLUX-CORED ARC WELDING (FCAW) NC I|WITH TR|LOW,REGION_VII,CEBU,METALS AND ENGINEERING,METALS AND ENGINEERING,PLATE WELDER (FCAW),FLUX-CORED ARC WELDING (FCAW) NC I,WITH TR,LOW,,0,0,1,1,,0,0,1,1
REGION_VII|CEBU|METALS AND ENGINEERING|METALS AND ENGINEERING|PLATE WELDER (GMAW)|GAS METAL ARC WELDING (GMAW) NC I|WITH TR|LOW,REGION_VII,CEBU,METALS AND ENGINEERING,METALS AND ENGINEERING,PLATE WELDER (GMAW),GAS METAL ARC WELDING (GMAW) NC I,WITH TR,LOW,,0,0,1,1,,0,0,1,1
REGION_VII|CEBU|METALS AND ENGINEERING|METALS AND ENGINEERING|PLATE WELDER (SAW)|SUBMERGED ARC WELDING (SAW) NC I|WITH TR|HIGH,REGION_VII,CEBU,METALS AND ENGINEERING,METALS AND ENGINEERING,PLATE WELDER (SAW),SUBMERGED ARC WELDING (SAW) NC I,WITH TR,HIGH,,0,0,0,0,,0,0,0,0
REGION_VII|CEBU|PROCESSED FOOD & BEVERAGES|MEAT PROCESSING|BUTCHER|SLAUGHTERING OPERATIONS (SWINE) NC II|WITH TR|HIGH,REGION_VII,CEBU,PROCESSED FOOD & BEVERAGES,MEAT PROCESSING,BUTCHER,SLAUGHTERING OPERATIONS (SWINE) NC II,WITH TR,HIGH,,0,0,0,0,,0,0,0,0
"REGION_VII|CEBU|SOCIAL, COMMUNITY DEVELOPMENT AND OTHER SERVICES|FINANCIAL MANAGEMENT|BOKKEEPER|BOOKKEEPING NC III|WITH TR|MEDIUM",REGION_VII,CEBU,"SOCIAL, COMMUNITY DEVELOPMENT AND OTHER SERVICES",FINANCIAL MANAGEMENT,BOKKEEPER,BOOKKEEPING NC III,WITH TR,MEDIUM,,0,0,0,0,,0,0,0,0
"REGION_VII|CEBU|SOCIAL, COMMUNITY DEVELOPMENT AND OTHER SERVICES|HOUSEHOLD SERVICES|DOMESTIC WORKER|DOMESTIC WORK NC II|WITH TR|LOW",REGION_VII,CEBU,"SOCIAL, COMMUNITY DEVELOPMENT AND OTHER SERVICES",HOUSEHOLD SERVICES,DOMESTIC WORKER,DOMESTIC WORK NC II,WITH TR,LOW,,0,0,0,0,,0,0,0,0
"REGION_VII|CEBU|SOCIAL, COMMUNITY DEVELOPMENT AND OTHER SERVICES|PERSONAL SERVICES|ASSISTANT HAIRSTYLIST(COLORIST AND PERMIST)|HAIRDRESSING NC II|WITH TR|HIGH",REGION_VII,CEBU,"SOCIAL, COMMUNITY DEVELOPMENT AND OTHER SERVICES",PERSONAL SERVICES,ASSISTANT HAIRSTYLIST(COLORIST AND PERMIST),HAIRDRESSING NC II,WITH TR,HIGH,,0,0,1,1,,0,0,1,1
"REGION_VII|CEBU|SOCIAL, COMMUNITY DEVELOPMENT AND OTHER SERVICES|PERSONAL SERVICES|BARBER|BARBERING NC II|WITH TR|LOW",REGION_VII,CEBU,"SOCIAL, COMMUNITY DEVELOPMENT AND OTHER SERVICES",PERSONAL SERVICES,BARBER,BARBERING NC II,WITH TR,LOW,,0,0,1,1,,0,0,1,1
"REGION_VII|CEBU|SOCIAL, COMMUNITY DEVELOPMENT AND OTHER SERVICES|PERSONAL SERVICES|BEAUTY THERAPY ASSISTANT|BEAUTY CARE (SKIN CARE) SERVICES NC II|WITH TR|LOW",REGION_VII,CEBU,"SOCIAL, COMMUNITY DEVELOPMENT AND OTHER SERVICES",PERSONAL SERVICES,BEAUTY THERAPY ASSISTANT,BEAUTY CARE (SKIN CARE) SERVICES NC II,WITH TR,LOW,,0,0,0,0,,0,0,0,0
"REGION_VII|CEBU|SOCIAL, COMMUNITY DEVELOPMENT AND OTHER SERVICES|PERSONAL SERVICES|MANICURIST/PEDICURIST|BEAUTY CARE (NAIL CARE) SERVICES NC II|WITH TR|LOW",REGION_VII,CEBU,"SOCIAL, COMMUNITY DEVELOPMENT AND OTHER SERVICES",PERSONAL SERVICES,MANICURIST/PEDICURIST,BEAUTY CARE (NAIL CARE) SERVICES NC II,WITH TR,LOW,,0,0,1,1,,0,0,1,1
"REGION_VII|CEBU|SOCIAL, COMMUNITY DEVELOPMENT AND OTHER SERVICES|PERSONAL SERVICES|NAIL SPECIALIST|BEAUTY CARE (NAIL ENHANCEMENT TECHNOLOGY) SERVICES NC III|WITH TR|LOW",REGION_VII,CEBU,"SOCIAL, COMMUNITY DEVELOPMENT AND OTHER SERVICES",PERSONAL SERVICES,NAIL SPECIALIST,BEAUTY CARE (NAIL ENHANCEMENT TECHNOLOGY) SERVICES NC III,WITH TR,LOW,,0,0,0,0,,0,0,0,0
"REGION_VII|CEBU|SOCIAL, COMMUNITY DEVELOPMENT AND OTHER SERVICES|PERSONAL SERVICES|SENIOR HAIRSTYLIST|HAIRDRESSING NC III|WITH TR|MEDIUM",REGION_VII,CEBU,"SOCIAL, COMMUNITY DEVELOPMENT AND OTHER SERVICES",PERSONAL SERVICES,SENIOR HAIRSTYLIST,HAIRDRESSING NC III,WITH TR,MEDIUM,,0,0,0,0,,0,0,0,0
"REGION_VII|CEBU|TOURISM (HOTEL AND RESTAURANT)|ACCOMMODATION|1.FOOD AND BEVERAGE ATTENDANT / SERVER / BARTENDER / BARISTA /WAITSTAFF /F&B DIRECTOR/F&B OUTLET MANAGER 
2.HOTEL RECEPTIONIST/FRONT DESK AGENT
3.GUEST SERVICES ASSOCIATE /HOTEL RECEPTIONIST/FRONT DESK AGENT
4.ROOM ATTENDANT / HOUSEKEEPING ATTENDANT/PUBLIC AREA CLEANER
5.EVENT COORDINATOR/EVENT ASSISTANT|DIPLOMA PROGRAM IN HOSPITALITY MANAGEMENT|DIPLOMA PROGRAMS|",REGION_VII,CEBU,TOURISM (HOTEL AND RESTAURANT),ACCOMMODATION,"1.FOOD AND BEVERAGE ATTENDANT / SERVER / BARTENDER / BARISTA /WAITSTAFF /F&B DIRECTOR/F&B OUTLET MANAGER 
2.HOTEL RECEPTIONIST/FRONT DESK AGENT
3.GUEST SERVICES ASSOCIATE /HOTEL RECEPTIONIST/FRONT DESK AGENT
4.ROOM ATTENDANT / HOUSEKEEPING ATTENDANT/PUBLIC AREA CLEANER
5.EVENT COORDINATOR/EVENT ASSISTANT",DIPLOMA PROGRAM IN HOSPITALITY MANAGEMENT,DIPLOMA PROGRAMS,,,0,0,0,0,,0,0,0,0
"REGION_VII|CEBU|TOURISM (HOTEL AND RESTAURANT)|ACCOMMODATION|1.FOOD AND BEVERAGE ATTENDANT / SERVER / BARTENDER / BARISTA /WAITSTAFF /F&B DIRECTOR/F&B OUTLET MANAGER 
2.HOTEL RECEPTIONIST/FRONT DESK AGENT
3.GUEST SERVICES ASSOCIATE /HOTEL RECEPTIONIST/FRONT DESK AGENT
4.ROOM ATTENDANT / HOUSEKEEPING ATTENDANT/PUBLIC AREA CLEANER
5.EVENT COORDINATOR/EVENT ASSISTANT|DIPLOMA PROGRAM IN HOSPITALITY MANAGEMENT|DIPLOMA PROGRAMS|HIGH",REGION_VII,CEBU,TOURISM (HOTEL AND RESTAURANT),ACCOMMODATION,"1.FOOD AND BEVERAGE ATTENDANT / SERVER / BARTENDER / BARISTA /WAITSTAFF /F&B DIRECTOR/F&B OUTLET MANAGER 
2.HOTEL RECEPTIONIST/FRONT DESK AGENT
3.GUEST SERVICES ASSOCIATE /HOTEL RECEPTIONIST/FRONT DESK AGENT
4.ROOM ATTENDANT / HOUSEKEEPING ATTENDANT/PUBLIC AREA CLEANER
5.EVENT COORDINATOR/EVENT ASSISTANT",DIPLOMA PROGRAM IN HOSPITALITY MANAGEMENT,DIPLOMA PROGRAMS,HIGH,,0,0,0,0,,0,0,0,0
"REGION_VII|CEBU|TOURISM (HOTEL AND RESTAURANT)|ACCOMMODATION|1.FOOD AND BEVERAGE ATTENDANT / SERVER / BARTENDER / BARISTA /WAITSTAFF /F&B DIRECTOR/F&B OUTLET MANAGER 
2.HOTEL RECEPTIONIST/FRONT DESK AGENT
3.GUEST SERVICES ASSOCIATE /HOTEL RECEPTIONIST/FRONT DESK AGENT
4.ROOM ATTENDANT / HOUSEKEEPING ATTENDANT/PUBLIC AREA CLEANER
5.EVENT COORDINATOR/EVENT ASSISTANT|DIPLOMA PROGRAM IN HOSPITALITY MANAGEMENT|DIPLOMA PROGRAMS|LOW",REGION_VII,CEBU,TOURISM (HOTEL AND RESTAURANT),ACCOMMODATION,"1.FOOD AND BEVERAGE ATTENDANT / SERVER / BARTENDER / BARISTA /WAITSTAFF /F&B DIRECTOR/F&B OUTLET MANAGER 
2.HOTEL RECEPTIONIST/FRONT DESK AGENT
3.GUEST SERVICES ASSOCIATE /HOTEL RECEPTIONIST/FRONT DESK AGENT
4.ROOM ATTENDANT / HOUSEKEEPING ATTENDANT/PUBLIC AREA CLEANER
5.EVENT COORDINATOR/EVENT ASSISTANT",DIPLOMA PROGRAM IN HOSPITALITY MANAGEMENT,DIPLOMA PROGRAMS,LOW,,0,0,0,0,,0,0,0,0
REGION_VII|CEBU|TOURISM (HOTEL AND RESTAURANT)|ACCOMMODATION|AUTO TECHNICIANS|AUTOMOTIVE SERVICING NC I|WITH TR|HIGH,REGION_VII,CEBU,TOURISM (HOTEL AND RESTAURANT),ACCOMMODATION,AUTO TECHNICIANS,AUTOMOTIVE SERVICING NC I,WITH TR,HIGH,,0,0,1,1,,0,0,1,1
REGION_VII|CEBU|TOURISM (HOTEL AND RESTAURANT)|ACCOMMODATION|BELL MAN|FRONT OFFICE SERVICES NC II|WITH TR|LOW,REGION_VII,CEBU,TOURISM (HOTEL AND RESTAURANT),ACCOMMODATION,BELL MAN,FRONT OFFICE SERVICES NC II,WITH TR,LOW,,0,0,1,1,,0,0,1,1
REGION_VII|CEBU|TOURISM (HOTEL AND RESTAURANT)|ACCOMMODATION|BOILER TECHNICIANS|NO CORRESPONDING TVET PROGRAM|NEW AND EMERGING|HIGH,REGION_VII,CEBU,TOURISM (HOTEL AND RESTAURANT),ACCOMMODATION,BOILER TECHNICIANS,NO CORRESPONDING TVET PROGRAM,NEW AND EMERGING,HIGH,,0,0,0,0,,0,0,0,0
REGION_VII|CEBU|TOURISM (HOTEL AND RESTAURANT)|ACCOMMODATION|BUSINESS CLERK|FRONT OFFICE SERVICES NC II|WITH TR|MEDIUM,REGION_VII,CEBU,TOURISM (HOTEL AND RESTAURANT),ACCOMMODATION,BUSINESS CLERK,FRONT OFFICE SERVICES NC II,WITH TR,MEDIUM,,0,0,1,1,,0,0,1,1
REGION_VII|CEBU|TOURISM (HOTEL AND RESTAURANT)|ACCOMMODATION|CONCIERGE|FRONT OFFICE SERVICES NC II|WITH TR|HIGH,REGION_VII,CEBU,TOURISM (HOTEL AND RESTAURANT),ACCOMMODATION,CONCIERGE,FRONT OFFICE SERVICES NC II,WITH TR,HIGH,,0,0,1,1,,0,0,1,1
REGION_VII|CEBU|TOURISM (HOTEL AND RESTAURANT)|ACCOMMODATION|CUSTOMER SERVICE|HOUSEKEEPING NC II|WITH TR|MEDIUM,REGION_VII,CEBU,TOURISM (HOTEL AND RESTAURANT),ACCOMMODATION,CUSTOMER SERVICE,HOUSEKEEPING NC II,WITH TR,MEDIUM,,0,0,1,1,,0,0,1,1
REGION_VII|CEBU|TOURISM (HOTEL AND RESTAURANT)|ACCOMMODATION|DOOR MAN|FRONT OFFICE SERVICES NC II|WITH TR|LOW,REGION_VII,CEBU,TOURISM (HOTEL AND RESTAURANT),ACCOMMODATION,DOOR MAN,FRONT OFFICE SERVICES NC II,WITH TR,LOW,,0,0,1,1,,0,0,1,1
REGION_VII|CEBU|TOURISM (HOTEL AND RESTAURANT)|ACCOMMODATION|FRONT OFFICE MANAGER|FRONT OFFICE SERVICES NC II|WITH TR|MEDIUM,REGION_VII,CEBU,TOURISM (HOTEL AND RESTAURANT),ACCOMMODATION,FRONT OFFICE MANAGER,FRONT OFFICE SERVICES NC II,WITH TR,MEDIUM,,0,0,1,1,,0,0,1,1
REGION_VII|CEBU|TOURISM (HOTEL AND RESTAURANT)|ACCOMMODATION|GUEST RELATION OFFICER|FRONT OFFICE SERVICES NC II|WITH TR|LOW,REGION_VII,CEBU,TOURISM (HOTEL AND RESTAURANT),ACCOMMODATION,GUEST RELATION OFFICER,FRONT OFFICE SERVICES NC II,WITH TR,LOW,,0,0,1,1,,0,0,1,1
REGION_VII|CEBU|TOURISM (HOTEL AND RESTAURANT)|ACCOMMODATION|HANDYMAN|NO CORRESPONDING TVET PROGRAM|NEW AND EMERGING|MEDIUM,REGION_VII,CEBU,TOURISM (HOTEL AND RESTAURANT),ACCOMMODATION,HANDYMAN,NO CORRESPONDING TVET PROGRAM,NEW AND EMERGING,MEDIUM,,0,0,0,0,,0,0,0,0
REGION_VII|CEBU|TOURISM (HOTEL AND RESTAURANT)|ACCOMMODATION|HOTEL MANAGER|DIPLOMA PROGRAM IN HOTEL AND RESTAURANT TECHNOLOGY|DIPLOMA PROGRAMS|MEDIUM,REGION_VII,CEBU,TOURISM (HOTEL AND RESTAURANT),ACCOMMODATION,HOTEL MANAGER,DIPLOMA PROGRAM IN HOTEL AND RESTAURANT TECHNOLOGY,DIPLOMA PROGRAMS,MEDIUM,,0,0,0,0,,0,0,0,0
REGION_VII|CEBU|TOURISM (HOTEL AND RESTAURANT)|ACCOMMODATION|HOUSEKEEPER / SECTION HEAD|FRONT OFFICE SERVICES NC II|WITH TR|HIGH,REGION_VII,CEBU,TOURISM (HOTEL AND RESTAURANT),ACCOMMODATION,HOUSEKEEPER / SECTION HEAD,FRONT OFFICE SERVICES NC II,WITH TR,HIGH,,0,0,1,1,,0,0,1,1
REGION_VII|CEBU|TOURISM (HOTEL AND RESTAURANT)|ACCOMMODATION|LAUNDRY TECHNICIANS|HOUSEKEEPING NC II|WITH TR|HIGH,REGION_VII,CEBU,TOURISM (HOTEL AND RESTAURANT),ACCOMMODATION,LAUNDRY TECHNICIANS,HOUSEKEEPING NC II,WITH TR,HIGH,,0,0,1,1,,0,0,1,1
REGION_VII|CEBU|TOURISM (HOTEL AND RESTAURANT)|ACCOMMODATION|LINEN ATTENDANT|HOUSEKEEPING NC II|WITH TR|MEDIUM,REGION_VII,CEBU,TOURISM (HOTEL AND RESTAURANT),ACCOMMODATION,LINEN ATTENDANT,HOUSEKEEPING NC II,WITH TR,MEDIUM,,0,0,1,1,,0,0,1,1
REGION_VII|CEBU|TOURISM (HOTEL AND RESTAURANT)|ACCOMMODATION|RESERVATION CLERK|FRONT OFFICE SERVICES NC II|WITH TR|HIGH,REGION_VII,CEBU,TOURISM (HOTEL AND RESTAURANT),ACCOMMODATION,RESERVATION CLERK,FRONT OFFICE SERVICES NC II,WITH TR,HIGH,,0,0,1,1,,0,0,1,1
REGION_VII|CEBU|TOURISM (HOTEL AND RESTAURANT)|ACCOMMODATION|ROOM ATTENDANT/ HOUSEKEEPING SPECIALIST|HOUSEKEEPING NC II|WITH TR|LOW,REGION_VII,CEBU,TOURISM (HOTEL AND RESTAURANT),ACCOMMODATION,ROOM ATTENDANT/ HOUSEKEEPING SPECIALIST,HOUSEKEEPING NC II,WITH TR,LOW,,0,0,1,1,,0,0,1,1
REGION_VII|CEBU|TOURISM (HOTEL AND RESTAURANT)|ACCOMMODATION|STEWARDS|FRONT OFFICE SERVICES NC II|WITH TR|LOW,REGION_VII,CEBU,TOURISM (HOTEL AND RESTAURANT),ACCOMMODATION,STEWARDS,FRONT OFFICE SERVICES NC II,WITH TR,LOW,,0,0,1,1,,0,0,1,1
REGION_VII|CEBU|TOURISM (HOTEL AND RESTAURANT)|ACCOMMODATION|TELEPHONE OPERATOR|CUSTOMER SERVICES NC II|WITH TR|LOW,REGION_VII,CEBU,TOURISM (HOTEL AND RESTAURANT),ACCOMMODATION,TELEPHONE OPERATOR,CUSTOMER SERVICES NC II,WITH TR,LOW,,0,0,0,0,,0,0,0,0
REGION_VII|CEBU|TOURISM (HOTEL AND RESTAURANT)|ACCOMMODATION|THERMAL CLEANER|NO CORRESPONDING TVET PROGRAM|WITH TR|HIGH,REGION_VII,CEBU,TOURISM (HOTEL AND RESTAURANT),ACCOMMODATION,THERMAL CLEANER,NO CORRESPONDING TVET PROGRAM,WITH TR,HIGH,,0,0,0,0,,0,0,0,0
REGION_VII|CEBU|TOURISM (HOTEL AND RESTAURANT)|ACCOMMODATION|THERMAL CLEANER|NO CORRESPONDING TVET PROGRAM|WITH TR|LOW,REGION_VII,CEBU,TOURISM (HOTEL AND RESTAURANT),ACCOMMODATION,THERMAL CLEANER,NO CORRESPONDING TVET PROGRAM,WITH TR,LOW,,0,0,0,0,,0,0,0,0
REGION_VII|CEBU|TOURISM (HOTEL AND RESTAURANT)|ACCOMMODATION|UPHOLSTERY CLEANER|HOUSEKEEPING NC II|WITH TR|LOW,REGION_VII,CEBU,TOURISM (HOTEL AND RESTAURANT),ACCOMMODATION,UPHOLSTERY CLEANER,HOUSEKEEPING NC II,WITH TR,LOW,,0,0,1,1,,0,0,1,1
REGION_VII|CEBU|TOURISM (HOTEL AND RESTAURANT)|FOOD AND BEVERAGES|BARISTA|BARISTA NC II|WITH TR|HIGH,REGION_VII,CEBU,TOURISM (HOTEL AND RESTAURANT),FOOD AND BEVERAGES,BARISTA,BARISTA NC II,WITH TR,HIGH,,0,0,1,1,,0,0,1,1
REGION_VII|CEBU|TOURISM (HOTEL AND RESTAURANT)|FOOD AND BEVERAGES|BARTENDING|BARTENDING NC II|WITH TR|MEDIUM,REGION_VII,CEBU,TOURISM (HOTEL AND RESTAURANT),FOOD AND BEVERAGES,BARTENDING,BARTENDING NC II,WITH TR,MEDIUM,,0,0,1,1,,0,0,1,1
REGION_VII|CEBU|TOURISM (HOTEL AND RESTAURANT)|FOOD AND BEVERAGES|BREAD AND PASTRIES|FOOD AND BEVERAGE SERVICES NC II|WITH TR|MEDIUM,REGION_VII,CEBU,TOURISM (HOTEL AND RESTAURANT),FOOD AND BEVERAGES,BREAD AND PASTRIES,FOOD AND BEVERAGE SERVICES NC II,WITH TR,MEDIUM,,0,0,1,1,,0,0,1,1
REGION_VII|CEBU|TOURISM (HOTEL AND RESTAURANT)|FOOD AND BEVERAGES|CAKE MAKING|TOURISM PROMOTION SERVICES NC II|WITH TR|MEDIUM,REGION_VII,CEBU,TOURISM (HOTEL AND RESTAURANT),FOOD AND BEVERAGES,CAKE MAKING,TOURISM PROMOTION SERVICES NC II,WITH TR,MEDIUM,,0,0,1,1,,0,0,1,1
"REGION_VII|CEBU|TOURISM (HOTEL AND RESTAURANT)|FOOD AND BEVERAGES|COOK OR COMMIS, ASSISTANT COOK|FOOD PRODUCTION (BREAD AND PATISSERIE) NC II|WITH TR|HIGH",REGION_VII,CEBU,TOURISM (HOTEL AND RESTAURANT),FOOD AND BEVERAGES,"COOK OR COMMIS, ASSISTANT COOK",FOOD PRODUCTION (BREAD AND PATISSERIE) NC II,WITH TR,HIGH,,0,0,1,1,,0,0,1,1
REGION_VII|CEBU|TOURISM (HOTEL AND RESTAURANT)|FOOD AND BEVERAGES|FOOD SAFETY MANAGEMENT|NO CORRESPONDING TVET PROGRAM|NEW AND EMERGING|HIGH,REGION_VII,CEBU,TOURISM (HOTEL AND RESTAURANT),FOOD AND BEVERAGES,FOOD SAFETY MANAGEMENT,NO CORRESPONDING TVET PROGRAM,NEW AND EMERGING,HIGH,,0,0,0,0,,0,0,0,0
REGION_VII|CEBU|TOURISM (HOTEL AND RESTAURANT)|FOOD AND BEVERAGES|FRONT DESK /FRONT LINERS|FOOD AND BEVERAGE SERVICES NC II|WITH TR|MEDIUM,REGION_VII,CEBU,TOURISM (HOTEL AND RESTAURANT),FOOD AND BEVERAGES,FRONT DESK /FRONT LINERS,FOOD AND BEVERAGE SERVICES NC II,WITH TR,MEDIUM,,0,0,1,1,,0,0,1,1
REGION_VII|CEBU|TOURISM (HOTEL AND RESTAURANT)|FOOD AND BEVERAGES|KITCHEN MECHANICS|COOKERY NC II|WITH TR|HIGH,REGION_VII,CEBU,TOURISM (HOTEL AND RESTAURANT),FOOD AND BEVERAGES,KITCHEN MECHANICS,COOKERY NC II,WITH TR,HIGH,,0,0,1,1,,0,0,1,1
REGION_VII|CEBU|TOURISM (HOTEL AND RESTAURANT)|FOOD AND BEVERAGES|KITCHEN MECHANICS|COOKERY NC II|WITH TR|LOW,REGION_VII,CEBU,TOURISM (HOTEL AND RESTAURANT),FOOD AND BEVERAGES,KITCHEN MECHANICS,COOKERY NC II,WITH TR,LOW,,0,0,1,1,,0,0,1,1
"REGION_VII|CEBU|TOURISM (HOTEL AND RESTAURANT)|FOOD AND BEVERAGES|KITCHEN SUPERVISOR, HEAD CHEF, BANQUET HEAD COOK/CHEF|FOOD PRODUCTION (PROFESSIONAL COOKERY) NC III|WITH TR|HIGH",REGION_VII,CEBU,TOURISM (HOTEL AND RESTAURANT),FOOD AND BEVERAGES,"KITCHEN SUPERVISOR, HEAD CHEF, BANQUET HEAD COOK/CHEF",FOOD PRODUCTION (PROFESSIONAL COOKERY) NC III,WITH TR,HIGH,,0,0,0,0,,0,0,0,0
REGION_VII|CEBU|TOURISM (HOTEL AND RESTAURANT)|FOOD AND BEVERAGES|SERVICE ATTENDANTS|CUSTOMER SERVICES NC II|WITH TR|HIGH,REGION_VII,CEBU,TOURISM (HOTEL AND RESTAURANT),FOOD AND BEVERAGES,SERVICE ATTENDANTS,CUSTOMER SERVICES NC II,WITH TR,HIGH,,0,0,0,0,,0,0,0,0
REGION_VII|CEBU|TOURISM (HOTEL AND RESTAURANT)|FOOD AND BEVERAGES|SERVICE CREW / FOOD ATTENDANTS / FB PRODUCTION / WAITER / WAITRESS|COOKERY NC II|WITH TR|LOW,REGION_VII,CEBU,TOURISM (HOTEL AND RESTAURANT),FOOD AND BEVERAGES,SERVICE CREW / FOOD ATTENDANTS / FB PRODUCTION / WAITER / WAITRESS,COOKERY NC II,WITH TR,LOW,,0,0,1,1,,0,0,1,1
REGION_VII|CEBU|TOURISM (HOTEL AND RESTAURANT)|FOOD AND BEVERAGES|SERVICE CREW / FOOD ATTENDANTS / FB PRODUCTION / WAITER / WAITRESS|COOKERY NC II|WITH TR|MEDIUM,REGION_VII,CEBU,TOURISM (HOTEL AND RESTAURANT),FOOD AND BEVERAGES,SERVICE CREW / FOOD ATTENDANTS / FB PRODUCTION / WAITER / WAITRESS,COOKERY NC II,WITH TR,MEDIUM,,0,0,1,1,,0,0,1,1
"REGION_VII|CEBU|TOURISM (HOTEL AND RESTAURANT)|FOOD AND BEVERAGES|SOUS CHEF, EXECUTIVE SOUS CHEF|FOOD PRODUCTION (PROFESSIONAL COOKERY) NC IV|WITH TR|MEDIUM",REGION_VII,CEBU,TOURISM (HOTEL AND RESTAURANT),FOOD AND BEVERAGES,"SOUS CHEF, EXECUTIVE SOUS CHEF",FOOD PRODUCTION (PROFESSIONAL COOKERY) NC IV,WITH TR,MEDIUM,,0,0,0,0,,0,0,0,0
"REGION_VII|CEBU|TOURISM (HOTEL AND RESTAURANT)|MICE (MEETINGS, INCENTIVES, CONFERENCES, AND EXHIBITIONS)|SENIOR MICE COORDINATOR , SENIOR SPECIAL EVENTS COORDINATOR|EVENTS MANAGEMENT SERVICES NC III|WITH TR|LOW",REGION_VII,CEBU,TOURISM (HOTEL AND RESTAURANT),"MICE (MEETINGS, INCENTIVES, CONFERENCES, AND EXHIBITIONS)","SENIOR MICE COORDINATOR , SENIOR SPECIAL EVENTS COORDINATOR",EVENTS MANAGEMENT SERVICES NC III,WITH TR,LOW,,0,0,0,0,,0,0,0,0
REGION_VII|CEBU|TOURISM (HOTEL AND RESTAURANT)|TRAVEL AND TOUR|TOUR GUIDING|TOUR GUIDING SERVICES NC III|WITH TR|LOW,REGION_VII,CEBU,TOURISM (HOTEL AND RESTAURANT),TRAVEL AND TOUR,TOUR GUIDING,TOUR GUIDING SERVICES NC III,WITH TR,LOW,,0,0,0,0,,0,0,0,0
"REGION_VII|CEBU|TOURISM (HOTEL AND RESTAURANT)|TRAVEL AND TOURS|1.TOURISM OPERATIONS COORDINATOR
2.TRAVEL CONSULTANT/TOUR PLANNER/TRAVEL SALES EXECUTIVE/TOUR COORDINATOR/TOUR OPERATIONS ASSISTANT 
3.TOUR GUIDE/TOUR LEADER/TOUR COORDINATOR
4.TOURISM MARKETING OFFICER/SALES EXECUTIVE FOR TOURISM/DESTINATION MARKETING COORDINATOR
5.EVENT COORDINATOR/CATERING MANAGER
6.ECO-TOURISM COORDINATOR/SUSTAINABLE TOURISM OFFICER/NATURE TOUR GUIDE/ENVIRONMENTAL EDUCATION 
7.MICE COORDINATOR/CONFERENCE ORGANIZER
8.CRUISE OPERATIONS COORDINATOR/ADVENTURE TOUR GUIDE/CRUISE MANAGER/OUTDOOR ACTIVITY|DIPLOMA PROGRAM IN TOURISM MANAGEMENT|DIPLOMA PROGRAMS|LOW",REGION_VII,CEBU,TOURISM (HOTEL AND RESTAURANT),TRAVEL AND TOURS,"1.TOURISM OPERATIONS COORDINATOR
2.TRAVEL CONSULTANT/TOUR PLANNER/TRAVEL SALES EXECUTIVE/TOUR COORDINATOR/TOUR OPERATIONS ASSISTANT 
3.TOUR GUIDE/TOUR LEADER/TOUR COORDINATOR
4.TOURISM MARKETING OFFICER/SALES EXECUTIVE FOR TOURISM/DESTINATION MARKETING COORDINATOR
5.EVENT COORDINATOR/CATERING MANAGER
6.ECO-TOURISM COORDINATOR/SUSTAINABLE TOURISM OFFICER/NATURE TOUR GUIDE/ENVIRONMENTAL EDUCATION 
7.MICE COORDINATOR/CONFERENCE ORGANIZER
8.CRUISE OPERATIONS COORDINATOR/ADVENTURE TOUR GUIDE/CRUISE MANAGER/OUTDOOR ACTIVITY",DIPLOMA PROGRAM IN TOURISM MANAGEMENT,DIPLOMA PROGRAMS,LOW,,0,0,0,0,,0,0,0,0
REGION_VII|CEBU|TOURISM (HOTEL AND RESTAURANT)|TRAVEL AND TOURS|TOUR PACKAGING STAFF|TOUR PACKAGING (FIT AD HOC DOMESTIC) SERVICES NC II|WITH TR|HIGH,REGION_VII,CEBU,TOURISM (HOTEL AND RESTAURANT),TRAVEL AND TOURS,TOUR PACKAGING STAFF,TOUR PACKAGING (FIT AD HOC DOMESTIC) SERVICES NC II,WITH TR,HIGH,,0,0,0,0,,0,0,0,0
REGION_VII|CEBU|TVET|COMMUNITY BASED TRAINERS METHODOLOGY|COMMUNITY-BASED TRAINERS|NO CORRESPONDING TVET PROGRAM|NEW AND EMERGING|LOW,REGION_VII,CEBU,TVET,COMMUNITY BASED TRAINERS METHODOLOGY,COMMUNITY-BASED TRAINERS,NO CORRESPONDING TVET PROGRAM,NEW AND EMERGING,LOW,,0,0,0,0,,0,0,0,0
REGION_VII|CEBU|TVET|EDUCATION|CONTACT CENTER AGENT|NO CORRESPONDING TVET PROGRAM|NEW AND EMERGING|MEDIUM,REGION_VII,CEBU,TVET,EDUCATION,CONTACT CENTER AGENT,NO CORRESPONDING TVET PROGRAM,NEW AND EMERGING,MEDIUM,,0,0,0,0,,0,0,0,0
REGION_VII|CEBU|TVET|EDUCATION|ENGLISH TEACHER|NO CORRESPONDING TVET PROGRAM|NEW AND EMERGING|MEDIUM,REGION_VII,CEBU,TVET,EDUCATION,ENGLISH TEACHER,NO CORRESPONDING TVET PROGRAM,NEW AND EMERGING,MEDIUM,,0,0,0,0,,0,0,0,0
REGION_VII|CEBU|TVET|EDUCATION|ENGLISH TUTOR|NO CORRESPONDING TVET PROGRAM|NEW AND EMERGING|MEDIUM,REGION_VII,CEBU,TVET,EDUCATION,ENGLISH TUTOR,NO CORRESPONDING TVET PROGRAM,NEW AND EMERGING,MEDIUM,,0,0,0,0,,0,0,0,0
REGION_VII|CEBU|TVET|EDUCATION|ESKRIMA INSTRUCTOR|NO CORRESPONDING TVET PROGRAM|NEW AND EMERGING|MEDIUM,REGION_VII,CEBU,TVET,EDUCATION,ESKRIMA INSTRUCTOR,NO CORRESPONDING TVET PROGRAM,NEW AND EMERGING,MEDIUM,,0,0,0,0,,0,0,0,0
REGION_VII|CEBU|TVET|EDUCATION|ESL TEACHER/TUTOR|NO CORRESPONDING TVET PROGRAM|NEW AND EMERGING|MEDIUM,REGION_VII,CEBU,TVET,EDUCATION,ESL TEACHER/TUTOR,NO CORRESPONDING TVET PROGRAM,NEW AND EMERGING,MEDIUM,,0,0,0,0,,0,0,0,0
REGION_VII|CEBU|TVET|EDUCATION|IELTS COACH|NO CORRESPONDING TVET PROGRAM|NEW AND EMERGING|MEDIUM,REGION_VII,CEBU,TVET,EDUCATION,IELTS COACH,NO CORRESPONDING TVET PROGRAM,NEW AND EMERGING,MEDIUM,,0,0,0,0,,0,0,0,0
REGION_VII|CEBU|TVET|EDUCATION|NIHONGO TUTOR|NO CORRESPONDING TVET PROGRAM|NEW AND EMERGING|MEDIUM,REGION_VII,CEBU,TVET,EDUCATION,NIHONGO TUTOR,NO CORRESPONDING TVET PROGRAM,NEW AND EMERGING,MEDIUM,,0,0,0,0,,0,0,0,0
REGION_VII|CEBU|TVET|EDUCATION|TESOL COACH|NO CORRESPONDING TVET PROGRAM|NEW AND EMERGING|MEDIUM,REGION_VII,CEBU,TVET,EDUCATION,TESOL COACH,NO CORRESPONDING TVET PROGRAM,NEW AND EMERGING,MEDIUM,,0,0,0,0,,0,0,0,0
REGION_VII|CEBU|TVET|EDUCATION|TOEIC COACH|NO CORRESPONDING TVET PROGRAM|NEW AND EMERGING|MEDIUM,REGION_VII,CEBU,TVET,EDUCATION,TOEIC COACH,NO CORRESPONDING TVET PROGRAM,NEW AND EMERGING,MEDIUM,,0,0,0,0,,0,0,0,0
REGION_VII|CEBU|TVET|TRAINERS METHODOLOGY LEVEL I (IN-COMPANY TRAINERS)|TRAINERS METHODOLOGY (IN-COMPANY TRAINERS|TRAINERS METHODOLOGY LEVEL I (IN-COMPANY TRAINER)|WITH TR|LOW,REGION_VII,CEBU,TVET,TRAINERS METHODOLOGY LEVEL I (IN-COMPANY TRAINERS),TRAINERS METHODOLOGY (IN-COMPANY TRAINERS,TRAINERS METHODOLOGY LEVEL I (IN-COMPANY TRAINER),WITH TR,LOW,,0,0,0,0,,0,0,0,0
REGION_VII|CEBU|TVET|TRAINERS METHODOLOGY LEVEL I|TVET TRAINERS/COMPETENCY ASSESSORS|TRAINERS METHODOLOGY LEVEL I (TRAINER/ASSESSOR)|WITH TR|HIGH,REGION_VII,CEBU,TVET,TRAINERS METHODOLOGY LEVEL I,TVET TRAINERS/COMPETENCY ASSESSORS,TRAINERS METHODOLOGY LEVEL I (TRAINER/ASSESSOR),WITH TR,HIGH,,0,0,1,1,,0,0,1,1
REGION_VII|CEBU|TVET|TRAINERS METHODOLOGY LEVEL I|TVET TRAINERS/COMPETENCY ASSESSORS|TRAINERS METHODOLOGY LEVEL I (TRAINER/ASSESSOR)|WITH TR|LOW,REGION_VII,CEBU,TVET,TRAINERS METHODOLOGY LEVEL I,TVET TRAINERS/COMPETENCY ASSESSORS,TRAINERS METHODOLOGY LEVEL I (TRAINER/ASSESSOR),WITH TR,LOW,,0,0,1,1,,0,0,1,1
REGION_VII|CEBU|TVET|TRAINERS METHODOLOGY LEVEL II|TVET DEVELOPER/DESIGNER|TRAINERS METHODOLOGY LEVEL II (TRAINING DESIGNER/DEVELOPER)|WITH TR|HIGH,REGION_VII,CEBU,TVET,TRAINERS METHODOLOGY LEVEL II,TVET DEVELOPER/DESIGNER,TRAINERS METHODOLOGY LEVEL II (TRAINING DESIGNER/DEVELOPER),WITH TR,HIGH,,0,0,1,1,,0,0,1,1