,Region,Province,District,Sector,Subsector,Job Requirement,Program,Type of Program,Demand,Worst Demand,Base Demand,Best Demand,Program_upper
28,REGION_VII,CEBU,"Cebu City, District 1",CONSTRUCTION,HORIZONTAL CONSTRUCTION VERTICAL CONSTRUCTION INDUSTRIAL CONSTRUCTION," _x000D_
 	_x000D_
CARBON STEEL PLATE/ PIPE WELDER ",MANUAL METAL ARC WELDING (MMAW) NC I,With TR,MEDIUM,10,15,30,MANUAL METAL ARC WELDING (MMAW) NC I
29,REGION_VII,CEBU,"Cebu City, District 1",CONSTRUCTION,HORIZONTAL CONSTRUCTION VERTICAL CONSTRUCTION INDUSTRIAL CONSTRUCTION," _x000D_
 	_x000D_
CARBON STEEL PLATE/ PIPE WELDER ",MANUAL METAL ARC WELDING (MMAW) NC III,With TR,MEDIUM,10,15,30,MANUAL METAL ARC WELDING (MMAW) NC III
30,REGION_VII,CEBU,"Cebu City, District 1",CONSTRUCTION,HORIZONTAL CONSTRUCTION VERTICAL CONSTRUCTION INDUSTRIAL CONSTRUCTION," _x000D_
 	_x000D_
CARBON STEEL PLATE/ PIPE WELDER ",MANUAL METAL ARC WELDING (MMAW) NC IV,With TR,MEDIUM,10,15,30,MANUAL METAL ARC WELDING (MMAW) NC IV
31,REGION_VII,CEBU,"Cebu City, District 1",CONSTRUCTION,HORIZONTAL CONSTRUCTION VERTICAL CONSTRUCTION INDUSTRIAL CONSTRUCTION," _x000D_
 	_x000D_
GAS (OXY-ACETYLENE) WELDER",GAS WELDING NC II,With TR,HIGH,30,50,100,GAS WELDING NC II
32,REGION_VII,CEBU,"Cebu City, District 1",CONSTRUCTION,HORIZONTAL CONSTRUCTION VERTICAL CONSTRUCTION," _x000D_
 	_x000D_
TRUCK MOUNTED CRANE OPERATOR",HEAVY EQUIPMENT OPERATION (TRUCK MOUNTED CRANE) NC III,With TR,LOW,3,5,150,HEAVY EQUIPMENT OPERATION (TRUCK MOUNTED CRANE) NC III
33,REGION_VII,CEBU,"Cebu City, District 1",CONSTRUCTION,RESIDENTIAL CONSTRUCTION VERTICAL CONSTRUCTION HORIZONTAL CONTRUCTN,AIRCON INSTALLER (COMMERCIAL/ INDUSTRIAL),RAC SERVICING (DOMRAC) NC II,With TR,HIGH,30,50,100,RAC SERVICING (DOMRAC) NC II
34,REGION_VII,CEBU,"Cebu City, District 1",CONSTRUCTION,RESIDENTIAL CONSTRUCTION VERTICAL CONSTRUCTION HORIZONTAL CONTRUCTN,AIRCON INSTALLER (COMMERCIAL/ INDUSTRIAL),RAC SERVICING (DOMRAC) NC II,With TR,HIGH,30,50,100,RAC SERVICING (DOMRAC) NC II
35,REGION_VII,CEBU,"Cebu City, District 1",CONSTRUCTION,"VERTICAL CONSTRUCTION HORIZONTAL CONSTRUCTION RESIDENTIAL CONSTRUCTION
",AIRLESS PAINTER,CONSTRUCTION PAINTING NC II,With TR,HIGH,30,50,100,CONSTRUCTION PAINTING NC II
36,REGION_VII,CEBU,"Cebu City, District 1",CONSTRUCTION,"VERTICAL CONSTRUCTION HORIZONTAL CONSTRUCTION RESIDENTIAL CONSTRUCTION
",AIRLESS PAINTER,CONSTRUCTION PAINTING NC II,With TR,HIGH,30,50,100,CONSTRUCTION PAINTING NC II
37,REGION_VII,CEBU,"Cebu City, District 1",CONSTRUCTION,HORIZONTAL CONSTRUCTION VERTICAL CONSTRUCTION INDUSTRIAL CONSTRUCTION,BIM MODELER,BASIC 3D BUILDING INFORMATION MODELLING LEVEL III,With CS,LOW,3,5,150,BASIC 3D BUILDING INFORMATION MODELLING LEVEL III
38,REGION_VII,CEBU,"Cebu City, District 1",CONSTRUCTION,RESIDENTIAL CONSTRUCTION VERTICAL CONSTRUCTION,CARPENTRY (FINISHING & WOODWORKING),CARPENTRY NC II,With TR,MEDIUM,10,15,30,CARPENTRY NC II
39,REGION_VII,CEBU,"Cebu City, District 1",CONSTRUCTION,RESIDENTIAL CONSTRUCTION VERTICAL CONSTRUCTION,CARPENTRY (FINISHING & WOODWORKING),CARPENTRY NC II,With TR,MEDIUM,10,15,30,CARPENTRY NC II
40,REGION_VII,CEBU,"Cebu City, District 1",CONSTRUCTION,VERTICAL CONSTRUCTION INDUSTRIAL CONSTRUCTION RESIDENTIAL CONSTRUCTION HORIZONTAL CONSTRUCTION DIRECT WORKERS,CARPENTRY (FINISHING),CARPENTRY NC II,With TR,MEDIUM,10,15,30,CARPENTRY NC II
41,REGION_VII,CEBU,"Cebu City, District 1",CONSTRUCTION,VERTICAL CONSTRUCTION INDUSTRIAL CONSTRUCTION RESIDENTIAL CONSTRUCTION HORIZONTAL CONSTRUCTION DIRECT WORKERS,CARPENTRY (ROUGH),CARPENTRY NC II,With TR,MEDIUM,10,15,30,CARPENTRY NC II
42,REGION_VII,CEBU,"Cebu City, District 1",CONSTRUCTION,HORIZONTAL CONSTRUCTION VERTICAL CONSTRUCTION INDUSTRIAL CONSTRUCTION,CIVIL ENGINEERING ASSOCIATE,DIPLOMA PROGRAM IN CIVIL ENGINEERING TECHNOLOGY,Diploma Programs,LOW,3,5,150,DIPLOMA PROGRAM IN CIVIL ENGINEERING TECHNOLOGY
43,REGION_VII,CEBU,"Cebu City, District 1",CONSTRUCTION,EQUIPMENT OPERATORS AND MAINTENANCE DIRECT WORKERS       ,CONCRETE PUMP OPERATOR,NO CORRESPONDING TVET PROGRAM,New and Emerging,MEDIUM,10,15,30,NO CORRESPONDING TVET PROGRAM
44,REGION_VII,CEBU,"Cebu City, District 1",CONSTRUCTION,RESIDENTIAL CONSTRUCTION VERTICAL CONSTRUCTION HORIZONTAL DIRECT WORKERS,CONSTRUCTION ASSISTANT (HOUSEKEEPING),NO CORRESPONDING TVET PROGRAM,New and Emerging,HIGH,30,50,100,NO CORRESPONDING TVET PROGRAM
45,REGION_VII,CEBU,"Cebu City, District 1",CONSTRUCTION,RESIDENTIAL CONSTRUCTION VERTICAL CONSTRUCTION HORIZONTAL DIRECT WORKERS,CONSTRUCTION ASSISTANT (HOUSEKEEPING),NO CORRESPONDING TVET PROGRAM,New and Emerging,HIGH,30,50,100,NO CORRESPONDING TVET PROGRAM
46,REGION_VII,CEBU,"Cebu City, District 1",CONSTRUCTION,"VERTICAL CONSTRUCTION HORIZONTAL CONSTRUCTION RESIDENTIAL CONSTRUCTION INDUSTRIAL CONSTRUCTION
",CONSTRUCTION PAINTER (APPLICATION),CONSTRUCTION PAINTING NC II,With TR,HIGH,30,50,100,CONSTRUCTION PAINTING NC II
47,REGION_VII,CEBU,"Cebu City, District 1",CONSTRUCTION,"VERTICAL CONSTRUCTION HORIZONTAL CONSTRUCTION RESIDENTIAL CONSTRUCTION INDUSTRIAL CONSTRUCTION
",CONSTRUCTION PAINTER (APPLICATION),CONSTRUCTION PAINTING NC II,With TR,HIGH,30,50,100,CONSTRUCTION PAINTING NC II
48,REGION_VII,CEBU,"Cebu City, District 1",CONSTRUCTION,"VERTICAL CONSTRUCTION HORIZONTAL CONSTRUCTION RESIDENTIAL CONSTRUCTION INDUSTRIAL CONSTRUCTION
","CONSTRUCTION PAINTER (REPAIR AND ARTISTIC APPLICATION, MIXING))",CONSTRUCTION PAINTING NC II,With TR,HIGH,30,50,100,CONSTRUCTION PAINTING NC II
49,REGION_VII,CEBU,"Cebu City, District 1",CONSTRUCTION,"VERTICAL CONSTRUCTION HORIZONTAL CONSTRUCTION RESIDENTIAL CONSTRUCTION INDUSTRIAL CONSTRUCTION
","CONSTRUCTION PAINTER (REPAIR AND ARTISTIC APPLICATION, MIXING))",TILE SETTING NC II,With TR,HIGH,30,50,100,TILE SETTING NC II
50,REGION_VII,CEBU,"Cebu City, District 1",CONSTRUCTION,HORIZONTAL CONSTRUCTION VERTICAL CONSTRUCTION INDUSTRIAL CONSTRUCTION,CONSTRUCTION SITE SUPERVISOR,CONSTRUCTION SITE SUPERVISION LEVEL IV,With CS,MEDIUM,10,15,30,CONSTRUCTION SITE SUPERVISION LEVEL IV
51,REGION_VII,CEBU,"Cebu City, District 1",CONSTRUCTION,HORIZONTAL CONSTRUCTION VERTICAL CONSTRUCTION INDUSTRIAL CONSTRUCTION,CONSTRUCTION TRADE SUPERVISOR,CONSTRUCTION TRADE SUPERVISION LEVEL IV,With CS,MEDIUM,10,15,30,CONSTRUCTION TRADE SUPERVISION LEVEL IV
52,REGION_VII,CEBU,"Cebu City, District 1",CONSTRUCTION,HORIZONTAL CONSTRUCTION VERTICAL CONSTRUCTION,CRAWLER CRANE OPERATOR,HEAVY EQUIPMENT OPERATION (CRAWLER CRANE) NC III,With TR,LOW,3,5,150,HEAVY EQUIPMENT OPERATION (CRAWLER CRANE) NC III
53,REGION_VII,CEBU,"Cebu City, District 1",CONSTRUCTION,RESIDENTIAL CONSTRUCTION VERTICAL CONSTRUCTION INDUSTRIAL,DRY WALL AND CEILING INSTALLER,CARPENTRY NC II,With TR,MEDIUM,10,15,30,CARPENTRY NC II
54,REGION_VII,CEBU,"Cebu City, District 1",CONSTRUCTION,"VERTICAL CONSTRUCTION HORIZONTAL CONSTRUCTION RESIDENTIAL CONSTRUCTION INDUSTRIAL CONSTRUCTION
",DRY WALL AND CEILING INSTALLER,CARPENTRY NC III,With TR,LOW,3,5,150,CARPENTRY NC III
55,REGION_VII,CEBU,"Cebu City, District 1",CONSTRUCTION,RESIDENTIAL CONSTRUCTION VERTICAL CONSTRUCTION INDUSTRIAL,DRY WALL AND CEILING INSTALLER,CARPENTRY NC II,With TR,MEDIUM,10,15,30,CARPENTRY NC II
56,REGION_VII,CEBU,"Cebu City, District 1",CONSTRUCTION,"VERTICAL CONSTRUCTION HORIZONTAL CONSTRUCTION RESIDENTIAL CONSTRUCTION INDUSTRIAL CONSTRUCTION
",DRY WALL AND CEILING INSTALLER,CARPENTRY NC III,With TR,LOW,3,5,150,CARPENTRY NC III
57,REGION_VII,CEBU,"Cebu City, District 1",CONSTRUCTION,"DIRECT WORKER EQUIPMENT OPERATORS AND MAINTENANCE VERTICAL CONSTRUCTION HORIZONTAL CONSTRUCTION RESIDENTIAL CONSTRUCTION
",DUMPTRUCK OPERATOR,HEAVY EQUIPMENT OPERATION (RIGID ON-HIGHWAY DUMP TRUCK) NC II,With TR,LOW,3,5,150,HEAVY EQUIPMENT OPERATION (RIGID ON-HIGHWAY DUMP TRUCK) NC II
58,REGION_VII,CEBU,"Cebu City, District 1",CONSTRUCTION,RESIDENTIAL CONSTRUCTION VERTICAL CONSTRUCTION HORIZONTAL CONTRUCTN,ELECTRICIAN (COMMERCIAL AND INDUSTRIAL BUILDING),ELECTRICAL INSTALLATION AND MAINTENANCE NC III,With TR,HIGH,30,50,100,ELECTRICAL INSTALLATION AND MAINTENANCE NC III
59,REGION_VII,CEBU,"Cebu City, District 1",CONSTRUCTION,RESIDENTIAL CONSTRUCTION VERTICAL CONSTRUCTION HORIZONTAL CONTRUCTN,ELECTRICIAN (COMMERCIAL AND INDUSTRIAL BUILDING),ELECTRICAL INSTALLATION AND MAINTENANCE NC III,With TR,HIGH,30,50,100,ELECTRICAL INSTALLATION AND MAINTENANCE NC III
60,REGION_VII,CEBU,"Cebu City, District 1",CONSTRUCTION,RESIDENTIAL CONSTRUCTION VERTICAL CONSTRUCTION HORIZONTAL CONTRUCTN,ELEVATOR INSTALLER,ELECTRICAL INSTALLATION AND MAINTENANCE NC III,With TR,HIGH,30,50,100,ELECTRICAL INSTALLATION AND MAINTENANCE NC III
61,REGION_VII,CEBU,"Cebu City, District 1",CONSTRUCTION,RESIDENTIAL CONSTRUCTION VERTICAL CONSTRUCTION HORIZONTAL CONTRUCTN,ELEVATOR INSTALLER,ELECTRICAL INSTALLATION AND MAINTENANCE NC III,With TR,HIGH,30,50,100,ELECTRICAL INSTALLATION AND MAINTENANCE NC III
62,REGION_VII,CEBU,"Cebu City, District 1",CONSTRUCTION,VERTICAL CONSTRUCTION HORIZONTAL CONTRUCTN,FDAS TECHNICIAN,ELECTRICAL INSTALLATION AND MAINTENANCE NC II,With TR,HIGH,30,50,100,ELECTRICAL INSTALLATION AND MAINTENANCE NC II
63,REGION_VII,CEBU,"Cebu City, District 1",CONSTRUCTION,HORIZONTAL CONSTRUCTION,FDAS TECHNICIAN ,ELECTRICAL INSTALLATION AND MAINTENANCE NC II,With TR,HIGH,30,50,100,ELECTRICAL INSTALLATION AND MAINTENANCE NC II
64,REGION_VII,CEBU,"Cebu City, District 1",CONSTRUCTION,VERTICAL CONSTRUCTION RESIDENTIAL CONSTRUCTION,FINISHING MASON,MASONRY NC III,With TR,LOW,3,5,150,MASONRY NC III
65,REGION_VII,CEBU,"Cebu City, District 1",CONSTRUCTION,HORIZONTAL CONSTRUCTION VERTICAL CONSTRUCTION,FORKLIFT OPERATOR,HEAVY EQUIPMENT OPERATION (FORKLIFT) NC II,With TR,MEDIUM,10,15,30,HEAVY EQUIPMENT OPERATION (FORKLIFT) NC II
66,REGION_VII,CEBU,"Cebu City, District 1",CONSTRUCTION,"VERTICAL CONSTRUCTION HORIZONTAL CONSTRUCTION RESIDENTIAL CONSTRUCTION INDUSTRIAL CONSTRUCTION
",GLASS INSTALLER (GLAZING WORKS),NO CORRESPONDING TVET PROGRAM,New and Emerging,LOW,3,5,150,NO CORRESPONDING TVET PROGRAM
67,REGION_VII,CEBU,"Cebu City, District 1",CONSTRUCTION,"VERTICAL CONSTRUCTION HORIZONTAL CONSTRUCTION RESIDENTIAL CONSTRUCTION INDUSTRIAL CONSTRUCTION
",GLASS INSTALLER (GLAZING WORKS),NO CORRESPONDING TVET PROGRAM,New and Emerging,LOW,3,5,150,NO CORRESPONDING TVET PROGRAM
68,REGION_VII,CEBU,"Cebu City, District 1",CONSTRUCTION,"VERTICAL CONSTRUCTION HORIZONTAL CONSTRUCTION RESIDENTIAL CONSTRUCTION
DIRECTO WORKERS CORPORATE SUPPORT",HEO BACKHOE LOADER,HEAVY EQUIPMENT OPERATION (BACKHOE LOADER) NC II,With TR,LOW,3,5,150,HEAVY EQUIPMENT OPERATION (BACKHOE LOADER) NC II
69,REGION_VII,CEBU,"Cebu City, District 1",CONSTRUCTION,"VERTICAL CONSTRUCTION HORIZONTAL CONSTRUCTION RESIDENTIAL CONSTRUCTION
DIRECT WORKERS CORPORATE SUPPORT",HEO EXCAVATOR,HEAVY EQUIPMENT OPERATION (HYDRAULIC EXCAVATOR) NC II,With TR,HIGH,30,50,100,HEAVY EQUIPMENT OPERATION (HYDRAULIC EXCAVATOR) NC II
70,REGION_VII,CEBU,"Cebu City, District 1",CONSTRUCTION,EQUIPMENT OPERATORS AND MAINTENANCE,HEO TOWER CRANE OPERATOR,HEAVY EQUIPMENT OPERATION (TOWER CRANE) NC III,With TR,MEDIUM,10,15,30,HEAVY EQUIPMENT OPERATION (TOWER CRANE) NC III
71,REGION_VII,CEBU,"Cebu City, District 1",CONSTRUCTION,"VERTICAL CONSTRUCTION HORIZONTAL CONSTRUCTION RESIDENTIAL CONSTRUCTION INDUSTRIAL CONSTRUCTION
",LAMINATE INSTALLER,CARPENTRY NC II,With TR,MEDIUM,10,15,30,CARPENTRY NC II
72,REGION_VII,CEBU,"Cebu City, District 1",CONSTRUCTION,"VERTICAL CONSTRUCTION HORIZONTAL CONSTRUCTION RESIDENTIAL CONSTRUCTION INDUSTRIAL CONSTRUCTION
",LAMINATE INSTALLER,CARPENTRY NC II,With TR,MEDIUM,10,15,30,CARPENTRY NC II
73,REGION_VII,CEBU,"Cebu City, District 1",CONSTRUCTION,DIRECT WORKERS VERTICAL INDUSTRIAL HORIZONTAL ,MASONRY (FINISHING),MASONRY NC II,With TR,HIGH,30,50,100,MASONRY NC II
74,REGION_VII,CEBU,"Cebu City, District 1",CONSTRUCTION,RESIDENTIAL CONSTRUCTION VERTICAL CONSTRUCTION,MASONRY (FINISHING),MASONRY NC I,With TR,HIGH,30,50,100,MASONRY NC I
75,REGION_VII,CEBU,"Cebu City, District 1",CONSTRUCTION,RESIDENTIAL CONSTRUCTION VERTICAL CONSTRUCTION,MASONRY (FINISHING),MASONRY NC I,With TR,HIGH,30,50,100,MASONRY NC I
76,REGION_VII,CEBU,"Cebu City, District 1",CONSTRUCTION,RESIDENTIAL CONSTRUCTION VERTICAL CONSTRUCTION,MASONRY (FINISHING),MASONRY NC I,With TR,HIGH,30,50,100,MASONRY NC I
77,REGION_VII,CEBU,"Cebu City, District 1",CONSTRUCTION,DIRECT WORKERS VERTICAL INDUSTRIAL HORIZONTAL ,MASONRY (ROUGH CONCRETE),MASONRY NC I,With TR,HIGH,30,50,100,MASONRY NC I
78,REGION_VII,CEBU,"Cebu City, District 1",CONSTRUCTION,"DIRECT WORKER EQUIPMENT OPERATORS AND MAINTENANCE VERTICAL CONSTRUCTION INDUSTRIAL CONSTRUCTION
",MOBILE CRANE OPERATOR,HEAVY EQUIPMENT OPERATION (ROUGH TERRAIN CRANE) NC III,With TR,LOW,3,5,150,HEAVY EQUIPMENT OPERATION (ROUGH TERRAIN CRANE) NC III
79,REGION_VII,CEBU,"Cebu City, District 1",CONSTRUCTION,"HORIZONTAL CONSTRUCTION
",MOTOR GRADER OPERATOR,HEAVY EQUIPMENT OPERATION (MOTOR GRADER) NC II,With TR,LOW,3,5,150,HEAVY EQUIPMENT OPERATION (MOTOR GRADER) NC II
80,REGION_VII,CEBU,"Cebu City, District 1",CONSTRUCTION,HORIZONTAL CONSTRUCTION VERTICAL CONSTRUCTION,OFF-HIGHWAY DUMP TRUCK (RIGID) OPERATOR,HEAVY EQUIPMENT OPERATION (RIGID OFF-HIGHWAY DUMP TRUCK) NC II,With TR,LOW,3,5,150,HEAVY EQUIPMENT OPERATION (RIGID OFF-HIGHWAY DUMP TRUCK) NC II
81,REGION_VII,CEBU,"Cebu City, District 1",CONSTRUCTION,RESIDENTIAL CONSTRUCTION VERTICAL CONSTRUCTION HORIZONTAL DIRECT WORKERS,PAINTER,CONSTRUCTION PAINTING NC II,With TR,HIGH,30,50,100,CONSTRUCTION PAINTING NC II
82,REGION_VII,CEBU,"Cebu City, District 1",CONSTRUCTION,RESIDENTIAL CONSTRUCTION VERTICAL CONSTRUCTION HORIZONTAL DIRECT WORKERS,PAINTER,CONSTRUCTION PAINTING NC II,With TR,HIGH,30,50,100,CONSTRUCTION PAINTING NC II
83,REGION_VII,CEBU,"Cebu City, District 1",CONSTRUCTION,HORIZONTAL CONSTRUCTION VERTICAL CONSTRUCTION,PAVER OPERATOR,HEAVY EQUIPMENT OPERATION (PAVER) NC II,With TR,LOW,3,5,150,HEAVY EQUIPMENT OPERATION (PAVER) NC II
84,REGION_VII,CEBU,"Cebu City, District 1",CONSTRUCTION,RESIDENTIAL CONSTRUCTION VERTICAL CONSTRUCTION HORIZONTAL CONTRUCTN,PIPEFITTER,PLUMBING NC III,With TR,LOW,3,5,150,PLUMBING NC III
85,REGION_VII,CEBU,"Cebu City, District 1",CONSTRUCTION,RESIDENTIAL CONSTRUCTION VERTICAL CONSTRUCTION HORIZONTAL CONTRUCTN,PIPEFITTER,PLUMBING NC III,With TR,LOW,3,5,150,PLUMBING NC III
86,REGION_VII,CEBU,"Cebu City, District 1",CONSTRUCTION,VERTICAL CONSTRUCTION HORIZONTAL CONTRUCTN,PIPEFITTER (FIRE PROTECTION SYSTEM),PIPEFITTING (METALLIC) NC II,With TR,LOW,3,5,150,PIPEFITTING (METALLIC) NC II
87,REGION_VII,CEBU,"Cebu City, District 1",CONSTRUCTION,RESIDENTIAL CONSTRUCTION VERTICAL CONSTRUCTION HORIZONTAL CONTRUCTN,PIPEFITTER (FIRE PROTECTION SYSTEM),PIPEFITTING (METALLIC) NC II,With TR,LOW,3,5,150,PIPEFITTING (METALLIC) NC II
88,REGION_VII,CEBU,"Cebu City, District 1",CONSTRUCTION,VERTICAL CONSTRUCTION HORIZONTAL CONTRUCTN,PIPEFITTER (PUMP EQUIPMENT),PIPEFITTING (METALLIC) NC II,With TR,LOW,3,5,150,PIPEFITTING (METALLIC) NC II
89,REGION_VII,CEBU,"Cebu City, District 1",CONSTRUCTION,RESIDENTIAL CONSTRUCTION VERTICAL CONSTRUCTION HORIZONTAL CONTRUCTN,PIPEFITTER (PUMP EQUIPMENT),PIPEFITTING (METALLIC) NC II,With TR,LOW,3,5,150,PIPEFITTING (METALLIC) NC II
90,REGION_VII,CEBU,"Cebu City, District 1",CONSTRUCTION,RESIDENTIAL CONSTRUCTION VERTICAL CONSTRUCTION HORIZONTAL CONTRUCTN,PLUMBER,PLUMBING NC II,With TR,HIGH,30,50,100,PLUMBING NC II
91,REGION_VII,CEBU,"Cebu City, District 1",CONSTRUCTION,RESIDENTIAL CONSTRUCTION VERTICAL CONSTRUCTION HORIZONTAL CONTRUCTN,PLUMBER,PLUMBING NC II,With TR,HIGH,30,50,100,PLUMBING NC II
92,REGION_VII,CEBU,"Cebu City, District 1",CONSTRUCTION,"DIRECT WORKER EQUIPMENT OPERATORS AND MAINTENANCE VERTICAL CONSTRUCTION INDUSTRIAL CONSTRUCTION
",RIGGER,RIGGING NC I,With TR,LOW,3,5,150,RIGGING NC I
93,REGION_VII,CEBU,"Cebu City, District 1",CONSTRUCTION,"HORIZONTAL CONSTRUCTION
DIRECT WORKERS",ROAD ROLLER OPERATOR,HEAVY EQUIPMENT OPERATION (ROAD ROLLER) NC II,With TR,HIGH,30,50,100,HEAVY EQUIPMENT OPERATION (ROAD ROLLER) NC II
94,REGION_VII,CEBU,"Cebu City, District 1",CONSTRUCTION,RESIDENTIAL CONSTRUCTION VERTICAL CONSTRUCTION INDUSTRIAL,ROOF INSTALLER,NO CORRESPONDING TVET PROGRAM,New and Emerging,LOW,3,5,150,NO CORRESPONDING TVET PROGRAM
95,REGION_VII,CEBU,"Cebu City, District 1",CONSTRUCTION,RESIDENTIAL CONSTRUCTION VERTICAL CONSTRUCTION INDUSTRIAL,ROOF INSTALLER,NO CORRESPONDING TVET PROGRAM,New and Emerging,LOW,3,5,150,NO CORRESPONDING TVET PROGRAM
96,REGION_VII,CEBU,"Cebu City, District 1",CONSTRUCTION,VERTICAL INDUSTRIAL RESIDENTIAL DIRECT WORKS,SCAFFOLDER,SCAFFOLDING WORKS NC II (SUPPORTED TYPE SCAFFOLD),With TR,LOW,3,5,150,SCAFFOLDING WORKS NC II (SUPPORTED TYPE SCAFFOLD)
97,REGION_VII,CEBU,"Cebu City, District 1",CONSTRUCTION,RESIDENTIAL CONSTRUCTION VERTICAL CONSTRUCTION,SCAFFOLDER,NO CORRESPONDING TVET PROGRAM,New and Emerging,MEDIUM,10,15,30,NO CORRESPONDING TVET PROGRAM
98,REGION_VII,CEBU,"Cebu City, District 1",CONSTRUCTION,RESIDENTIAL CONSTRUCTION VERTICAL CONSTRUCTION,SCAFFOLDER,NO CORRESPONDING TVET PROGRAM,New and Emerging,MEDIUM,10,15,30,NO CORRESPONDING TVET PROGRAM
99,REGION_VII,CEBU,"Cebu City, District 1",CONSTRUCTION,VERTICAL INDUSTRIAL RESIDENTIAL PROJECT MANAGEMENT,"SCAFFOLDER (INSPECTION, QUALITY ASSURANCE)",NO CORRESPONDING TVET PROGRAM,New and Emerging,LOW,3,5,150,NO CORRESPONDING TVET PROGRAM
100,REGION_VII,CEBU,"Cebu City, District 1",CONSTRUCTION,RESIDENTIAL CONSTRUCTION VERTICAL CONSTRUCTION,"SCAFFOLDER (INSPECTION, QUALITY ASSURANCE)",SCAFFOLDING WORKS NC II (SUPPORTED TYPE SCAFFOLD),With TR,LOW,3,5,150,SCAFFOLDING WORKS NC II (SUPPORTED TYPE SCAFFOLD)
101,REGION_VII,CEBU,"Cebu City, District 1",CONSTRUCTION,RESIDENTIAL CONSTRUCTION VERTICAL CONSTRUCTION,"SCAFFOLDER (INSPECTION, QUALITY ASSURANCE)",SCAFFOLDING WORKS NC II (SUPPORTED TYPE SCAFFOLD),With TR,LOW,3,5,150,SCAFFOLDING WORKS NC II (SUPPORTED TYPE SCAFFOLD)
102,REGION_VII,CEBU,"Cebu City, District 1",CONSTRUCTION,RESIDENTIAL CONSTRUCTION VERTICAL CONSTRUCTION HORIZONTAL CONTRUCTN,SEALANT APPLICATOR,CONSTRUCTION PAINTING NC II,With TR,HIGH,30,50,100,CONSTRUCTION PAINTING NC II
103,REGION_VII,CEBU,"Cebu City, District 1",CONSTRUCTION,RESIDENTIAL CONSTRUCTION VERTICAL CONSTRUCTION HORIZONTAL CONTRUCTN,SEALANT APPLICATOR,CONSTRUCTION PAINTING NC II,With TR,HIGH,30,50,100,CONSTRUCTION PAINTING NC II
104,REGION_VII,CEBU,"Cebu City, District 1",CONSTRUCTION,HORIZONTAL CONSTRUCTION VERTICAL CONSTRUCTION INDUSTRIAL CONSTRUCTION,SENIOR PAINTER,CONSTRUCTION PAINTING NC III,With TR,HIGH,30,50,100,CONSTRUCTION PAINTING NC III
105,REGION_VII,CEBU,"Cebu City, District 1",CONSTRUCTION,VERTICAL CONSTRUCTION RESIDENTIAL CONSTRUCTION,SPECIALIZED CARPENTER,CARPENTRY NC III,With TR,LOW,3,5,150,CARPENTRY NC III
106,REGION_VII,CEBU,"Cebu City, District 1",CONSTRUCTION,"VERTICAL CONSTRUCTION HORIZONTAL CONSTRUCTION RESIDENTIAL CONSTRUCTION
",STEELMAN,REINFORCING STEEL WORKS NC II,With TR,HIGH,30,50,100,REINFORCING STEEL WORKS NC II
107,REGION_VII,CEBU,"Cebu City, District 1",CONSTRUCTION,VERTICAL CONSTRUCTION HORIZONTAL CONSTRUCTION RESIDENTIAL CONSTRUCTION,SURVEY ASSISTANT,NO CORRESPONDING TVET PROGRAM,New and Emerging,MEDIUM,10,15,30,NO CORRESPONDING TVET PROGRAM
108,REGION_VII,CEBU,"Cebu City, District 1",CONSTRUCTION,"VERTICAL CONSTRUCTION HORIZONTAL CONSTRUCTION RESIDENTIAL CONSTRUCTION
",SYSTEM FORWORKS INSTALLER,SYSTEM FORMWORKS INSTALLATION NC II,With TR,HIGH,30,50,100,SYSTEM FORMWORKS INSTALLATION NC II
109,REGION_VII,CEBU,"Cebu City, District 1",CONSTRUCTION,HORIZONTAL CONSTRUCTION VERTICAL CONSTRUCTION INDUSTRIAL CONSTRUCTION,TIG PLATE WELDER,GAS TUNGSTEN ARC WELDING (GTAW) NC IV,With TR,MEDIUM,10,15,30,GAS TUNGSTEN ARC WELDING (GTAW) NC IV
110,REGION_VII,CEBU,"Cebu City, District 1",CONSTRUCTION,"VERTICAL CONSTRUCTION HORIZONTAL CONSTRUCTION RESIDENTIAL CONSTRUCTION INDUSTRIAL CONSTRUCTION
",TILE SETTING,TILE SETTING NC II,With TR,HIGH,30,50,100,TILE SETTING NC II
111,REGION_VII,CEBU,"Cebu City, District 1",CONSTRUCTION,"VERTICAL CONSTRUCTION HORIZONTAL CONSTRUCTION RESIDENTIAL CONSTRUCTION INDUSTRIAL CONSTRUCTION
",TILE SETTING,TILE SETTING NC II,With TR,HIGH,30,50,100,TILE SETTING NC II
112,REGION_VII,CEBU,"Cebu City, District 1",CONSTRUCTION,"DIRECT WORKER EQUIPMENT OPERATORS AND MAINTENANCE VERTICAL CONSTRUCTION INDUSTRIAL CONSTRUCTION
",TOWER CRANE OPERATOR,HEAVY EQUIPMENT OPERATION (TOWER CRANE) NC III,With TR,LOW,3,5,150,HEAVY EQUIPMENT OPERATION (TOWER CRANE) NC III
113,REGION_VII,CEBU,"Cebu City, District 1",CONSTRUCTION,VERTICAL INDUSTRIAL RESIDENTIAL DIRECT WORKS EQUIPMENT OPERATORS AND MAINTENANCE DIRECT WORKERS       ,TRANSIT MIXER,HEAVY EQUIPMENT OPERATION (TRANSIT MIXER) NC II,With TR,LOW,3,5,150,HEAVY EQUIPMENT OPERATION (TRANSIT MIXER) NC II
114,REGION_VII,CEBU,"Cebu City, District 1",CONSTRUCTION,HORIZONTAL CONSTRUCTION VERTICAL CONSTRUCTION INDUSTRIAL CONSTRUCTION,WAREHOUSEMAN (EXTERNAL),WAREHOUSING SERVICES NC II,With TR,HIGH,30,50,100,WAREHOUSING SERVICES NC II
115,REGION_VII,CEBU,"Cebu City, District 1",CONSTRUCTION,HORIZONTAL CONSTRUCTION VERTICAL CONSTRUCTION INDUSTRIAL CONSTRUCTION,WAREHOUSEMAN (INTERNAL),WAREHOUSING SERVICES NC II,With TR,HIGH,30,50,100,WAREHOUSING SERVICES NC II
116,REGION_VII,CEBU,"Cebu City, District 1",CONSTRUCTION,RESIDENTIAL CONSTRUCTION VERTICAL CONSTRUCTION,WATERPROOFER (SLABS),NO CORRESPONDING TVET PROGRAM,New and Emerging,HIGH,30,50,100,NO CORRESPONDING TVET PROGRAM
117,REGION_VII,CEBU,"Cebu City, District 1",CONSTRUCTION,RESIDENTIAL CONSTRUCTION VERTICAL CONSTRUCTION,WATERPROOFER (SLABS),NO CORRESPONDING TVET PROGRAM,New and Emerging,HIGH,30,50,100,NO CORRESPONDING TVET PROGRAM
118,REGION_VII,CEBU,"Cebu City, District 1",CONSTRUCTION,VERTICAL HORIZONTAL,WATERPROOFER (VERTICAL WALLS),CONSTRUCTION PAINTING NC II,With TR,HIGH,30,50,100,CONSTRUCTION PAINTING NC II
119,REGION_VII,CEBU,"Cebu City, District 1",CONSTRUCTION,VERTICAL HORIZONTAL,WATERPROOFER (VERTICAL WALLS),CONSTRUCTION PAINTING NC II,With TR,HIGH,30,50,100,CONSTRUCTION PAINTING NC II
120,REGION_VII,CEBU,"Cebu City, District 1",CONSTRUCTION,"VERTICAL CONSTRUCTION HORIZONTAL CONSTRUCTION INDUSTRIAL CONSTRUCTION
",WELDER (GAS),GAS WELDING NC I,With TR,MEDIUM,10,15,30,GAS WELDING NC I
121,REGION_VII,CEBU,"Cebu City, District 1",CONSTRUCTION,"VERTICAL CONSTRUCTION HORIZONTAL CONSTRUCTION INDUSTRIAL CONSTRUCTION
",WELDER (GAS),GAS WELDING NC II,With TR,HIGH,30,50,100,GAS WELDING NC II
122,REGION_VII,CEBU,"Cebu City, District 1",CONSTRUCTION,VERTICAL CONSTRUCTION HORIZONTAL CONTRUCTN,WELDER (SMAW),MANUAL METAL ARC WELDING (MMAW) NC II,With TR,HIGH,30,50,100,MANUAL METAL ARC WELDING (MMAW) NC II
123,REGION_VII,CEBU,"Cebu City, District 1",CONSTRUCTION,VERTICAL CONSTRUCTION HORIZONTAL CONTRUCTN,WELDER (SMAW),MANUAL METAL ARC WELDING (MMAW) NC II,With TR,HIGH,30,50,100,MANUAL METAL ARC WELDING (MMAW) NC II
124,REGION_VII,CEBU,"Cebu City, District 1",CONSTRUCTION,VERTICAL INDUSTRIAL RESIDENTIAL DIRECT WORKS,WELDER (STRUCTURAL),FLUX-CORED ARC WELDING (FCAW) NC II,With TR,LOW,3,5,150,FLUX-CORED ARC WELDING (FCAW) NC II
125,REGION_VII,CEBU,"Cebu City, District 1",CONSTRUCTION,VERTICAL INDUSTRIAL RESIDENTIAL DIRECT WORKS,WELDER (STRUCTURAL),GAS TUNGSTEN ARC WELDING (GTAW) NC II,With TR,HIGH,30,50,100,GAS TUNGSTEN ARC WELDING (GTAW) NC II
126,REGION_VII,CEBU,"Cebu City, District 1",CONSTRUCTION,VERTICAL INDUSTRIAL RESIDENTIAL DIRECT WORKS,WELDER (STRUCTURAL),MANUAL METAL ARC WELDING (MMAW) NC II,With TR,HIGH,30,50,100,MANUAL METAL ARC WELDING (MMAW) NC II
127,REGION_VII,CEBU,"Cebu City, District 1",CONSTRUCTION,HORIZONTAL CONSTRUCTION VERTICAL CONSTRUCTION,WHEEL LOADER OPERATOR,HEAVY EQUIPMENT OPERATION (WHEEL LOADER) NC II,With TR,MEDIUM,10,15,30,HEAVY EQUIPMENT OPERATION (WHEEL LOADER) NC II
235,REGION_VII,CEBU,"Cebu City, District 1",MANUFACTURING,METALS AND ENGINEERING,"
GTAW/TIG WELDER",GAS TUNGSTEN ARC WELDING (GTAW) NC II,With TR,HIGH,30,50,100,GAS TUNGSTEN ARC WELDING (GTAW) NC II
236,REGION_VII,CEBU,"Cebu City, District 1",MANUFACTURING,METALS AND ENGINEERING," _x000D_
 	_x000D_
PIPE WELDER (SAW)",SUBMERGED ARC WELDING (SAW) NC II,With TR,LOW,3,5,150,SUBMERGED ARC WELDING (SAW) NC II
237,REGION_VII,CEBU,"Cebu City, District 1",MANUFACTURING,AUTOMOTIVE AND LAND TRANSPORTATION PRODUCTION (OEM) ASSEMBLY,AUTO ELECTRICIAN,AUTOMOTIVE ELECTRICAL ASSEMBLY NC II,With TR,LOW,3,5,150,AUTOMOTIVE ELECTRICAL ASSEMBLY NC II
238,REGION_VII,CEBU,"Cebu City, District 1",MANUFACTURING,PROCESSED FOOD AND BEVERAGES,BAKER,FOOD PRODUCTION (BREAD AND PATISSERIE) NC II,With TR,HIGH,30,50,100,FOOD PRODUCTION (BREAD AND PATISSERIE) NC II
239,REGION_VII,CEBU,"Cebu City, District 1",MANUFACTURING,ELECTRICAL AND ELECTRONICS,CALIBRATION TECHNICIAN,INSTRUMENTATION AND CONTROL SERVICING NC II,With TR,HIGH,30,50,100,INSTRUMENTATION AND CONTROL SERVICING NC II
240,REGION_VII,CEBU,"Cebu City, District 1",MANUFACTURING,METALS AND ENGINEERING,CARBON STEEL PLATE/ PIPE WELDER (MMAW),MANUAL METAL ARC WELDING (MMAW) NC I,With TR,LOW,3,5,150,MANUAL METAL ARC WELDING (MMAW) NC I
241,REGION_VII,CEBU,"Cebu City, District 1",MANUFACTURING,METALS AND ENGINEERING,CARBON STEEL PLATE/ PIPE WELDER (MMAW),MANUAL METAL ARC WELDING (MMAW) NC III,With TR,LOW,3,5,150,MANUAL METAL ARC WELDING (MMAW) NC III
242,REGION_VII,CEBU,"Cebu City, District 1",MANUFACTURING,METALS AND ENGINEERING,CARBON STEEL PLATE/ PIPE WELDER (MMAW),MANUAL METAL ARC WELDING (MMAW) NC IV,With TR,LOW,3,5,150,MANUAL METAL ARC WELDING (MMAW) NC IV
243,REGION_VII,CEBU,"Cebu City, District 1",MANUFACTURING,FURNITURE AND FIXTURES,CARPENTER,CARPENTRY NC II,With TR,HIGH,30,50,100,CARPENTRY NC II
244,REGION_VII,CEBU,"Cebu City, District 1",MANUFACTURING,PROCESSED FOOD AND BEVERAGES,CULINARY,COOKERY NC II,With TR,HIGH,30,50,100,COOKERY NC II
245,REGION_VII,CEBU,"Cebu City, District 1",MANUFACTURING,ELECTRICAL AND ELECTRONICS,DATABASE ADMINISTRATOR,PROGRAMMING (ORACLE DATABASE) NC III,With TR,LOW,3,5,150,PROGRAMMING (ORACLE DATABASE) NC III
246,REGION_VII,CEBU,"Cebu City, District 1",MANUFACTURING,ELECTRICAL AND ELECTRONICS,ELECTRICAL LEADMAN,ELECTRICAL INSTALLATION AND MAINTENANCE NC III,With TR,HIGH,30,50,100,ELECTRICAL INSTALLATION AND MAINTENANCE NC III
247,REGION_VII,CEBU,"Cebu City, District 1",MANUFACTURING,ELECTRICAL AND ELECTRONICS,ELECTRICIAN,AUTOMOTIVE ELECTRICAL ASSEMBLY NC II,With TR,LOW,3,5,150,AUTOMOTIVE ELECTRICAL ASSEMBLY NC II
248,REGION_VII,CEBU,"Cebu City, District 1",MANUFACTURING,METALS AND ENGINEERING,FCAW PLATE WELDER (ALLOY STEEL),FLUX-CORED ARC WELDING (FCAW) NC III,With TR,LOW,3,5,150,FLUX-CORED ARC WELDING (FCAW) NC III
249,REGION_VII,CEBU,"Cebu City, District 1",MANUFACTURING,PROCESSED FOOD AND BEVERAGES,FURNITURE CARPENTER,CARPENTRY NC III,With TR,LOW,3,5,150,CARPENTRY NC III
250,REGION_VII,CEBU,"Cebu City, District 1",MANUFACTURING,GAME DEVELOPMENT SERVICES,GAME PROGRAMMER,GAME PROGRAMMING NC III,With TR,LOW,3,5,150,GAME PROGRAMMING NC III
251,REGION_VII,CEBU,"Cebu City, District 1",MANUFACTURING,GARMENTS,GARMENT SEWER,DRESSMAKING NC II,With TR,HIGH,30,50,100,DRESSMAKING NC II
252,REGION_VII,CEBU,"Cebu City, District 1",MANUFACTURING,METALS AND ENGINEERING,GAS (OXY-ACETYLENE) WELDER,GAS WELDING NC I,With TR,LOW,3,5,150,GAS WELDING NC I
253,REGION_VII,CEBU,"Cebu City, District 1",MANUFACTURING,METALS AND ENGINEERING,GAS WELDER (OXY-ACETYLENE),GAS WELDING NC II,With TR,HIGH,30,50,100,GAS WELDING NC II
254,REGION_VII,CEBU,"Cebu City, District 1",MANUFACTURING,METALS AND ENGINEERING,GMAW WELDER (ALLOY STEEL),GAS METAL ARC WELDING (GMAW) NC III,With TR,LOW,3,5,150,GAS METAL ARC WELDING (GMAW) NC III
255,REGION_VII,CEBU,"Cebu City, District 1",MANUFACTURING,METALS AND ENGINEERING,GTAW OR TIG PIPE WELDER (ALLOY STEEL),GAS TUNGSTEN ARC WELDING (GTAW) NC IV,With TR,LOW,3,5,150,GAS TUNGSTEN ARC WELDING (GTAW) NC IV
256,REGION_VII,CEBU,"Cebu City, District 1",MANUFACTURING,GARMENTS,INDUSTRIAL SEWING MACHINE OPERATORS,NO CORRESPONDING TVET PROGRAM,New and Emerging,LOW,3,5,150,NO CORRESPONDING TVET PROGRAM
257,REGION_VII,CEBU,"Cebu City, District 1",MANUFACTURING,ELECTRICAL AND ELECTRONICS,INSTRUMENT TECHNICIAN 2,INSTRUMENTATION AND CONTROL SERVICING NC III,With TR,LOW,3,5,150,INSTRUMENTATION AND CONTROL SERVICING NC III
258,REGION_VII,CEBU,"Cebu City, District 1",MANUFACTURING,ELECTRICAL AND ELECTRONICS,INSTRUMENT TECHNICIAN 3,INSTRUMENTATION AND CONTROL SERVICING NC IV,With TR,LOW,3,5,150,INSTRUMENTATION AND CONTROL SERVICING NC IV
259,REGION_VII,CEBU,"Cebu City, District 1",MANUFACTURING,ELECTRICAL AND ELECTRONICS,INTEGRATION SPECIALIST,PROGRAMMING (.NET TECHNOLOGY) NC III,With TR,LOW,3,5,150,PROGRAMMING (.NET TECHNOLOGY) NC III
260,REGION_VII,CEBU,"Cebu City, District 1",MANUFACTURING,PROCESSED FOOD AND BEVERAGES,KITCHEN SUPERVISOR,FOOD PRODUCTION (PROFESSIONAL COOKERY) NC III,With TR,LOW,3,5,150,FOOD PRODUCTION (PROFESSIONAL COOKERY) NC III
261,REGION_VII,CEBU,"Cebu City, District 1",MANUFACTURING,METALS AND ENGINEERING,MACHINIST,MACHINING NC II,With TR,HIGH,30,50,100,MACHINING NC II
262,REGION_VII,CEBU,"Cebu City, District 1",MANUFACTURING,METALS AND ENGINEERING,MACHINIST,MACHINING NC I,With TR,HIGH,30,50,100,MACHINING NC I
263,REGION_VII,CEBU,"Cebu City, District 1",MANUFACTURING,ELECTRICAL AND ELECTRONICS,MAINTENANCE ELECTRICIAN,ELECTRICAL INSTALLATION AND MAINTENANCE NC II,With TR,HIGH,30,50,100,ELECTRICAL INSTALLATION AND MAINTENANCE NC II
264,REGION_VII,CEBU,"Cebu City, District 1",MANUFACTURING,ELECTRICAL AND ELECTRONICS,MANUFACTURING SYSTEMS DEVELOPER,PROGRAMMING (JAVA) NC III,With TR,HIGH,30,50,100,PROGRAMMING (JAVA) NC III
265,REGION_VII,CEBU,"Cebu City, District 1",MANUFACTURING,CONSTRUCTION,MASON,MASONRY NC I,With TR,HIGH,30,50,100,MASONRY NC I
266,REGION_VII,CEBU,"Cebu City, District 1",MANUFACTURING,METALS AND ENGINEERING,MILLWRIGHT,NO CORRESPONDING TVET PROGRAM,New and Emerging,MEDIUM,10,15,30,NO CORRESPONDING TVET PROGRAM
267,REGION_VII,CEBU,"Cebu City, District 1",MANUFACTURING,METALS AND ENGINEERING,MILLWRIGHT FITTER,NO CORRESPONDING TVET PROGRAM,New and Emerging,MEDIUM,10,15,30,NO CORRESPONDING TVET PROGRAM
268,REGION_VII,CEBU,"Cebu City, District 1",MANUFACTURING,ELECTRICAL AND ELECTRONICS,PCB DESIGN TECHNICIAN,ELECTRONIC PRODUCTS ASSEMBLY AND SERVICING NC II,With TR,HIGH,30,50,100,ELECTRONIC PRODUCTS ASSEMBLY AND SERVICING NC II
269,REGION_VII,CEBU,"Cebu City, District 1",MANUFACTURING,METALS AND ENGINEERING,PIPE FITTER,PIPEFITTING (METALLIC) NC II,With TR,LOW,3,5,150,PIPEFITTING (METALLIC) NC II
270,REGION_VII,CEBU,"Cebu City, District 1",MANUFACTURING,METALS AND ENGINEERING,PIPE FITTER,PIPEFITTING (METALLIC) NC II,With TR,LOW,3,5,150,PIPEFITTING (METALLIC) NC II
271,REGION_VII,CEBU,"Cebu City, District 1",MANUFACTURING,METALS AND ENGINEERING,PIPE WELDER (FCAW),FLUX-CORED ARC WELDING (FCAW) NC II,With TR,LOW,3,5,150,FLUX-CORED ARC WELDING (FCAW) NC II
272,REGION_VII,CEBU,"Cebu City, District 1",MANUFACTURING,METALS AND ENGINEERING,PIPE WELDER (GMAW),GAS METAL ARC WELDING (GMAW) NC II,With TR,HIGH,30,50,100,GAS METAL ARC WELDING (GMAW) NC II
273,REGION_VII,CEBU,"Cebu City, District 1",MANUFACTURING,METALS AND ENGINEERING,PLATE WELDER (FCAW),FLUX-CORED ARC WELDING (FCAW) NC I,With TR,LOW,3,5,150,FLUX-CORED ARC WELDING (FCAW) NC I
274,REGION_VII,CEBU,"Cebu City, District 1",MANUFACTURING,METALS AND ENGINEERING,PLATE WELDER (GMAW),GAS METAL ARC WELDING (GMAW) NC I,With TR,LOW,3,5,150,GAS METAL ARC WELDING (GMAW) NC I
275,REGION_VII,CEBU,"Cebu City, District 1",MANUFACTURING,METALS AND ENGINEERING,PLATE WELDER (SAW),SUBMERGED ARC WELDING (SAW) NC I,With TR,LOW,3,5,150,SUBMERGED ARC WELDING (SAW) NC I
276,REGION_VII,CEBU,"Cebu City, District 1",MANUFACTURING,METALS AND ENGINEERING,PRECISION GRINDING MACHINE OPERATOR,MACHINING NC III,With TR,LOW,3,5,150,MACHINING NC III
277,REGION_VII,CEBU,"Cebu City, District 1",MANUFACTURING,"HEATING, VENTILATION, AIRCONDITIONING AND REFRIGERATION",RAC TECHNICIAN/ INSTALLERS,RAC SERVICING (DOMRAC) NC II,With TR,HIGH,30,50,100,RAC SERVICING (DOMRAC) NC II
278,REGION_VII,CEBU,"Cebu City, District 1",MANUFACTURING,"HEATING, VENTILATION, AIRCONDITIONING AND REFRIGERATION",RAC TECHNICIAN/ INSTALLERS,COMMERCIAL AIR-CONDITIONING INSTALLATION AND SERVICING NC III,With TR,HIGH,30,50,100,COMMERCIAL AIR-CONDITIONING INSTALLATION AND SERVICING NC III
279,REGION_VII,CEBU,"Cebu City, District 1",MANUFACTURING,ELECTRICAL AND ELECTRONICS,"SOLDERING, MICROSCOPE OPERATION",ELECTRONIC PRODUCTS ASSEMBLY AND SERVICING NC II,With TR,HIGH,30,50,100,ELECTRONIC PRODUCTS ASSEMBLY AND SERVICING NC II
280,REGION_VII,CEBU,"Cebu City, District 1",MANUFACTURING,PROCESSED FOOD AND BEVERAGES,SOUS CHEF,FOOD PRODUCTION (PROFESSIONAL COOKERY) NC IV,With TR,LOW,3,5,150,FOOD PRODUCTION (PROFESSIONAL COOKERY) NC IV
281,REGION_VII,CEBU,"Cebu City, District 1",MANUFACTURING,ELECTRICAL AND ELECTRONICS,SUPERVISING TECHNICIAN,ELECTRICAL INSTALLATION AND MAINTENANCE NC IV,With TR,LOW,3,5,150,ELECTRICAL INSTALLATION AND MAINTENANCE NC IV
282,REGION_VII,CEBU,"Cebu City, District 1",MANUFACTURING,GARMENTS,TAILOR,TAILORING NC II,With TR,MEDIUM,10,15,30,TAILORING NC II
283,REGION_VII,CEBU,"Cebu City, District 1",MANUFACTURING,METALS AND ENGINEERING,WELDER,MANUAL METAL ARC WELDING (MMAW) NC II,With TR,LOW,3,5,150,MANUAL METAL ARC WELDING (MMAW) NC II
284,REGION_VII,CEBU,"Cebu City, District 1",MANUFACTURING,METALS AND ENGINEERING,WELDERS (SMAW),MANUAL METAL ARC WELDING (MMAW) NC II,With TR,LOW,3,5,150,MANUAL METAL ARC WELDING (MMAW) NC II
312,REGION_VII,CEBU,"Cebu City, District 1",TOURISM (HOTEL AND RESTAURANT),ACCOMMODATION,AUTO TECHNICIANS,AUTOMOTIVE SERVICING NC I,With TR,HIGH,30,50,100,AUTOMOTIVE SERVICING NC I
313,REGION_VII,CEBU,"Cebu City, District 1",TOURISM (HOTEL AND RESTAURANT),FOOD AND BEVERAGES,BARISTA,BARISTA NC II,With TR,HIGH,30,50,100,BARISTA NC II
314,REGION_VII,CEBU,"Cebu City, District 1",TOURISM (HOTEL AND RESTAURANT),FOOD AND BEVERAGES,BARTENDING,BARTENDING NC II,With TR,HIGH,30,50,100,BARTENDING NC II
315,REGION_VII,CEBU,"Cebu City, District 1",TOURISM (HOTEL AND RESTAURANT),ACCOMMODATION,BELL MAN,FRONT OFFICE SERVICES NC II,With TR,MEDIUM,10,15,30,FRONT OFFICE SERVICES NC II
316,REGION_VII,CEBU,"Cebu City, District 1",TOURISM (HOTEL AND RESTAURANT),ACCOMMODATION,BOILER TECHNICIANS,NO CORRESPONDING TVET PROGRAM,New and Emerging,LOW,3,5,150,NO CORRESPONDING TVET PROGRAM
317,REGION_VII,CEBU,"Cebu City, District 1",TOURISM (HOTEL AND RESTAURANT),FOOD AND BEVERAGES,BREAD AND PASTRIES ,FOOD AND BEVERAGE SERVICES NC II,With TR,HIGH,30,50,100,FOOD AND BEVERAGE SERVICES NC II
318,REGION_VII,CEBU,"Cebu City, District 1",TOURISM (HOTEL AND RESTAURANT),ACCOMMODATION,BUSINESS CLERK,FRONT OFFICE SERVICES NC II,With TR,MEDIUM,10,15,30,FRONT OFFICE SERVICES NC II
319,REGION_VII,CEBU,"Cebu City, District 1",TOURISM (HOTEL AND RESTAURANT),FOOD AND BEVERAGES,CAKE MAKING,TOURISM PROMOTION SERVICES NC II,With TR,HIGH,30,50,100,TOURISM PROMOTION SERVICES NC II
320,REGION_VII,CEBU,"Cebu City, District 1",TOURISM (HOTEL AND RESTAURANT),ACCOMMODATION,CONCIERGE,FRONT OFFICE SERVICES NC II,With TR,MEDIUM,10,15,30,FRONT OFFICE SERVICES NC II
321,REGION_VII,CEBU,"Cebu City, District 1",TOURISM (HOTEL AND RESTAURANT),FOOD AND BEVERAGES,"COOK OR COMMIS, ASSISTANT COOK",FOOD PRODUCTION (BREAD AND PATISSERIE) NC II,With TR,HIGH,30,50,100,FOOD PRODUCTION (BREAD AND PATISSERIE) NC II
322,REGION_VII,CEBU,"Cebu City, District 1",TOURISM (HOTEL AND RESTAURANT),ACCOMMODATION,CUSTOMER SERVICE,HOUSEKEEPING NC II,With TR,HIGH,30,50,100,HOUSEKEEPING NC II
323,REGION_VII,CEBU,"Cebu City, District 1",TOURISM (HOTEL AND RESTAURANT),ACCOMMODATION,DOOR MAN,FRONT OFFICE SERVICES NC II,With TR,MEDIUM,10,15,30,FRONT OFFICE SERVICES NC II
324,REGION_VII,CEBU,"Cebu City, District 1",TOURISM (HOTEL AND RESTAURANT),FOOD AND BEVERAGES,FOOD SAFETY MANAGEMENT,NO CORRESPONDING TVET PROGRAM,New and Emerging,HIGH,30,50,100,NO CORRESPONDING TVET PROGRAM
325,REGION_VII,CEBU,"Cebu City, District 1",TOURISM (HOTEL AND RESTAURANT),FOOD AND BEVERAGES,FRONT DESK /FRONT LINERS,FOOD AND BEVERAGE SERVICES NC II,With TR,HIGH,30,50,100,FOOD AND BEVERAGE SERVICES NC II
326,REGION_VII,CEBU,"Cebu City, District 1",TOURISM (HOTEL AND RESTAURANT),ACCOMMODATION,FRONT OFFICE MANAGER,FRONT OFFICE SERVICES NC II,With TR,MEDIUM,10,15,30,FRONT OFFICE SERVICES NC II
327,REGION_VII,CEBU,"Cebu City, District 1",TOURISM (HOTEL AND RESTAURANT),ACCOMMODATION,GUEST RELATION OFFICER,FRONT OFFICE SERVICES NC II,With TR,MEDIUM,10,15,30,FRONT OFFICE SERVICES NC II
328,REGION_VII,CEBU,"Cebu City, District 1",TOURISM (HOTEL AND RESTAURANT),ACCOMMODATION,HANDYMAN,NO CORRESPONDING TVET PROGRAM,New and Emerging,LOW,3,5,150,NO CORRESPONDING TVET PROGRAM
329,REGION_VII,CEBU,"Cebu City, District 1",TOURISM (HOTEL AND RESTAURANT),ACCOMMODATION,HOUSEKEEPER / SECTION HEAD,FRONT OFFICE SERVICES NC II,With TR,MEDIUM,10,15,30,FRONT OFFICE SERVICES NC II
330,REGION_VII,CEBU,"Cebu City, District 1",TOURISM (HOTEL AND RESTAURANT),FOOD AND BEVERAGES,KITCHEN MECHANICS,COOKERY NC II,With TR,HIGH,30,50,100,COOKERY NC II
331,REGION_VII,CEBU,"Cebu City, District 1",TOURISM (HOTEL AND RESTAURANT),FOOD AND BEVERAGES,"KITCHEN SUPERVISOR, HEAD CHEF, BANQUET HEAD COOK/CHEF",FOOD PRODUCTION (PROFESSIONAL COOKERY) NC III,With TR,LOW,3,5,150,FOOD PRODUCTION (PROFESSIONAL COOKERY) NC III
332,REGION_VII,CEBU,"Cebu City, District 1",TOURISM (HOTEL AND RESTAURANT),ACCOMMODATION,LAUNDRY TECHNICIANS,HOUSEKEEPING NC II,With TR,HIGH,30,50,100,HOUSEKEEPING NC II
333,REGION_VII,CEBU,"Cebu City, District 1",TOURISM (HOTEL AND RESTAURANT),ACCOMMODATION,LINEN ATTENDANT,HOUSEKEEPING NC II,With TR,HIGH,30,50,100,HOUSEKEEPING NC II
334,REGION_VII,CEBU,"Cebu City, District 1",TOURISM (HOTEL AND RESTAURANT),ACCOMMODATION,RESERVATION CLERK,FRONT OFFICE SERVICES NC II,With TR,MEDIUM,10,15,30,FRONT OFFICE SERVICES NC II
335,REGION_VII,CEBU,"Cebu City, District 1",TOURISM (HOTEL AND RESTAURANT),ACCOMMODATION,ROOM ATTENDANT/ HOUSEKEEPING SPECIALIST,HOUSEKEEPING NC II,With TR,HIGH,30,50,100,HOUSEKEEPING NC II
336,REGION_VII,CEBU,"Cebu City, District 1",TOURISM (HOTEL AND RESTAURANT),FOOD AND BEVERAGES,SERVICE ATTENDANTS ,CUSTOMER SERVICES NC II,With TR,LOW,3,5,150,CUSTOMER SERVICES NC II
337,REGION_VII,CEBU,"Cebu City, District 1",TOURISM (HOTEL AND RESTAURANT),FOOD AND BEVERAGES,SERVICE CREW / FOOD ATTENDANTS / FB PRODUCTION / WAITER / WAITRESS,COOKERY NC II,With TR,HIGH,30,50,100,COOKERY NC II
338,REGION_VII,CEBU,"Cebu City, District 1",TOURISM (HOTEL AND RESTAURANT),FOOD AND BEVERAGES,"SOUS CHEF, EXECUTIVE SOUS CHEF",FOOD PRODUCTION (PROFESSIONAL COOKERY) NC IV,With TR,LOW,3,5,150,FOOD PRODUCTION (PROFESSIONAL COOKERY) NC IV
339,REGION_VII,CEBU,"Cebu City, District 1",TOURISM (HOTEL AND RESTAURANT),ACCOMMODATION,STEWARDS ,FRONT OFFICE SERVICES NC II,With TR,MEDIUM,10,15,30,FRONT OFFICE SERVICES NC II
340,REGION_VII,CEBU,"Cebu City, District 1",TOURISM (HOTEL AND RESTAURANT),ACCOMMODATION,TELEPHONE OPERATOR,CUSTOMER SERVICES NC II,With TR,LOW,3,5,150,CUSTOMER SERVICES NC II
341,REGION_VII,CEBU,"Cebu City, District 1",TOURISM (HOTEL AND RESTAURANT),ACCOMMODATION,THERMAL CLEANER,NO CORRESPONDING TVET PROGRAM,With TR,LOW,3,5,150,NO CORRESPONDING TVET PROGRAM
342,REGION_VII,CEBU,"Cebu City, District 1",TOURISM (HOTEL AND RESTAURANT),TRAVEL AND TOUR,TOUR GUIDING,TOUR GUIDING SERVICES NC III,With TR,LOW,3,5,150,TOUR GUIDING SERVICES NC III
343,REGION_VII,CEBU,"Cebu City, District 1",TOURISM (HOTEL AND RESTAURANT),TRAVEL AND TOURS,TOUR PACKAGING STAFF,TOUR PACKAGING (FIT AD HOC DOMESTIC) SERVICES NC II,With TR,LOW,3,5,150,TOUR PACKAGING (FIT AD HOC DOMESTIC) SERVICES NC II
344,REGION_VII,CEBU,"Cebu City, District 1",TOURISM (HOTEL AND RESTAURANT),ACCOMMODATION,UPHOLSTERY CLEANER,HOUSEKEEPING NC II,With TR,HIGH,30,50,100,HOUSEKEEPING NC II
349,REGION_VII,CEBU,"Cebu City, District 1",MANUFACTURING,PROCESSED FOOD AND BEVERAGES,CACAO PROCESSING TECHNICIAN,NO CORRESPONDING TVET PROGRAM,With CS,HIGH,30,50,100,NO CORRESPONDING TVET PROGRAM
350,REGION_VII,CEBU,"Cebu City, District 1",CONSTRUCTION,"VERTICAL CONSTRUCTION
HORIZONTAL CONSTRUCTION
INDUSTRY/INDUSTRIAL CONSTRUCTION
RESIDENTIAL CONSTRUCTION",DRAFTSMAN,TECHNICAL DRAFTING NC II,With TR,MEDIUM,10,15,30,TECHNICAL DRAFTING NC II
351,REGION_VII,CEBU,"Cebu City, District 1",MANUFACTURING,ELECTRICAL AND ELECTRONICS," _x000D_
 	_x000D_
MECHATRONICS AND AUTOMATION TECHNICIAN",MECHATRONICS SERVICING NC II,With TR,HIGH,30,50,100,MECHATRONICS SERVICING NC II
434,REGION_VII,CEBU,"Cebu City, District 1",MANUFACTURING,METALS AND ENGINEERING,INSTRUMENTATION TECHNICIAN,DIPLOMA PROGRAM IN MECHANICAL ENGINEERING TECHNOLOGY,Diploma Programs,HIGH,30,50,100,DIPLOMA PROGRAM IN MECHANICAL ENGINEERING TECHNOLOGY
435,REGION_VII,CEBU,"Cebu City, District 1",MANUFACTURING,ELECTRICAL AND ELECTRONICS,RESIDENTIAL/COMMERCIAL WIRING TECHNICIAN,DIPLOMA PROGRAM IN ELECTRICAL ENGINEERING TECHNOLOGY,Diploma Programs,HIGH,30,50,100,DIPLOMA PROGRAM IN ELECTRICAL ENGINEERING TECHNOLOGY
436,REGION_VII,CEBU,"Cebu City, District 1",MANUFACTURING,ELECTRICAL AND ELECTRONICS,INDUSTRIAL ELECTRONIC TECHNICIAN,DIPLOMA PROGRAM IN ELECTRONICS ENGINEERING TECHNOLOGY,Diploma Programs,HIGH,30,50,100,DIPLOMA PROGRAM IN ELECTRONICS ENGINEERING TECHNOLOGY
437,REGION_VII,CEBU,"Cebu City, District 1",TOURISM (HOTEL AND RESTAURANT),ACCOMMODATION,HOTEL MANAGER,DIPLOMA PROGRAM IN HOTEL AND RESTAURANT TECHNOLOGY,Diploma Programs,HIGH,30,50,100,DIPLOMA PROGRAM IN HOTEL AND RESTAURANT TECHNOLOGY
439,REGION_VII,CEBU,"Cebu City, District 1",CONSTRUCTION,"HORIZONTAL CONSTRUCTION, INDUSTRIAL CONSTRUCTION, EQUIPMENT OPERATIONS AND MAINTENANCE",BULLDOZER OPERATOR,HEAVY EQUIPMENT OPERATION (BULLDOZER) NC II,With TR,HIGH,30,50,100,HEAVY EQUIPMENT OPERATION (BULLDOZER) NC II
440,REGION_VII,CEBU,"Cebu City, District 1",CONSTRUCTION,"HORIZONTAL CONSTRUCTION, RESIDENTIAL CONSTRUCTION, INDUSTRIAL CONSTRUCTION"," _x000D_
 	_x000D_
PV SYSTEMS INSTALLATION TECHNICIAN",PV SYSTEMS INSTALLATION NC II,With TR,MEDIUM,10,15,30,PV SYSTEMS INSTALLATION NC II
449,REGION_VII,CEBU,"Cebu City, District 1",TOURISM (HOTEL AND RESTAURANT),"MICE (MEETINGS, INCENTIVES, CONFERENCES, AND EXHIBITIONS)","SENIOR MICE COORDINATOR , SENIOR SPECIAL EVENTS COORDINATOR",EVENTS MANAGEMENT SERVICES NC III,With TR,HIGH,30,50,100,EVENTS MANAGEMENT SERVICES NC III
450,REGION_VII,CEBU,"Cebu City, District 1",CONSTRUCTION,"HORIZONTAL CONSTRUCTION, INDUSTRIAL CONSTRUCTION, EQUIPMENT OPERATIONS AND MAINTENANCE","MASONRY TECHNICIAN, PLUMBING TECHNICIAN, TECHNICAL DRAFTSMAN, REINFORCING STEELWORKS TECHNICIAN, PAINTING TECHNICIAN, TILE SETTING TECHNICIAN, CARPENTRY, TECHNICIAN, SCAFFOLDING AND FORMWORKS TECHNICIAN, CIVIL ENGINEERING TECHNOLOGIST",DIPLOMA PROGRAM IN CIVIL ENGINEERING TECHNOLOGY,Diploma Programs,HIGH,30,50,100,DIPLOMA PROGRAM IN CIVIL ENGINEERING TECHNOLOGY
451,REGION_VII,CEBU,"Cebu City, District 1",CONSTRUCTION,"HORIZONTAL CONSTRUCTION, INDUSTRIAL CONSTRUCTION, EQUIPMENT OPERATIONS AND MAINTENANCE","▪ BUILDING INSPECTOR ▪ CIVIL ENGINEERING DESIGN TECHNOLOGIST ▪ MATERIALS TESTING TECHNOLOGIST. ▪ CONSTRUCTION COORDINATOR, FOREMAN, OR SUPERINTENDENT ▪ ESTIMATOR ▪ TECHNICAL REPRESENTATIVE ▪ FIELD TECHNICAL ASSISTANT ▪ DRAFTSMAN/CAD OPERATOR ▪ REBAR FIXER ▪ BUILDING ELECTRICIAN ▪ BRICK LAYER/MASON ▪ PLUMBER",DIPLOMA PROGRAM IN CIVIL ENGINEERING TECHNOLOGY,Diploma Programs,MEDIUM,10,15,30,DIPLOMA PROGRAM IN CIVIL ENGINEERING TECHNOLOGY
456,REGION_VII,CEBU,"Cebu City, District 1",TOURISM (HOTEL AND RESTAURANT),TRAVEL AND TOURS,"1.TOURISM OPERATIONS COORDINATOR
2.TRAVEL CONSULTANT/TOUR PLANNER/TRAVEL SALES EXECUTIVE/TOUR COORDINATOR/TOUR OPERATIONS ASSISTANT                                                                  
3.TOUR GUIDE/TOUR LEADER/TOUR COORDINATOR
4.TOURISM MARKETING OFFICER/SALES EXECUTIVE FOR TOURISM/DESTINATION MARKETING COORDINATOR
5.EVENT COORDINATOR/CATERING MANAGER
6.ECO-TOURISM COORDINATOR/SUSTAINABLE TOURISM OFFICER/NATURE TOUR GUIDE/ENVIRONMENTAL EDUCATION 
7.MICE COORDINATOR/CONFERENCE ORGANIZER
8.CRUISE OPERATIONS COORDINATOR/ADVENTURE TOUR GUIDE/CRUISE MANAGER/OUTDOOR ACTIVITY 
",DIPLOMA PROGRAM IN TOURISM MANAGEMENT,Diploma Programs,MEDIUM,10,15,30,DIPLOMA PROGRAM IN TOURISM MANAGEMENT
457,REGION_VII,CEBU,"Cebu City, District 1",TOURISM (HOTEL AND RESTAURANT),ACCOMMODATION,"1.FOOD AND BEVERAGE ATTENDANT / SERVER / BARTENDER / BARISTA /WAITSTAFF /F&B DIRECTOR/F&B OUTLET MANAGER                                                    _x000D_
2.HOTEL RECEPTIONIST/FRONT DESK AGENT_x000D_
3.GUEST SERVICES ASSOCIATE /HOTEL RECEPTIONIST/FRONT DESK AGENT_x000D_
4.ROOM ATTENDANT / HOUSEKEEPING ATTENDANT/PUBLIC AREA CLEANER_x000D_
5.EVENT COORDINATOR/EVENT ASSISTANT_x000D_
                                                   _x000D_
",DIPLOMA PROGRAM IN HOSPITALITY MANAGEMENT,Diploma Programs,MEDIUM,10,15,30,DIPLOMA PROGRAM IN HOSPITALITY MANAGEMENT
485,REGION_VII,CEBU,"Cebu City, District 2",CONSTRUCTION,HORIZONTAL CONSTRUCTION VERTICAL CONSTRUCTION INDUSTRIAL CONSTRUCTION," _x000D_
 	_x000D_
CARBON STEEL PLATE/ PIPE WELDER ",MANUAL METAL ARC WELDING (MMAW) NC I,With TR,LOW,3,5,150,MANUAL METAL ARC WELDING (MMAW) NC I
486,REGION_VII,CEBU,"Cebu City, District 2",CONSTRUCTION,HORIZONTAL CONSTRUCTION VERTICAL CONSTRUCTION INDUSTRIAL CONSTRUCTION," _x000D_
 	_x000D_
CARBON STEEL PLATE/ PIPE WELDER ",MANUAL METAL ARC WELDING (MMAW) NC III,With TR,LOW,3,5,150,MANUAL METAL ARC WELDING (MMAW) NC III
487,REGION_VII,CEBU,"Cebu City, District 2",CONSTRUCTION,HORIZONTAL CONSTRUCTION VERTICAL CONSTRUCTION INDUSTRIAL CONSTRUCTION," _x000D_
 	_x000D_
CARBON STEEL PLATE/ PIPE WELDER ",MANUAL METAL ARC WELDING (MMAW) NC IV,With TR,LOW,3,5,150,MANUAL METAL ARC WELDING (MMAW) NC IV
488,REGION_VII,CEBU,"Cebu City, District 2",CONSTRUCTION,HORIZONTAL CONSTRUCTION VERTICAL CONSTRUCTION INDUSTRIAL CONSTRUCTION," _x000D_
 	_x000D_
GAS (OXY-ACETYLENE) WELDER",GAS WELDING NC II,With TR,MEDIUM,10,15,30,GAS WELDING NC II
489,REGION_VII,CEBU,"Cebu City, District 2",CONSTRUCTION,HORIZONTAL CONSTRUCTION VERTICAL CONSTRUCTION," _x000D_
 	_x000D_
TRUCK MOUNTED CRANE OPERATOR",HEAVY EQUIPMENT OPERATION (TRUCK MOUNTED CRANE) NC III,With TR,LOW,3,5,150,HEAVY EQUIPMENT OPERATION (TRUCK MOUNTED CRANE) NC III
490,REGION_VII,CEBU,"Cebu City, District 2",CONSTRUCTION,RESIDENTIAL CONSTRUCTION VERTICAL CONSTRUCTION HORIZONTAL CONTRUCTN,AIRCON INSTALLER (COMMERCIAL/ INDUSTRIAL),RAC SERVICING (DOMRAC) NC II,With TR,HIGH,30,50,100,RAC SERVICING (DOMRAC) NC II
491,REGION_VII,CEBU,"Cebu City, District 2",CONSTRUCTION,RESIDENTIAL CONSTRUCTION VERTICAL CONSTRUCTION HORIZONTAL CONTRUCTN,AIRCON INSTALLER (COMMERCIAL/ INDUSTRIAL),RAC SERVICING (DOMRAC) NC II,With TR,HIGH,30,50,100,RAC SERVICING (DOMRAC) NC II
492,REGION_VII,CEBU,"Cebu City, District 2",CONSTRUCTION,"VERTICAL CONSTRUCTION HORIZONTAL CONSTRUCTION RESIDENTIAL CONSTRUCTION
",AIRLESS PAINTER,CONSTRUCTION PAINTING NC II,With TR,LOW,3,5,150,CONSTRUCTION PAINTING NC II
493,REGION_VII,CEBU,"Cebu City, District 2",CONSTRUCTION,"VERTICAL CONSTRUCTION HORIZONTAL CONSTRUCTION RESIDENTIAL CONSTRUCTION
",AIRLESS PAINTER,CONSTRUCTION PAINTING NC II,With TR,LOW,3,5,150,CONSTRUCTION PAINTING NC II
494,REGION_VII,CEBU,"Cebu City, District 2",CONSTRUCTION,HORIZONTAL CONSTRUCTION VERTICAL CONSTRUCTION INDUSTRIAL CONSTRUCTION,BIM MODELER,BASIC 3D BUILDING INFORMATION MODELLING LEVEL III,With CS,LOW,3,5,150,BASIC 3D BUILDING INFORMATION MODELLING LEVEL III
495,REGION_VII,CEBU,"Cebu City, District 2",CONSTRUCTION,RESIDENTIAL CONSTRUCTION VERTICAL CONSTRUCTION,CARPENTRY (FINISHING & WOODWORKING),CARPENTRY NC II,With TR,HIGH,30,50,100,CARPENTRY NC II
496,REGION_VII,CEBU,"Cebu City, District 2",CONSTRUCTION,RESIDENTIAL CONSTRUCTION VERTICAL CONSTRUCTION,CARPENTRY (FINISHING & WOODWORKING),CARPENTRY NC II,With TR,HIGH,30,50,100,CARPENTRY NC II
497,REGION_VII,CEBU,"Cebu City, District 2",CONSTRUCTION,VERTICAL CONSTRUCTION INDUSTRIAL CONSTRUCTION RESIDENTIAL CONSTRUCTION HORIZONTAL CONSTRUCTION DIRECT WORKERS,CARPENTRY (FINISHING),CARPENTRY NC II,With TR,HIGH,30,50,100,CARPENTRY NC II
498,REGION_VII,CEBU,"Cebu City, District 2",CONSTRUCTION,VERTICAL CONSTRUCTION INDUSTRIAL CONSTRUCTION RESIDENTIAL CONSTRUCTION HORIZONTAL CONSTRUCTION DIRECT WORKERS,CARPENTRY (ROUGH),CARPENTRY NC II,With TR,HIGH,30,50,100,CARPENTRY NC II
499,REGION_VII,CEBU,"Cebu City, District 2",CONSTRUCTION,HORIZONTAL CONSTRUCTION VERTICAL CONSTRUCTION INDUSTRIAL CONSTRUCTION,CIVIL ENGINEERING ASSOCIATE,DIPLOMA PROGRAM IN CIVIL ENGINEERING TECHNOLOGY,Diploma Programs,LOW,3,5,150,DIPLOMA PROGRAM IN CIVIL ENGINEERING TECHNOLOGY
500,REGION_VII,CEBU,"Cebu City, District 2",CONSTRUCTION,EQUIPMENT OPERATORS AND MAINTENANCE DIRECT WORKERS       ,CONCRETE PUMP OPERATOR,NO CORRESPONDING TVET PROGRAM,New and Emerging,LOW,3,5,150,NO CORRESPONDING TVET PROGRAM
501,REGION_VII,CEBU,"Cebu City, District 2",CONSTRUCTION,RESIDENTIAL CONSTRUCTION VERTICAL CONSTRUCTION HORIZONTAL DIRECT WORKERS,CONSTRUCTION ASSISTANT (HOUSEKEEPING),NO CORRESPONDING TVET PROGRAM,New and Emerging,HIGH,30,50,100,NO CORRESPONDING TVET PROGRAM
502,REGION_VII,CEBU,"Cebu City, District 2",CONSTRUCTION,RESIDENTIAL CONSTRUCTION VERTICAL CONSTRUCTION HORIZONTAL DIRECT WORKERS,CONSTRUCTION ASSISTANT (HOUSEKEEPING),NO CORRESPONDING TVET PROGRAM,New and Emerging,HIGH,30,50,100,NO CORRESPONDING TVET PROGRAM
503,REGION_VII,CEBU,"Cebu City, District 2",CONSTRUCTION,"VERTICAL CONSTRUCTION HORIZONTAL CONSTRUCTION RESIDENTIAL CONSTRUCTION INDUSTRIAL CONSTRUCTION
",CONSTRUCTION PAINTER (APPLICATION),CONSTRUCTION PAINTING NC II,With TR,MEDIUM,10,15,30,CONSTRUCTION PAINTING NC II
504,REGION_VII,CEBU,"Cebu City, District 2",CONSTRUCTION,"VERTICAL CONSTRUCTION HORIZONTAL CONSTRUCTION RESIDENTIAL CONSTRUCTION INDUSTRIAL CONSTRUCTION
",CONSTRUCTION PAINTER (APPLICATION),CONSTRUCTION PAINTING NC II,With TR,MEDIUM,10,15,30,CONSTRUCTION PAINTING NC II
505,REGION_VII,CEBU,"Cebu City, District 2",CONSTRUCTION,"VERTICAL CONSTRUCTION HORIZONTAL CONSTRUCTION RESIDENTIAL CONSTRUCTION INDUSTRIAL CONSTRUCTION
","CONSTRUCTION PAINTER (REPAIR AND ARTISTIC APPLICATION, MIXING))",CONSTRUCTION PAINTING NC II,With TR,LOW,3,5,150,CONSTRUCTION PAINTING NC II
506,REGION_VII,CEBU,"Cebu City, District 2",CONSTRUCTION,"VERTICAL CONSTRUCTION HORIZONTAL CONSTRUCTION RESIDENTIAL CONSTRUCTION INDUSTRIAL CONSTRUCTION
","CONSTRUCTION PAINTER (REPAIR AND ARTISTIC APPLICATION, MIXING))",TILE SETTING NC II,With TR,LOW,3,5,150,TILE SETTING NC II
507,REGION_VII,CEBU,"Cebu City, District 2",CONSTRUCTION,HORIZONTAL CONSTRUCTION VERTICAL CONSTRUCTION INDUSTRIAL CONSTRUCTION,CONSTRUCTION SITE SUPERVISOR,CONSTRUCTION SITE SUPERVISION LEVEL IV,With CS,MEDIUM,10,15,30,CONSTRUCTION SITE SUPERVISION LEVEL IV
508,REGION_VII,CEBU,"Cebu City, District 2",CONSTRUCTION,HORIZONTAL CONSTRUCTION VERTICAL CONSTRUCTION INDUSTRIAL CONSTRUCTION,CONSTRUCTION TRADE SUPERVISOR,CONSTRUCTION TRADE SUPERVISION LEVEL IV,With CS,MEDIUM,10,15,30,CONSTRUCTION TRADE SUPERVISION LEVEL IV
509,REGION_VII,CEBU,"Cebu City, District 2",CONSTRUCTION,HORIZONTAL CONSTRUCTION VERTICAL CONSTRUCTION,CRAWLER CRANE OPERATOR,HEAVY EQUIPMENT OPERATION (CRAWLER CRANE) NC III,With TR,LOW,3,5,150,HEAVY EQUIPMENT OPERATION (CRAWLER CRANE) NC III
510,REGION_VII,CEBU,"Cebu City, District 2",CONSTRUCTION,RESIDENTIAL CONSTRUCTION VERTICAL CONSTRUCTION INDUSTRIAL,DRY WALL AND CEILING INSTALLER,CARPENTRY NC II,With TR,HIGH,30,50,100,CARPENTRY NC II
511,REGION_VII,CEBU,"Cebu City, District 2",CONSTRUCTION,"VERTICAL CONSTRUCTION HORIZONTAL CONSTRUCTION RESIDENTIAL CONSTRUCTION INDUSTRIAL CONSTRUCTION
",DRY WALL AND CEILING INSTALLER,CARPENTRY NC III,With TR,LOW,3,5,150,CARPENTRY NC III
512,REGION_VII,CEBU,"Cebu City, District 2",CONSTRUCTION,RESIDENTIAL CONSTRUCTION VERTICAL CONSTRUCTION INDUSTRIAL,DRY WALL AND CEILING INSTALLER,CARPENTRY NC II,With TR,HIGH,30,50,100,CARPENTRY NC II
513,REGION_VII,CEBU,"Cebu City, District 2",CONSTRUCTION,"VERTICAL CONSTRUCTION HORIZONTAL CONSTRUCTION RESIDENTIAL CONSTRUCTION INDUSTRIAL CONSTRUCTION
",DRY WALL AND CEILING INSTALLER,CARPENTRY NC III,With TR,LOW,3,5,150,CARPENTRY NC III
514,REGION_VII,CEBU,"Cebu City, District 2",CONSTRUCTION,"DIRECT WORKER EQUIPMENT OPERATORS AND MAINTENANCE VERTICAL CONSTRUCTION HORIZONTAL CONSTRUCTION RESIDENTIAL CONSTRUCTION
",DUMPTRUCK OPERATOR,HEAVY EQUIPMENT OPERATION (RIGID ON-HIGHWAY DUMP TRUCK) NC II,With TR,LOW,3,5,150,HEAVY EQUIPMENT OPERATION (RIGID ON-HIGHWAY DUMP TRUCK) NC II
515,REGION_VII,CEBU,"Cebu City, District 2",CONSTRUCTION,RESIDENTIAL CONSTRUCTION VERTICAL CONSTRUCTION HORIZONTAL CONTRUCTN,ELECTRICIAN (COMMERCIAL AND INDUSTRIAL BUILDING),ELECTRICAL INSTALLATION AND MAINTENANCE NC III,With TR,MEDIUM,10,15,30,ELECTRICAL INSTALLATION AND MAINTENANCE NC III
516,REGION_VII,CEBU,"Cebu City, District 2",CONSTRUCTION,RESIDENTIAL CONSTRUCTION VERTICAL CONSTRUCTION HORIZONTAL CONTRUCTN,ELECTRICIAN (COMMERCIAL AND INDUSTRIAL BUILDING),ELECTRICAL INSTALLATION AND MAINTENANCE NC III,With TR,MEDIUM,10,15,30,ELECTRICAL INSTALLATION AND MAINTENANCE NC III
517,REGION_VII,CEBU,"Cebu City, District 2",CONSTRUCTION,RESIDENTIAL CONSTRUCTION VERTICAL CONSTRUCTION HORIZONTAL CONTRUCTN,ELEVATOR INSTALLER,ELECTRICAL INSTALLATION AND MAINTENANCE NC III,With TR,LOW,3,5,150,ELECTRICAL INSTALLATION AND MAINTENANCE NC III
518,REGION_VII,CEBU,"Cebu City, District 2",CONSTRUCTION,RESIDENTIAL CONSTRUCTION VERTICAL CONSTRUCTION HORIZONTAL CONTRUCTN,ELEVATOR INSTALLER,ELECTRICAL INSTALLATION AND MAINTENANCE NC III,With TR,LOW,3,5,150,ELECTRICAL INSTALLATION AND MAINTENANCE NC III
519,REGION_VII,CEBU,"Cebu City, District 2",CONSTRUCTION,VERTICAL CONSTRUCTION HORIZONTAL CONTRUCTN,FDAS TECHNICIAN,ELECTRICAL INSTALLATION AND MAINTENANCE NC II,With TR,MEDIUM,10,15,30,ELECTRICAL INSTALLATION AND MAINTENANCE NC II
520,REGION_VII,CEBU,"Cebu City, District 2",CONSTRUCTION,HORIZONTAL CONSTRUCTION,FDAS TECHNICIAN ,ELECTRICAL INSTALLATION AND MAINTENANCE NC II,With TR,MEDIUM,10,15,30,ELECTRICAL INSTALLATION AND MAINTENANCE NC II
521,REGION_VII,CEBU,"Cebu City, District 2",CONSTRUCTION,VERTICAL CONSTRUCTION RESIDENTIAL CONSTRUCTION,FINISHING MASON,MASONRY NC III,With TR,LOW,3,5,150,MASONRY NC III
522,REGION_VII,CEBU,"Cebu City, District 2",CONSTRUCTION,HORIZONTAL CONSTRUCTION VERTICAL CONSTRUCTION,FORKLIFT OPERATOR,HEAVY EQUIPMENT OPERATION (FORKLIFT) NC II,With TR,MEDIUM,10,15,30,HEAVY EQUIPMENT OPERATION (FORKLIFT) NC II
523,REGION_VII,CEBU,"Cebu City, District 2",CONSTRUCTION,"VERTICAL CONSTRUCTION HORIZONTAL CONSTRUCTION RESIDENTIAL CONSTRUCTION INDUSTRIAL CONSTRUCTION
",GLASS INSTALLER (GLAZING WORKS),NO CORRESPONDING TVET PROGRAM,New and Emerging,LOW,3,5,150,NO CORRESPONDING TVET PROGRAM
524,REGION_VII,CEBU,"Cebu City, District 2",CONSTRUCTION,"VERTICAL CONSTRUCTION HORIZONTAL CONSTRUCTION RESIDENTIAL CONSTRUCTION INDUSTRIAL CONSTRUCTION
",GLASS INSTALLER (GLAZING WORKS),NO CORRESPONDING TVET PROGRAM,New and Emerging,LOW,3,5,150,NO CORRESPONDING TVET PROGRAM
525,REGION_VII,CEBU,"Cebu City, District 2",CONSTRUCTION,"VERTICAL CONSTRUCTION HORIZONTAL CONSTRUCTION RESIDENTIAL CONSTRUCTION
DIRECTO WORKERS CORPORATE SUPPORT",HEO BACKHOE LOADER,HEAVY EQUIPMENT OPERATION (BACKHOE LOADER) NC II,With TR,LOW,3,5,150,HEAVY EQUIPMENT OPERATION (BACKHOE LOADER) NC II
526,REGION_VII,CEBU,"Cebu City, District 2",CONSTRUCTION,"VERTICAL CONSTRUCTION HORIZONTAL CONSTRUCTION RESIDENTIAL CONSTRUCTION
DIRECT WORKERS CORPORATE SUPPORT",HEO EXCAVATOR,HEAVY EQUIPMENT OPERATION (HYDRAULIC EXCAVATOR) NC II,With TR,LOW,3,5,150,HEAVY EQUIPMENT OPERATION (HYDRAULIC EXCAVATOR) NC II
527,REGION_VII,CEBU,"Cebu City, District 2",CONSTRUCTION,EQUIPMENT OPERATORS AND MAINTENANCE,HEO TOWER CRANE OPERATOR,HEAVY EQUIPMENT OPERATION (TOWER CRANE) NC III,With TR,MEDIUM,10,15,30,HEAVY EQUIPMENT OPERATION (TOWER CRANE) NC III
528,REGION_VII,CEBU,"Cebu City, District 2",CONSTRUCTION,"VERTICAL CONSTRUCTION HORIZONTAL CONSTRUCTION RESIDENTIAL CONSTRUCTION INDUSTRIAL CONSTRUCTION
",LAMINATE INSTALLER,CARPENTRY NC II,With TR,HIGH,30,50,100,CARPENTRY NC II
529,REGION_VII,CEBU,"Cebu City, District 2",CONSTRUCTION,"VERTICAL CONSTRUCTION HORIZONTAL CONSTRUCTION RESIDENTIAL CONSTRUCTION INDUSTRIAL CONSTRUCTION
",LAMINATE INSTALLER,CARPENTRY NC II,With TR,HIGH,30,50,100,CARPENTRY NC II
530,REGION_VII,CEBU,"Cebu City, District 2",CONSTRUCTION,DIRECT WORKERS VERTICAL INDUSTRIAL HORIZONTAL ,MASONRY (FINISHING),MASONRY NC II,With TR,LOW,3,5,150,MASONRY NC II
531,REGION_VII,CEBU,"Cebu City, District 2",CONSTRUCTION,RESIDENTIAL CONSTRUCTION VERTICAL CONSTRUCTION,MASONRY (FINISHING),MASONRY NC I,With TR,LOW,3,5,150,MASONRY NC I
532,REGION_VII,CEBU,"Cebu City, District 2",CONSTRUCTION,RESIDENTIAL CONSTRUCTION VERTICAL CONSTRUCTION,MASONRY (FINISHING),MASONRY NC I,With TR,LOW,3,5,150,MASONRY NC I
533,REGION_VII,CEBU,"Cebu City, District 2",CONSTRUCTION,RESIDENTIAL CONSTRUCTION VERTICAL CONSTRUCTION,MASONRY (FINISHING),MASONRY NC I,With TR,LOW,3,5,150,MASONRY NC I
534,REGION_VII,CEBU,"Cebu City, District 2",CONSTRUCTION,DIRECT WORKERS VERTICAL INDUSTRIAL HORIZONTAL ,MASONRY (ROUGH CONCRETE),MASONRY NC I,With TR,LOW,3,5,150,MASONRY NC I
535,REGION_VII,CEBU,"Cebu City, District 2",CONSTRUCTION,"DIRECT WORKER EQUIPMENT OPERATORS AND MAINTENANCE VERTICAL CONSTRUCTION INDUSTRIAL CONSTRUCTION
",MOBILE CRANE OPERATOR,HEAVY EQUIPMENT OPERATION (ROUGH TERRAIN CRANE) NC III,With TR,LOW,3,5,150,HEAVY EQUIPMENT OPERATION (ROUGH TERRAIN CRANE) NC III
536,REGION_VII,CEBU,"Cebu City, District 2",CONSTRUCTION,"HORIZONTAL CONSTRUCTION
",MOTOR GRADER OPERATOR,HEAVY EQUIPMENT OPERATION (MOTOR GRADER) NC II,With TR,LOW,3,5,150,HEAVY EQUIPMENT OPERATION (MOTOR GRADER) NC II
537,REGION_VII,CEBU,"Cebu City, District 2",CONSTRUCTION,HORIZONTAL CONSTRUCTION VERTICAL CONSTRUCTION,OFF-HIGHWAY DUMP TRUCK (RIGID) OPERATOR,HEAVY EQUIPMENT OPERATION (RIGID OFF-HIGHWAY DUMP TRUCK) NC II,With TR,LOW,3,5,150,HEAVY EQUIPMENT OPERATION (RIGID OFF-HIGHWAY DUMP TRUCK) NC II
538,REGION_VII,CEBU,"Cebu City, District 2",CONSTRUCTION,RESIDENTIAL CONSTRUCTION VERTICAL CONSTRUCTION HORIZONTAL DIRECT WORKERS,PAINTER,CONSTRUCTION PAINTING NC II,With TR,MEDIUM,10,15,30,CONSTRUCTION PAINTING NC II
539,REGION_VII,CEBU,"Cebu City, District 2",CONSTRUCTION,RESIDENTIAL CONSTRUCTION VERTICAL CONSTRUCTION HORIZONTAL DIRECT WORKERS,PAINTER,CONSTRUCTION PAINTING NC II,With TR,MEDIUM,10,15,30,CONSTRUCTION PAINTING NC II
540,REGION_VII,CEBU,"Cebu City, District 2",CONSTRUCTION,HORIZONTAL CONSTRUCTION VERTICAL CONSTRUCTION,PAVER OPERATOR,HEAVY EQUIPMENT OPERATION (PAVER) NC II,With TR,LOW,3,5,150,HEAVY EQUIPMENT OPERATION (PAVER) NC II
541,REGION_VII,CEBU,"Cebu City, District 2",CONSTRUCTION,RESIDENTIAL CONSTRUCTION VERTICAL CONSTRUCTION HORIZONTAL CONTRUCTN,PIPEFITTER,PLUMBING NC III,With TR,LOW,3,5,150,PLUMBING NC III
542,REGION_VII,CEBU,"Cebu City, District 2",CONSTRUCTION,RESIDENTIAL CONSTRUCTION VERTICAL CONSTRUCTION HORIZONTAL CONTRUCTN,PIPEFITTER,PLUMBING NC III,With TR,LOW,3,5,150,PLUMBING NC III
543,REGION_VII,CEBU,"Cebu City, District 2",CONSTRUCTION,VERTICAL CONSTRUCTION HORIZONTAL CONTRUCTN,PIPEFITTER (FIRE PROTECTION SYSTEM),PIPEFITTING (METALLIC) NC II,With TR,LOW,3,5,150,PIPEFITTING (METALLIC) NC II
544,REGION_VII,CEBU,"Cebu City, District 2",CONSTRUCTION,RESIDENTIAL CONSTRUCTION VERTICAL CONSTRUCTION HORIZONTAL CONTRUCTN,PIPEFITTER (FIRE PROTECTION SYSTEM),PIPEFITTING (METALLIC) NC II,With TR,LOW,3,5,150,PIPEFITTING (METALLIC) NC II
545,REGION_VII,CEBU,"Cebu City, District 2",CONSTRUCTION,VERTICAL CONSTRUCTION HORIZONTAL CONTRUCTN,PIPEFITTER (PUMP EQUIPMENT),PIPEFITTING (METALLIC) NC II,With TR,LOW,3,5,150,PIPEFITTING (METALLIC) NC II
546,REGION_VII,CEBU,"Cebu City, District 2",CONSTRUCTION,RESIDENTIAL CONSTRUCTION VERTICAL CONSTRUCTION HORIZONTAL CONTRUCTN,PIPEFITTER (PUMP EQUIPMENT),PIPEFITTING (METALLIC) NC II,With TR,LOW,3,5,150,PIPEFITTING (METALLIC) NC II
547,REGION_VII,CEBU,"Cebu City, District 2",CONSTRUCTION,RESIDENTIAL CONSTRUCTION VERTICAL CONSTRUCTION HORIZONTAL CONTRUCTN,PLUMBER,PLUMBING NC II,With TR,LOW,3,5,150,PLUMBING NC II
548,REGION_VII,CEBU,"Cebu City, District 2",CONSTRUCTION,RESIDENTIAL CONSTRUCTION VERTICAL CONSTRUCTION HORIZONTAL CONTRUCTN,PLUMBER,PLUMBING NC II,With TR,LOW,3,5,150,PLUMBING NC II
549,REGION_VII,CEBU,"Cebu City, District 2",CONSTRUCTION,"DIRECT WORKER EQUIPMENT OPERATORS AND MAINTENANCE VERTICAL CONSTRUCTION INDUSTRIAL CONSTRUCTION
",RIGGER,RIGGING NC I,With TR,LOW,3,5,150,RIGGING NC I
550,REGION_VII,CEBU,"Cebu City, District 2",CONSTRUCTION,"HORIZONTAL CONSTRUCTION
DIRECT WORKERS",ROAD ROLLER OPERATOR,HEAVY EQUIPMENT OPERATION (ROAD ROLLER) NC II,With TR,MEDIUM,10,15,30,HEAVY EQUIPMENT OPERATION (ROAD ROLLER) NC II
551,REGION_VII,CEBU,"Cebu City, District 2",CONSTRUCTION,RESIDENTIAL CONSTRUCTION VERTICAL CONSTRUCTION INDUSTRIAL,ROOF INSTALLER,NO CORRESPONDING TVET PROGRAM,New and Emerging,LOW,3,5,150,NO CORRESPONDING TVET PROGRAM
552,REGION_VII,CEBU,"Cebu City, District 2",CONSTRUCTION,RESIDENTIAL CONSTRUCTION VERTICAL CONSTRUCTION INDUSTRIAL,ROOF INSTALLER,NO CORRESPONDING TVET PROGRAM,New and Emerging,LOW,3,5,150,NO CORRESPONDING TVET PROGRAM
553,REGION_VII,CEBU,"Cebu City, District 2",CONSTRUCTION,VERTICAL INDUSTRIAL RESIDENTIAL DIRECT WORKS,SCAFFOLDER,SCAFFOLDING WORKS NC II (SUPPORTED TYPE SCAFFOLD),With TR,LOW,3,5,150,SCAFFOLDING WORKS NC II (SUPPORTED TYPE SCAFFOLD)
554,REGION_VII,CEBU,"Cebu City, District 2",CONSTRUCTION,RESIDENTIAL CONSTRUCTION VERTICAL CONSTRUCTION,SCAFFOLDER,NO CORRESPONDING TVET PROGRAM,New and Emerging,MEDIUM,10,15,30,NO CORRESPONDING TVET PROGRAM
555,REGION_VII,CEBU,"Cebu City, District 2",CONSTRUCTION,RESIDENTIAL CONSTRUCTION VERTICAL CONSTRUCTION,SCAFFOLDER,NO CORRESPONDING TVET PROGRAM,New and Emerging,MEDIUM,10,15,30,NO CORRESPONDING TVET PROGRAM
556,REGION_VII,CEBU,"Cebu City, District 2",CONSTRUCTION,VERTICAL INDUSTRIAL RESIDENTIAL PROJECT MANAGEMENT,"SCAFFOLDER (INSPECTION, QUALITY ASSURANCE)",NO CORRESPONDING TVET PROGRAM,New and Emerging,LOW,3,5,150,NO CORRESPONDING TVET PROGRAM
557,REGION_VII,CEBU,"Cebu City, District 2",CONSTRUCTION,RESIDENTIAL CONSTRUCTION VERTICAL CONSTRUCTION,"SCAFFOLDER (INSPECTION, QUALITY ASSURANCE)",SCAFFOLDING WORKS NC II (SUPPORTED TYPE SCAFFOLD),With TR,LOW,3,5,150,SCAFFOLDING WORKS NC II (SUPPORTED TYPE SCAFFOLD)
558,REGION_VII,CEBU,"Cebu City, District 2",CONSTRUCTION,RESIDENTIAL CONSTRUCTION VERTICAL CONSTRUCTION,"SCAFFOLDER (INSPECTION, QUALITY ASSURANCE)",SCAFFOLDING WORKS NC II (SUPPORTED TYPE SCAFFOLD),With TR,LOW,3,5,150,SCAFFOLDING WORKS NC II (SUPPORTED TYPE SCAFFOLD)
559,REGION_VII,CEBU,"Cebu City, District 2",CONSTRUCTION,RESIDENTIAL CONSTRUCTION VERTICAL CONSTRUCTION HORIZONTAL CONTRUCTN,SEALANT APPLICATOR,CONSTRUCTION PAINTING NC II,With TR,LOW,3,5,150,CONSTRUCTION PAINTING NC II
560,REGION_VII,CEBU,"Cebu City, District 2",CONSTRUCTION,RESIDENTIAL CONSTRUCTION VERTICAL CONSTRUCTION HORIZONTAL CONTRUCTN,SEALANT APPLICATOR,CONSTRUCTION PAINTING NC II,With TR,LOW,3,5,150,CONSTRUCTION PAINTING NC II
561,REGION_VII,CEBU,"Cebu City, District 2",CONSTRUCTION,HORIZONTAL CONSTRUCTION VERTICAL CONSTRUCTION INDUSTRIAL CONSTRUCTION,SENIOR PAINTER,CONSTRUCTION PAINTING NC III,With TR,LOW,3,5,150,CONSTRUCTION PAINTING NC III
562,REGION_VII,CEBU,"Cebu City, District 2",CONSTRUCTION,VERTICAL CONSTRUCTION RESIDENTIAL CONSTRUCTION,SPECIALIZED CARPENTER,CARPENTRY NC III,With TR,LOW,3,5,150,CARPENTRY NC III
563,REGION_VII,CEBU,"Cebu City, District 2",CONSTRUCTION,"VERTICAL CONSTRUCTION HORIZONTAL CONSTRUCTION RESIDENTIAL CONSTRUCTION
",STEELMAN,REINFORCING STEEL WORKS NC II,With TR,MEDIUM,10,15,30,REINFORCING STEEL WORKS NC II
564,REGION_VII,CEBU,"Cebu City, District 2",CONSTRUCTION,VERTICAL CONSTRUCTION HORIZONTAL CONSTRUCTION RESIDENTIAL CONSTRUCTION,SURVEY ASSISTANT,NO CORRESPONDING TVET PROGRAM,New and Emerging,MEDIUM,10,15,30,NO CORRESPONDING TVET PROGRAM
565,REGION_VII,CEBU,"Cebu City, District 2",CONSTRUCTION,"VERTICAL CONSTRUCTION HORIZONTAL CONSTRUCTION RESIDENTIAL CONSTRUCTION
",SYSTEM FORWORKS INSTALLER,SYSTEM FORMWORKS INSTALLATION NC II,With TR,MEDIUM,10,15,30,SYSTEM FORMWORKS INSTALLATION NC II
566,REGION_VII,CEBU,"Cebu City, District 2",CONSTRUCTION,HORIZONTAL CONSTRUCTION VERTICAL CONSTRUCTION INDUSTRIAL CONSTRUCTION,TIG PLATE WELDER,GAS TUNGSTEN ARC WELDING (GTAW) NC IV,With TR,MEDIUM,10,15,30,GAS TUNGSTEN ARC WELDING (GTAW) NC IV
567,REGION_VII,CEBU,"Cebu City, District 2",CONSTRUCTION,"VERTICAL CONSTRUCTION HORIZONTAL CONSTRUCTION RESIDENTIAL CONSTRUCTION INDUSTRIAL CONSTRUCTION
",TILE SETTING,TILE SETTING NC II,With TR,LOW,3,5,150,TILE SETTING NC II
568,REGION_VII,CEBU,"Cebu City, District 2",CONSTRUCTION,"VERTICAL CONSTRUCTION HORIZONTAL CONSTRUCTION RESIDENTIAL CONSTRUCTION INDUSTRIAL CONSTRUCTION
",TILE SETTING,TILE SETTING NC II,With TR,LOW,3,5,150,TILE SETTING NC II
569,REGION_VII,CEBU,"Cebu City, District 2",CONSTRUCTION,"DIRECT WORKER EQUIPMENT OPERATORS AND MAINTENANCE VERTICAL CONSTRUCTION INDUSTRIAL CONSTRUCTION
",TOWER CRANE OPERATOR,HEAVY EQUIPMENT OPERATION (TOWER CRANE) NC III,With TR,LOW,3,5,150,HEAVY EQUIPMENT OPERATION (TOWER CRANE) NC III
570,REGION_VII,CEBU,"Cebu City, District 2",CONSTRUCTION,VERTICAL INDUSTRIAL RESIDENTIAL DIRECT WORKS EQUIPMENT OPERATORS AND MAINTENANCE DIRECT WORKERS       ,TRANSIT MIXER,HEAVY EQUIPMENT OPERATION (TRANSIT MIXER) NC II,With TR,LOW,3,5,150,HEAVY EQUIPMENT OPERATION (TRANSIT MIXER) NC II
571,REGION_VII,CEBU,"Cebu City, District 2",CONSTRUCTION,HORIZONTAL CONSTRUCTION VERTICAL CONSTRUCTION INDUSTRIAL CONSTRUCTION,WAREHOUSEMAN (EXTERNAL),WAREHOUSING SERVICES NC II,With TR,HIGH,30,50,100,WAREHOUSING SERVICES NC II
572,REGION_VII,CEBU,"Cebu City, District 2",CONSTRUCTION,HORIZONTAL CONSTRUCTION VERTICAL CONSTRUCTION INDUSTRIAL CONSTRUCTION,WAREHOUSEMAN (INTERNAL),WAREHOUSING SERVICES NC II,With TR,HIGH,30,50,100,WAREHOUSING SERVICES NC II
573,REGION_VII,CEBU,"Cebu City, District 2",CONSTRUCTION,RESIDENTIAL CONSTRUCTION VERTICAL CONSTRUCTION,WATERPROOFER (SLABS),NO CORRESPONDING TVET PROGRAM,New and Emerging,HIGH,30,50,100,NO CORRESPONDING TVET PROGRAM
574,REGION_VII,CEBU,"Cebu City, District 2",CONSTRUCTION,RESIDENTIAL CONSTRUCTION VERTICAL CONSTRUCTION,WATERPROOFER (SLABS),NO CORRESPONDING TVET PROGRAM,New and Emerging,HIGH,30,50,100,NO CORRESPONDING TVET PROGRAM
575,REGION_VII,CEBU,"Cebu City, District 2",CONSTRUCTION,VERTICAL HORIZONTAL,WATERPROOFER (VERTICAL WALLS),CONSTRUCTION PAINTING NC II,With TR,LOW,3,5,150,CONSTRUCTION PAINTING NC II
576,REGION_VII,CEBU,"Cebu City, District 2",CONSTRUCTION,VERTICAL HORIZONTAL,WATERPROOFER (VERTICAL WALLS),CONSTRUCTION PAINTING NC II,With TR,LOW,3,5,150,CONSTRUCTION PAINTING NC II
577,REGION_VII,CEBU,"Cebu City, District 2",CONSTRUCTION,"VERTICAL CONSTRUCTION HORIZONTAL CONSTRUCTION INDUSTRIAL CONSTRUCTION
",WELDER (GAS),GAS WELDING NC I,With TR,MEDIUM,10,15,30,GAS WELDING NC I
578,REGION_VII,CEBU,"Cebu City, District 2",CONSTRUCTION,"VERTICAL CONSTRUCTION HORIZONTAL CONSTRUCTION INDUSTRIAL CONSTRUCTION
",WELDER (GAS),GAS WELDING NC II,With TR,MEDIUM,10,15,30,GAS WELDING NC II
579,REGION_VII,CEBU,"Cebu City, District 2",CONSTRUCTION,VERTICAL CONSTRUCTION HORIZONTAL CONTRUCTN,WELDER (SMAW),MANUAL METAL ARC WELDING (MMAW) NC II,With TR,HIGH,30,50,100,MANUAL METAL ARC WELDING (MMAW) NC II
580,REGION_VII,CEBU,"Cebu City, District 2",CONSTRUCTION,VERTICAL CONSTRUCTION HORIZONTAL CONTRUCTN,WELDER (SMAW),MANUAL METAL ARC WELDING (MMAW) NC II,With TR,HIGH,30,50,100,MANUAL METAL ARC WELDING (MMAW) NC II
581,REGION_VII,CEBU,"Cebu City, District 2",CONSTRUCTION,VERTICAL INDUSTRIAL RESIDENTIAL DIRECT WORKS,WELDER (STRUCTURAL),FLUX-CORED ARC WELDING (FCAW) NC II,With TR,LOW,3,5,150,FLUX-CORED ARC WELDING (FCAW) NC II
582,REGION_VII,CEBU,"Cebu City, District 2",CONSTRUCTION,VERTICAL INDUSTRIAL RESIDENTIAL DIRECT WORKS,WELDER (STRUCTURAL),GAS TUNGSTEN ARC WELDING (GTAW) NC II,With TR,MEDIUM,10,15,30,GAS TUNGSTEN ARC WELDING (GTAW) NC II
583,REGION_VII,CEBU,"Cebu City, District 2",CONSTRUCTION,VERTICAL INDUSTRIAL RESIDENTIAL DIRECT WORKS,WELDER (STRUCTURAL),MANUAL METAL ARC WELDING (MMAW) NC II,With TR,HIGH,30,50,100,MANUAL METAL ARC WELDING (MMAW) NC II
584,REGION_VII,CEBU,"Cebu City, District 2",CONSTRUCTION,HORIZONTAL CONSTRUCTION VERTICAL CONSTRUCTION,WHEEL LOADER OPERATOR,HEAVY EQUIPMENT OPERATION (WHEEL LOADER) NC II,With TR,LOW,3,5,150,HEAVY EQUIPMENT OPERATION (WHEEL LOADER) NC II
692,REGION_VII,CEBU,"Cebu City, District 2",MANUFACTURING,METALS AND ENGINEERING,"
GTAW/TIG WELDER",GAS TUNGSTEN ARC WELDING (GTAW) NC II,With TR,HIGH,30,50,100,GAS TUNGSTEN ARC WELDING (GTAW) NC II
693,REGION_VII,CEBU,"Cebu City, District 2",MANUFACTURING,METALS AND ENGINEERING," _x000D_
 	_x000D_
PIPE WELDER (SAW)",SUBMERGED ARC WELDING (SAW) NC II,With TR,LOW,3,5,150,SUBMERGED ARC WELDING (SAW) NC II
694,REGION_VII,CEBU,"Cebu City, District 2",MANUFACTURING,AUTOMOTIVE AND LAND TRANSPORTATION PRODUCTION (OEM) ASSEMBLY,AUTO ELECTRICIAN,AUTOMOTIVE ELECTRICAL ASSEMBLY NC II,With TR,LOW,3,5,150,AUTOMOTIVE ELECTRICAL ASSEMBLY NC II
695,REGION_VII,CEBU,"Cebu City, District 2",MANUFACTURING,PROCESSED FOOD AND BEVERAGES,BAKER,FOOD PRODUCTION (BREAD AND PATISSERIE) NC II,With TR,HIGH,30,50,100,FOOD PRODUCTION (BREAD AND PATISSERIE) NC II
696,REGION_VII,CEBU,"Cebu City, District 2",MANUFACTURING,ELECTRICAL AND ELECTRONICS,CALIBRATION TECHNICIAN,INSTRUMENTATION AND CONTROL SERVICING NC II,With TR,HIGH,30,50,100,INSTRUMENTATION AND CONTROL SERVICING NC II
697,REGION_VII,CEBU,"Cebu City, District 2",MANUFACTURING,METALS AND ENGINEERING,CARBON STEEL PLATE/ PIPE WELDER (MMAW),MANUAL METAL ARC WELDING (MMAW) NC I,With TR,LOW,3,5,150,MANUAL METAL ARC WELDING (MMAW) NC I
698,REGION_VII,CEBU,"Cebu City, District 2",MANUFACTURING,METALS AND ENGINEERING,CARBON STEEL PLATE/ PIPE WELDER (MMAW),MANUAL METAL ARC WELDING (MMAW) NC III,With TR,LOW,3,5,150,MANUAL METAL ARC WELDING (MMAW) NC III
699,REGION_VII,CEBU,"Cebu City, District 2",MANUFACTURING,METALS AND ENGINEERING,CARBON STEEL PLATE/ PIPE WELDER (MMAW),MANUAL METAL ARC WELDING (MMAW) NC IV,With TR,LOW,3,5,150,MANUAL METAL ARC WELDING (MMAW) NC IV
700,REGION_VII,CEBU,"Cebu City, District 2",MANUFACTURING,FURNITURE AND FIXTURES,CARPENTER,CARPENTRY NC II,With TR,HIGH,30,50,100,CARPENTRY NC II
701,REGION_VII,CEBU,"Cebu City, District 2",MANUFACTURING,PROCESSED FOOD AND BEVERAGES,CULINARY,COOKERY NC II,With TR,HIGH,30,50,100,COOKERY NC II
702,REGION_VII,CEBU,"Cebu City, District 2",MANUFACTURING,ELECTRICAL AND ELECTRONICS,DATABASE ADMINISTRATOR,PROGRAMMING (ORACLE DATABASE) NC III,With TR,LOW,3,5,150,PROGRAMMING (ORACLE DATABASE) NC III
703,REGION_VII,CEBU,"Cebu City, District 2",MANUFACTURING,ELECTRICAL AND ELECTRONICS,ELECTRICAL LEADMAN,ELECTRICAL INSTALLATION AND MAINTENANCE NC III,With TR,HIGH,30,50,100,ELECTRICAL INSTALLATION AND MAINTENANCE NC III
704,REGION_VII,CEBU,"Cebu City, District 2",MANUFACTURING,ELECTRICAL AND ELECTRONICS,ELECTRICIAN,AUTOMOTIVE ELECTRICAL ASSEMBLY NC II,With TR,LOW,3,5,150,AUTOMOTIVE ELECTRICAL ASSEMBLY NC II
705,REGION_VII,CEBU,"Cebu City, District 2",MANUFACTURING,METALS AND ENGINEERING,FCAW PLATE WELDER (ALLOY STEEL),FLUX-CORED ARC WELDING (FCAW) NC III,With TR,LOW,3,5,150,FLUX-CORED ARC WELDING (FCAW) NC III
706,REGION_VII,CEBU,"Cebu City, District 2",MANUFACTURING,PROCESSED FOOD AND BEVERAGES,FURNITURE CARPENTER,CARPENTRY NC III,With TR,LOW,3,5,150,CARPENTRY NC III
707,REGION_VII,CEBU,"Cebu City, District 2",MANUFACTURING,GAME DEVELOPMENT SERVICES,GAME PROGRAMMER,GAME PROGRAMMING NC III,With TR,LOW,3,5,150,GAME PROGRAMMING NC III
708,REGION_VII,CEBU,"Cebu City, District 2",MANUFACTURING,GARMENTS,GARMENT SEWER,DRESSMAKING NC II,With TR,HIGH,30,50,100,DRESSMAKING NC II
709,REGION_VII,CEBU,"Cebu City, District 2",MANUFACTURING,METALS AND ENGINEERING,GAS (OXY-ACETYLENE) WELDER,GAS WELDING NC I,With TR,LOW,3,5,150,GAS WELDING NC I
710,REGION_VII,CEBU,"Cebu City, District 2",MANUFACTURING,METALS AND ENGINEERING,GAS WELDER (OXY-ACETYLENE),GAS WELDING NC II,With TR,HIGH,30,50,100,GAS WELDING NC II
711,REGION_VII,CEBU,"Cebu City, District 2",MANUFACTURING,METALS AND ENGINEERING,GMAW WELDER (ALLOY STEEL),GAS METAL ARC WELDING (GMAW) NC III,With TR,LOW,3,5,150,GAS METAL ARC WELDING (GMAW) NC III
712,REGION_VII,CEBU,"Cebu City, District 2",MANUFACTURING,METALS AND ENGINEERING,GTAW OR TIG PIPE WELDER (ALLOY STEEL),GAS TUNGSTEN ARC WELDING (GTAW) NC IV,With TR,LOW,3,5,150,GAS TUNGSTEN ARC WELDING (GTAW) NC IV
713,REGION_VII,CEBU,"Cebu City, District 2",MANUFACTURING,GARMENTS,INDUSTRIAL SEWING MACHINE OPERATORS,NO CORRESPONDING TVET PROGRAM,New and Emerging,LOW,3,5,150,NO CORRESPONDING TVET PROGRAM
714,REGION_VII,CEBU,"Cebu City, District 2",MANUFACTURING,ELECTRICAL AND ELECTRONICS,INSTRUMENT TECHNICIAN 2,INSTRUMENTATION AND CONTROL SERVICING NC III,With TR,LOW,3,5,150,INSTRUMENTATION AND CONTROL SERVICING NC III
715,REGION_VII,CEBU,"Cebu City, District 2",MANUFACTURING,ELECTRICAL AND ELECTRONICS,INSTRUMENT TECHNICIAN 3,INSTRUMENTATION AND CONTROL SERVICING NC IV,With TR,LOW,3,5,150,INSTRUMENTATION AND CONTROL SERVICING NC IV
716,REGION_VII,CEBU,"Cebu City, District 2",MANUFACTURING,ELECTRICAL AND ELECTRONICS,INTEGRATION SPECIALIST,PROGRAMMING (.NET TECHNOLOGY) NC III,With TR,LOW,3,5,150,PROGRAMMING (.NET TECHNOLOGY) NC III
717,REGION_VII,CEBU,"Cebu City, District 2",MANUFACTURING,PROCESSED FOOD AND BEVERAGES,KITCHEN SUPERVISOR,FOOD PRODUCTION (PROFESSIONAL COOKERY) NC III,With TR,LOW,3,5,150,FOOD PRODUCTION (PROFESSIONAL COOKERY) NC III
718,REGION_VII,CEBU,"Cebu City, District 2",MANUFACTURING,METALS AND ENGINEERING,MACHINIST,MACHINING NC II,With TR,HIGH,30,50,100,MACHINING NC II
719,REGION_VII,CEBU,"Cebu City, District 2",MANUFACTURING,METALS AND ENGINEERING,MACHINIST,MACHINING NC I,With TR,HIGH,30,50,100,MACHINING NC I
720,REGION_VII,CEBU,"Cebu City, District 2",MANUFACTURING,ELECTRICAL AND ELECTRONICS,MAINTENANCE ELECTRICIAN,ELECTRICAL INSTALLATION AND MAINTENANCE NC II,With TR,HIGH,30,50,100,ELECTRICAL INSTALLATION AND MAINTENANCE NC II
721,REGION_VII,CEBU,"Cebu City, District 2",MANUFACTURING,ELECTRICAL AND ELECTRONICS,MANUFACTURING SYSTEMS DEVELOPER,PROGRAMMING (JAVA) NC III,With TR,HIGH,30,50,100,PROGRAMMING (JAVA) NC III
722,REGION_VII,CEBU,"Cebu City, District 2",MANUFACTURING,CONSTRUCTION,MASON,MASONRY NC I,With TR,HIGH,30,50,100,MASONRY NC I
723,REGION_VII,CEBU,"Cebu City, District 2",MANUFACTURING,METALS AND ENGINEERING,MILLWRIGHT,NO CORRESPONDING TVET PROGRAM,New and Emerging,LOW,3,5,150,NO CORRESPONDING TVET PROGRAM
724,REGION_VII,CEBU,"Cebu City, District 2",MANUFACTURING,METALS AND ENGINEERING,MILLWRIGHT FITTER,NO CORRESPONDING TVET PROGRAM,New and Emerging,LOW,3,5,150,NO CORRESPONDING TVET PROGRAM
725,REGION_VII,CEBU,"Cebu City, District 2",MANUFACTURING,ELECTRICAL AND ELECTRONICS,PCB DESIGN TECHNICIAN,ELECTRONIC PRODUCTS ASSEMBLY AND SERVICING NC II,With TR,HIGH,30,50,100,ELECTRONIC PRODUCTS ASSEMBLY AND SERVICING NC II
726,REGION_VII,CEBU,"Cebu City, District 2",MANUFACTURING,METALS AND ENGINEERING,PIPE FITTER,PIPEFITTING (METALLIC) NC II,With TR,LOW,3,5,150,PIPEFITTING (METALLIC) NC II
727,REGION_VII,CEBU,"Cebu City, District 2",MANUFACTURING,METALS AND ENGINEERING,PIPE FITTER,PIPEFITTING (METALLIC) NC II,With TR,LOW,3,5,150,PIPEFITTING (METALLIC) NC II
728,REGION_VII,CEBU,"Cebu City, District 2",MANUFACTURING,METALS AND ENGINEERING,PIPE WELDER (GMAW),GAS METAL ARC WELDING (GMAW) NC II,With TR,HIGH,30,50,100,GAS METAL ARC WELDING (GMAW) NC II
729,REGION_VII,CEBU,"Cebu City, District 2",MANUFACTURING,METALS AND ENGINEERING,PLATE WELDER (FCAW),FLUX-CORED ARC WELDING (FCAW) NC I,With TR,LOW,3,5,150,FLUX-CORED ARC WELDING (FCAW) NC I
730,REGION_VII,CEBU,"Cebu City, District 2",MANUFACTURING,METALS AND ENGINEERING,PLATE WELDER (GMAW),GAS METAL ARC WELDING (GMAW) NC I,With TR,LOW,3,5,150,GAS METAL ARC WELDING (GMAW) NC I
731,REGION_VII,CEBU,"Cebu City, District 2",MANUFACTURING,METALS AND ENGINEERING,PLATE WELDER (SAW),SUBMERGED ARC WELDING (SAW) NC I,With TR,LOW,3,5,150,SUBMERGED ARC WELDING (SAW) NC I
732,REGION_VII,CEBU,"Cebu City, District 2",MANUFACTURING,METALS AND ENGINEERING,PRECISION GRINDING MACHINE OPERATOR,MACHINING NC III,With TR,LOW,3,5,150,MACHINING NC III
733,REGION_VII,CEBU,"Cebu City, District 2",MANUFACTURING,"HEATING, VENTILATION, AIRCONDITIONING AND REFRIGERATION",RAC TECHNICIAN/ INSTALLERS,RAC SERVICING (DOMRAC) NC II,With TR,HIGH,30,50,100,RAC SERVICING (DOMRAC) NC II
734,REGION_VII,CEBU,"Cebu City, District 2",MANUFACTURING,"HEATING, VENTILATION, AIRCONDITIONING AND REFRIGERATION",RAC TECHNICIAN/ INSTALLERS,COMMERCIAL AIR-CONDITIONING INSTALLATION AND SERVICING NC III,With TR,MEDIUM,10,15,30,COMMERCIAL AIR-CONDITIONING INSTALLATION AND SERVICING NC III
735,REGION_VII,CEBU,"Cebu City, District 2",MANUFACTURING,ELECTRICAL AND ELECTRONICS,"SOLDERING, MICROSCOPE OPERATION",ELECTRONIC PRODUCTS ASSEMBLY AND SERVICING NC II,With TR,HIGH,30,50,100,ELECTRONIC PRODUCTS ASSEMBLY AND SERVICING NC II
736,REGION_VII,CEBU,"Cebu City, District 2",MANUFACTURING,PROCESSED FOOD AND BEVERAGES,SOUS CHEF,FOOD PRODUCTION (PROFESSIONAL COOKERY) NC IV,With TR,LOW,3,5,150,FOOD PRODUCTION (PROFESSIONAL COOKERY) NC IV
737,REGION_VII,CEBU,"Cebu City, District 2",MANUFACTURING,ELECTRICAL AND ELECTRONICS,SUPERVISING TECHNICIAN,ELECTRICAL INSTALLATION AND MAINTENANCE NC IV,With TR,LOW,3,5,150,ELECTRICAL INSTALLATION AND MAINTENANCE NC IV
738,REGION_VII,CEBU,"Cebu City, District 2",MANUFACTURING,GARMENTS,TAILOR,TAILORING NC II,With TR,MEDIUM,10,15,30,TAILORING NC II
739,REGION_VII,CEBU,"Cebu City, District 2",MANUFACTURING,METALS AND ENGINEERING,WELDER,MANUAL METAL ARC WELDING (MMAW) NC II,With TR,LOW,3,5,150,MANUAL METAL ARC WELDING (MMAW) NC II
740,REGION_VII,CEBU,"Cebu City, District 2",MANUFACTURING,METALS AND ENGINEERING,WELDERS (SMAW),MANUAL METAL ARC WELDING (MMAW) NC II,With TR,LOW,3,5,150,MANUAL METAL ARC WELDING (MMAW) NC II
768,REGION_VII,CEBU,"Cebu City, District 2",TOURISM (HOTEL AND RESTAURANT),ACCOMMODATION,AUTO TECHNICIANS,AUTOMOTIVE SERVICING NC I,With TR,MEDIUM,10,15,30,AUTOMOTIVE SERVICING NC I
769,REGION_VII,CEBU,"Cebu City, District 2",TOURISM (HOTEL AND RESTAURANT),FOOD AND BEVERAGES,BARISTA,BARISTA NC II,With TR,HIGH,30,50,100,BARISTA NC II
770,REGION_VII,CEBU,"Cebu City, District 2",TOURISM (HOTEL AND RESTAURANT),FOOD AND BEVERAGES,BARTENDING,BARTENDING NC II,With TR,HIGH,30,50,100,BARTENDING NC II
771,REGION_VII,CEBU,"Cebu City, District 2",TOURISM (HOTEL AND RESTAURANT),ACCOMMODATION,BELL MAN,FRONT OFFICE SERVICES NC II,With TR,MEDIUM,10,15,30,FRONT OFFICE SERVICES NC II
772,REGION_VII,CEBU,"Cebu City, District 2",TOURISM (HOTEL AND RESTAURANT),ACCOMMODATION,BOILER TECHNICIANS,NO CORRESPONDING TVET PROGRAM,New and Emerging,LOW,3,5,150,NO CORRESPONDING TVET PROGRAM
773,REGION_VII,CEBU,"Cebu City, District 2",TOURISM (HOTEL AND RESTAURANT),FOOD AND BEVERAGES,BREAD AND PASTRIES ,FOOD AND BEVERAGE SERVICES NC II,With TR,HIGH,30,50,100,FOOD AND BEVERAGE SERVICES NC II
774,REGION_VII,CEBU,"Cebu City, District 2",TOURISM (HOTEL AND RESTAURANT),ACCOMMODATION,BUSINESS CLERK,FRONT OFFICE SERVICES NC II,With TR,MEDIUM,10,15,30,FRONT OFFICE SERVICES NC II
775,REGION_VII,CEBU,"Cebu City, District 2",TOURISM (HOTEL AND RESTAURANT),FOOD AND BEVERAGES,CAKE MAKING,TOURISM PROMOTION SERVICES NC II,With TR,MEDIUM,10,15,30,TOURISM PROMOTION SERVICES NC II
776,REGION_VII,CEBU,"Cebu City, District 2",TOURISM (HOTEL AND RESTAURANT),ACCOMMODATION,CONCIERGE,FRONT OFFICE SERVICES NC II,With TR,MEDIUM,10,15,30,FRONT OFFICE SERVICES NC II
777,REGION_VII,CEBU,"Cebu City, District 2",TOURISM (HOTEL AND RESTAURANT),FOOD AND BEVERAGES,"COOK OR COMMIS, ASSISTANT COOK",FOOD PRODUCTION (BREAD AND PATISSERIE) NC II,With TR,HIGH,30,50,100,FOOD PRODUCTION (BREAD AND PATISSERIE) NC II
778,REGION_VII,CEBU,"Cebu City, District 2",TOURISM (HOTEL AND RESTAURANT),ACCOMMODATION,CUSTOMER SERVICE,HOUSEKEEPING NC II,With TR,HIGH,30,50,100,HOUSEKEEPING NC II
779,REGION_VII,CEBU,"Cebu City, District 2",TOURISM (HOTEL AND RESTAURANT),ACCOMMODATION,DOOR MAN,FRONT OFFICE SERVICES NC II,With TR,MEDIUM,10,15,30,FRONT OFFICE SERVICES NC II
780,REGION_VII,CEBU,"Cebu City, District 2",TOURISM (HOTEL AND RESTAURANT),FOOD AND BEVERAGES,FOOD SAFETY MANAGEMENT,NO CORRESPONDING TVET PROGRAM,New and Emerging,HIGH,30,50,100,NO CORRESPONDING TVET PROGRAM
781,REGION_VII,CEBU,"Cebu City, District 2",TOURISM (HOTEL AND RESTAURANT),FOOD AND BEVERAGES,FRONT DESK /FRONT LINERS,FOOD AND BEVERAGE SERVICES NC II,With TR,HIGH,30,50,100,FOOD AND BEVERAGE SERVICES NC II
782,REGION_VII,CEBU,"Cebu City, District 2",TOURISM (HOTEL AND RESTAURANT),ACCOMMODATION,FRONT OFFICE MANAGER,FRONT OFFICE SERVICES NC II,With TR,MEDIUM,10,15,30,FRONT OFFICE SERVICES NC II
783,REGION_VII,CEBU,"Cebu City, District 2",TOURISM (HOTEL AND RESTAURANT),ACCOMMODATION,GUEST RELATION OFFICER,FRONT OFFICE SERVICES NC II,With TR,MEDIUM,10,15,30,FRONT OFFICE SERVICES NC II
784,REGION_VII,CEBU,"Cebu City, District 2",TOURISM (HOTEL AND RESTAURANT),ACCOMMODATION,HANDYMAN,NO CORRESPONDING TVET PROGRAM,New and Emerging,LOW,3,5,150,NO CORRESPONDING TVET PROGRAM
785,REGION_VII,CEBU,"Cebu City, District 2",TOURISM (HOTEL AND RESTAURANT),ACCOMMODATION,HOUSEKEEPER / SECTION HEAD,FRONT OFFICE SERVICES NC II,With TR,MEDIUM,10,15,30,FRONT OFFICE SERVICES NC II
786,REGION_VII,CEBU,"Cebu City, District 2",TOURISM (HOTEL AND RESTAURANT),FOOD AND BEVERAGES,KITCHEN MECHANICS,COOKERY NC II,With TR,HIGH,30,50,100,COOKERY NC II
787,REGION_VII,CEBU,"Cebu City, District 2",TOURISM (HOTEL AND RESTAURANT),FOOD AND BEVERAGES,"KITCHEN SUPERVISOR, HEAD CHEF, BANQUET HEAD COOK/CHEF",FOOD PRODUCTION (PROFESSIONAL COOKERY) NC III,With TR,LOW,3,5,150,FOOD PRODUCTION (PROFESSIONAL COOKERY) NC III
788,REGION_VII,CEBU,"Cebu City, District 2",TOURISM (HOTEL AND RESTAURANT),ACCOMMODATION,LAUNDRY TECHNICIANS,HOUSEKEEPING NC II,With TR,HIGH,30,50,100,HOUSEKEEPING NC II
789,REGION_VII,CEBU,"Cebu City, District 2",TOURISM (HOTEL AND RESTAURANT),ACCOMMODATION,LINEN ATTENDANT,HOUSEKEEPING NC II,With TR,HIGH,30,50,100,HOUSEKEEPING NC II
790,REGION_VII,CEBU,"Cebu City, District 2",TOURISM (HOTEL AND RESTAURANT),ACCOMMODATION,RESERVATION CLERK,FRONT OFFICE SERVICES NC II,With TR,MEDIUM,10,15,30,FRONT OFFICE SERVICES NC II
791,REGION_VII,CEBU,"Cebu City, District 2",TOURISM (HOTEL AND RESTAURANT),ACCOMMODATION,ROOM ATTENDANT/ HOUSEKEEPING SPECIALIST,HOUSEKEEPING NC II,With TR,HIGH,30,50,100,HOUSEKEEPING NC II
792,REGION_VII,CEBU,"Cebu City, District 2",TOURISM (HOTEL AND RESTAURANT),FOOD AND BEVERAGES,SERVICE ATTENDANTS ,CUSTOMER SERVICES NC II,With TR,LOW,3,5,150,CUSTOMER SERVICES NC II
793,REGION_VII,CEBU,"Cebu City, District 2",TOURISM (HOTEL AND RESTAURANT),FOOD AND BEVERAGES,SERVICE CREW / FOOD ATTENDANTS / FB PRODUCTION / WAITER / WAITRESS,COOKERY NC II,With TR,HIGH,30,50,100,COOKERY NC II
794,REGION_VII,CEBU,"Cebu City, District 2",TOURISM (HOTEL AND RESTAURANT),FOOD AND BEVERAGES,"SOUS CHEF, EXECUTIVE SOUS CHEF",FOOD PRODUCTION (PROFESSIONAL COOKERY) NC IV,With TR,LOW,3,5,150,FOOD PRODUCTION (PROFESSIONAL COOKERY) NC IV
795,REGION_VII,CEBU,"Cebu City, District 2",TOURISM (HOTEL AND RESTAURANT),ACCOMMODATION,STEWARDS ,FRONT OFFICE SERVICES NC II,With TR,MEDIUM,10,15,30,FRONT OFFICE SERVICES NC II
796,REGION_VII,CEBU,"Cebu City, District 2",TOURISM (HOTEL AND RESTAURANT),ACCOMMODATION,TELEPHONE OPERATOR,CUSTOMER SERVICES NC II,With TR,LOW,3,5,150,CUSTOMER SERVICES NC II
797,REGION_VII,CEBU,"Cebu City, District 2",TOURISM (HOTEL AND RESTAURANT),ACCOMMODATION,THERMAL CLEANER,NO CORRESPONDING TVET PROGRAM,With TR,LOW,3,5,150,NO CORRESPONDING TVET PROGRAM
798,REGION_VII,CEBU,"Cebu City, District 2",TOURISM (HOTEL AND RESTAURANT),TRAVEL AND TOUR,TOUR GUIDING,TOUR GUIDING SERVICES NC III,With TR,LOW,3,5,150,TOUR GUIDING SERVICES NC III
799,REGION_VII,CEBU,"Cebu City, District 2",TOURISM (HOTEL AND RESTAURANT),TRAVEL AND TOURS,TOUR PACKAGING STAFF,TOUR PACKAGING (FIT AD HOC DOMESTIC) SERVICES NC II,With TR,LOW,3,5,150,TOUR PACKAGING (FIT AD HOC DOMESTIC) SERVICES NC II
800,REGION_VII,CEBU,"Cebu City, District 2",TOURISM (HOTEL AND RESTAURANT),ACCOMMODATION,UPHOLSTERY CLEANER,HOUSEKEEPING NC II,With TR,HIGH,30,50,100,HOUSEKEEPING NC II
805,REGION_VII,CEBU,"Cebu City, District 2",CONSTRUCTION,"VERTICAL CONSTRUCTION
HORIZONTAL CONSTRUCTION
INDUSTRY/INDUSTRIAL CONSTRUCTION
RESIDENTIAL CONSTRUCTION",DRAFTSMAN,TECHNICAL DRAFTING NC II,With TR,HIGH,30,50,100,TECHNICAL DRAFTING NC II
806,REGION_VII,CEBU,"Cebu City, District 2",MANUFACTURING,ELECTRICAL AND ELECTRONICS," _x000D_
 	_x000D_
MECHATRONICS AND AUTOMATION TECHNICIAN",MECHATRONICS SERVICING NC II,With TR,LOW,3,5,150,MECHATRONICS SERVICING NC II
889,REGION_VII,CEBU,"Cebu City, District 2",MANUFACTURING,METALS AND ENGINEERING,INSTRUMENTATION TECHNICIAN,DIPLOMA PROGRAM IN MECHANICAL ENGINEERING TECHNOLOGY,Diploma Programs,HIGH,30,50,100,DIPLOMA PROGRAM IN MECHANICAL ENGINEERING TECHNOLOGY
890,REGION_VII,CEBU,"Cebu City, District 2",MANUFACTURING,ELECTRICAL AND ELECTRONICS,RESIDENTIAL/COMMERCIAL WIRING TECHNICIAN,DIPLOMA PROGRAM IN ELECTRICAL ENGINEERING TECHNOLOGY,Diploma Programs,HIGH,30,50,100,DIPLOMA PROGRAM IN ELECTRICAL ENGINEERING TECHNOLOGY
891,REGION_VII,CEBU,"Cebu City, District 2",MANUFACTURING,ELECTRICAL AND ELECTRONICS,INDUSTRIAL ELECTRONIC TECHNICIAN,DIPLOMA PROGRAM IN ELECTRONICS ENGINEERING TECHNOLOGY,Diploma Programs,HIGH,30,50,100,DIPLOMA PROGRAM IN ELECTRONICS ENGINEERING TECHNOLOGY
892,REGION_VII,CEBU,"Cebu City, District 2",TOURISM (HOTEL AND RESTAURANT),ACCOMMODATION,HOTEL MANAGER,DIPLOMA PROGRAM IN HOTEL AND RESTAURANT TECHNOLOGY,Diploma Programs,HIGH,30,50,100,DIPLOMA PROGRAM IN HOTEL AND RESTAURANT TECHNOLOGY
894,REGION_VII,CEBU,"Cebu City, District 2",CONSTRUCTION,"HORIZONTAL CONSTRUCTION, INDUSTRIAL CONSTRUCTION, EQUIPMENT OPERATIONS AND MAINTENANCE",BULLDOZER OPERATOR,HEAVY EQUIPMENT OPERATION (BULLDOZER) NC II,With TR,HIGH,30,50,100,HEAVY EQUIPMENT OPERATION (BULLDOZER) NC II
895,REGION_VII,CEBU,"Cebu City, District 2",CONSTRUCTION,"HORIZONTAL CONSTRUCTION, RESIDENTIAL CONSTRUCTION, INDUSTRIAL CONSTRUCTION"," _x000D_
 	_x000D_
PV SYSTEMS INSTALLATION TECHNICIAN",PV SYSTEMS INSTALLATION NC II,With TR,HIGH,30,50,100,PV SYSTEMS INSTALLATION NC II
904,REGION_VII,CEBU,"Cebu City, District 2",TOURISM (HOTEL AND RESTAURANT),"MICE (MEETINGS, INCENTIVES, CONFERENCES, AND EXHIBITIONS)","SENIOR MICE COORDINATOR , SENIOR SPECIAL EVENTS COORDINATOR",EVENTS MANAGEMENT SERVICES NC III,With TR,HIGH,30,50,100,EVENTS MANAGEMENT SERVICES NC III
905,REGION_VII,CEBU,"Cebu City, District 2",CONSTRUCTION,"HORIZONTAL CONSTRUCTION, INDUSTRIAL CONSTRUCTION, EQUIPMENT OPERATIONS AND MAINTENANCE","MASONRY TECHNICIAN, PLUMBING TECHNICIAN, TECHNICAL DRAFTSMAN, REINFORCING STEELWORKS TECHNICIAN, PAINTING TECHNICIAN, TILE SETTING TECHNICIAN, CARPENTRY, TECHNICIAN, SCAFFOLDING AND FORMWORKS TECHNICIAN, CIVIL ENGINEERING TECHNOLOGIST",DIPLOMA PROGRAM IN CIVIL ENGINEERING TECHNOLOGY,Diploma Programs,LOW,3,5,150,DIPLOMA PROGRAM IN CIVIL ENGINEERING TECHNOLOGY
906,REGION_VII,CEBU,"Cebu City, District 2",CONSTRUCTION,"HORIZONTAL CONSTRUCTION, INDUSTRIAL CONSTRUCTION, EQUIPMENT OPERATIONS AND MAINTENANCE","▪ BUILDING INSPECTOR ▪ CIVIL ENGINEERING DESIGN TECHNOLOGIST ▪ MATERIALS TESTING TECHNOLOGIST. ▪ CONSTRUCTION COORDINATOR, FOREMAN, OR SUPERINTENDENT ▪ ESTIMATOR ▪ TECHNICAL REPRESENTATIVE ▪ FIELD TECHNICAL ASSISTANT ▪ DRAFTSMAN/CAD OPERATOR ▪ REBAR FIXER ▪ BUILDING ELECTRICIAN ▪ BRICK LAYER/MASON ▪ PLUMBER",DIPLOMA PROGRAM IN CIVIL ENGINEERING TECHNOLOGY,Diploma Programs,MEDIUM,10,15,30,DIPLOMA PROGRAM IN CIVIL ENGINEERING TECHNOLOGY
911,REGION_VII,CEBU,"Cebu City, District 2",TOURISM (HOTEL AND RESTAURANT),TRAVEL AND TOURS,"1.TOURISM OPERATIONS COORDINATOR
2.TRAVEL CONSULTANT/TOUR PLANNER/TRAVEL SALES EXECUTIVE/TOUR COORDINATOR/TOUR OPERATIONS ASSISTANT                                                                  
3.TOUR GUIDE/TOUR LEADER/TOUR COORDINATOR
4.TOURISM MARKETING OFFICER/SALES EXECUTIVE FOR TOURISM/DESTINATION MARKETING COORDINATOR
5.EVENT COORDINATOR/CATERING MANAGER
6.ECO-TOURISM COORDINATOR/SUSTAINABLE TOURISM OFFICER/NATURE TOUR GUIDE/ENVIRONMENTAL EDUCATION 
7.MICE COORDINATOR/CONFERENCE ORGANIZER
8.CRUISE OPERATIONS COORDINATOR/ADVENTURE TOUR GUIDE/CRUISE MANAGER/OUTDOOR ACTIVITY 
",DIPLOMA PROGRAM IN TOURISM MANAGEMENT,Diploma Programs,HIGH,30,50,100,DIPLOMA PROGRAM IN TOURISM MANAGEMENT
912,REGION_VII,CEBU,"Cebu City, District 2",TOURISM (HOTEL AND RESTAURANT),ACCOMMODATION,"1.FOOD AND BEVERAGE ATTENDANT / SERVER / BARTENDER / BARISTA /WAITSTAFF /F&B DIRECTOR/F&B OUTLET MANAGER                                                    _x000D_
2.HOTEL RECEPTIONIST/FRONT DESK AGENT_x000D_
3.GUEST SERVICES ASSOCIATE /HOTEL RECEPTIONIST/FRONT DESK AGENT_x000D_
4.ROOM ATTENDANT / HOUSEKEEPING ATTENDANT/PUBLIC AREA CLEANER_x000D_
5.EVENT COORDINATOR/EVENT ASSISTANT_x000D_
                                                   _x000D_
",DIPLOMA PROGRAM IN HOSPITALITY MANAGEMENT,Diploma Programs,HIGH,30,50,100,DIPLOMA PROGRAM IN HOSPITALITY MANAGEMENT
938,REGION_VII,CEBU,"Cebu, District 1",CONSTRUCTION,HORIZONTAL CONSTRUCTION VERTICAL CONSTRUCTION INDUSTRIAL CONSTRUCTION," _x000D_
 	_x000D_
CARBON STEEL PLATE/ PIPE WELDER ",MANUAL METAL ARC WELDING (MMAW) NC I,With TR,HIGH,30,50,100,MANUAL METAL ARC WELDING (MMAW) NC I
939,REGION_VII,CEBU,"Cebu, District 1",CONSTRUCTION,HORIZONTAL CONSTRUCTION VERTICAL CONSTRUCTION INDUSTRIAL CONSTRUCTION," _x000D_
 	_x000D_
CARBON STEEL PLATE/ PIPE WELDER ",MANUAL METAL ARC WELDING (MMAW) NC III,With TR,LOW,3,5,150,MANUAL METAL ARC WELDING (MMAW) NC III
940,REGION_VII,CEBU,"Cebu, District 1",CONSTRUCTION,HORIZONTAL CONSTRUCTION VERTICAL CONSTRUCTION INDUSTRIAL CONSTRUCTION," _x000D_
 	_x000D_
CARBON STEEL PLATE/ PIPE WELDER ",MANUAL METAL ARC WELDING (MMAW) NC IV,With TR,LOW,3,5,150,MANUAL METAL ARC WELDING (MMAW) NC IV
941,REGION_VII,CEBU,"Cebu, District 1",CONSTRUCTION,HORIZONTAL CONSTRUCTION VERTICAL CONSTRUCTION INDUSTRIAL CONSTRUCTION," _x000D_
 	_x000D_
GAS (OXY-ACETYLENE) WELDER",GAS WELDING NC II,With TR,MEDIUM,10,15,30,GAS WELDING NC II
942,REGION_VII,CEBU,"Cebu, District 1",CONSTRUCTION,HORIZONTAL CONSTRUCTION VERTICAL CONSTRUCTION," _x000D_
 	_x000D_
TRUCK MOUNTED CRANE OPERATOR",HEAVY EQUIPMENT OPERATION (TRUCK MOUNTED CRANE) NC III,With TR,LOW,3,5,150,HEAVY EQUIPMENT OPERATION (TRUCK MOUNTED CRANE) NC III
943,REGION_VII,CEBU,"Cebu, District 1",CONSTRUCTION,RESIDENTIAL CONSTRUCTION VERTICAL CONSTRUCTION HORIZONTAL CONTRUCTN,AIRCON INSTALLER (COMMERCIAL/ INDUSTRIAL),RAC SERVICING (DOMRAC) NC II,With TR,LOW,3,5,150,RAC SERVICING (DOMRAC) NC II
944,REGION_VII,CEBU,"Cebu, District 1",CONSTRUCTION,RESIDENTIAL CONSTRUCTION VERTICAL CONSTRUCTION HORIZONTAL CONTRUCTN,AIRCON INSTALLER (COMMERCIAL/ INDUSTRIAL),RAC SERVICING (DOMRAC) NC II,With TR,LOW,3,5,150,RAC SERVICING (DOMRAC) NC II
945,REGION_VII,CEBU,"Cebu, District 1",CONSTRUCTION,"VERTICAL CONSTRUCTION HORIZONTAL CONSTRUCTION RESIDENTIAL CONSTRUCTION
",AIRLESS PAINTER,CONSTRUCTION PAINTING NC II,With TR,LOW,3,5,150,CONSTRUCTION PAINTING NC II
946,REGION_VII,CEBU,"Cebu, District 1",CONSTRUCTION,"VERTICAL CONSTRUCTION HORIZONTAL CONSTRUCTION RESIDENTIAL CONSTRUCTION
",AIRLESS PAINTER,CONSTRUCTION PAINTING NC II,With TR,LOW,3,5,150,CONSTRUCTION PAINTING NC II
947,REGION_VII,CEBU,"Cebu, District 1",CONSTRUCTION,HORIZONTAL CONSTRUCTION VERTICAL CONSTRUCTION INDUSTRIAL CONSTRUCTION,BIM MODELER,BASIC 3D BUILDING INFORMATION MODELLING LEVEL III,With CS,LOW,3,5,150,BASIC 3D BUILDING INFORMATION MODELLING LEVEL III
948,REGION_VII,CEBU,"Cebu, District 1",CONSTRUCTION,RESIDENTIAL CONSTRUCTION VERTICAL CONSTRUCTION,CARPENTRY (FINISHING & WOODWORKING),CARPENTRY NC II,With TR,HIGH,30,50,100,CARPENTRY NC II
949,REGION_VII,CEBU,"Cebu, District 1",CONSTRUCTION,RESIDENTIAL CONSTRUCTION VERTICAL CONSTRUCTION,CARPENTRY (FINISHING & WOODWORKING),CARPENTRY NC II,With TR,HIGH,30,50,100,CARPENTRY NC II
950,REGION_VII,CEBU,"Cebu, District 1",CONSTRUCTION,VERTICAL CONSTRUCTION INDUSTRIAL CONSTRUCTION RESIDENTIAL CONSTRUCTION HORIZONTAL CONSTRUCTION DIRECT WORKERS,CARPENTRY (FINISHING),CARPENTRY NC II,With TR,HIGH,30,50,100,CARPENTRY NC II
951,REGION_VII,CEBU,"Cebu, District 1",CONSTRUCTION,VERTICAL CONSTRUCTION INDUSTRIAL CONSTRUCTION RESIDENTIAL CONSTRUCTION HORIZONTAL CONSTRUCTION DIRECT WORKERS,CARPENTRY (ROUGH),CARPENTRY NC II,With TR,HIGH,30,50,100,CARPENTRY NC II
952,REGION_VII,CEBU,"Cebu, District 1",CONSTRUCTION,HORIZONTAL CONSTRUCTION VERTICAL CONSTRUCTION INDUSTRIAL CONSTRUCTION,CIVIL ENGINEERING ASSOCIATE,DIPLOMA PROGRAM IN CIVIL ENGINEERING TECHNOLOGY,Diploma Programs,LOW,3,5,150,DIPLOMA PROGRAM IN CIVIL ENGINEERING TECHNOLOGY
953,REGION_VII,CEBU,"Cebu, District 1",CONSTRUCTION,EQUIPMENT OPERATORS AND MAINTENANCE DIRECT WORKERS       ,CONCRETE PUMP OPERATOR,NO CORRESPONDING TVET PROGRAM,New and Emerging,LOW,3,5,150,NO CORRESPONDING TVET PROGRAM
954,REGION_VII,CEBU,"Cebu, District 1",CONSTRUCTION,RESIDENTIAL CONSTRUCTION VERTICAL CONSTRUCTION HORIZONTAL DIRECT WORKERS,CONSTRUCTION ASSISTANT (HOUSEKEEPING),NO CORRESPONDING TVET PROGRAM,New and Emerging,MEDIUM,10,15,30,NO CORRESPONDING TVET PROGRAM
955,REGION_VII,CEBU,"Cebu, District 1",CONSTRUCTION,RESIDENTIAL CONSTRUCTION VERTICAL CONSTRUCTION HORIZONTAL DIRECT WORKERS,CONSTRUCTION ASSISTANT (HOUSEKEEPING),NO CORRESPONDING TVET PROGRAM,New and Emerging,MEDIUM,10,15,30,NO CORRESPONDING TVET PROGRAM
956,REGION_VII,CEBU,"Cebu, District 1",CONSTRUCTION,"VERTICAL CONSTRUCTION HORIZONTAL CONSTRUCTION RESIDENTIAL CONSTRUCTION INDUSTRIAL CONSTRUCTION
",CONSTRUCTION PAINTER (APPLICATION),CONSTRUCTION PAINTING NC II,With TR,MEDIUM,10,15,30,CONSTRUCTION PAINTING NC II
957,REGION_VII,CEBU,"Cebu, District 1",CONSTRUCTION,"VERTICAL CONSTRUCTION HORIZONTAL CONSTRUCTION RESIDENTIAL CONSTRUCTION INDUSTRIAL CONSTRUCTION
",CONSTRUCTION PAINTER (APPLICATION),CONSTRUCTION PAINTING NC II,With TR,MEDIUM,10,15,30,CONSTRUCTION PAINTING NC II
958,REGION_VII,CEBU,"Cebu, District 1",CONSTRUCTION,"VERTICAL CONSTRUCTION HORIZONTAL CONSTRUCTION RESIDENTIAL CONSTRUCTION INDUSTRIAL CONSTRUCTION
","CONSTRUCTION PAINTER (REPAIR AND ARTISTIC APPLICATION, MIXING))",CONSTRUCTION PAINTING NC II,With TR,LOW,3,5,150,CONSTRUCTION PAINTING NC II
959,REGION_VII,CEBU,"Cebu, District 1",CONSTRUCTION,"VERTICAL CONSTRUCTION HORIZONTAL CONSTRUCTION RESIDENTIAL CONSTRUCTION INDUSTRIAL CONSTRUCTION
","CONSTRUCTION PAINTER (REPAIR AND ARTISTIC APPLICATION, MIXING))",TILE SETTING NC II,With TR,LOW,3,5,150,TILE SETTING NC II
960,REGION_VII,CEBU,"Cebu, District 1",CONSTRUCTION,HORIZONTAL CONSTRUCTION VERTICAL CONSTRUCTION INDUSTRIAL CONSTRUCTION,CONSTRUCTION SITE SUPERVISOR,CONSTRUCTION SITE SUPERVISION LEVEL IV,With CS,HIGH,30,50,100,CONSTRUCTION SITE SUPERVISION LEVEL IV
961,REGION_VII,CEBU,"Cebu, District 1",CONSTRUCTION,HORIZONTAL CONSTRUCTION VERTICAL CONSTRUCTION INDUSTRIAL CONSTRUCTION,CONSTRUCTION TRADE SUPERVISOR,CONSTRUCTION TRADE SUPERVISION LEVEL IV,With CS,HIGH,30,50,100,CONSTRUCTION TRADE SUPERVISION LEVEL IV
962,REGION_VII,CEBU,"Cebu, District 1",CONSTRUCTION,HORIZONTAL CONSTRUCTION VERTICAL CONSTRUCTION,CRAWLER CRANE OPERATOR,HEAVY EQUIPMENT OPERATION (CRAWLER CRANE) NC III,With TR,LOW,3,5,150,HEAVY EQUIPMENT OPERATION (CRAWLER CRANE) NC III
963,REGION_VII,CEBU,"Cebu, District 1",CONSTRUCTION,RESIDENTIAL CONSTRUCTION VERTICAL CONSTRUCTION INDUSTRIAL,DRY WALL AND CEILING INSTALLER,CARPENTRY NC II,With TR,HIGH,30,50,100,CARPENTRY NC II
964,REGION_VII,CEBU,"Cebu, District 1",CONSTRUCTION,"VERTICAL CONSTRUCTION HORIZONTAL CONSTRUCTION RESIDENTIAL CONSTRUCTION INDUSTRIAL CONSTRUCTION
",DRY WALL AND CEILING INSTALLER,CARPENTRY NC III,With TR,LOW,3,5,150,CARPENTRY NC III
965,REGION_VII,CEBU,"Cebu, District 1",CONSTRUCTION,RESIDENTIAL CONSTRUCTION VERTICAL CONSTRUCTION INDUSTRIAL,DRY WALL AND CEILING INSTALLER,CARPENTRY NC II,With TR,HIGH,30,50,100,CARPENTRY NC II
966,REGION_VII,CEBU,"Cebu, District 1",CONSTRUCTION,"VERTICAL CONSTRUCTION HORIZONTAL CONSTRUCTION RESIDENTIAL CONSTRUCTION INDUSTRIAL CONSTRUCTION
",DRY WALL AND CEILING INSTALLER,CARPENTRY NC III,With TR,LOW,3,5,150,CARPENTRY NC III
967,REGION_VII,CEBU,"Cebu, District 1",CONSTRUCTION,"DIRECT WORKER EQUIPMENT OPERATORS AND MAINTENANCE VERTICAL CONSTRUCTION HORIZONTAL CONSTRUCTION RESIDENTIAL CONSTRUCTION
",DUMPTRUCK OPERATOR,HEAVY EQUIPMENT OPERATION (RIGID ON-HIGHWAY DUMP TRUCK) NC II,With TR,LOW,3,5,150,HEAVY EQUIPMENT OPERATION (RIGID ON-HIGHWAY DUMP TRUCK) NC II
968,REGION_VII,CEBU,"Cebu, District 1",CONSTRUCTION,RESIDENTIAL CONSTRUCTION VERTICAL CONSTRUCTION HORIZONTAL CONTRUCTN,ELECTRICIAN (COMMERCIAL AND INDUSTRIAL BUILDING),ELECTRICAL INSTALLATION AND MAINTENANCE NC III,With TR,MEDIUM,10,15,30,ELECTRICAL INSTALLATION AND MAINTENANCE NC III
969,REGION_VII,CEBU,"Cebu, District 1",CONSTRUCTION,RESIDENTIAL CONSTRUCTION VERTICAL CONSTRUCTION HORIZONTAL CONTRUCTN,ELECTRICIAN (COMMERCIAL AND INDUSTRIAL BUILDING),ELECTRICAL INSTALLATION AND MAINTENANCE NC III,With TR,MEDIUM,10,15,30,ELECTRICAL INSTALLATION AND MAINTENANCE NC III
970,REGION_VII,CEBU,"Cebu, District 1",CONSTRUCTION,RESIDENTIAL CONSTRUCTION VERTICAL CONSTRUCTION HORIZONTAL CONTRUCTN,ELEVATOR INSTALLER,ELECTRICAL INSTALLATION AND MAINTENANCE NC III,With TR,LOW,3,5,150,ELECTRICAL INSTALLATION AND MAINTENANCE NC III
971,REGION_VII,CEBU,"Cebu, District 1",CONSTRUCTION,RESIDENTIAL CONSTRUCTION VERTICAL CONSTRUCTION HORIZONTAL CONTRUCTN,ELEVATOR INSTALLER,ELECTRICAL INSTALLATION AND MAINTENANCE NC III,With TR,LOW,3,5,150,ELECTRICAL INSTALLATION AND MAINTENANCE NC III
972,REGION_VII,CEBU,"Cebu, District 1",CONSTRUCTION,VERTICAL CONSTRUCTION HORIZONTAL CONTRUCTN,FDAS TECHNICIAN,ELECTRICAL INSTALLATION AND MAINTENANCE NC II,With TR,HIGH,30,50,100,ELECTRICAL INSTALLATION AND MAINTENANCE NC II
973,REGION_VII,CEBU,"Cebu, District 1",CONSTRUCTION,HORIZONTAL CONSTRUCTION,FDAS TECHNICIAN ,ELECTRICAL INSTALLATION AND MAINTENANCE NC II,With TR,HIGH,30,50,100,ELECTRICAL INSTALLATION AND MAINTENANCE NC II
974,REGION_VII,CEBU,"Cebu, District 1",CONSTRUCTION,VERTICAL CONSTRUCTION RESIDENTIAL CONSTRUCTION,FINISHING MASON,MASONRY NC III,With TR,LOW,3,5,150,MASONRY NC III
975,REGION_VII,CEBU,"Cebu, District 1",CONSTRUCTION,HORIZONTAL CONSTRUCTION VERTICAL CONSTRUCTION,FORKLIFT OPERATOR,HEAVY EQUIPMENT OPERATION (FORKLIFT) NC II,With TR,MEDIUM,10,15,30,HEAVY EQUIPMENT OPERATION (FORKLIFT) NC II
976,REGION_VII,CEBU,"Cebu, District 1",CONSTRUCTION,"VERTICAL CONSTRUCTION HORIZONTAL CONSTRUCTION RESIDENTIAL CONSTRUCTION INDUSTRIAL CONSTRUCTION
",GLASS INSTALLER (GLAZING WORKS),NO CORRESPONDING TVET PROGRAM,New and Emerging,LOW,3,5,150,NO CORRESPONDING TVET PROGRAM
977,REGION_VII,CEBU,"Cebu, District 1",CONSTRUCTION,"VERTICAL CONSTRUCTION HORIZONTAL CONSTRUCTION RESIDENTIAL CONSTRUCTION INDUSTRIAL CONSTRUCTION
",GLASS INSTALLER (GLAZING WORKS),NO CORRESPONDING TVET PROGRAM,New and Emerging,LOW,3,5,150,NO CORRESPONDING TVET PROGRAM
978,REGION_VII,CEBU,"Cebu, District 1",CONSTRUCTION,"VERTICAL CONSTRUCTION HORIZONTAL CONSTRUCTION RESIDENTIAL CONSTRUCTION
DIRECTO WORKERS CORPORATE SUPPORT",HEO BACKHOE LOADER,HEAVY EQUIPMENT OPERATION (BACKHOE LOADER) NC II,With TR,LOW,3,5,150,HEAVY EQUIPMENT OPERATION (BACKHOE LOADER) NC II
979,REGION_VII,CEBU,"Cebu, District 1",CONSTRUCTION,"VERTICAL CONSTRUCTION HORIZONTAL CONSTRUCTION RESIDENTIAL CONSTRUCTION
DIRECT WORKERS CORPORATE SUPPORT",HEO EXCAVATOR,HEAVY EQUIPMENT OPERATION (HYDRAULIC EXCAVATOR) NC II,With TR,LOW,3,5,150,HEAVY EQUIPMENT OPERATION (HYDRAULIC EXCAVATOR) NC II
980,REGION_VII,CEBU,"Cebu, District 1",CONSTRUCTION,EQUIPMENT OPERATORS AND MAINTENANCE,HEO TOWER CRANE OPERATOR,HEAVY EQUIPMENT OPERATION (TOWER CRANE) NC III,With TR,MEDIUM,10,15,30,HEAVY EQUIPMENT OPERATION (TOWER CRANE) NC III
981,REGION_VII,CEBU,"Cebu, District 1",CONSTRUCTION,"VERTICAL CONSTRUCTION HORIZONTAL CONSTRUCTION RESIDENTIAL CONSTRUCTION INDUSTRIAL CONSTRUCTION
",LAMINATE INSTALLER,CARPENTRY NC II,With TR,HIGH,30,50,100,CARPENTRY NC II
982,REGION_VII,CEBU,"Cebu, District 1",CONSTRUCTION,"VERTICAL CONSTRUCTION HORIZONTAL CONSTRUCTION RESIDENTIAL CONSTRUCTION INDUSTRIAL CONSTRUCTION
",LAMINATE INSTALLER,CARPENTRY NC II,With TR,HIGH,30,50,100,CARPENTRY NC II
983,REGION_VII,CEBU,"Cebu, District 1",CONSTRUCTION,DIRECT WORKERS VERTICAL INDUSTRIAL HORIZONTAL ,MASONRY (FINISHING),MASONRY NC II,With TR,HIGH,30,50,100,MASONRY NC II
984,REGION_VII,CEBU,"Cebu, District 1",CONSTRUCTION,RESIDENTIAL CONSTRUCTION VERTICAL CONSTRUCTION,MASONRY (FINISHING),MASONRY NC I,With TR,LOW,3,5,150,MASONRY NC I
985,REGION_VII,CEBU,"Cebu, District 1",CONSTRUCTION,RESIDENTIAL CONSTRUCTION VERTICAL CONSTRUCTION,MASONRY (FINISHING),MASONRY NC I,With TR,LOW,3,5,150,MASONRY NC I
986,REGION_VII,CEBU,"Cebu, District 1",CONSTRUCTION,RESIDENTIAL CONSTRUCTION VERTICAL CONSTRUCTION,MASONRY (FINISHING),MASONRY NC I,With TR,LOW,3,5,150,MASONRY NC I
987,REGION_VII,CEBU,"Cebu, District 1",CONSTRUCTION,DIRECT WORKERS VERTICAL INDUSTRIAL HORIZONTAL ,MASONRY (ROUGH CONCRETE),MASONRY NC I,With TR,LOW,3,5,150,MASONRY NC I
988,REGION_VII,CEBU,"Cebu, District 1",CONSTRUCTION,"DIRECT WORKER EQUIPMENT OPERATORS AND MAINTENANCE VERTICAL CONSTRUCTION INDUSTRIAL CONSTRUCTION
",MOBILE CRANE OPERATOR,HEAVY EQUIPMENT OPERATION (ROUGH TERRAIN CRANE) NC III,With TR,LOW,3,5,150,HEAVY EQUIPMENT OPERATION (ROUGH TERRAIN CRANE) NC III
989,REGION_VII,CEBU,"Cebu, District 1",CONSTRUCTION,"HORIZONTAL CONSTRUCTION
",MOTOR GRADER OPERATOR,HEAVY EQUIPMENT OPERATION (MOTOR GRADER) NC II,With TR,HIGH,30,50,100,HEAVY EQUIPMENT OPERATION (MOTOR GRADER) NC II
990,REGION_VII,CEBU,"Cebu, District 1",CONSTRUCTION,HORIZONTAL CONSTRUCTION VERTICAL CONSTRUCTION,OFF-HIGHWAY DUMP TRUCK (RIGID) OPERATOR,HEAVY EQUIPMENT OPERATION (RIGID OFF-HIGHWAY DUMP TRUCK) NC II,With TR,LOW,3,5,150,HEAVY EQUIPMENT OPERATION (RIGID OFF-HIGHWAY DUMP TRUCK) NC II
991,REGION_VII,CEBU,"Cebu, District 1",CONSTRUCTION,RESIDENTIAL CONSTRUCTION VERTICAL CONSTRUCTION HORIZONTAL DIRECT WORKERS,PAINTER,CONSTRUCTION PAINTING NC II,With TR,MEDIUM,10,15,30,CONSTRUCTION PAINTING NC II
992,REGION_VII,CEBU,"Cebu, District 1",CONSTRUCTION,RESIDENTIAL CONSTRUCTION VERTICAL CONSTRUCTION HORIZONTAL DIRECT WORKERS,PAINTER,CONSTRUCTION PAINTING NC II,With TR,MEDIUM,10,15,30,CONSTRUCTION PAINTING NC II
993,REGION_VII,CEBU,"Cebu, District 1",CONSTRUCTION,HORIZONTAL CONSTRUCTION VERTICAL CONSTRUCTION,PAVER OPERATOR,HEAVY EQUIPMENT OPERATION (PAVER) NC II,With TR,LOW,3,5,150,HEAVY EQUIPMENT OPERATION (PAVER) NC II
994,REGION_VII,CEBU,"Cebu, District 1",CONSTRUCTION,RESIDENTIAL CONSTRUCTION VERTICAL CONSTRUCTION HORIZONTAL CONTRUCTN,PIPEFITTER,PLUMBING NC III,With TR,LOW,3,5,150,PLUMBING NC III
995,REGION_VII,CEBU,"Cebu, District 1",CONSTRUCTION,RESIDENTIAL CONSTRUCTION VERTICAL CONSTRUCTION HORIZONTAL CONTRUCTN,PIPEFITTER,PLUMBING NC III,With TR,LOW,3,5,150,PLUMBING NC III
996,REGION_VII,CEBU,"Cebu, District 1",CONSTRUCTION,VERTICAL CONSTRUCTION HORIZONTAL CONTRUCTN,PIPEFITTER (FIRE PROTECTION SYSTEM),PIPEFITTING (METALLIC) NC II,With TR,LOW,3,5,150,PIPEFITTING (METALLIC) NC II
997,REGION_VII,CEBU,"Cebu, District 1",CONSTRUCTION,RESIDENTIAL CONSTRUCTION VERTICAL CONSTRUCTION HORIZONTAL CONTRUCTN,PIPEFITTER (FIRE PROTECTION SYSTEM),PIPEFITTING (METALLIC) NC II,With TR,LOW,3,5,150,PIPEFITTING (METALLIC) NC II
998,REGION_VII,CEBU,"Cebu, District 1",CONSTRUCTION,VERTICAL CONSTRUCTION HORIZONTAL CONTRUCTN,PIPEFITTER (PUMP EQUIPMENT),PIPEFITTING (METALLIC) NC II,With TR,LOW,3,5,150,PIPEFITTING (METALLIC) NC II
999,REGION_VII,CEBU,"Cebu, District 1",CONSTRUCTION,RESIDENTIAL CONSTRUCTION VERTICAL CONSTRUCTION HORIZONTAL CONTRUCTN,PIPEFITTER (PUMP EQUIPMENT),PIPEFITTING (METALLIC) NC II,With TR,LOW,3,5,150,PIPEFITTING (METALLIC) NC II
1000,REGION_VII,CEBU,"Cebu, District 1",CONSTRUCTION,RESIDENTIAL CONSTRUCTION VERTICAL CONSTRUCTION HORIZONTAL CONTRUCTN,PLUMBER,PLUMBING NC II,With TR,LOW,3,5,150,PLUMBING NC II
1001,REGION_VII,CEBU,"Cebu, District 1",CONSTRUCTION,RESIDENTIAL CONSTRUCTION VERTICAL CONSTRUCTION HORIZONTAL CONTRUCTN,PLUMBER,PLUMBING NC II,With TR,LOW,3,5,150,PLUMBING NC II
1002,REGION_VII,CEBU,"Cebu, District 1",CONSTRUCTION,"DIRECT WORKER EQUIPMENT OPERATORS AND MAINTENANCE VERTICAL CONSTRUCTION INDUSTRIAL CONSTRUCTION
",RIGGER,RIGGING NC I,With TR,LOW,3,5,150,RIGGING NC I
1003,REGION_VII,CEBU,"Cebu, District 1",CONSTRUCTION,"HORIZONTAL CONSTRUCTION
DIRECT WORKERS",ROAD ROLLER OPERATOR,HEAVY EQUIPMENT OPERATION (ROAD ROLLER) NC II,With TR,MEDIUM,10,15,30,HEAVY EQUIPMENT OPERATION (ROAD ROLLER) NC II
1004,REGION_VII,CEBU,"Cebu, District 1",CONSTRUCTION,RESIDENTIAL CONSTRUCTION VERTICAL CONSTRUCTION INDUSTRIAL,ROOF INSTALLER,NO CORRESPONDING TVET PROGRAM,New and Emerging,LOW,3,5,150,NO CORRESPONDING TVET PROGRAM
1005,REGION_VII,CEBU,"Cebu, District 1",CONSTRUCTION,RESIDENTIAL CONSTRUCTION VERTICAL CONSTRUCTION INDUSTRIAL,ROOF INSTALLER,NO CORRESPONDING TVET PROGRAM,New and Emerging,LOW,3,5,150,NO CORRESPONDING TVET PROGRAM
1006,REGION_VII,CEBU,"Cebu, District 1",CONSTRUCTION,VERTICAL INDUSTRIAL RESIDENTIAL DIRECT WORKS,SCAFFOLDER,SCAFFOLDING WORKS NC II (SUPPORTED TYPE SCAFFOLD),With TR,LOW,3,5,150,SCAFFOLDING WORKS NC II (SUPPORTED TYPE SCAFFOLD)
1007,REGION_VII,CEBU,"Cebu, District 1",CONSTRUCTION,RESIDENTIAL CONSTRUCTION VERTICAL CONSTRUCTION,SCAFFOLDER,NO CORRESPONDING TVET PROGRAM,New and Emerging,MEDIUM,10,15,30,NO CORRESPONDING TVET PROGRAM
1008,REGION_VII,CEBU,"Cebu, District 1",CONSTRUCTION,RESIDENTIAL CONSTRUCTION VERTICAL CONSTRUCTION,SCAFFOLDER,NO CORRESPONDING TVET PROGRAM,New and Emerging,MEDIUM,10,15,30,NO CORRESPONDING TVET PROGRAM
1009,REGION_VII,CEBU,"Cebu, District 1",CONSTRUCTION,VERTICAL INDUSTRIAL RESIDENTIAL PROJECT MANAGEMENT,"SCAFFOLDER (INSPECTION, QUALITY ASSURANCE)",NO CORRESPONDING TVET PROGRAM,New and Emerging,LOW,3,5,150,NO CORRESPONDING TVET PROGRAM
1010,REGION_VII,CEBU,"Cebu, District 1",CONSTRUCTION,RESIDENTIAL CONSTRUCTION VERTICAL CONSTRUCTION,"SCAFFOLDER (INSPECTION, QUALITY ASSURANCE)",SCAFFOLDING WORKS NC II (SUPPORTED TYPE SCAFFOLD),With TR,HIGH,30,50,100,SCAFFOLDING WORKS NC II (SUPPORTED TYPE SCAFFOLD)
1011,REGION_VII,CEBU,"Cebu, District 1",CONSTRUCTION,RESIDENTIAL CONSTRUCTION VERTICAL CONSTRUCTION,"SCAFFOLDER (INSPECTION, QUALITY ASSURANCE)",SCAFFOLDING WORKS NC II (SUPPORTED TYPE SCAFFOLD),With TR,HIGH,30,50,100,SCAFFOLDING WORKS NC II (SUPPORTED TYPE SCAFFOLD)
1012,REGION_VII,CEBU,"Cebu, District 1",CONSTRUCTION,RESIDENTIAL CONSTRUCTION VERTICAL CONSTRUCTION HORIZONTAL CONTRUCTN,SEALANT APPLICATOR,CONSTRUCTION PAINTING NC II,With TR,LOW,3,5,150,CONSTRUCTION PAINTING NC II
1013,REGION_VII,CEBU,"Cebu, District 1",CONSTRUCTION,RESIDENTIAL CONSTRUCTION VERTICAL CONSTRUCTION HORIZONTAL CONTRUCTN,SEALANT APPLICATOR,CONSTRUCTION PAINTING NC II,With TR,LOW,3,5,150,CONSTRUCTION PAINTING NC II
1014,REGION_VII,CEBU,"Cebu, District 1",CONSTRUCTION,HORIZONTAL CONSTRUCTION VERTICAL CONSTRUCTION INDUSTRIAL CONSTRUCTION,SENIOR PAINTER,CONSTRUCTION PAINTING NC III,With TR,LOW,3,5,150,CONSTRUCTION PAINTING NC III
1015,REGION_VII,CEBU,"Cebu, District 1",CONSTRUCTION,VERTICAL CONSTRUCTION RESIDENTIAL CONSTRUCTION,SPECIALIZED CARPENTER,CARPENTRY NC III,With TR,LOW,3,5,150,CARPENTRY NC III
1016,REGION_VII,CEBU,"Cebu, District 1",CONSTRUCTION,"VERTICAL CONSTRUCTION HORIZONTAL CONSTRUCTION RESIDENTIAL CONSTRUCTION
",STEELMAN,REINFORCING STEEL WORKS NC II,With TR,LOW,3,5,150,REINFORCING STEEL WORKS NC II
1017,REGION_VII,CEBU,"Cebu, District 1",CONSTRUCTION,VERTICAL CONSTRUCTION HORIZONTAL CONSTRUCTION RESIDENTIAL CONSTRUCTION,SURVEY ASSISTANT,NO CORRESPONDING TVET PROGRAM,New and Emerging,MEDIUM,10,15,30,NO CORRESPONDING TVET PROGRAM
1018,REGION_VII,CEBU,"Cebu, District 1",CONSTRUCTION,"VERTICAL CONSTRUCTION HORIZONTAL CONSTRUCTION RESIDENTIAL CONSTRUCTION
",SYSTEM FORWORKS INSTALLER,SYSTEM FORMWORKS INSTALLATION NC II,With TR,LOW,3,5,150,SYSTEM FORMWORKS INSTALLATION NC II
1019,REGION_VII,CEBU,"Cebu, District 1",CONSTRUCTION,HORIZONTAL CONSTRUCTION VERTICAL CONSTRUCTION INDUSTRIAL CONSTRUCTION,TIG PLATE WELDER,GAS TUNGSTEN ARC WELDING (GTAW) NC IV,With TR,MEDIUM,10,15,30,GAS TUNGSTEN ARC WELDING (GTAW) NC IV
1020,REGION_VII,CEBU,"Cebu, District 1",CONSTRUCTION,"VERTICAL CONSTRUCTION HORIZONTAL CONSTRUCTION RESIDENTIAL CONSTRUCTION INDUSTRIAL CONSTRUCTION
",TILE SETTING,TILE SETTING NC II,With TR,LOW,3,5,150,TILE SETTING NC II
1021,REGION_VII,CEBU,"Cebu, District 1",CONSTRUCTION,"VERTICAL CONSTRUCTION HORIZONTAL CONSTRUCTION RESIDENTIAL CONSTRUCTION INDUSTRIAL CONSTRUCTION
",TILE SETTING,TILE SETTING NC II,With TR,LOW,3,5,150,TILE SETTING NC II
1022,REGION_VII,CEBU,"Cebu, District 1",CONSTRUCTION,"DIRECT WORKER EQUIPMENT OPERATORS AND MAINTENANCE VERTICAL CONSTRUCTION INDUSTRIAL CONSTRUCTION
",TOWER CRANE OPERATOR,HEAVY EQUIPMENT OPERATION (TOWER CRANE) NC III,With TR,LOW,3,5,150,HEAVY EQUIPMENT OPERATION (TOWER CRANE) NC III
1023,REGION_VII,CEBU,"Cebu, District 1",CONSTRUCTION,VERTICAL INDUSTRIAL RESIDENTIAL DIRECT WORKS EQUIPMENT OPERATORS AND MAINTENANCE DIRECT WORKERS       ,TRANSIT MIXER,HEAVY EQUIPMENT OPERATION (TRANSIT MIXER) NC II,With TR,LOW,3,5,150,HEAVY EQUIPMENT OPERATION (TRANSIT MIXER) NC II
1024,REGION_VII,CEBU,"Cebu, District 1",CONSTRUCTION,HORIZONTAL CONSTRUCTION VERTICAL CONSTRUCTION INDUSTRIAL CONSTRUCTION,WAREHOUSEMAN (EXTERNAL),WAREHOUSING SERVICES NC II,With TR,HIGH,30,50,100,WAREHOUSING SERVICES NC II
1025,REGION_VII,CEBU,"Cebu, District 1",CONSTRUCTION,HORIZONTAL CONSTRUCTION VERTICAL CONSTRUCTION INDUSTRIAL CONSTRUCTION,WAREHOUSEMAN (INTERNAL),WAREHOUSING SERVICES NC II,With TR,HIGH,30,50,100,WAREHOUSING SERVICES NC II
1026,REGION_VII,CEBU,"Cebu, District 1",CONSTRUCTION,RESIDENTIAL CONSTRUCTION VERTICAL CONSTRUCTION,WATERPROOFER (SLABS),NO CORRESPONDING TVET PROGRAM,New and Emerging,HIGH,30,50,100,NO CORRESPONDING TVET PROGRAM
1027,REGION_VII,CEBU,"Cebu, District 1",CONSTRUCTION,RESIDENTIAL CONSTRUCTION VERTICAL CONSTRUCTION,WATERPROOFER (SLABS),NO CORRESPONDING TVET PROGRAM,New and Emerging,HIGH,30,50,100,NO CORRESPONDING TVET PROGRAM
1028,REGION_VII,CEBU,"Cebu, District 1",CONSTRUCTION,VERTICAL HORIZONTAL,WATERPROOFER (VERTICAL WALLS),CONSTRUCTION PAINTING NC II,With TR,LOW,3,5,150,CONSTRUCTION PAINTING NC II
1029,REGION_VII,CEBU,"Cebu, District 1",CONSTRUCTION,VERTICAL HORIZONTAL,WATERPROOFER (VERTICAL WALLS),CONSTRUCTION PAINTING NC II,With TR,LOW,3,5,150,CONSTRUCTION PAINTING NC II
1030,REGION_VII,CEBU,"Cebu, District 1",CONSTRUCTION,"VERTICAL CONSTRUCTION HORIZONTAL CONSTRUCTION INDUSTRIAL CONSTRUCTION
",WELDER (GAS),GAS WELDING NC I,With TR,MEDIUM,10,15,30,GAS WELDING NC I
1031,REGION_VII,CEBU,"Cebu, District 1",CONSTRUCTION,"VERTICAL CONSTRUCTION HORIZONTAL CONSTRUCTION INDUSTRIAL CONSTRUCTION
",WELDER (GAS),GAS WELDING NC II,With TR,MEDIUM,10,15,30,GAS WELDING NC II
1032,REGION_VII,CEBU,"Cebu, District 1",CONSTRUCTION,VERTICAL CONSTRUCTION HORIZONTAL CONTRUCTN,WELDER (SMAW),MANUAL METAL ARC WELDING (MMAW) NC II,With TR,HIGH,30,50,100,MANUAL METAL ARC WELDING (MMAW) NC II
1033,REGION_VII,CEBU,"Cebu, District 1",CONSTRUCTION,VERTICAL CONSTRUCTION HORIZONTAL CONTRUCTN,WELDER (SMAW),MANUAL METAL ARC WELDING (MMAW) NC II,With TR,HIGH,30,50,100,MANUAL METAL ARC WELDING (MMAW) NC II
1034,REGION_VII,CEBU,"Cebu, District 1",CONSTRUCTION,VERTICAL INDUSTRIAL RESIDENTIAL DIRECT WORKS,WELDER (STRUCTURAL),FLUX-CORED ARC WELDING (FCAW) NC II,With TR,LOW,3,5,150,FLUX-CORED ARC WELDING (FCAW) NC II
1035,REGION_VII,CEBU,"Cebu, District 1",CONSTRUCTION,VERTICAL INDUSTRIAL RESIDENTIAL DIRECT WORKS,WELDER (STRUCTURAL),GAS TUNGSTEN ARC WELDING (GTAW) NC II,With TR,LOW,3,5,150,GAS TUNGSTEN ARC WELDING (GTAW) NC II
1036,REGION_VII,CEBU,"Cebu, District 1",CONSTRUCTION,VERTICAL INDUSTRIAL RESIDENTIAL DIRECT WORKS,WELDER (STRUCTURAL),MANUAL METAL ARC WELDING (MMAW) NC II,With TR,HIGH,30,50,100,MANUAL METAL ARC WELDING (MMAW) NC II
1037,REGION_VII,CEBU,"Cebu, District 1",CONSTRUCTION,HORIZONTAL CONSTRUCTION VERTICAL CONSTRUCTION,WHEEL LOADER OPERATOR,HEAVY EQUIPMENT OPERATION (WHEEL LOADER) NC II,With TR,LOW,3,5,150,HEAVY EQUIPMENT OPERATION (WHEEL LOADER) NC II
1145,REGION_VII,CEBU,"Cebu, District 1",MANUFACTURING,METALS AND ENGINEERING,"
GTAW/TIG WELDER",GAS TUNGSTEN ARC WELDING (GTAW) NC II,With TR,MEDIUM,10,15,30,GAS TUNGSTEN ARC WELDING (GTAW) NC II
1146,REGION_VII,CEBU,"Cebu, District 1",MANUFACTURING,METALS AND ENGINEERING," _x000D_
 	_x000D_
PIPE WELDER (SAW)",SUBMERGED ARC WELDING (SAW) NC II,With TR,LOW,3,5,150,SUBMERGED ARC WELDING (SAW) NC II
1147,REGION_VII,CEBU,"Cebu, District 1",MANUFACTURING,AUTOMOTIVE AND LAND TRANSPORTATION PRODUCTION (OEM) ASSEMBLY,AUTO ELECTRICIAN,AUTOMOTIVE ELECTRICAL ASSEMBLY NC II,With TR,LOW,3,5,150,AUTOMOTIVE ELECTRICAL ASSEMBLY NC II
1148,REGION_VII,CEBU,"Cebu, District 1",MANUFACTURING,PROCESSED FOOD AND BEVERAGES,BAKER,FOOD PRODUCTION (BREAD AND PATISSERIE) NC II,With TR,LOW,3,5,150,FOOD PRODUCTION (BREAD AND PATISSERIE) NC II
1149,REGION_VII,CEBU,"Cebu, District 1",MANUFACTURING,ELECTRICAL AND ELECTRONICS,CALIBRATION TECHNICIAN,INSTRUMENTATION AND CONTROL SERVICING NC II,With TR,HIGH,30,50,100,INSTRUMENTATION AND CONTROL SERVICING NC II
1150,REGION_VII,CEBU,"Cebu, District 1",MANUFACTURING,METALS AND ENGINEERING,CARBON STEEL PLATE/ PIPE WELDER (MMAW),MANUAL METAL ARC WELDING (MMAW) NC I,With TR,LOW,3,5,150,MANUAL METAL ARC WELDING (MMAW) NC I
1151,REGION_VII,CEBU,"Cebu, District 1",MANUFACTURING,METALS AND ENGINEERING,CARBON STEEL PLATE/ PIPE WELDER (MMAW),MANUAL METAL ARC WELDING (MMAW) NC III,With TR,LOW,3,5,150,MANUAL METAL ARC WELDING (MMAW) NC III
1152,REGION_VII,CEBU,"Cebu, District 1",MANUFACTURING,METALS AND ENGINEERING,CARBON STEEL PLATE/ PIPE WELDER (MMAW),MANUAL METAL ARC WELDING (MMAW) NC IV,With TR,LOW,3,5,150,MANUAL METAL ARC WELDING (MMAW) NC IV
1153,REGION_VII,CEBU,"Cebu, District 1",MANUFACTURING,FURNITURE AND FIXTURES,CARPENTER,CARPENTRY NC II,With TR,HIGH,30,50,100,CARPENTRY NC II
1154,REGION_VII,CEBU,"Cebu, District 1",MANUFACTURING,PROCESSED FOOD AND BEVERAGES,CULINARY,COOKERY NC II,With TR,HIGH,30,50,100,COOKERY NC II
1155,REGION_VII,CEBU,"Cebu, District 1",MANUFACTURING,ELECTRICAL AND ELECTRONICS,DATABASE ADMINISTRATOR,PROGRAMMING (ORACLE DATABASE) NC III,With TR,LOW,3,5,150,PROGRAMMING (ORACLE DATABASE) NC III
1156,REGION_VII,CEBU,"Cebu, District 1",MANUFACTURING,ELECTRICAL AND ELECTRONICS,ELECTRICAL LEADMAN,ELECTRICAL INSTALLATION AND MAINTENANCE NC III,With TR,LOW,3,5,150,ELECTRICAL INSTALLATION AND MAINTENANCE NC III
1157,REGION_VII,CEBU,"Cebu, District 1",MANUFACTURING,ELECTRICAL AND ELECTRONICS,ELECTRICIAN,AUTOMOTIVE ELECTRICAL ASSEMBLY NC II,With TR,LOW,3,5,150,AUTOMOTIVE ELECTRICAL ASSEMBLY NC II
1158,REGION_VII,CEBU,"Cebu, District 1",MANUFACTURING,METALS AND ENGINEERING,FCAW PLATE WELDER (ALLOY STEEL),FLUX-CORED ARC WELDING (FCAW) NC III,With TR,LOW,3,5,150,FLUX-CORED ARC WELDING (FCAW) NC III
1159,REGION_VII,CEBU,"Cebu, District 1",MANUFACTURING,PROCESSED FOOD AND BEVERAGES,FURNITURE CARPENTER,CARPENTRY NC III,With TR,LOW,3,5,150,CARPENTRY NC III
1160,REGION_VII,CEBU,"Cebu, District 1",MANUFACTURING,GAME DEVELOPMENT SERVICES,GAME PROGRAMMER,GAME PROGRAMMING NC III,With TR,LOW,3,5,150,GAME PROGRAMMING NC III
1161,REGION_VII,CEBU,"Cebu, District 1",MANUFACTURING,GARMENTS,GARMENT SEWER,DRESSMAKING NC II,With TR,HIGH,30,50,100,DRESSMAKING NC II
1162,REGION_VII,CEBU,"Cebu, District 1",MANUFACTURING,METALS AND ENGINEERING,GAS (OXY-ACETYLENE) WELDER,GAS WELDING NC I,With TR,LOW,3,5,150,GAS WELDING NC I
1163,REGION_VII,CEBU,"Cebu, District 1",MANUFACTURING,METALS AND ENGINEERING,GAS WELDER (OXY-ACETYLENE),GAS WELDING NC II,With TR,LOW,3,5,150,GAS WELDING NC II
1164,REGION_VII,CEBU,"Cebu, District 1",MANUFACTURING,METALS AND ENGINEERING,GMAW WELDER (ALLOY STEEL),GAS METAL ARC WELDING (GMAW) NC III,With TR,LOW,3,5,150,GAS METAL ARC WELDING (GMAW) NC III
1165,REGION_VII,CEBU,"Cebu, District 1",MANUFACTURING,METALS AND ENGINEERING,GTAW OR TIG PIPE WELDER (ALLOY STEEL),GAS TUNGSTEN ARC WELDING (GTAW) NC IV,With TR,LOW,3,5,150,GAS TUNGSTEN ARC WELDING (GTAW) NC IV
1166,REGION_VII,CEBU,"Cebu, District 1",MANUFACTURING,GARMENTS,INDUSTRIAL SEWING MACHINE OPERATORS,NO CORRESPONDING TVET PROGRAM,New and Emerging,LOW,3,5,150,NO CORRESPONDING TVET PROGRAM
1167,REGION_VII,CEBU,"Cebu, District 1",MANUFACTURING,ELECTRICAL AND ELECTRONICS,INSTRUMENT TECHNICIAN 2,INSTRUMENTATION AND CONTROL SERVICING NC III,With TR,LOW,3,5,150,INSTRUMENTATION AND CONTROL SERVICING NC III
1168,REGION_VII,CEBU,"Cebu, District 1",MANUFACTURING,ELECTRICAL AND ELECTRONICS,INSTRUMENT TECHNICIAN 3,INSTRUMENTATION AND CONTROL SERVICING NC IV,With TR,LOW,3,5,150,INSTRUMENTATION AND CONTROL SERVICING NC IV
1169,REGION_VII,CEBU,"Cebu, District 1",MANUFACTURING,ELECTRICAL AND ELECTRONICS,INTEGRATION SPECIALIST,PROGRAMMING (.NET TECHNOLOGY) NC III,With TR,LOW,3,5,150,PROGRAMMING (.NET TECHNOLOGY) NC III
1170,REGION_VII,CEBU,"Cebu, District 1",MANUFACTURING,PROCESSED FOOD AND BEVERAGES,KITCHEN SUPERVISOR,FOOD PRODUCTION (PROFESSIONAL COOKERY) NC III,With TR,LOW,3,5,150,FOOD PRODUCTION (PROFESSIONAL COOKERY) NC III
1171,REGION_VII,CEBU,"Cebu, District 1",MANUFACTURING,METALS AND ENGINEERING,MACHINIST,MACHINING NC II,With TR,MEDIUM,10,15,30,MACHINING NC II
1172,REGION_VII,CEBU,"Cebu, District 1",MANUFACTURING,METALS AND ENGINEERING,MACHINIST,MACHINING NC I,With TR,MEDIUM,10,15,30,MACHINING NC I
1173,REGION_VII,CEBU,"Cebu, District 1",MANUFACTURING,ELECTRICAL AND ELECTRONICS,MAINTENANCE ELECTRICIAN,ELECTRICAL INSTALLATION AND MAINTENANCE NC II,With TR,HIGH,30,50,100,ELECTRICAL INSTALLATION AND MAINTENANCE NC II
1174,REGION_VII,CEBU,"Cebu, District 1",MANUFACTURING,ELECTRICAL AND ELECTRONICS,MANUFACTURING SYSTEMS DEVELOPER,PROGRAMMING (JAVA) NC III,With TR,LOW,3,5,150,PROGRAMMING (JAVA) NC III
1175,REGION_VII,CEBU,"Cebu, District 1",MANUFACTURING,CONSTRUCTION,MASON,MASONRY NC I,With TR,HIGH,30,50,100,MASONRY NC I
1176,REGION_VII,CEBU,"Cebu, District 1",MANUFACTURING,METALS AND ENGINEERING,MILLWRIGHT,NO CORRESPONDING TVET PROGRAM,New and Emerging,HIGH,30,50,100,NO CORRESPONDING TVET PROGRAM
1177,REGION_VII,CEBU,"Cebu, District 1",MANUFACTURING,METALS AND ENGINEERING,MILLWRIGHT FITTER,NO CORRESPONDING TVET PROGRAM,New and Emerging,HIGH,30,50,100,NO CORRESPONDING TVET PROGRAM
1178,REGION_VII,CEBU,"Cebu, District 1",MANUFACTURING,ELECTRICAL AND ELECTRONICS,PCB DESIGN TECHNICIAN,ELECTRONIC PRODUCTS ASSEMBLY AND SERVICING NC II,With TR,HIGH,30,50,100,ELECTRONIC PRODUCTS ASSEMBLY AND SERVICING NC II
1179,REGION_VII,CEBU,"Cebu, District 1",MANUFACTURING,METALS AND ENGINEERING,PIPE FITTER,PIPEFITTING (METALLIC) NC II,With TR,LOW,3,5,150,PIPEFITTING (METALLIC) NC II
1180,REGION_VII,CEBU,"Cebu, District 1",MANUFACTURING,METALS AND ENGINEERING,PIPE FITTER,PIPEFITTING (METALLIC) NC II,With TR,LOW,3,5,150,PIPEFITTING (METALLIC) NC II
1181,REGION_VII,CEBU,"Cebu, District 1",MANUFACTURING,METALS AND ENGINEERING,PIPE WELDER (GMAW),GAS METAL ARC WELDING (GMAW) NC II,With TR,LOW,3,5,150,GAS METAL ARC WELDING (GMAW) NC II
1182,REGION_VII,CEBU,"Cebu, District 1",MANUFACTURING,METALS AND ENGINEERING,PLATE WELDER (FCAW),FLUX-CORED ARC WELDING (FCAW) NC I,With TR,LOW,3,5,150,FLUX-CORED ARC WELDING (FCAW) NC I
1183,REGION_VII,CEBU,"Cebu, District 1",MANUFACTURING,METALS AND ENGINEERING,PLATE WELDER (GMAW),GAS METAL ARC WELDING (GMAW) NC I,With TR,LOW,3,5,150,GAS METAL ARC WELDING (GMAW) NC I
1184,REGION_VII,CEBU,"Cebu, District 1",MANUFACTURING,METALS AND ENGINEERING,PLATE WELDER (SAW),SUBMERGED ARC WELDING (SAW) NC I,With TR,LOW,3,5,150,SUBMERGED ARC WELDING (SAW) NC I
1185,REGION_VII,CEBU,"Cebu, District 1",MANUFACTURING,METALS AND ENGINEERING,PRECISION GRINDING MACHINE OPERATOR,MACHINING NC III,With TR,LOW,3,5,150,MACHINING NC III
1186,REGION_VII,CEBU,"Cebu, District 1",MANUFACTURING,"HEATING, VENTILATION, AIRCONDITIONING AND REFRIGERATION",RAC TECHNICIAN/ INSTALLERS,RAC SERVICING (DOMRAC) NC II,With TR,MEDIUM,10,15,30,RAC SERVICING (DOMRAC) NC II
1187,REGION_VII,CEBU,"Cebu, District 1",MANUFACTURING,"HEATING, VENTILATION, AIRCONDITIONING AND REFRIGERATION",RAC TECHNICIAN/ INSTALLERS,COMMERCIAL AIR-CONDITIONING INSTALLATION AND SERVICING NC III,With TR,MEDIUM,10,15,30,COMMERCIAL AIR-CONDITIONING INSTALLATION AND SERVICING NC III
1188,REGION_VII,CEBU,"Cebu, District 1",MANUFACTURING,ELECTRICAL AND ELECTRONICS,"SOLDERING, MICROSCOPE OPERATION",ELECTRONIC PRODUCTS ASSEMBLY AND SERVICING NC II,With TR,HIGH,30,50,100,ELECTRONIC PRODUCTS ASSEMBLY AND SERVICING NC II
1189,REGION_VII,CEBU,"Cebu, District 1",MANUFACTURING,PROCESSED FOOD AND BEVERAGES,SOUS CHEF,FOOD PRODUCTION (PROFESSIONAL COOKERY) NC IV,With TR,LOW,3,5,150,FOOD PRODUCTION (PROFESSIONAL COOKERY) NC IV
1190,REGION_VII,CEBU,"Cebu, District 1",MANUFACTURING,ELECTRICAL AND ELECTRONICS,SUPERVISING TECHNICIAN,ELECTRICAL INSTALLATION AND MAINTENANCE NC IV,With TR,LOW,3,5,150,ELECTRICAL INSTALLATION AND MAINTENANCE NC IV
1191,REGION_VII,CEBU,"Cebu, District 1",MANUFACTURING,GARMENTS,TAILOR,TAILORING NC II,With TR,HIGH,30,50,100,TAILORING NC II
1192,REGION_VII,CEBU,"Cebu, District 1",MANUFACTURING,METALS AND ENGINEERING,WELDER,MANUAL METAL ARC WELDING (MMAW) NC II,With TR,LOW,3,5,150,MANUAL METAL ARC WELDING (MMAW) NC II
1193,REGION_VII,CEBU,"Cebu, District 1",MANUFACTURING,METALS AND ENGINEERING,WELDERS (SMAW),MANUAL METAL ARC WELDING (MMAW) NC II,With TR,LOW,3,5,150,MANUAL METAL ARC WELDING (MMAW) NC II
1221,REGION_VII,CEBU,"Cebu, District 1",TOURISM (HOTEL AND RESTAURANT),ACCOMMODATION,AUTO TECHNICIANS,AUTOMOTIVE SERVICING NC I,With TR,MEDIUM,10,15,30,AUTOMOTIVE SERVICING NC I
1222,REGION_VII,CEBU,"Cebu, District 1",TOURISM (HOTEL AND RESTAURANT),FOOD AND BEVERAGES,BARISTA,BARISTA NC II,With TR,HIGH,30,50,100,BARISTA NC II
1223,REGION_VII,CEBU,"Cebu, District 1",TOURISM (HOTEL AND RESTAURANT),FOOD AND BEVERAGES,BARTENDING,BARTENDING NC II,With TR,HIGH,30,50,100,BARTENDING NC II
1224,REGION_VII,CEBU,"Cebu, District 1",TOURISM (HOTEL AND RESTAURANT),ACCOMMODATION,BELL MAN,FRONT OFFICE SERVICES NC II,With TR,MEDIUM,10,15,30,FRONT OFFICE SERVICES NC II
1225,REGION_VII,CEBU,"Cebu, District 1",TOURISM (HOTEL AND RESTAURANT),ACCOMMODATION,BOILER TECHNICIANS,NO CORRESPONDING TVET PROGRAM,New and Emerging,LOW,3,5,150,NO CORRESPONDING TVET PROGRAM
1226,REGION_VII,CEBU,"Cebu, District 1",TOURISM (HOTEL AND RESTAURANT),FOOD AND BEVERAGES,BREAD AND PASTRIES ,FOOD AND BEVERAGE SERVICES NC II,With TR,HIGH,30,50,100,FOOD AND BEVERAGE SERVICES NC II
1227,REGION_VII,CEBU,"Cebu, District 1",TOURISM (HOTEL AND RESTAURANT),ACCOMMODATION,BUSINESS CLERK,FRONT OFFICE SERVICES NC II,With TR,MEDIUM,10,15,30,FRONT OFFICE SERVICES NC II
1228,REGION_VII,CEBU,"Cebu, District 1",TOURISM (HOTEL AND RESTAURANT),FOOD AND BEVERAGES,CAKE MAKING,TOURISM PROMOTION SERVICES NC II,With TR,MEDIUM,10,15,30,TOURISM PROMOTION SERVICES NC II
1229,REGION_VII,CEBU,"Cebu, District 1",TOURISM (HOTEL AND RESTAURANT),ACCOMMODATION,CONCIERGE,FRONT OFFICE SERVICES NC II,With TR,MEDIUM,10,15,30,FRONT OFFICE SERVICES NC II
1230,REGION_VII,CEBU,"Cebu, District 1",TOURISM (HOTEL AND RESTAURANT),FOOD AND BEVERAGES,"COOK OR COMMIS, ASSISTANT COOK",FOOD PRODUCTION (BREAD AND PATISSERIE) NC II,With TR,LOW,3,5,150,FOOD PRODUCTION (BREAD AND PATISSERIE) NC II
1231,REGION_VII,CEBU,"Cebu, District 1",TOURISM (HOTEL AND RESTAURANT),ACCOMMODATION,CUSTOMER SERVICE,HOUSEKEEPING NC II,With TR,HIGH,30,50,100,HOUSEKEEPING NC II
1232,REGION_VII,CEBU,"Cebu, District 1",TOURISM (HOTEL AND RESTAURANT),ACCOMMODATION,DOOR MAN,FRONT OFFICE SERVICES NC II,With TR,MEDIUM,10,15,30,FRONT OFFICE SERVICES NC II
1233,REGION_VII,CEBU,"Cebu, District 1",TOURISM (HOTEL AND RESTAURANT),FOOD AND BEVERAGES,FOOD SAFETY MANAGEMENT,NO CORRESPONDING TVET PROGRAM,New and Emerging,LOW,3,5,150,NO CORRESPONDING TVET PROGRAM
1234,REGION_VII,CEBU,"Cebu, District 1",TOURISM (HOTEL AND RESTAURANT),FOOD AND BEVERAGES,FRONT DESK /FRONT LINERS,FOOD AND BEVERAGE SERVICES NC II,With TR,HIGH,30,50,100,FOOD AND BEVERAGE SERVICES NC II
1235,REGION_VII,CEBU,"Cebu, District 1",TOURISM (HOTEL AND RESTAURANT),ACCOMMODATION,FRONT OFFICE MANAGER,FRONT OFFICE SERVICES NC II,With TR,MEDIUM,10,15,30,FRONT OFFICE SERVICES NC II
1236,REGION_VII,CEBU,"Cebu, District 1",TOURISM (HOTEL AND RESTAURANT),ACCOMMODATION,GUEST RELATION OFFICER,FRONT OFFICE SERVICES NC II,With TR,MEDIUM,10,15,30,FRONT OFFICE SERVICES NC II
1237,REGION_VII,CEBU,"Cebu, District 1",TOURISM (HOTEL AND RESTAURANT),ACCOMMODATION,HANDYMAN,NO CORRESPONDING TVET PROGRAM,New and Emerging,LOW,3,5,150,NO CORRESPONDING TVET PROGRAM
1238,REGION_VII,CEBU,"Cebu, District 1",TOURISM (HOTEL AND RESTAURANT),ACCOMMODATION,HOUSEKEEPER / SECTION HEAD,FRONT OFFICE SERVICES NC II,With TR,MEDIUM,10,15,30,FRONT OFFICE SERVICES NC II
1239,REGION_VII,CEBU,"Cebu, District 1",TOURISM (HOTEL AND RESTAURANT),FOOD AND BEVERAGES,KITCHEN MECHANICS,COOKERY NC II,With TR,HIGH,30,50,100,COOKERY NC II
1240,REGION_VII,CEBU,"Cebu, District 1",TOURISM (HOTEL AND RESTAURANT),FOOD AND BEVERAGES,"KITCHEN SUPERVISOR, HEAD CHEF, BANQUET HEAD COOK/CHEF",FOOD PRODUCTION (PROFESSIONAL COOKERY) NC III,With TR,LOW,3,5,150,FOOD PRODUCTION (PROFESSIONAL COOKERY) NC III
1241,REGION_VII,CEBU,"Cebu, District 1",TOURISM (HOTEL AND RESTAURANT),ACCOMMODATION,LAUNDRY TECHNICIANS,HOUSEKEEPING NC II,With TR,HIGH,30,50,100,HOUSEKEEPING NC II
1242,REGION_VII,CEBU,"Cebu, District 1",TOURISM (HOTEL AND RESTAURANT),ACCOMMODATION,LINEN ATTENDANT,HOUSEKEEPING NC II,With TR,HIGH,30,50,100,HOUSEKEEPING NC II
1243,REGION_VII,CEBU,"Cebu, District 1",TOURISM (HOTEL AND RESTAURANT),ACCOMMODATION,RESERVATION CLERK,FRONT OFFICE SERVICES NC II,With TR,MEDIUM,10,15,30,FRONT OFFICE SERVICES NC II
1244,REGION_VII,CEBU,"Cebu, District 1",TOURISM (HOTEL AND RESTAURANT),ACCOMMODATION,ROOM ATTENDANT/ HOUSEKEEPING SPECIALIST,HOUSEKEEPING NC II,With TR,HIGH,30,50,100,HOUSEKEEPING NC II
1245,REGION_VII,CEBU,"Cebu, District 1",TOURISM (HOTEL AND RESTAURANT),FOOD AND BEVERAGES,SERVICE ATTENDANTS ,CUSTOMER SERVICES NC II,With TR,LOW,3,5,150,CUSTOMER SERVICES NC II
1246,REGION_VII,CEBU,"Cebu, District 1",TOURISM (HOTEL AND RESTAURANT),FOOD AND BEVERAGES,SERVICE CREW / FOOD ATTENDANTS / FB PRODUCTION / WAITER / WAITRESS,COOKERY NC II,With TR,HIGH,30,50,100,COOKERY NC II
1247,REGION_VII,CEBU,"Cebu, District 1",TOURISM (HOTEL AND RESTAURANT),FOOD AND BEVERAGES,"SOUS CHEF, EXECUTIVE SOUS CHEF",FOOD PRODUCTION (PROFESSIONAL COOKERY) NC IV,With TR,LOW,3,5,150,FOOD PRODUCTION (PROFESSIONAL COOKERY) NC IV
1248,REGION_VII,CEBU,"Cebu, District 1",TOURISM (HOTEL AND RESTAURANT),ACCOMMODATION,STEWARDS ,FRONT OFFICE SERVICES NC II,With TR,MEDIUM,10,15,30,FRONT OFFICE SERVICES NC II
1249,REGION_VII,CEBU,"Cebu, District 1",TOURISM (HOTEL AND RESTAURANT),ACCOMMODATION,TELEPHONE OPERATOR,CUSTOMER SERVICES NC II,With TR,LOW,3,5,150,CUSTOMER SERVICES NC II
1250,REGION_VII,CEBU,"Cebu, District 1",TOURISM (HOTEL AND RESTAURANT),ACCOMMODATION,THERMAL CLEANER,NO CORRESPONDING TVET PROGRAM,With TR,LOW,3,5,150,NO CORRESPONDING TVET PROGRAM
1251,REGION_VII,CEBU,"Cebu, District 1",TOURISM (HOTEL AND RESTAURANT),TRAVEL AND TOUR,TOUR GUIDING,TOUR GUIDING SERVICES NC III,With TR,LOW,3,5,150,TOUR GUIDING SERVICES NC III
1252,REGION_VII,CEBU,"Cebu, District 1",TOURISM (HOTEL AND RESTAURANT),TRAVEL AND TOURS,TOUR PACKAGING STAFF,TOUR PACKAGING (FIT AD HOC DOMESTIC) SERVICES NC II,With TR,LOW,3,5,150,TOUR PACKAGING (FIT AD HOC DOMESTIC) SERVICES NC II
1253,REGION_VII,CEBU,"Cebu, District 1",TOURISM (HOTEL AND RESTAURANT),ACCOMMODATION,UPHOLSTERY CLEANER,HOUSEKEEPING NC II,With TR,HIGH,30,50,100,HOUSEKEEPING NC II
1258,REGION_VII,CEBU,"Cebu, District 1",CONSTRUCTION,"VERTICAL CONSTRUCTION
HORIZONTAL CONSTRUCTION
INDUSTRY/INDUSTRIAL CONSTRUCTION
RESIDENTIAL CONSTRUCTION",DRAFTSMAN,TECHNICAL DRAFTING NC II,With TR,HIGH,30,50,100,TECHNICAL DRAFTING NC II
1259,REGION_VII,CEBU,"Cebu, District 1",MANUFACTURING,ELECTRICAL AND ELECTRONICS," _x000D_
 	_x000D_
MECHATRONICS AND AUTOMATION TECHNICIAN",MECHATRONICS SERVICING NC II,With TR,HIGH,30,50,100,MECHATRONICS SERVICING NC II
1342,REGION_VII,CEBU,"Cebu, District 1",MANUFACTURING,METALS AND ENGINEERING,INSTRUMENTATION TECHNICIAN,DIPLOMA PROGRAM IN MECHANICAL ENGINEERING TECHNOLOGY,Diploma Programs,HIGH,30,50,100,DIPLOMA PROGRAM IN MECHANICAL ENGINEERING TECHNOLOGY
1343,REGION_VII,CEBU,"Cebu, District 1",MANUFACTURING,ELECTRICAL AND ELECTRONICS,RESIDENTIAL/COMMERCIAL WIRING TECHNICIAN,DIPLOMA PROGRAM IN ELECTRICAL ENGINEERING TECHNOLOGY,Diploma Programs,HIGH,30,50,100,DIPLOMA PROGRAM IN ELECTRICAL ENGINEERING TECHNOLOGY
1344,REGION_VII,CEBU,"Cebu, District 1",MANUFACTURING,ELECTRICAL AND ELECTRONICS,INDUSTRIAL ELECTRONIC TECHNICIAN,DIPLOMA PROGRAM IN ELECTRONICS ENGINEERING TECHNOLOGY,Diploma Programs,HIGH,30,50,100,DIPLOMA PROGRAM IN ELECTRONICS ENGINEERING TECHNOLOGY
1345,REGION_VII,CEBU,"Cebu, District 1",TOURISM (HOTEL AND RESTAURANT),ACCOMMODATION,HOTEL MANAGER,DIPLOMA PROGRAM IN HOTEL AND RESTAURANT TECHNOLOGY,Diploma Programs,MEDIUM,10,15,30,DIPLOMA PROGRAM IN HOTEL AND RESTAURANT TECHNOLOGY
1347,REGION_VII,CEBU,"Cebu, District 1",CONSTRUCTION,"HORIZONTAL CONSTRUCTION, INDUSTRIAL CONSTRUCTION, EQUIPMENT OPERATIONS AND MAINTENANCE",BULLDOZER OPERATOR,HEAVY EQUIPMENT OPERATION (BULLDOZER) NC II,With TR,HIGH,30,50,100,HEAVY EQUIPMENT OPERATION (BULLDOZER) NC II
1348,REGION_VII,CEBU,"Cebu, District 1",CONSTRUCTION,"HORIZONTAL CONSTRUCTION, RESIDENTIAL CONSTRUCTION, INDUSTRIAL CONSTRUCTION"," _x000D_
 	_x000D_
PV SYSTEMS INSTALLATION TECHNICIAN",PV SYSTEMS INSTALLATION NC II,With TR,MEDIUM,10,15,30,PV SYSTEMS INSTALLATION NC II
1357,REGION_VII,CEBU,"Cebu, District 1",TOURISM (HOTEL AND RESTAURANT),"MICE (MEETINGS, INCENTIVES, CONFERENCES, AND EXHIBITIONS)","SENIOR MICE COORDINATOR , SENIOR SPECIAL EVENTS COORDINATOR",EVENTS MANAGEMENT SERVICES NC III,With TR,HIGH,30,50,100,EVENTS MANAGEMENT SERVICES NC III
1358,REGION_VII,CEBU,"Cebu, District 1",CONSTRUCTION,"HORIZONTAL CONSTRUCTION, INDUSTRIAL CONSTRUCTION, EQUIPMENT OPERATIONS AND MAINTENANCE","MASONRY TECHNICIAN, PLUMBING TECHNICIAN, TECHNICAL DRAFTSMAN, REINFORCING STEELWORKS TECHNICIAN, PAINTING TECHNICIAN, TILE SETTING TECHNICIAN, CARPENTRY, TECHNICIAN, SCAFFOLDING AND FORMWORKS TECHNICIAN, CIVIL ENGINEERING TECHNOLOGIST",DIPLOMA PROGRAM IN CIVIL ENGINEERING TECHNOLOGY,Diploma Programs,LOW,3,5,150,DIPLOMA PROGRAM IN CIVIL ENGINEERING TECHNOLOGY
1359,REGION_VII,CEBU,"Cebu, District 1",CONSTRUCTION,"HORIZONTAL CONSTRUCTION, INDUSTRIAL CONSTRUCTION, EQUIPMENT OPERATIONS AND MAINTENANCE","▪ BUILDING INSPECTOR ▪ CIVIL ENGINEERING DESIGN TECHNOLOGIST ▪ MATERIALS TESTING TECHNOLOGIST. ▪ CONSTRUCTION COORDINATOR, FOREMAN, OR SUPERINTENDENT ▪ ESTIMATOR ▪ TECHNICAL REPRESENTATIVE ▪ FIELD TECHNICAL ASSISTANT ▪ DRAFTSMAN/CAD OPERATOR ▪ REBAR FIXER ▪ BUILDING ELECTRICIAN ▪ BRICK LAYER/MASON ▪ PLUMBER",DIPLOMA PROGRAM IN CIVIL ENGINEERING TECHNOLOGY,Diploma Programs,MEDIUM,10,15,30,DIPLOMA PROGRAM IN CIVIL ENGINEERING TECHNOLOGY
1364,REGION_VII,CEBU,"Cebu, District 1",TOURISM (HOTEL AND RESTAURANT),TRAVEL AND TOURS,"1.TOURISM OPERATIONS COORDINATOR
2.TRAVEL CONSULTANT/TOUR PLANNER/TRAVEL SALES EXECUTIVE/TOUR COORDINATOR/TOUR OPERATIONS ASSISTANT                                                                  
3.TOUR GUIDE/TOUR LEADER/TOUR COORDINATOR
4.TOURISM MARKETING OFFICER/SALES EXECUTIVE FOR TOURISM/DESTINATION MARKETING COORDINATOR
5.EVENT COORDINATOR/CATERING MANAGER
6.ECO-TOURISM COORDINATOR/SUSTAINABLE TOURISM OFFICER/NATURE TOUR GUIDE/ENVIRONMENTAL EDUCATION 
7.MICE COORDINATOR/CONFERENCE ORGANIZER
8.CRUISE OPERATIONS COORDINATOR/ADVENTURE TOUR GUIDE/CRUISE MANAGER/OUTDOOR ACTIVITY 
",DIPLOMA PROGRAM IN TOURISM MANAGEMENT,Diploma Programs,LOW,3,5,150,DIPLOMA PROGRAM IN TOURISM MANAGEMENT
1365,REGION_VII,CEBU,"Cebu, District 1",TOURISM (HOTEL AND RESTAURANT),ACCOMMODATION,"1.FOOD AND BEVERAGE ATTENDANT / SERVER / BARTENDER / BARISTA /WAITSTAFF /F&B DIRECTOR/F&B OUTLET MANAGER                                                    _x000D_
2.HOTEL RECEPTIONIST/FRONT DESK AGENT_x000D_
3.GUEST SERVICES ASSOCIATE /HOTEL RECEPTIONIST/FRONT DESK AGENT_x000D_
4.ROOM ATTENDANT / HOUSEKEEPING ATTENDANT/PUBLIC AREA CLEANER_x000D_
5.EVENT COORDINATOR/EVENT ASSISTANT_x000D_
                                                   _x000D_
",DIPLOMA PROGRAM IN HOSPITALITY MANAGEMENT,Diploma Programs,LOW,3,5,150,DIPLOMA PROGRAM IN HOSPITALITY MANAGEMENT
1388,REGION_VII,CEBU,"Cebu, District 2",CONSTRUCTION,HORIZONTAL CONSTRUCTION VERTICAL CONSTRUCTION INDUSTRIAL CONSTRUCTION," _x000D_
 	_x000D_
CARBON STEEL PLATE/ PIPE WELDER ",MANUAL METAL ARC WELDING (MMAW) NC I,With TR,LOW,3,5,150,MANUAL METAL ARC WELDING (MMAW) NC I
1389,REGION_VII,CEBU,"Cebu, District 2",CONSTRUCTION,HORIZONTAL CONSTRUCTION VERTICAL CONSTRUCTION INDUSTRIAL CONSTRUCTION," _x000D_
 	_x000D_
CARBON STEEL PLATE/ PIPE WELDER ",MANUAL METAL ARC WELDING (MMAW) NC III,With TR,LOW,3,5,150,MANUAL METAL ARC WELDING (MMAW) NC III
1390,REGION_VII,CEBU,"Cebu, District 2",CONSTRUCTION,HORIZONTAL CONSTRUCTION VERTICAL CONSTRUCTION INDUSTRIAL CONSTRUCTION," _x000D_
 	_x000D_
CARBON STEEL PLATE/ PIPE WELDER ",MANUAL METAL ARC WELDING (MMAW) NC IV,With TR,LOW,3,5,150,MANUAL METAL ARC WELDING (MMAW) NC IV
1391,REGION_VII,CEBU,"Cebu, District 2",CONSTRUCTION,HORIZONTAL CONSTRUCTION VERTICAL CONSTRUCTION INDUSTRIAL CONSTRUCTION," _x000D_
 	_x000D_
GAS (OXY-ACETYLENE) WELDER",GAS WELDING NC II,With TR,MEDIUM,10,15,30,GAS WELDING NC II
1392,REGION_VII,CEBU,"Cebu, District 2",CONSTRUCTION,HORIZONTAL CONSTRUCTION VERTICAL CONSTRUCTION," _x000D_
 	_x000D_
TRUCK MOUNTED CRANE OPERATOR",HEAVY EQUIPMENT OPERATION (TRUCK MOUNTED CRANE) NC III,With TR,LOW,3,5,150,HEAVY EQUIPMENT OPERATION (TRUCK MOUNTED CRANE) NC III
1393,REGION_VII,CEBU,"Cebu, District 2",CONSTRUCTION,RESIDENTIAL CONSTRUCTION VERTICAL CONSTRUCTION HORIZONTAL CONTRUCTN,AIRCON INSTALLER (COMMERCIAL/ INDUSTRIAL),RAC SERVICING (DOMRAC) NC II,With TR,LOW,3,5,150,RAC SERVICING (DOMRAC) NC II
1394,REGION_VII,CEBU,"Cebu, District 2",CONSTRUCTION,RESIDENTIAL CONSTRUCTION VERTICAL CONSTRUCTION HORIZONTAL CONTRUCTN,AIRCON INSTALLER (COMMERCIAL/ INDUSTRIAL),RAC SERVICING (DOMRAC) NC II,With TR,LOW,3,5,150,RAC SERVICING (DOMRAC) NC II
1395,REGION_VII,CEBU,"Cebu, District 2",CONSTRUCTION,"VERTICAL CONSTRUCTION HORIZONTAL CONSTRUCTION RESIDENTIAL CONSTRUCTION
",AIRLESS PAINTER,CONSTRUCTION PAINTING NC II,With TR,LOW,3,5,150,CONSTRUCTION PAINTING NC II
1396,REGION_VII,CEBU,"Cebu, District 2",CONSTRUCTION,"VERTICAL CONSTRUCTION HORIZONTAL CONSTRUCTION RESIDENTIAL CONSTRUCTION
",AIRLESS PAINTER,CONSTRUCTION PAINTING NC II,With TR,LOW,3,5,150,CONSTRUCTION PAINTING NC II
1397,REGION_VII,CEBU,"Cebu, District 2",CONSTRUCTION,HORIZONTAL CONSTRUCTION VERTICAL CONSTRUCTION INDUSTRIAL CONSTRUCTION,BIM MODELER,BASIC 3D BUILDING INFORMATION MODELLING LEVEL III,With CS,LOW,3,5,150,BASIC 3D BUILDING INFORMATION MODELLING LEVEL III
1398,REGION_VII,CEBU,"Cebu, District 2",CONSTRUCTION,RESIDENTIAL CONSTRUCTION VERTICAL CONSTRUCTION,CARPENTRY (FINISHING & WOODWORKING),CARPENTRY NC II,With TR,MEDIUM,10,15,30,CARPENTRY NC II
1399,REGION_VII,CEBU,"Cebu, District 2",CONSTRUCTION,RESIDENTIAL CONSTRUCTION VERTICAL CONSTRUCTION,CARPENTRY (FINISHING & WOODWORKING),CARPENTRY NC II,With TR,MEDIUM,10,15,30,CARPENTRY NC II
1400,REGION_VII,CEBU,"Cebu, District 2",CONSTRUCTION,VERTICAL CONSTRUCTION INDUSTRIAL CONSTRUCTION RESIDENTIAL CONSTRUCTION HORIZONTAL CONSTRUCTION DIRECT WORKERS,CARPENTRY (FINISHING),CARPENTRY NC II,With TR,MEDIUM,10,15,30,CARPENTRY NC II
1401,REGION_VII,CEBU,"Cebu, District 2",CONSTRUCTION,VERTICAL CONSTRUCTION INDUSTRIAL CONSTRUCTION RESIDENTIAL CONSTRUCTION HORIZONTAL CONSTRUCTION DIRECT WORKERS,CARPENTRY (ROUGH),CARPENTRY NC II,With TR,MEDIUM,10,15,30,CARPENTRY NC II
1402,REGION_VII,CEBU,"Cebu, District 2",CONSTRUCTION,HORIZONTAL CONSTRUCTION VERTICAL CONSTRUCTION INDUSTRIAL CONSTRUCTION,CIVIL ENGINEERING ASSOCIATE,DIPLOMA PROGRAM IN CIVIL ENGINEERING TECHNOLOGY,Diploma Programs,LOW,3,5,150,DIPLOMA PROGRAM IN CIVIL ENGINEERING TECHNOLOGY
1403,REGION_VII,CEBU,"Cebu, District 2",CONSTRUCTION,EQUIPMENT OPERATORS AND MAINTENANCE DIRECT WORKERS       ,CONCRETE PUMP OPERATOR,NO CORRESPONDING TVET PROGRAM,New and Emerging,LOW,3,5,150,NO CORRESPONDING TVET PROGRAM
1404,REGION_VII,CEBU,"Cebu, District 2",CONSTRUCTION,RESIDENTIAL CONSTRUCTION VERTICAL CONSTRUCTION HORIZONTAL DIRECT WORKERS,CONSTRUCTION ASSISTANT (HOUSEKEEPING),NO CORRESPONDING TVET PROGRAM,New and Emerging,LOW,3,5,150,NO CORRESPONDING TVET PROGRAM
1405,REGION_VII,CEBU,"Cebu, District 2",CONSTRUCTION,RESIDENTIAL CONSTRUCTION VERTICAL CONSTRUCTION HORIZONTAL DIRECT WORKERS,CONSTRUCTION ASSISTANT (HOUSEKEEPING),NO CORRESPONDING TVET PROGRAM,New and Emerging,LOW,3,5,150,NO CORRESPONDING TVET PROGRAM
1406,REGION_VII,CEBU,"Cebu, District 2",CONSTRUCTION,"VERTICAL CONSTRUCTION HORIZONTAL CONSTRUCTION RESIDENTIAL CONSTRUCTION INDUSTRIAL CONSTRUCTION
",CONSTRUCTION PAINTER (APPLICATION),CONSTRUCTION PAINTING NC II,With TR,MEDIUM,10,15,30,CONSTRUCTION PAINTING NC II
1407,REGION_VII,CEBU,"Cebu, District 2",CONSTRUCTION,"VERTICAL CONSTRUCTION HORIZONTAL CONSTRUCTION RESIDENTIAL CONSTRUCTION INDUSTRIAL CONSTRUCTION
",CONSTRUCTION PAINTER (APPLICATION),CONSTRUCTION PAINTING NC II,With TR,MEDIUM,10,15,30,CONSTRUCTION PAINTING NC II
1408,REGION_VII,CEBU,"Cebu, District 2",CONSTRUCTION,"VERTICAL CONSTRUCTION HORIZONTAL CONSTRUCTION RESIDENTIAL CONSTRUCTION INDUSTRIAL CONSTRUCTION
","CONSTRUCTION PAINTER (REPAIR AND ARTISTIC APPLICATION, MIXING))",CONSTRUCTION PAINTING NC II,With TR,LOW,3,5,150,CONSTRUCTION PAINTING NC II
1409,REGION_VII,CEBU,"Cebu, District 2",CONSTRUCTION,"VERTICAL CONSTRUCTION HORIZONTAL CONSTRUCTION RESIDENTIAL CONSTRUCTION INDUSTRIAL CONSTRUCTION
","CONSTRUCTION PAINTER (REPAIR AND ARTISTIC APPLICATION, MIXING))",TILE SETTING NC II,With TR,LOW,3,5,150,TILE SETTING NC II
1410,REGION_VII,CEBU,"Cebu, District 2",CONSTRUCTION,HORIZONTAL CONSTRUCTION VERTICAL CONSTRUCTION INDUSTRIAL CONSTRUCTION,CONSTRUCTION SITE SUPERVISOR,CONSTRUCTION SITE SUPERVISION LEVEL IV,With CS,MEDIUM,10,15,30,CONSTRUCTION SITE SUPERVISION LEVEL IV
1411,REGION_VII,CEBU,"Cebu, District 2",CONSTRUCTION,HORIZONTAL CONSTRUCTION VERTICAL CONSTRUCTION INDUSTRIAL CONSTRUCTION,CONSTRUCTION TRADE SUPERVISOR,CONSTRUCTION TRADE SUPERVISION LEVEL IV,With CS,MEDIUM,10,15,30,CONSTRUCTION TRADE SUPERVISION LEVEL IV
1412,REGION_VII,CEBU,"Cebu, District 2",CONSTRUCTION,HORIZONTAL CONSTRUCTION VERTICAL CONSTRUCTION,CRAWLER CRANE OPERATOR,HEAVY EQUIPMENT OPERATION (CRAWLER CRANE) NC III,With TR,LOW,3,5,150,HEAVY EQUIPMENT OPERATION (CRAWLER CRANE) NC III
1413,REGION_VII,CEBU,"Cebu, District 2",CONSTRUCTION,RESIDENTIAL CONSTRUCTION VERTICAL CONSTRUCTION INDUSTRIAL,DRY WALL AND CEILING INSTALLER,CARPENTRY NC II,With TR,MEDIUM,10,15,30,CARPENTRY NC II
1414,REGION_VII,CEBU,"Cebu, District 2",CONSTRUCTION,"VERTICAL CONSTRUCTION HORIZONTAL CONSTRUCTION RESIDENTIAL CONSTRUCTION INDUSTRIAL CONSTRUCTION
",DRY WALL AND CEILING INSTALLER,CARPENTRY NC III,With TR,LOW,3,5,150,CARPENTRY NC III
1415,REGION_VII,CEBU,"Cebu, District 2",CONSTRUCTION,RESIDENTIAL CONSTRUCTION VERTICAL CONSTRUCTION INDUSTRIAL,DRY WALL AND CEILING INSTALLER,CARPENTRY NC II,With TR,MEDIUM,10,15,30,CARPENTRY NC II
1416,REGION_VII,CEBU,"Cebu, District 2",CONSTRUCTION,"VERTICAL CONSTRUCTION HORIZONTAL CONSTRUCTION RESIDENTIAL CONSTRUCTION INDUSTRIAL CONSTRUCTION
",DRY WALL AND CEILING INSTALLER,CARPENTRY NC III,With TR,LOW,3,5,150,CARPENTRY NC III
1417,REGION_VII,CEBU,"Cebu, District 2",CONSTRUCTION,"DIRECT WORKER EQUIPMENT OPERATORS AND MAINTENANCE VERTICAL CONSTRUCTION HORIZONTAL CONSTRUCTION RESIDENTIAL CONSTRUCTION
",DUMPTRUCK OPERATOR,HEAVY EQUIPMENT OPERATION (RIGID ON-HIGHWAY DUMP TRUCK) NC II,With TR,LOW,3,5,150,HEAVY EQUIPMENT OPERATION (RIGID ON-HIGHWAY DUMP TRUCK) NC II
1418,REGION_VII,CEBU,"Cebu, District 2",CONSTRUCTION,RESIDENTIAL CONSTRUCTION VERTICAL CONSTRUCTION HORIZONTAL CONTRUCTN,ELECTRICIAN (COMMERCIAL AND INDUSTRIAL BUILDING),ELECTRICAL INSTALLATION AND MAINTENANCE NC III,With TR,MEDIUM,10,15,30,ELECTRICAL INSTALLATION AND MAINTENANCE NC III
1419,REGION_VII,CEBU,"Cebu, District 2",CONSTRUCTION,RESIDENTIAL CONSTRUCTION VERTICAL CONSTRUCTION HORIZONTAL CONTRUCTN,ELECTRICIAN (COMMERCIAL AND INDUSTRIAL BUILDING),ELECTRICAL INSTALLATION AND MAINTENANCE NC III,With TR,MEDIUM,10,15,30,ELECTRICAL INSTALLATION AND MAINTENANCE NC III
1420,REGION_VII,CEBU,"Cebu, District 2",CONSTRUCTION,RESIDENTIAL CONSTRUCTION VERTICAL CONSTRUCTION HORIZONTAL CONTRUCTN,ELEVATOR INSTALLER,ELECTRICAL INSTALLATION AND MAINTENANCE NC III,With TR,LOW,3,5,150,ELECTRICAL INSTALLATION AND MAINTENANCE NC III
1421,REGION_VII,CEBU,"Cebu, District 2",CONSTRUCTION,RESIDENTIAL CONSTRUCTION VERTICAL CONSTRUCTION HORIZONTAL CONTRUCTN,ELEVATOR INSTALLER,ELECTRICAL INSTALLATION AND MAINTENANCE NC III,With TR,LOW,3,5,150,ELECTRICAL INSTALLATION AND MAINTENANCE NC III
1422,REGION_VII,CEBU,"Cebu, District 2",CONSTRUCTION,VERTICAL CONSTRUCTION HORIZONTAL CONTRUCTN,FDAS TECHNICIAN,ELECTRICAL INSTALLATION AND MAINTENANCE NC II,With TR,HIGH,30,50,100,ELECTRICAL INSTALLATION AND MAINTENANCE NC II
1423,REGION_VII,CEBU,"Cebu, District 2",CONSTRUCTION,HORIZONTAL CONSTRUCTION,FDAS TECHNICIAN ,ELECTRICAL INSTALLATION AND MAINTENANCE NC II,With TR,HIGH,30,50,100,ELECTRICAL INSTALLATION AND MAINTENANCE NC II
1424,REGION_VII,CEBU,"Cebu, District 2",CONSTRUCTION,VERTICAL CONSTRUCTION RESIDENTIAL CONSTRUCTION,FINISHING MASON,MASONRY NC III,With TR,LOW,3,5,150,MASONRY NC III
1425,REGION_VII,CEBU,"Cebu, District 2",CONSTRUCTION,HORIZONTAL CONSTRUCTION VERTICAL CONSTRUCTION,FORKLIFT OPERATOR,HEAVY EQUIPMENT OPERATION (FORKLIFT) NC II,With TR,LOW,3,5,150,HEAVY EQUIPMENT OPERATION (FORKLIFT) NC II
1426,REGION_VII,CEBU,"Cebu, District 2",CONSTRUCTION,"VERTICAL CONSTRUCTION HORIZONTAL CONSTRUCTION RESIDENTIAL CONSTRUCTION INDUSTRIAL CONSTRUCTION
",GLASS INSTALLER (GLAZING WORKS),NO CORRESPONDING TVET PROGRAM,New and Emerging,LOW,3,5,150,NO CORRESPONDING TVET PROGRAM
1427,REGION_VII,CEBU,"Cebu, District 2",CONSTRUCTION,"VERTICAL CONSTRUCTION HORIZONTAL CONSTRUCTION RESIDENTIAL CONSTRUCTION INDUSTRIAL CONSTRUCTION
",GLASS INSTALLER (GLAZING WORKS),NO CORRESPONDING TVET PROGRAM,New and Emerging,LOW,3,5,150,NO CORRESPONDING TVET PROGRAM
1428,REGION_VII,CEBU,"Cebu, District 2",CONSTRUCTION,"VERTICAL CONSTRUCTION HORIZONTAL CONSTRUCTION RESIDENTIAL CONSTRUCTION
DIRECTO WORKERS CORPORATE SUPPORT",HEO BACKHOE LOADER,HEAVY EQUIPMENT OPERATION (BACKHOE LOADER) NC II,With TR,LOW,3,5,150,HEAVY EQUIPMENT OPERATION (BACKHOE LOADER) NC II
1429,REGION_VII,CEBU,"Cebu, District 2",CONSTRUCTION,"VERTICAL CONSTRUCTION HORIZONTAL CONSTRUCTION RESIDENTIAL CONSTRUCTION
DIRECT WORKERS CORPORATE SUPPORT",HEO EXCAVATOR,HEAVY EQUIPMENT OPERATION (HYDRAULIC EXCAVATOR) NC II,With TR,LOW,3,5,150,HEAVY EQUIPMENT OPERATION (HYDRAULIC EXCAVATOR) NC II
1430,REGION_VII,CEBU,"Cebu, District 2",CONSTRUCTION,EQUIPMENT OPERATORS AND MAINTENANCE,HEO TOWER CRANE OPERATOR,HEAVY EQUIPMENT OPERATION (TOWER CRANE) NC III,With TR,LOW,3,5,150,HEAVY EQUIPMENT OPERATION (TOWER CRANE) NC III
1431,REGION_VII,CEBU,"Cebu, District 2",CONSTRUCTION,"VERTICAL CONSTRUCTION HORIZONTAL CONSTRUCTION RESIDENTIAL CONSTRUCTION INDUSTRIAL CONSTRUCTION
",LAMINATE INSTALLER,CARPENTRY NC II,With TR,MEDIUM,10,15,30,CARPENTRY NC II
1432,REGION_VII,CEBU,"Cebu, District 2",CONSTRUCTION,"VERTICAL CONSTRUCTION HORIZONTAL CONSTRUCTION RESIDENTIAL CONSTRUCTION INDUSTRIAL CONSTRUCTION
",LAMINATE INSTALLER,CARPENTRY NC II,With TR,MEDIUM,10,15,30,CARPENTRY NC II
1433,REGION_VII,CEBU,"Cebu, District 2",CONSTRUCTION,DIRECT WORKERS VERTICAL INDUSTRIAL HORIZONTAL ,MASONRY (FINISHING),MASONRY NC II,With TR,HIGH,30,50,100,MASONRY NC II
1434,REGION_VII,CEBU,"Cebu, District 2",CONSTRUCTION,RESIDENTIAL CONSTRUCTION VERTICAL CONSTRUCTION,MASONRY (FINISHING),MASONRY NC I,With TR,LOW,3,5,150,MASONRY NC I
1435,REGION_VII,CEBU,"Cebu, District 2",CONSTRUCTION,RESIDENTIAL CONSTRUCTION VERTICAL CONSTRUCTION,MASONRY (FINISHING),MASONRY NC I,With TR,LOW,3,5,150,MASONRY NC I
1436,REGION_VII,CEBU,"Cebu, District 2",CONSTRUCTION,RESIDENTIAL CONSTRUCTION VERTICAL CONSTRUCTION,MASONRY (FINISHING),MASONRY NC I,With TR,LOW,3,5,150,MASONRY NC I
1437,REGION_VII,CEBU,"Cebu, District 2",CONSTRUCTION,DIRECT WORKERS VERTICAL INDUSTRIAL HORIZONTAL ,MASONRY (ROUGH CONCRETE),MASONRY NC I,With TR,LOW,3,5,150,MASONRY NC I
1438,REGION_VII,CEBU,"Cebu, District 2",CONSTRUCTION,"DIRECT WORKER EQUIPMENT OPERATORS AND MAINTENANCE VERTICAL CONSTRUCTION INDUSTRIAL CONSTRUCTION
",MOBILE CRANE OPERATOR,HEAVY EQUIPMENT OPERATION (ROUGH TERRAIN CRANE) NC III,With TR,LOW,3,5,150,HEAVY EQUIPMENT OPERATION (ROUGH TERRAIN CRANE) NC III
1439,REGION_VII,CEBU,"Cebu, District 2",CONSTRUCTION,"HORIZONTAL CONSTRUCTION
",MOTOR GRADER OPERATOR,HEAVY EQUIPMENT OPERATION (MOTOR GRADER) NC II,With TR,LOW,3,5,150,HEAVY EQUIPMENT OPERATION (MOTOR GRADER) NC II
1440,REGION_VII,CEBU,"Cebu, District 2",CONSTRUCTION,HORIZONTAL CONSTRUCTION VERTICAL CONSTRUCTION,OFF-HIGHWAY DUMP TRUCK (RIGID) OPERATOR,HEAVY EQUIPMENT OPERATION (RIGID OFF-HIGHWAY DUMP TRUCK) NC II,With TR,LOW,3,5,150,HEAVY EQUIPMENT OPERATION (RIGID OFF-HIGHWAY DUMP TRUCK) NC II
1441,REGION_VII,CEBU,"Cebu, District 2",CONSTRUCTION,RESIDENTIAL CONSTRUCTION VERTICAL CONSTRUCTION HORIZONTAL DIRECT WORKERS,PAINTER,CONSTRUCTION PAINTING NC II,With TR,MEDIUM,10,15,30,CONSTRUCTION PAINTING NC II
1442,REGION_VII,CEBU,"Cebu, District 2",CONSTRUCTION,RESIDENTIAL CONSTRUCTION VERTICAL CONSTRUCTION HORIZONTAL DIRECT WORKERS,PAINTER,CONSTRUCTION PAINTING NC II,With TR,MEDIUM,10,15,30,CONSTRUCTION PAINTING NC II
1443,REGION_VII,CEBU,"Cebu, District 2",CONSTRUCTION,HORIZONTAL CONSTRUCTION VERTICAL CONSTRUCTION,PAVER OPERATOR,HEAVY EQUIPMENT OPERATION (PAVER) NC II,With TR,LOW,3,5,150,HEAVY EQUIPMENT OPERATION (PAVER) NC II
1444,REGION_VII,CEBU,"Cebu, District 2",CONSTRUCTION,RESIDENTIAL CONSTRUCTION VERTICAL CONSTRUCTION HORIZONTAL CONTRUCTN,PIPEFITTER,PLUMBING NC III,With TR,LOW,3,5,150,PLUMBING NC III
1445,REGION_VII,CEBU,"Cebu, District 2",CONSTRUCTION,RESIDENTIAL CONSTRUCTION VERTICAL CONSTRUCTION HORIZONTAL CONTRUCTN,PIPEFITTER,PLUMBING NC III,With TR,LOW,3,5,150,PLUMBING NC III
1446,REGION_VII,CEBU,"Cebu, District 2",CONSTRUCTION,VERTICAL CONSTRUCTION HORIZONTAL CONTRUCTN,PIPEFITTER (FIRE PROTECTION SYSTEM),PIPEFITTING (METALLIC) NC II,With TR,LOW,3,5,150,PIPEFITTING (METALLIC) NC II
1447,REGION_VII,CEBU,"Cebu, District 2",CONSTRUCTION,RESIDENTIAL CONSTRUCTION VERTICAL CONSTRUCTION HORIZONTAL CONTRUCTN,PIPEFITTER (FIRE PROTECTION SYSTEM),PIPEFITTING (METALLIC) NC II,With TR,LOW,3,5,150,PIPEFITTING (METALLIC) NC II
1448,REGION_VII,CEBU,"Cebu, District 2",CONSTRUCTION,VERTICAL CONSTRUCTION HORIZONTAL CONTRUCTN,PIPEFITTER (PUMP EQUIPMENT),PIPEFITTING (METALLIC) NC II,With TR,LOW,3,5,150,PIPEFITTING (METALLIC) NC II
1449,REGION_VII,CEBU,"Cebu, District 2",CONSTRUCTION,RESIDENTIAL CONSTRUCTION VERTICAL CONSTRUCTION HORIZONTAL CONTRUCTN,PIPEFITTER (PUMP EQUIPMENT),PIPEFITTING (METALLIC) NC II,With TR,LOW,3,5,150,PIPEFITTING (METALLIC) NC II
1450,REGION_VII,CEBU,"Cebu, District 2",CONSTRUCTION,RESIDENTIAL CONSTRUCTION VERTICAL CONSTRUCTION HORIZONTAL CONTRUCTN,PLUMBER,PLUMBING NC II,With TR,LOW,3,5,150,PLUMBING NC II
1451,REGION_VII,CEBU,"Cebu, District 2",CONSTRUCTION,RESIDENTIAL CONSTRUCTION VERTICAL CONSTRUCTION HORIZONTAL CONTRUCTN,PLUMBER,PLUMBING NC II,With TR,LOW,3,5,150,PLUMBING NC II
1452,REGION_VII,CEBU,"Cebu, District 2",CONSTRUCTION,"DIRECT WORKER EQUIPMENT OPERATORS AND MAINTENANCE VERTICAL CONSTRUCTION INDUSTRIAL CONSTRUCTION
",RIGGER,RIGGING NC I,With TR,LOW,3,5,150,RIGGING NC I
1453,REGION_VII,CEBU,"Cebu, District 2",CONSTRUCTION,"HORIZONTAL CONSTRUCTION
DIRECT WORKERS",ROAD ROLLER OPERATOR,HEAVY EQUIPMENT OPERATION (ROAD ROLLER) NC II,With TR,LOW,3,5,150,HEAVY EQUIPMENT OPERATION (ROAD ROLLER) NC II
1454,REGION_VII,CEBU,"Cebu, District 2",CONSTRUCTION,RESIDENTIAL CONSTRUCTION VERTICAL CONSTRUCTION INDUSTRIAL,ROOF INSTALLER,NO CORRESPONDING TVET PROGRAM,New and Emerging,LOW,3,5,150,NO CORRESPONDING TVET PROGRAM
1455,REGION_VII,CEBU,"Cebu, District 2",CONSTRUCTION,RESIDENTIAL CONSTRUCTION VERTICAL CONSTRUCTION INDUSTRIAL,ROOF INSTALLER,NO CORRESPONDING TVET PROGRAM,New and Emerging,LOW,3,5,150,NO CORRESPONDING TVET PROGRAM
1456,REGION_VII,CEBU,"Cebu, District 2",CONSTRUCTION,VERTICAL INDUSTRIAL RESIDENTIAL DIRECT WORKS,SCAFFOLDER,SCAFFOLDING WORKS NC II (SUPPORTED TYPE SCAFFOLD),With TR,MEDIUM,10,15,30,SCAFFOLDING WORKS NC II (SUPPORTED TYPE SCAFFOLD)
1457,REGION_VII,CEBU,"Cebu, District 2",CONSTRUCTION,RESIDENTIAL CONSTRUCTION VERTICAL CONSTRUCTION,SCAFFOLDER,NO CORRESPONDING TVET PROGRAM,New and Emerging,LOW,3,5,150,NO CORRESPONDING TVET PROGRAM
1458,REGION_VII,CEBU,"Cebu, District 2",CONSTRUCTION,RESIDENTIAL CONSTRUCTION VERTICAL CONSTRUCTION,SCAFFOLDER,NO CORRESPONDING TVET PROGRAM,New and Emerging,LOW,3,5,150,NO CORRESPONDING TVET PROGRAM
1459,REGION_VII,CEBU,"Cebu, District 2",CONSTRUCTION,VERTICAL INDUSTRIAL RESIDENTIAL PROJECT MANAGEMENT,"SCAFFOLDER (INSPECTION, QUALITY ASSURANCE)",NO CORRESPONDING TVET PROGRAM,New and Emerging,LOW,3,5,150,NO CORRESPONDING TVET PROGRAM
1460,REGION_VII,CEBU,"Cebu, District 2",CONSTRUCTION,RESIDENTIAL CONSTRUCTION VERTICAL CONSTRUCTION,"SCAFFOLDER (INSPECTION, QUALITY ASSURANCE)",SCAFFOLDING WORKS NC II (SUPPORTED TYPE SCAFFOLD),With TR,MEDIUM,10,15,30,SCAFFOLDING WORKS NC II (SUPPORTED TYPE SCAFFOLD)
1461,REGION_VII,CEBU,"Cebu, District 2",CONSTRUCTION,RESIDENTIAL CONSTRUCTION VERTICAL CONSTRUCTION,"SCAFFOLDER (INSPECTION, QUALITY ASSURANCE)",SCAFFOLDING WORKS NC II (SUPPORTED TYPE SCAFFOLD),With TR,MEDIUM,10,15,30,SCAFFOLDING WORKS NC II (SUPPORTED TYPE SCAFFOLD)
1462,REGION_VII,CEBU,"Cebu, District 2",CONSTRUCTION,RESIDENTIAL CONSTRUCTION VERTICAL CONSTRUCTION HORIZONTAL CONTRUCTN,SEALANT APPLICATOR,CONSTRUCTION PAINTING NC II,With TR,LOW,3,5,150,CONSTRUCTION PAINTING NC II
1463,REGION_VII,CEBU,"Cebu, District 2",CONSTRUCTION,RESIDENTIAL CONSTRUCTION VERTICAL CONSTRUCTION HORIZONTAL CONTRUCTN,SEALANT APPLICATOR,CONSTRUCTION PAINTING NC II,With TR,LOW,3,5,150,CONSTRUCTION PAINTING NC II
1464,REGION_VII,CEBU,"Cebu, District 2",CONSTRUCTION,HORIZONTAL CONSTRUCTION VERTICAL CONSTRUCTION INDUSTRIAL CONSTRUCTION,SENIOR PAINTER,CONSTRUCTION PAINTING NC III,With TR,LOW,3,5,150,CONSTRUCTION PAINTING NC III
1465,REGION_VII,CEBU,"Cebu, District 2",CONSTRUCTION,VERTICAL CONSTRUCTION RESIDENTIAL CONSTRUCTION,SPECIALIZED CARPENTER,CARPENTRY NC III,With TR,LOW,3,5,150,CARPENTRY NC III
1467,REGION_VII,CEBU,"Cebu, District 2",CONSTRUCTION,VERTICAL CONSTRUCTION HORIZONTAL CONSTRUCTION RESIDENTIAL CONSTRUCTION,SURVEY ASSISTANT,NO CORRESPONDING TVET PROGRAM,New and Emerging,LOW,3,5,150,NO CORRESPONDING TVET PROGRAM
1468,REGION_VII,CEBU,"Cebu, District 2",CONSTRUCTION,"VERTICAL CONSTRUCTION HORIZONTAL CONSTRUCTION RESIDENTIAL CONSTRUCTION
",SYSTEM FORWORKS INSTALLER,SYSTEM FORMWORKS INSTALLATION NC II,With TR,LOW,3,5,150,SYSTEM FORMWORKS INSTALLATION NC II
1469,REGION_VII,CEBU,"Cebu, District 2",CONSTRUCTION,HORIZONTAL CONSTRUCTION VERTICAL CONSTRUCTION INDUSTRIAL CONSTRUCTION,TIG PLATE WELDER,GAS TUNGSTEN ARC WELDING (GTAW) NC IV,With TR,MEDIUM,10,15,30,GAS TUNGSTEN ARC WELDING (GTAW) NC IV
1470,REGION_VII,CEBU,"Cebu, District 2",CONSTRUCTION,"VERTICAL CONSTRUCTION HORIZONTAL CONSTRUCTION RESIDENTIAL CONSTRUCTION INDUSTRIAL CONSTRUCTION
",TILE SETTING,TILE SETTING NC II,With TR,LOW,3,5,150,TILE SETTING NC II
1471,REGION_VII,CEBU,"Cebu, District 2",CONSTRUCTION,"VERTICAL CONSTRUCTION HORIZONTAL CONSTRUCTION RESIDENTIAL CONSTRUCTION INDUSTRIAL CONSTRUCTION
",TILE SETTING,TILE SETTING NC II,With TR,LOW,3,5,150,TILE SETTING NC II
1472,REGION_VII,CEBU,"Cebu, District 2",CONSTRUCTION,"DIRECT WORKER EQUIPMENT OPERATORS AND MAINTENANCE VERTICAL CONSTRUCTION INDUSTRIAL CONSTRUCTION
",TOWER CRANE OPERATOR,HEAVY EQUIPMENT OPERATION (TOWER CRANE) NC III,With TR,LOW,3,5,150,HEAVY EQUIPMENT OPERATION (TOWER CRANE) NC III
1473,REGION_VII,CEBU,"Cebu, District 2",CONSTRUCTION,VERTICAL INDUSTRIAL RESIDENTIAL DIRECT WORKS EQUIPMENT OPERATORS AND MAINTENANCE DIRECT WORKERS       ,TRANSIT MIXER,HEAVY EQUIPMENT OPERATION (TRANSIT MIXER) NC II,With TR,LOW,3,5,150,HEAVY EQUIPMENT OPERATION (TRANSIT MIXER) NC II
1474,REGION_VII,CEBU,"Cebu, District 2",CONSTRUCTION,HORIZONTAL CONSTRUCTION VERTICAL CONSTRUCTION INDUSTRIAL CONSTRUCTION,WAREHOUSEMAN (EXTERNAL),WAREHOUSING SERVICES NC II,With TR,LOW,3,5,150,WAREHOUSING SERVICES NC II
1475,REGION_VII,CEBU,"Cebu, District 2",CONSTRUCTION,HORIZONTAL CONSTRUCTION VERTICAL CONSTRUCTION INDUSTRIAL CONSTRUCTION,WAREHOUSEMAN (INTERNAL),WAREHOUSING SERVICES NC II,With TR,LOW,3,5,150,WAREHOUSING SERVICES NC II
1476,REGION_VII,CEBU,"Cebu, District 2",CONSTRUCTION,RESIDENTIAL CONSTRUCTION VERTICAL CONSTRUCTION,WATERPROOFER (SLABS),NO CORRESPONDING TVET PROGRAM,New and Emerging,LOW,3,5,150,NO CORRESPONDING TVET PROGRAM
1477,REGION_VII,CEBU,"Cebu, District 2",CONSTRUCTION,RESIDENTIAL CONSTRUCTION VERTICAL CONSTRUCTION,WATERPROOFER (SLABS),NO CORRESPONDING TVET PROGRAM,New and Emerging,LOW,3,5,150,NO CORRESPONDING TVET PROGRAM
1478,REGION_VII,CEBU,"Cebu, District 2",CONSTRUCTION,VERTICAL HORIZONTAL,WATERPROOFER (VERTICAL WALLS),CONSTRUCTION PAINTING NC II,With TR,LOW,3,5,150,CONSTRUCTION PAINTING NC II
1479,REGION_VII,CEBU,"Cebu, District 2",CONSTRUCTION,VERTICAL HORIZONTAL,WATERPROOFER (VERTICAL WALLS),CONSTRUCTION PAINTING NC II,With TR,LOW,3,5,150,CONSTRUCTION PAINTING NC II
1480,REGION_VII,CEBU,"Cebu, District 2",CONSTRUCTION,"VERTICAL CONSTRUCTION HORIZONTAL CONSTRUCTION INDUSTRIAL CONSTRUCTION
",WELDER (GAS),GAS WELDING NC I,With TR,MEDIUM,10,15,30,GAS WELDING NC I
1481,REGION_VII,CEBU,"Cebu, District 2",CONSTRUCTION,"VERTICAL CONSTRUCTION HORIZONTAL CONSTRUCTION INDUSTRIAL CONSTRUCTION
",WELDER (GAS),GAS WELDING NC II,With TR,MEDIUM,10,15,30,GAS WELDING NC II
1482,REGION_VII,CEBU,"Cebu, District 2",CONSTRUCTION,VERTICAL CONSTRUCTION HORIZONTAL CONTRUCTN,WELDER (SMAW),MANUAL METAL ARC WELDING (MMAW) NC II,With TR,HIGH,30,50,100,MANUAL METAL ARC WELDING (MMAW) NC II
1483,REGION_VII,CEBU,"Cebu, District 2",CONSTRUCTION,VERTICAL CONSTRUCTION HORIZONTAL CONTRUCTN,WELDER (SMAW),MANUAL METAL ARC WELDING (MMAW) NC II,With TR,HIGH,30,50,100,MANUAL METAL ARC WELDING (MMAW) NC II
1484,REGION_VII,CEBU,"Cebu, District 2",CONSTRUCTION,VERTICAL INDUSTRIAL RESIDENTIAL DIRECT WORKS,WELDER (STRUCTURAL),FLUX-CORED ARC WELDING (FCAW) NC II,With TR,LOW,3,5,150,FLUX-CORED ARC WELDING (FCAW) NC II
1485,REGION_VII,CEBU,"Cebu, District 2",CONSTRUCTION,VERTICAL INDUSTRIAL RESIDENTIAL DIRECT WORKS,WELDER (STRUCTURAL),GAS TUNGSTEN ARC WELDING (GTAW) NC II,With TR,MEDIUM,10,15,30,GAS TUNGSTEN ARC WELDING (GTAW) NC II
1486,REGION_VII,CEBU,"Cebu, District 2",CONSTRUCTION,VERTICAL INDUSTRIAL RESIDENTIAL DIRECT WORKS,WELDER (STRUCTURAL),MANUAL METAL ARC WELDING (MMAW) NC II,With TR,HIGH,30,50,100,MANUAL METAL ARC WELDING (MMAW) NC II
1487,REGION_VII,CEBU,"Cebu, District 2",CONSTRUCTION,HORIZONTAL CONSTRUCTION VERTICAL CONSTRUCTION,WHEEL LOADER OPERATOR,HEAVY EQUIPMENT OPERATION (WHEEL LOADER) NC II,With TR,LOW,3,5,150,HEAVY EQUIPMENT OPERATION (WHEEL LOADER) NC II
1595,REGION_VII,CEBU,"Cebu, District 2",MANUFACTURING,METALS AND ENGINEERING,"
GTAW/TIG WELDER",GAS TUNGSTEN ARC WELDING (GTAW) NC II,With TR,MEDIUM,10,15,30,GAS TUNGSTEN ARC WELDING (GTAW) NC II
1596,REGION_VII,CEBU,"Cebu, District 2",MANUFACTURING,METALS AND ENGINEERING," _x000D_
 	_x000D_
PIPE WELDER (SAW)",SUBMERGED ARC WELDING (SAW) NC II,With TR,LOW,3,5,150,SUBMERGED ARC WELDING (SAW) NC II
1597,REGION_VII,CEBU,"Cebu, District 2",MANUFACTURING,AUTOMOTIVE AND LAND TRANSPORTATION PRODUCTION (OEM) ASSEMBLY,AUTO ELECTRICIAN,AUTOMOTIVE ELECTRICAL ASSEMBLY NC II,With TR,LOW,3,5,150,AUTOMOTIVE ELECTRICAL ASSEMBLY NC II
1598,REGION_VII,CEBU,"Cebu, District 2",MANUFACTURING,PROCESSED FOOD AND BEVERAGES,BAKER,FOOD PRODUCTION (BREAD AND PATISSERIE) NC II,With TR,HIGH,30,50,100,FOOD PRODUCTION (BREAD AND PATISSERIE) NC II
1599,REGION_VII,CEBU,"Cebu, District 2",MANUFACTURING,ELECTRICAL AND ELECTRONICS,CALIBRATION TECHNICIAN,INSTRUMENTATION AND CONTROL SERVICING NC II,With TR,HIGH,30,50,100,INSTRUMENTATION AND CONTROL SERVICING NC II
1600,REGION_VII,CEBU,"Cebu, District 2",MANUFACTURING,METALS AND ENGINEERING,CARBON STEEL PLATE/ PIPE WELDER (MMAW),MANUAL METAL ARC WELDING (MMAW) NC I,With TR,LOW,3,5,150,MANUAL METAL ARC WELDING (MMAW) NC I
1601,REGION_VII,CEBU,"Cebu, District 2",MANUFACTURING,METALS AND ENGINEERING,CARBON STEEL PLATE/ PIPE WELDER (MMAW),MANUAL METAL ARC WELDING (MMAW) NC III,With TR,LOW,3,5,150,MANUAL METAL ARC WELDING (MMAW) NC III
1602,REGION_VII,CEBU,"Cebu, District 2",MANUFACTURING,METALS AND ENGINEERING,CARBON STEEL PLATE/ PIPE WELDER (MMAW),MANUAL METAL ARC WELDING (MMAW) NC IV,With TR,LOW,3,5,150,MANUAL METAL ARC WELDING (MMAW) NC IV
1603,REGION_VII,CEBU,"Cebu, District 2",MANUFACTURING,FURNITURE AND FIXTURES,CARPENTER,CARPENTRY NC II,With TR,HIGH,30,50,100,CARPENTRY NC II
1604,REGION_VII,CEBU,"Cebu, District 2",MANUFACTURING,PROCESSED FOOD AND BEVERAGES,CULINARY,COOKERY NC II,With TR,HIGH,30,50,100,COOKERY NC II
1605,REGION_VII,CEBU,"Cebu, District 2",MANUFACTURING,ELECTRICAL AND ELECTRONICS,DATABASE ADMINISTRATOR,PROGRAMMING (ORACLE DATABASE) NC III,With TR,LOW,3,5,150,PROGRAMMING (ORACLE DATABASE) NC III
1606,REGION_VII,CEBU,"Cebu, District 2",MANUFACTURING,ELECTRICAL AND ELECTRONICS,ELECTRICAL LEADMAN,ELECTRICAL INSTALLATION AND MAINTENANCE NC III,With TR,LOW,3,5,150,ELECTRICAL INSTALLATION AND MAINTENANCE NC III
1607,REGION_VII,CEBU,"Cebu, District 2",MANUFACTURING,ELECTRICAL AND ELECTRONICS,ELECTRICIAN,AUTOMOTIVE ELECTRICAL ASSEMBLY NC II,With TR,LOW,3,5,150,AUTOMOTIVE ELECTRICAL ASSEMBLY NC II
1608,REGION_VII,CEBU,"Cebu, District 2",MANUFACTURING,METALS AND ENGINEERING,FCAW PLATE WELDER (ALLOY STEEL),FLUX-CORED ARC WELDING (FCAW) NC III,With TR,LOW,3,5,150,FLUX-CORED ARC WELDING (FCAW) NC III
1609,REGION_VII,CEBU,"Cebu, District 2",MANUFACTURING,PROCESSED FOOD AND BEVERAGES,FURNITURE CARPENTER,CARPENTRY NC III,With TR,LOW,3,5,150,CARPENTRY NC III
1610,REGION_VII,CEBU,"Cebu, District 2",MANUFACTURING,GAME DEVELOPMENT SERVICES,GAME PROGRAMMER,GAME PROGRAMMING NC III,With TR,LOW,3,5,150,GAME PROGRAMMING NC III
1611,REGION_VII,CEBU,"Cebu, District 2",MANUFACTURING,GARMENTS,GARMENT SEWER,DRESSMAKING NC II,With TR,HIGH,30,50,100,DRESSMAKING NC II
1612,REGION_VII,CEBU,"Cebu, District 2",MANUFACTURING,METALS AND ENGINEERING,GAS (OXY-ACETYLENE) WELDER,GAS WELDING NC I,With TR,LOW,3,5,150,GAS WELDING NC I
1613,REGION_VII,CEBU,"Cebu, District 2",MANUFACTURING,METALS AND ENGINEERING,GAS WELDER (OXY-ACETYLENE),GAS WELDING NC II,With TR,LOW,3,5,150,GAS WELDING NC II
1614,REGION_VII,CEBU,"Cebu, District 2",MANUFACTURING,METALS AND ENGINEERING,GMAW WELDER (ALLOY STEEL),GAS METAL ARC WELDING (GMAW) NC III,With TR,LOW,3,5,150,GAS METAL ARC WELDING (GMAW) NC III
1615,REGION_VII,CEBU,"Cebu, District 2",MANUFACTURING,METALS AND ENGINEERING,GTAW OR TIG PIPE WELDER (ALLOY STEEL),GAS TUNGSTEN ARC WELDING (GTAW) NC IV,With TR,LOW,3,5,150,GAS TUNGSTEN ARC WELDING (GTAW) NC IV
1616,REGION_VII,CEBU,"Cebu, District 2",MANUFACTURING,GARMENTS,INDUSTRIAL SEWING MACHINE OPERATORS,NO CORRESPONDING TVET PROGRAM,New and Emerging,LOW,3,5,150,NO CORRESPONDING TVET PROGRAM
1617,REGION_VII,CEBU,"Cebu, District 2",MANUFACTURING,ELECTRICAL AND ELECTRONICS,INSTRUMENT TECHNICIAN 2,INSTRUMENTATION AND CONTROL SERVICING NC III,With TR,LOW,3,5,150,INSTRUMENTATION AND CONTROL SERVICING NC III
1618,REGION_VII,CEBU,"Cebu, District 2",MANUFACTURING,ELECTRICAL AND ELECTRONICS,INSTRUMENT TECHNICIAN 3,INSTRUMENTATION AND CONTROL SERVICING NC IV,With TR,LOW,3,5,150,INSTRUMENTATION AND CONTROL SERVICING NC IV
1619,REGION_VII,CEBU,"Cebu, District 2",MANUFACTURING,ELECTRICAL AND ELECTRONICS,INTEGRATION SPECIALIST,PROGRAMMING (.NET TECHNOLOGY) NC III,With TR,LOW,3,5,150,PROGRAMMING (.NET TECHNOLOGY) NC III
1620,REGION_VII,CEBU,"Cebu, District 2",MANUFACTURING,PROCESSED FOOD AND BEVERAGES,KITCHEN SUPERVISOR,FOOD PRODUCTION (PROFESSIONAL COOKERY) NC III,With TR,LOW,3,5,150,FOOD PRODUCTION (PROFESSIONAL COOKERY) NC III
1621,REGION_VII,CEBU,"Cebu, District 2",MANUFACTURING,METALS AND ENGINEERING,MACHINIST,MACHINING NC II,With TR,MEDIUM,10,15,30,MACHINING NC II
1622,REGION_VII,CEBU,"Cebu, District 2",MANUFACTURING,METALS AND ENGINEERING,MACHINIST,MACHINING NC I,With TR,MEDIUM,10,15,30,MACHINING NC I
1623,REGION_VII,CEBU,"Cebu, District 2",MANUFACTURING,ELECTRICAL AND ELECTRONICS,MAINTENANCE ELECTRICIAN,ELECTRICAL INSTALLATION AND MAINTENANCE NC II,With TR,HIGH,30,50,100,ELECTRICAL INSTALLATION AND MAINTENANCE NC II
1624,REGION_VII,CEBU,"Cebu, District 2",MANUFACTURING,ELECTRICAL AND ELECTRONICS,MANUFACTURING SYSTEMS DEVELOPER,PROGRAMMING (JAVA) NC III,With TR,LOW,3,5,150,PROGRAMMING (JAVA) NC III
1625,REGION_VII,CEBU,"Cebu, District 2",MANUFACTURING,CONSTRUCTION,MASON,MASONRY NC I,With TR,HIGH,30,50,100,MASONRY NC I
1626,REGION_VII,CEBU,"Cebu, District 2",MANUFACTURING,METALS AND ENGINEERING,MILLWRIGHT,NO CORRESPONDING TVET PROGRAM,New and Emerging,LOW,3,5,150,NO CORRESPONDING TVET PROGRAM
1627,REGION_VII,CEBU,"Cebu, District 2",MANUFACTURING,METALS AND ENGINEERING,MILLWRIGHT FITTER,NO CORRESPONDING TVET PROGRAM,New and Emerging,LOW,3,5,150,NO CORRESPONDING TVET PROGRAM
1628,REGION_VII,CEBU,"Cebu, District 2",MANUFACTURING,ELECTRICAL AND ELECTRONICS,PCB DESIGN TECHNICIAN,ELECTRONIC PRODUCTS ASSEMBLY AND SERVICING NC II,With TR,HIGH,30,50,100,ELECTRONIC PRODUCTS ASSEMBLY AND SERVICING NC II
1629,REGION_VII,CEBU,"Cebu, District 2",MANUFACTURING,METALS AND ENGINEERING,PIPE FITTER,PIPEFITTING (METALLIC) NC II,With TR,LOW,3,5,150,PIPEFITTING (METALLIC) NC II
1630,REGION_VII,CEBU,"Cebu, District 2",MANUFACTURING,METALS AND ENGINEERING,PIPE FITTER,PIPEFITTING (METALLIC) NC II,With TR,LOW,3,5,150,PIPEFITTING (METALLIC) NC II
1631,REGION_VII,CEBU,"Cebu, District 2",MANUFACTURING,METALS AND ENGINEERING,PIPE WELDER (GMAW),GAS METAL ARC WELDING (GMAW) NC II,With TR,HIGH,30,50,100,GAS METAL ARC WELDING (GMAW) NC II
1632,REGION_VII,CEBU,"Cebu, District 2",MANUFACTURING,METALS AND ENGINEERING,PLATE WELDER (FCAW),FLUX-CORED ARC WELDING (FCAW) NC I,With TR,LOW,3,5,150,FLUX-CORED ARC WELDING (FCAW) NC I
1633,REGION_VII,CEBU,"Cebu, District 2",MANUFACTURING,METALS AND ENGINEERING,PLATE WELDER (GMAW),GAS METAL ARC WELDING (GMAW) NC I,With TR,LOW,3,5,150,GAS METAL ARC WELDING (GMAW) NC I
1634,REGION_VII,CEBU,"Cebu, District 2",MANUFACTURING,METALS AND ENGINEERING,PLATE WELDER (SAW),SUBMERGED ARC WELDING (SAW) NC I,With TR,LOW,3,5,150,SUBMERGED ARC WELDING (SAW) NC I
1635,REGION_VII,CEBU,"Cebu, District 2",MANUFACTURING,METALS AND ENGINEERING,PRECISION GRINDING MACHINE OPERATOR,MACHINING NC III,With TR,LOW,3,5,150,MACHINING NC III
1636,REGION_VII,CEBU,"Cebu, District 2",MANUFACTURING,"HEATING, VENTILATION, AIRCONDITIONING AND REFRIGERATION",RAC TECHNICIAN/ INSTALLERS,RAC SERVICING (DOMRAC) NC II,With TR,MEDIUM,10,15,30,RAC SERVICING (DOMRAC) NC II
1637,REGION_VII,CEBU,"Cebu, District 2",MANUFACTURING,"HEATING, VENTILATION, AIRCONDITIONING AND REFRIGERATION",RAC TECHNICIAN/ INSTALLERS,COMMERCIAL AIR-CONDITIONING INSTALLATION AND SERVICING NC III,With TR,HIGH,30,50,100,COMMERCIAL AIR-CONDITIONING INSTALLATION AND SERVICING NC III
1638,REGION_VII,CEBU,"Cebu, District 2",MANUFACTURING,ELECTRICAL AND ELECTRONICS,"SOLDERING, MICROSCOPE OPERATION",ELECTRONIC PRODUCTS ASSEMBLY AND SERVICING NC II,With TR,HIGH,30,50,100,ELECTRONIC PRODUCTS ASSEMBLY AND SERVICING NC II
1639,REGION_VII,CEBU,"Cebu, District 2",MANUFACTURING,PROCESSED FOOD AND BEVERAGES,SOUS CHEF,FOOD PRODUCTION (PROFESSIONAL COOKERY) NC IV,With TR,LOW,3,5,150,FOOD PRODUCTION (PROFESSIONAL COOKERY) NC IV
1640,REGION_VII,CEBU,"Cebu, District 2",MANUFACTURING,ELECTRICAL AND ELECTRONICS,SUPERVISING TECHNICIAN,ELECTRICAL INSTALLATION AND MAINTENANCE NC IV,With TR,LOW,3,5,150,ELECTRICAL INSTALLATION AND MAINTENANCE NC IV
1641,REGION_VII,CEBU,"Cebu, District 2",MANUFACTURING,GARMENTS,TAILOR,TAILORING NC II,With TR,MEDIUM,10,15,30,TAILORING NC II
1642,REGION_VII,CEBU,"Cebu, District 2",MANUFACTURING,METALS AND ENGINEERING,WELDER,MANUAL METAL ARC WELDING (MMAW) NC II,With TR,LOW,3,5,150,MANUAL METAL ARC WELDING (MMAW) NC II
1643,REGION_VII,CEBU,"Cebu, District 2",MANUFACTURING,METALS AND ENGINEERING,WELDERS (SMAW),MANUAL METAL ARC WELDING (MMAW) NC II,With TR,LOW,3,5,150,MANUAL METAL ARC WELDING (MMAW) NC II
1671,REGION_VII,CEBU,"Cebu, District 2",TOURISM (HOTEL AND RESTAURANT),ACCOMMODATION,AUTO TECHNICIANS,AUTOMOTIVE SERVICING NC I,With TR,MEDIUM,10,15,30,AUTOMOTIVE SERVICING NC I
1672,REGION_VII,CEBU,"Cebu, District 2",TOURISM (HOTEL AND RESTAURANT),FOOD AND BEVERAGES,BARISTA,BARISTA NC II,With TR,HIGH,30,50,100,BARISTA NC II
1673,REGION_VII,CEBU,"Cebu, District 2",TOURISM (HOTEL AND RESTAURANT),FOOD AND BEVERAGES,BARTENDING,BARTENDING NC II,With TR,HIGH,30,50,100,BARTENDING NC II
1674,REGION_VII,CEBU,"Cebu, District 2",TOURISM (HOTEL AND RESTAURANT),ACCOMMODATION,BELL MAN,FRONT OFFICE SERVICES NC II,With TR,MEDIUM,10,15,30,FRONT OFFICE SERVICES NC II
1675,REGION_VII,CEBU,"Cebu, District 2",TOURISM (HOTEL AND RESTAURANT),ACCOMMODATION,BOILER TECHNICIANS,NO CORRESPONDING TVET PROGRAM,New and Emerging,LOW,3,5,150,NO CORRESPONDING TVET PROGRAM
1676,REGION_VII,CEBU,"Cebu, District 2",TOURISM (HOTEL AND RESTAURANT),FOOD AND BEVERAGES,BREAD AND PASTRIES ,FOOD AND BEVERAGE SERVICES NC II,With TR,HIGH,30,50,100,FOOD AND BEVERAGE SERVICES NC II
1677,REGION_VII,CEBU,"Cebu, District 2",TOURISM (HOTEL AND RESTAURANT),ACCOMMODATION,BUSINESS CLERK,FRONT OFFICE SERVICES NC II,With TR,MEDIUM,10,15,30,FRONT OFFICE SERVICES NC II
1678,REGION_VII,CEBU,"Cebu, District 2",TOURISM (HOTEL AND RESTAURANT),FOOD AND BEVERAGES,CAKE MAKING,TOURISM PROMOTION SERVICES NC II,With TR,MEDIUM,10,15,30,TOURISM PROMOTION SERVICES NC II
1679,REGION_VII,CEBU,"Cebu, District 2",TOURISM (HOTEL AND RESTAURANT),ACCOMMODATION,CONCIERGE,FRONT OFFICE SERVICES NC II,With TR,MEDIUM,10,15,30,FRONT OFFICE SERVICES NC II
1680,REGION_VII,CEBU,"Cebu, District 2",TOURISM (HOTEL AND RESTAURANT),FOOD AND BEVERAGES,"COOK OR COMMIS, ASSISTANT COOK",FOOD PRODUCTION (BREAD AND PATISSERIE) NC II,With TR,HIGH,30,50,100,FOOD PRODUCTION (BREAD AND PATISSERIE) NC II
1681,REGION_VII,CEBU,"Cebu, District 2",TOURISM (HOTEL AND RESTAURANT),ACCOMMODATION,CUSTOMER SERVICE,HOUSEKEEPING NC II,With TR,HIGH,30,50,100,HOUSEKEEPING NC II
1682,REGION_VII,CEBU,"Cebu, District 2",TOURISM (HOTEL AND RESTAURANT),ACCOMMODATION,DOOR MAN,FRONT OFFICE SERVICES NC II,With TR,MEDIUM,10,15,30,FRONT OFFICE SERVICES NC II
1683,REGION_VII,CEBU,"Cebu, District 2",TOURISM (HOTEL AND RESTAURANT),FOOD AND BEVERAGES,FOOD SAFETY MANAGEMENT,NO CORRESPONDING TVET PROGRAM,New and Emerging,LOW,3,5,150,NO CORRESPONDING TVET PROGRAM
1684,REGION_VII,CEBU,"Cebu, District 2",TOURISM (HOTEL AND RESTAURANT),FOOD AND BEVERAGES,FRONT DESK /FRONT LINERS,FOOD AND BEVERAGE SERVICES NC II,With TR,HIGH,30,50,100,FOOD AND BEVERAGE SERVICES NC II
1685,REGION_VII,CEBU,"Cebu, District 2",TOURISM (HOTEL AND RESTAURANT),ACCOMMODATION,FRONT OFFICE MANAGER,FRONT OFFICE SERVICES NC II,With TR,MEDIUM,10,15,30,FRONT OFFICE SERVICES NC II
1686,REGION_VII,CEBU,"Cebu, District 2",TOURISM (HOTEL AND RESTAURANT),ACCOMMODATION,GUEST RELATION OFFICER,FRONT OFFICE SERVICES NC II,With TR,MEDIUM,10,15,30,FRONT OFFICE SERVICES NC II
1687,REGION_VII,CEBU,"Cebu, District 2",TOURISM (HOTEL AND RESTAURANT),ACCOMMODATION,HANDYMAN,NO CORRESPONDING TVET PROGRAM,New and Emerging,LOW,3,5,150,NO CORRESPONDING TVET PROGRAM
1688,REGION_VII,CEBU,"Cebu, District 2",TOURISM (HOTEL AND RESTAURANT),ACCOMMODATION,HOUSEKEEPER / SECTION HEAD,FRONT OFFICE SERVICES NC II,With TR,MEDIUM,10,15,30,FRONT OFFICE SERVICES NC II
1689,REGION_VII,CEBU,"Cebu, District 2",TOURISM (HOTEL AND RESTAURANT),FOOD AND BEVERAGES,KITCHEN MECHANICS,COOKERY NC II,With TR,HIGH,30,50,100,COOKERY NC II
1690,REGION_VII,CEBU,"Cebu, District 2",TOURISM (HOTEL AND RESTAURANT),FOOD AND BEVERAGES,"KITCHEN SUPERVISOR, HEAD CHEF, BANQUET HEAD COOK/CHEF",FOOD PRODUCTION (PROFESSIONAL COOKERY) NC III,With TR,LOW,3,5,150,FOOD PRODUCTION (PROFESSIONAL COOKERY) NC III
1691,REGION_VII,CEBU,"Cebu, District 2",TOURISM (HOTEL AND RESTAURANT),ACCOMMODATION,LAUNDRY TECHNICIANS,HOUSEKEEPING NC II,With TR,HIGH,30,50,100,HOUSEKEEPING NC II
1692,REGION_VII,CEBU,"Cebu, District 2",TOURISM (HOTEL AND RESTAURANT),ACCOMMODATION,LINEN ATTENDANT,HOUSEKEEPING NC II,With TR,HIGH,30,50,100,HOUSEKEEPING NC II
1693,REGION_VII,CEBU,"Cebu, District 2",TOURISM (HOTEL AND RESTAURANT),ACCOMMODATION,RESERVATION CLERK,FRONT OFFICE SERVICES NC II,With TR,MEDIUM,10,15,30,FRONT OFFICE SERVICES NC II
1694,REGION_VII,CEBU,"Cebu, District 2",TOURISM (HOTEL AND RESTAURANT),ACCOMMODATION,ROOM ATTENDANT/ HOUSEKEEPING SPECIALIST,HOUSEKEEPING NC II,With TR,HIGH,30,50,100,HOUSEKEEPING NC II
1695,REGION_VII,CEBU,"Cebu, District 2",TOURISM (HOTEL AND RESTAURANT),FOOD AND BEVERAGES,SERVICE ATTENDANTS ,CUSTOMER SERVICES NC II,With TR,LOW,3,5,150,CUSTOMER SERVICES NC II
1696,REGION_VII,CEBU,"Cebu, District 2",TOURISM (HOTEL AND RESTAURANT),FOOD AND BEVERAGES,SERVICE CREW / FOOD ATTENDANTS / FB PRODUCTION / WAITER / WAITRESS,COOKERY NC II,With TR,HIGH,30,50,100,COOKERY NC II
1697,REGION_VII,CEBU,"Cebu, District 2",TOURISM (HOTEL AND RESTAURANT),FOOD AND BEVERAGES,"SOUS CHEF, EXECUTIVE SOUS CHEF",FOOD PRODUCTION (PROFESSIONAL COOKERY) NC IV,With TR,LOW,3,5,150,FOOD PRODUCTION (PROFESSIONAL COOKERY) NC IV
1698,REGION_VII,CEBU,"Cebu, District 2",TOURISM (HOTEL AND RESTAURANT),ACCOMMODATION,STEWARDS ,FRONT OFFICE SERVICES NC II,With TR,MEDIUM,10,15,30,FRONT OFFICE SERVICES NC II
1699,REGION_VII,CEBU,"Cebu, District 2",TOURISM (HOTEL AND RESTAURANT),ACCOMMODATION,TELEPHONE OPERATOR,CUSTOMER SERVICES NC II,With TR,LOW,3,5,150,CUSTOMER SERVICES NC II
1700,REGION_VII,CEBU,"Cebu, District 2",TOURISM (HOTEL AND RESTAURANT),ACCOMMODATION,THERMAL CLEANER,NO CORRESPONDING TVET PROGRAM,With TR,LOW,3,5,150,NO CORRESPONDING TVET PROGRAM
1701,REGION_VII,CEBU,"Cebu, District 2",TOURISM (HOTEL AND RESTAURANT),TRAVEL AND TOUR,TOUR GUIDING,TOUR GUIDING SERVICES NC III,With TR,LOW,3,5,150,TOUR GUIDING SERVICES NC III
1702,REGION_VII,CEBU,"Cebu, District 2",TOURISM (HOTEL AND RESTAURANT),TRAVEL AND TOURS,TOUR PACKAGING STAFF,TOUR PACKAGING (FIT AD HOC DOMESTIC) SERVICES NC II,With TR,LOW,3,5,150,TOUR PACKAGING (FIT AD HOC DOMESTIC) SERVICES NC II
1703,REGION_VII,CEBU,"Cebu, District 2",TOURISM (HOTEL AND RESTAURANT),ACCOMMODATION,UPHOLSTERY CLEANER,HOUSEKEEPING NC II,With TR,HIGH,30,50,100,HOUSEKEEPING NC II
1708,REGION_VII,CEBU,"Cebu, District 2",CONSTRUCTION,"VERTICAL CONSTRUCTION
HORIZONTAL CONSTRUCTION
INDUSTRY/INDUSTRIAL CONSTRUCTION
RESIDENTIAL CONSTRUCTION",DRAFTSMAN,TECHNICAL DRAFTING NC II,With TR,LOW,3,5,150,TECHNICAL DRAFTING NC II
1709,REGION_VII,CEBU,"Cebu, District 2",MANUFACTURING,ELECTRICAL AND ELECTRONICS," _x000D_
 	_x000D_
MECHATRONICS AND AUTOMATION TECHNICIAN",MECHATRONICS SERVICING NC II,With TR,LOW,3,5,150,MECHATRONICS SERVICING NC II
1792,REGION_VII,CEBU,"Cebu, District 2",MANUFACTURING,METALS AND ENGINEERING,INSTRUMENTATION TECHNICIAN,DIPLOMA PROGRAM IN MECHANICAL ENGINEERING TECHNOLOGY,Diploma Programs,LOW,3,5,150,DIPLOMA PROGRAM IN MECHANICAL ENGINEERING TECHNOLOGY
1793,REGION_VII,CEBU,"Cebu, District 2",MANUFACTURING,ELECTRICAL AND ELECTRONICS,RESIDENTIAL/COMMERCIAL WIRING TECHNICIAN,DIPLOMA PROGRAM IN ELECTRICAL ENGINEERING TECHNOLOGY,Diploma Programs,LOW,3,5,150,DIPLOMA PROGRAM IN ELECTRICAL ENGINEERING TECHNOLOGY
1794,REGION_VII,CEBU,"Cebu, District 2",MANUFACTURING,ELECTRICAL AND ELECTRONICS,INDUSTRIAL ELECTRONIC TECHNICIAN,DIPLOMA PROGRAM IN ELECTRONICS ENGINEERING TECHNOLOGY,Diploma Programs,LOW,3,5,150,DIPLOMA PROGRAM IN ELECTRONICS ENGINEERING TECHNOLOGY
1795,REGION_VII,CEBU,"Cebu, District 2",TOURISM (HOTEL AND RESTAURANT),ACCOMMODATION,HOTEL MANAGER,DIPLOMA PROGRAM IN HOTEL AND RESTAURANT TECHNOLOGY,Diploma Programs,LOW,3,5,150,DIPLOMA PROGRAM IN HOTEL AND RESTAURANT TECHNOLOGY
1797,REGION_VII,CEBU,"Cebu, District 2",CONSTRUCTION,"HORIZONTAL CONSTRUCTION, INDUSTRIAL CONSTRUCTION, EQUIPMENT OPERATIONS AND MAINTENANCE",BULLDOZER OPERATOR,HEAVY EQUIPMENT OPERATION (BULLDOZER) NC II,With TR,LOW,3,5,150,HEAVY EQUIPMENT OPERATION (BULLDOZER) NC II
1798,REGION_VII,CEBU,"Cebu, District 2",CONSTRUCTION,"HORIZONTAL CONSTRUCTION, RESIDENTIAL CONSTRUCTION, INDUSTRIAL CONSTRUCTION"," _x000D_
 	_x000D_
PV SYSTEMS INSTALLATION TECHNICIAN",PV SYSTEMS INSTALLATION NC II,With TR,MEDIUM,10,15,30,PV SYSTEMS INSTALLATION NC II
1807,REGION_VII,CEBU,"Cebu, District 2",TOURISM (HOTEL AND RESTAURANT),"MICE (MEETINGS, INCENTIVES, CONFERENCES, AND EXHIBITIONS)","SENIOR MICE COORDINATOR , SENIOR SPECIAL EVENTS COORDINATOR",EVENTS MANAGEMENT SERVICES NC III,With TR,HIGH,30,50,100,EVENTS MANAGEMENT SERVICES NC III
1808,REGION_VII,CEBU,"Cebu, District 2",CONSTRUCTION,"HORIZONTAL CONSTRUCTION, INDUSTRIAL CONSTRUCTION, EQUIPMENT OPERATIONS AND MAINTENANCE","MASONRY TECHNICIAN, PLUMBING TECHNICIAN, TECHNICAL DRAFTSMAN, REINFORCING STEELWORKS TECHNICIAN, PAINTING TECHNICIAN, TILE SETTING TECHNICIAN, CARPENTRY, TECHNICIAN, SCAFFOLDING AND FORMWORKS TECHNICIAN, CIVIL ENGINEERING TECHNOLOGIST",DIPLOMA PROGRAM IN CIVIL ENGINEERING TECHNOLOGY,Diploma Programs,LOW,3,5,150,DIPLOMA PROGRAM IN CIVIL ENGINEERING TECHNOLOGY
1809,REGION_VII,CEBU,"Cebu, District 2",CONSTRUCTION,"HORIZONTAL CONSTRUCTION, INDUSTRIAL CONSTRUCTION, EQUIPMENT OPERATIONS AND MAINTENANCE","▪ BUILDING INSPECTOR ▪ CIVIL ENGINEERING DESIGN TECHNOLOGIST ▪ MATERIALS TESTING TECHNOLOGIST. ▪ CONSTRUCTION COORDINATOR, FOREMAN, OR SUPERINTENDENT ▪ ESTIMATOR ▪ TECHNICAL REPRESENTATIVE ▪ FIELD TECHNICAL ASSISTANT ▪ DRAFTSMAN/CAD OPERATOR ▪ REBAR FIXER ▪ BUILDING ELECTRICIAN ▪ BRICK LAYER/MASON ▪ PLUMBER",DIPLOMA PROGRAM IN CIVIL ENGINEERING TECHNOLOGY,Diploma Programs,MEDIUM,10,15,30,DIPLOMA PROGRAM IN CIVIL ENGINEERING TECHNOLOGY
1814,REGION_VII,CEBU,"Cebu, District 2",TOURISM (HOTEL AND RESTAURANT),TRAVEL AND TOURS,"1.TOURISM OPERATIONS COORDINATOR
2.TRAVEL CONSULTANT/TOUR PLANNER/TRAVEL SALES EXECUTIVE/TOUR COORDINATOR/TOUR OPERATIONS ASSISTANT                                                                  
3.TOUR GUIDE/TOUR LEADER/TOUR COORDINATOR
4.TOURISM MARKETING OFFICER/SALES EXECUTIVE FOR TOURISM/DESTINATION MARKETING COORDINATOR
5.EVENT COORDINATOR/CATERING MANAGER
6.ECO-TOURISM COORDINATOR/SUSTAINABLE TOURISM OFFICER/NATURE TOUR GUIDE/ENVIRONMENTAL EDUCATION 
7.MICE COORDINATOR/CONFERENCE ORGANIZER
8.CRUISE OPERATIONS COORDINATOR/ADVENTURE TOUR GUIDE/CRUISE MANAGER/OUTDOOR ACTIVITY 
",DIPLOMA PROGRAM IN TOURISM MANAGEMENT,Diploma Programs,LOW,3,5,150,DIPLOMA PROGRAM IN TOURISM MANAGEMENT
1815,REGION_VII,CEBU,"Cebu, District 2",TOURISM (HOTEL AND RESTAURANT),ACCOMMODATION,"1.FOOD AND BEVERAGE ATTENDANT / SERVER / BARTENDER / BARISTA /WAITSTAFF /F&B DIRECTOR/F&B OUTLET MANAGER                                                    _x000D_
2.HOTEL RECEPTIONIST/FRONT DESK AGENT_x000D_
3.GUEST SERVICES ASSOCIATE /HOTEL RECEPTIONIST/FRONT DESK AGENT_x000D_
4.ROOM ATTENDANT / HOUSEKEEPING ATTENDANT/PUBLIC AREA CLEANER_x000D_
5.EVENT COORDINATOR/EVENT ASSISTANT_x000D_
                                                   _x000D_
",DIPLOMA PROGRAM IN HOSPITALITY MANAGEMENT,Diploma Programs,LOW,3,5,150,DIPLOMA PROGRAM IN HOSPITALITY MANAGEMENT
1843,REGION_VII,CEBU,"Cebu, District 3",CONSTRUCTION,HORIZONTAL CONSTRUCTION VERTICAL CONSTRUCTION INDUSTRIAL CONSTRUCTION," _x000D_
 	_x000D_
CARBON STEEL PLATE/ PIPE WELDER ",MANUAL METAL ARC WELDING (MMAW) NC I,With TR,HIGH,30,50,100,MANUAL METAL ARC WELDING (MMAW) NC I
1844,REGION_VII,CEBU,"Cebu, District 3",CONSTRUCTION,HORIZONTAL CONSTRUCTION VERTICAL CONSTRUCTION INDUSTRIAL CONSTRUCTION," _x000D_
 	_x000D_
CARBON STEEL PLATE/ PIPE WELDER ",MANUAL METAL ARC WELDING (MMAW) NC III,With TR,HIGH,30,50,100,MANUAL METAL ARC WELDING (MMAW) NC III
1845,REGION_VII,CEBU,"Cebu, District 3",CONSTRUCTION,HORIZONTAL CONSTRUCTION VERTICAL CONSTRUCTION INDUSTRIAL CONSTRUCTION," _x000D_
 	_x000D_
CARBON STEEL PLATE/ PIPE WELDER ",MANUAL METAL ARC WELDING (MMAW) NC IV,With TR,MEDIUM,10,15,30,MANUAL METAL ARC WELDING (MMAW) NC IV
1846,REGION_VII,CEBU,"Cebu, District 3",CONSTRUCTION,HORIZONTAL CONSTRUCTION VERTICAL CONSTRUCTION INDUSTRIAL CONSTRUCTION," _x000D_
 	_x000D_
GAS (OXY-ACETYLENE) WELDER",GAS WELDING NC II,With TR,MEDIUM,10,15,30,GAS WELDING NC II
1847,REGION_VII,CEBU,"Cebu, District 3",CONSTRUCTION,HORIZONTAL CONSTRUCTION VERTICAL CONSTRUCTION," _x000D_
 	_x000D_
TRUCK MOUNTED CRANE OPERATOR",HEAVY EQUIPMENT OPERATION (TRUCK MOUNTED CRANE) NC III,With TR,LOW,3,5,150,HEAVY EQUIPMENT OPERATION (TRUCK MOUNTED CRANE) NC III
1848,REGION_VII,CEBU,"Cebu, District 3",CONSTRUCTION,RESIDENTIAL CONSTRUCTION VERTICAL CONSTRUCTION HORIZONTAL CONTRUCTN,AIRCON INSTALLER (COMMERCIAL/ INDUSTRIAL),RAC SERVICING (DOMRAC) NC II,With TR,LOW,3,5,150,RAC SERVICING (DOMRAC) NC II
1849,REGION_VII,CEBU,"Cebu, District 3",CONSTRUCTION,RESIDENTIAL CONSTRUCTION VERTICAL CONSTRUCTION HORIZONTAL CONTRUCTN,AIRCON INSTALLER (COMMERCIAL/ INDUSTRIAL),RAC SERVICING (DOMRAC) NC II,With TR,LOW,3,5,150,RAC SERVICING (DOMRAC) NC II
1850,REGION_VII,CEBU,"Cebu, District 3",CONSTRUCTION,"VERTICAL CONSTRUCTION HORIZONTAL CONSTRUCTION RESIDENTIAL CONSTRUCTION
",AIRLESS PAINTER,CONSTRUCTION PAINTING NC II,With TR,LOW,3,5,150,CONSTRUCTION PAINTING NC II
1851,REGION_VII,CEBU,"Cebu, District 3",CONSTRUCTION,"VERTICAL CONSTRUCTION HORIZONTAL CONSTRUCTION RESIDENTIAL CONSTRUCTION
",AIRLESS PAINTER,CONSTRUCTION PAINTING NC II,With TR,LOW,3,5,150,CONSTRUCTION PAINTING NC II
1852,REGION_VII,CEBU,"Cebu, District 3",CONSTRUCTION,RESIDENTIAL CONSTRUCTION VERTICAL CONSTRUCTION,CARPENTRY (FINISHING & WOODWORKING),CARPENTRY NC II,With TR,HIGH,30,50,100,CARPENTRY NC II
1853,REGION_VII,CEBU,"Cebu, District 3",CONSTRUCTION,RESIDENTIAL CONSTRUCTION VERTICAL CONSTRUCTION,CARPENTRY (FINISHING & WOODWORKING),CARPENTRY NC II,With TR,HIGH,30,50,100,CARPENTRY NC II
1854,REGION_VII,CEBU,"Cebu, District 3",CONSTRUCTION,VERTICAL CONSTRUCTION INDUSTRIAL CONSTRUCTION RESIDENTIAL CONSTRUCTION HORIZONTAL CONSTRUCTION DIRECT WORKERS,CARPENTRY (FINISHING),CARPENTRY NC II,With TR,HIGH,30,50,100,CARPENTRY NC II
1855,REGION_VII,CEBU,"Cebu, District 3",CONSTRUCTION,VERTICAL CONSTRUCTION INDUSTRIAL CONSTRUCTION RESIDENTIAL CONSTRUCTION HORIZONTAL CONSTRUCTION DIRECT WORKERS,CARPENTRY (ROUGH),CARPENTRY NC II,With TR,HIGH,30,50,100,CARPENTRY NC II
1856,REGION_VII,CEBU,"Cebu, District 3",CONSTRUCTION,HORIZONTAL CONSTRUCTION VERTICAL CONSTRUCTION INDUSTRIAL CONSTRUCTION,CIVIL ENGINEERING ASSOCIATE,DIPLOMA PROGRAM IN CIVIL ENGINEERING TECHNOLOGY,Diploma Programs,LOW,3,5,150,DIPLOMA PROGRAM IN CIVIL ENGINEERING TECHNOLOGY
1857,REGION_VII,CEBU,"Cebu, District 3",CONSTRUCTION,EQUIPMENT OPERATORS AND MAINTENANCE DIRECT WORKERS       ,CONCRETE PUMP OPERATOR,NO CORRESPONDING TVET PROGRAM,New and Emerging,LOW,3,5,150,NO CORRESPONDING TVET PROGRAM
1858,REGION_VII,CEBU,"Cebu, District 3",CONSTRUCTION,RESIDENTIAL CONSTRUCTION VERTICAL CONSTRUCTION HORIZONTAL DIRECT WORKERS,CONSTRUCTION ASSISTANT (HOUSEKEEPING),NO CORRESPONDING TVET PROGRAM,New and Emerging,LOW,3,5,150,NO CORRESPONDING TVET PROGRAM
1859,REGION_VII,CEBU,"Cebu, District 3",CONSTRUCTION,RESIDENTIAL CONSTRUCTION VERTICAL CONSTRUCTION HORIZONTAL DIRECT WORKERS,CONSTRUCTION ASSISTANT (HOUSEKEEPING),NO CORRESPONDING TVET PROGRAM,New and Emerging,LOW,3,5,150,NO CORRESPONDING TVET PROGRAM
1860,REGION_VII,CEBU,"Cebu, District 3",CONSTRUCTION,"VERTICAL CONSTRUCTION HORIZONTAL CONSTRUCTION RESIDENTIAL CONSTRUCTION INDUSTRIAL CONSTRUCTION
",CONSTRUCTION PAINTER (APPLICATION),CONSTRUCTION PAINTING NC II,With TR,MEDIUM,10,15,30,CONSTRUCTION PAINTING NC II
1861,REGION_VII,CEBU,"Cebu, District 3",CONSTRUCTION,"VERTICAL CONSTRUCTION HORIZONTAL CONSTRUCTION RESIDENTIAL CONSTRUCTION INDUSTRIAL CONSTRUCTION
",CONSTRUCTION PAINTER (APPLICATION),CONSTRUCTION PAINTING NC II,With TR,MEDIUM,10,15,30,CONSTRUCTION PAINTING NC II
1862,REGION_VII,CEBU,"Cebu, District 3",CONSTRUCTION,"VERTICAL CONSTRUCTION HORIZONTAL CONSTRUCTION RESIDENTIAL CONSTRUCTION INDUSTRIAL CONSTRUCTION
","CONSTRUCTION PAINTER (REPAIR AND ARTISTIC APPLICATION, MIXING))",CONSTRUCTION PAINTING NC II,With TR,LOW,3,5,150,CONSTRUCTION PAINTING NC II
1863,REGION_VII,CEBU,"Cebu, District 3",CONSTRUCTION,"VERTICAL CONSTRUCTION HORIZONTAL CONSTRUCTION RESIDENTIAL CONSTRUCTION INDUSTRIAL CONSTRUCTION
","CONSTRUCTION PAINTER (REPAIR AND ARTISTIC APPLICATION, MIXING))",TILE SETTING NC II,With TR,LOW,3,5,150,TILE SETTING NC II
1864,REGION_VII,CEBU,"Cebu, District 3",CONSTRUCTION,HORIZONTAL CONSTRUCTION VERTICAL CONSTRUCTION INDUSTRIAL CONSTRUCTION,CONSTRUCTION SITE SUPERVISOR,CONSTRUCTION SITE SUPERVISION LEVEL IV,With CS,MEDIUM,10,15,30,CONSTRUCTION SITE SUPERVISION LEVEL IV
1865,REGION_VII,CEBU,"Cebu, District 3",CONSTRUCTION,HORIZONTAL CONSTRUCTION VERTICAL CONSTRUCTION INDUSTRIAL CONSTRUCTION,CONSTRUCTION TRADE SUPERVISOR,CONSTRUCTION TRADE SUPERVISION LEVEL IV,With CS,MEDIUM,10,15,30,CONSTRUCTION TRADE SUPERVISION LEVEL IV
1866,REGION_VII,CEBU,"Cebu, District 3",CONSTRUCTION,HORIZONTAL CONSTRUCTION VERTICAL CONSTRUCTION,CRAWLER CRANE OPERATOR,HEAVY EQUIPMENT OPERATION (CRAWLER CRANE) NC III,With TR,LOW,3,5,150,HEAVY EQUIPMENT OPERATION (CRAWLER CRANE) NC III
1867,REGION_VII,CEBU,"Cebu, District 3",CONSTRUCTION,RESIDENTIAL CONSTRUCTION VERTICAL CONSTRUCTION INDUSTRIAL,DRY WALL AND CEILING INSTALLER,CARPENTRY NC II,With TR,HIGH,30,50,100,CARPENTRY NC II
1868,REGION_VII,CEBU,"Cebu, District 3",CONSTRUCTION,"VERTICAL CONSTRUCTION HORIZONTAL CONSTRUCTION RESIDENTIAL CONSTRUCTION INDUSTRIAL CONSTRUCTION
",DRY WALL AND CEILING INSTALLER,CARPENTRY NC III,With TR,LOW,3,5,150,CARPENTRY NC III
1869,REGION_VII,CEBU,"Cebu, District 3",CONSTRUCTION,RESIDENTIAL CONSTRUCTION VERTICAL CONSTRUCTION INDUSTRIAL,DRY WALL AND CEILING INSTALLER,CARPENTRY NC II,With TR,HIGH,30,50,100,CARPENTRY NC II
1870,REGION_VII,CEBU,"Cebu, District 3",CONSTRUCTION,"VERTICAL CONSTRUCTION HORIZONTAL CONSTRUCTION RESIDENTIAL CONSTRUCTION INDUSTRIAL CONSTRUCTION
",DRY WALL AND CEILING INSTALLER,CARPENTRY NC III,With TR,LOW,3,5,150,CARPENTRY NC III
1871,REGION_VII,CEBU,"Cebu, District 3",CONSTRUCTION,"DIRECT WORKER EQUIPMENT OPERATORS AND MAINTENANCE VERTICAL CONSTRUCTION HORIZONTAL CONSTRUCTION RESIDENTIAL CONSTRUCTION
",DUMPTRUCK OPERATOR,HEAVY EQUIPMENT OPERATION (RIGID ON-HIGHWAY DUMP TRUCK) NC II,With TR,LOW,3,5,150,HEAVY EQUIPMENT OPERATION (RIGID ON-HIGHWAY DUMP TRUCK) NC II
1872,REGION_VII,CEBU,"Cebu, District 3",CONSTRUCTION,RESIDENTIAL CONSTRUCTION VERTICAL CONSTRUCTION HORIZONTAL CONTRUCTN,ELECTRICIAN (COMMERCIAL AND INDUSTRIAL BUILDING),ELECTRICAL INSTALLATION AND MAINTENANCE NC III,With TR,MEDIUM,10,15,30,ELECTRICAL INSTALLATION AND MAINTENANCE NC III
1873,REGION_VII,CEBU,"Cebu, District 3",CONSTRUCTION,RESIDENTIAL CONSTRUCTION VERTICAL CONSTRUCTION HORIZONTAL CONTRUCTN,ELECTRICIAN (COMMERCIAL AND INDUSTRIAL BUILDING),ELECTRICAL INSTALLATION AND MAINTENANCE NC III,With TR,MEDIUM,10,15,30,ELECTRICAL INSTALLATION AND MAINTENANCE NC III
1874,REGION_VII,CEBU,"Cebu, District 3",CONSTRUCTION,RESIDENTIAL CONSTRUCTION VERTICAL CONSTRUCTION HORIZONTAL CONTRUCTN,ELEVATOR INSTALLER,ELECTRICAL INSTALLATION AND MAINTENANCE NC III,With TR,LOW,3,5,150,ELECTRICAL INSTALLATION AND MAINTENANCE NC III
1875,REGION_VII,CEBU,"Cebu, District 3",CONSTRUCTION,RESIDENTIAL CONSTRUCTION VERTICAL CONSTRUCTION HORIZONTAL CONTRUCTN,ELEVATOR INSTALLER,ELECTRICAL INSTALLATION AND MAINTENANCE NC III,With TR,LOW,3,5,150,ELECTRICAL INSTALLATION AND MAINTENANCE NC III
1876,REGION_VII,CEBU,"Cebu, District 3",CONSTRUCTION,VERTICAL CONSTRUCTION HORIZONTAL CONTRUCTN,FDAS TECHNICIAN,ELECTRICAL INSTALLATION AND MAINTENANCE NC II,With TR,HIGH,30,50,100,ELECTRICAL INSTALLATION AND MAINTENANCE NC II
1877,REGION_VII,CEBU,"Cebu, District 3",CONSTRUCTION,HORIZONTAL CONSTRUCTION,FDAS TECHNICIAN ,ELECTRICAL INSTALLATION AND MAINTENANCE NC II,With TR,HIGH,30,50,100,ELECTRICAL INSTALLATION AND MAINTENANCE NC II
1878,REGION_VII,CEBU,"Cebu, District 3",CONSTRUCTION,VERTICAL CONSTRUCTION RESIDENTIAL CONSTRUCTION,FINISHING MASON,MASONRY NC III,With TR,LOW,3,5,150,MASONRY NC III
1879,REGION_VII,CEBU,"Cebu, District 3",CONSTRUCTION,HORIZONTAL CONSTRUCTION VERTICAL CONSTRUCTION,FORKLIFT OPERATOR,HEAVY EQUIPMENT OPERATION (FORKLIFT) NC II,With TR,LOW,3,5,150,HEAVY EQUIPMENT OPERATION (FORKLIFT) NC II
1880,REGION_VII,CEBU,"Cebu, District 3",CONSTRUCTION,"VERTICAL CONSTRUCTION HORIZONTAL CONSTRUCTION RESIDENTIAL CONSTRUCTION INDUSTRIAL CONSTRUCTION
",GLASS INSTALLER (GLAZING WORKS),NO CORRESPONDING TVET PROGRAM,New and Emerging,LOW,3,5,150,NO CORRESPONDING TVET PROGRAM
1881,REGION_VII,CEBU,"Cebu, District 3",CONSTRUCTION,"VERTICAL CONSTRUCTION HORIZONTAL CONSTRUCTION RESIDENTIAL CONSTRUCTION INDUSTRIAL CONSTRUCTION
",GLASS INSTALLER (GLAZING WORKS),NO CORRESPONDING TVET PROGRAM,New and Emerging,LOW,3,5,150,NO CORRESPONDING TVET PROGRAM
1882,REGION_VII,CEBU,"Cebu, District 3",CONSTRUCTION,"VERTICAL CONSTRUCTION HORIZONTAL CONSTRUCTION RESIDENTIAL CONSTRUCTION
DIRECTO WORKERS CORPORATE SUPPORT",HEO BACKHOE LOADER,HEAVY EQUIPMENT OPERATION (BACKHOE LOADER) NC II,With TR,LOW,3,5,150,HEAVY EQUIPMENT OPERATION (BACKHOE LOADER) NC II
1883,REGION_VII,CEBU,"Cebu, District 3",CONSTRUCTION,"VERTICAL CONSTRUCTION HORIZONTAL CONSTRUCTION RESIDENTIAL CONSTRUCTION
DIRECT WORKERS CORPORATE SUPPORT",HEO EXCAVATOR,HEAVY EQUIPMENT OPERATION (HYDRAULIC EXCAVATOR) NC II,With TR,LOW,3,5,150,HEAVY EQUIPMENT OPERATION (HYDRAULIC EXCAVATOR) NC II
1884,REGION_VII,CEBU,"Cebu, District 3",CONSTRUCTION,EQUIPMENT OPERATORS AND MAINTENANCE,HEO TOWER CRANE OPERATOR,HEAVY EQUIPMENT OPERATION (TOWER CRANE) NC III,With TR,LOW,3,5,150,HEAVY EQUIPMENT OPERATION (TOWER CRANE) NC III
1885,REGION_VII,CEBU,"Cebu, District 3",CONSTRUCTION,"VERTICAL CONSTRUCTION HORIZONTAL CONSTRUCTION RESIDENTIAL CONSTRUCTION INDUSTRIAL CONSTRUCTION
",LAMINATE INSTALLER,CARPENTRY NC II,With TR,HIGH,30,50,100,CARPENTRY NC II
1886,REGION_VII,CEBU,"Cebu, District 3",CONSTRUCTION,"VERTICAL CONSTRUCTION HORIZONTAL CONSTRUCTION RESIDENTIAL CONSTRUCTION INDUSTRIAL CONSTRUCTION
",LAMINATE INSTALLER,CARPENTRY NC II,With TR,HIGH,30,50,100,CARPENTRY NC II
1887,REGION_VII,CEBU,"Cebu, District 3",CONSTRUCTION,DIRECT WORKERS VERTICAL INDUSTRIAL HORIZONTAL ,MASONRY (FINISHING),MASONRY NC II,With TR,HIGH,30,50,100,MASONRY NC II
1888,REGION_VII,CEBU,"Cebu, District 3",CONSTRUCTION,RESIDENTIAL CONSTRUCTION VERTICAL CONSTRUCTION,MASONRY (FINISHING),MASONRY NC I,With TR,HIGH,30,50,100,MASONRY NC I
1889,REGION_VII,CEBU,"Cebu, District 3",CONSTRUCTION,RESIDENTIAL CONSTRUCTION VERTICAL CONSTRUCTION,MASONRY (FINISHING),MASONRY NC I,With TR,HIGH,30,50,100,MASONRY NC I
1890,REGION_VII,CEBU,"Cebu, District 3",CONSTRUCTION,RESIDENTIAL CONSTRUCTION VERTICAL CONSTRUCTION,MASONRY (FINISHING),MASONRY NC I,With TR,HIGH,30,50,100,MASONRY NC I
1891,REGION_VII,CEBU,"Cebu, District 3",CONSTRUCTION,DIRECT WORKERS VERTICAL INDUSTRIAL HORIZONTAL ,MASONRY (ROUGH CONCRETE),MASONRY NC I,With TR,HIGH,30,50,100,MASONRY NC I
1892,REGION_VII,CEBU,"Cebu, District 3",CONSTRUCTION,"DIRECT WORKER EQUIPMENT OPERATORS AND MAINTENANCE VERTICAL CONSTRUCTION INDUSTRIAL CONSTRUCTION
",MOBILE CRANE OPERATOR,HEAVY EQUIPMENT OPERATION (ROUGH TERRAIN CRANE) NC III,With TR,LOW,3,5,150,HEAVY EQUIPMENT OPERATION (ROUGH TERRAIN CRANE) NC III
1893,REGION_VII,CEBU,"Cebu, District 3",CONSTRUCTION,"HORIZONTAL CONSTRUCTION
",MOTOR GRADER OPERATOR,HEAVY EQUIPMENT OPERATION (MOTOR GRADER) NC II,With TR,LOW,3,5,150,HEAVY EQUIPMENT OPERATION (MOTOR GRADER) NC II
1894,REGION_VII,CEBU,"Cebu, District 3",CONSTRUCTION,HORIZONTAL CONSTRUCTION VERTICAL CONSTRUCTION,OFF-HIGHWAY DUMP TRUCK (RIGID) OPERATOR,HEAVY EQUIPMENT OPERATION (RIGID OFF-HIGHWAY DUMP TRUCK) NC II,With TR,LOW,3,5,150,HEAVY EQUIPMENT OPERATION (RIGID OFF-HIGHWAY DUMP TRUCK) NC II
1895,REGION_VII,CEBU,"Cebu, District 3",CONSTRUCTION,RESIDENTIAL CONSTRUCTION VERTICAL CONSTRUCTION HORIZONTAL DIRECT WORKERS,PAINTER,CONSTRUCTION PAINTING NC II,With TR,MEDIUM,10,15,30,CONSTRUCTION PAINTING NC II
1896,REGION_VII,CEBU,"Cebu, District 3",CONSTRUCTION,RESIDENTIAL CONSTRUCTION VERTICAL CONSTRUCTION HORIZONTAL DIRECT WORKERS,PAINTER,CONSTRUCTION PAINTING NC II,With TR,MEDIUM,10,15,30,CONSTRUCTION PAINTING NC II
1897,REGION_VII,CEBU,"Cebu, District 3",CONSTRUCTION,HORIZONTAL CONSTRUCTION VERTICAL CONSTRUCTION,PAVER OPERATOR,HEAVY EQUIPMENT OPERATION (PAVER) NC II,With TR,LOW,3,5,150,HEAVY EQUIPMENT OPERATION (PAVER) NC II
1898,REGION_VII,CEBU,"Cebu, District 3",CONSTRUCTION,RESIDENTIAL CONSTRUCTION VERTICAL CONSTRUCTION HORIZONTAL CONTRUCTN,PIPEFITTER,PLUMBING NC III,With TR,LOW,3,5,150,PLUMBING NC III
1899,REGION_VII,CEBU,"Cebu, District 3",CONSTRUCTION,RESIDENTIAL CONSTRUCTION VERTICAL CONSTRUCTION HORIZONTAL CONTRUCTN,PIPEFITTER,PLUMBING NC III,With TR,LOW,3,5,150,PLUMBING NC III
1900,REGION_VII,CEBU,"Cebu, District 3",CONSTRUCTION,VERTICAL CONSTRUCTION HORIZONTAL CONTRUCTN,PIPEFITTER (FIRE PROTECTION SYSTEM),PIPEFITTING (METALLIC) NC II,With TR,LOW,3,5,150,PIPEFITTING (METALLIC) NC II
1901,REGION_VII,CEBU,"Cebu, District 3",CONSTRUCTION,RESIDENTIAL CONSTRUCTION VERTICAL CONSTRUCTION HORIZONTAL CONTRUCTN,PIPEFITTER (FIRE PROTECTION SYSTEM),PIPEFITTING (METALLIC) NC II,With TR,LOW,3,5,150,PIPEFITTING (METALLIC) NC II
1902,REGION_VII,CEBU,"Cebu, District 3",CONSTRUCTION,VERTICAL CONSTRUCTION HORIZONTAL CONTRUCTN,PIPEFITTER (PUMP EQUIPMENT),PIPEFITTING (METALLIC) NC II,With TR,LOW,3,5,150,PIPEFITTING (METALLIC) NC II
1903,REGION_VII,CEBU,"Cebu, District 3",CONSTRUCTION,RESIDENTIAL CONSTRUCTION VERTICAL CONSTRUCTION HORIZONTAL CONTRUCTN,PIPEFITTER (PUMP EQUIPMENT),PIPEFITTING (METALLIC) NC II,With TR,LOW,3,5,150,PIPEFITTING (METALLIC) NC II
1904,REGION_VII,CEBU,"Cebu, District 3",CONSTRUCTION,RESIDENTIAL CONSTRUCTION VERTICAL CONSTRUCTION HORIZONTAL CONTRUCTN,PLUMBER,PLUMBING NC II,With TR,LOW,3,5,150,PLUMBING NC II
1905,REGION_VII,CEBU,"Cebu, District 3",CONSTRUCTION,RESIDENTIAL CONSTRUCTION VERTICAL CONSTRUCTION HORIZONTAL CONTRUCTN,PLUMBER,PLUMBING NC II,With TR,LOW,3,5,150,PLUMBING NC II
1906,REGION_VII,CEBU,"Cebu, District 3",CONSTRUCTION,"DIRECT WORKER EQUIPMENT OPERATORS AND MAINTENANCE VERTICAL CONSTRUCTION INDUSTRIAL CONSTRUCTION
",RIGGER,RIGGING NC I,With TR,LOW,3,5,150,RIGGING NC I
1907,REGION_VII,CEBU,"Cebu, District 3",CONSTRUCTION,"HORIZONTAL CONSTRUCTION
DIRECT WORKERS",ROAD ROLLER OPERATOR,HEAVY EQUIPMENT OPERATION (ROAD ROLLER) NC II,With TR,LOW,3,5,150,HEAVY EQUIPMENT OPERATION (ROAD ROLLER) NC II
1908,REGION_VII,CEBU,"Cebu, District 3",CONSTRUCTION,RESIDENTIAL CONSTRUCTION VERTICAL CONSTRUCTION INDUSTRIAL,ROOF INSTALLER,NO CORRESPONDING TVET PROGRAM,New and Emerging,LOW,3,5,150,NO CORRESPONDING TVET PROGRAM
1909,REGION_VII,CEBU,"Cebu, District 3",CONSTRUCTION,RESIDENTIAL CONSTRUCTION VERTICAL CONSTRUCTION INDUSTRIAL,ROOF INSTALLER,NO CORRESPONDING TVET PROGRAM,New and Emerging,LOW,3,5,150,NO CORRESPONDING TVET PROGRAM
1910,REGION_VII,CEBU,"Cebu, District 3",CONSTRUCTION,VERTICAL INDUSTRIAL RESIDENTIAL DIRECT WORKS,SCAFFOLDER,SCAFFOLDING WORKS NC II (SUPPORTED TYPE SCAFFOLD),With TR,MEDIUM,10,15,30,SCAFFOLDING WORKS NC II (SUPPORTED TYPE SCAFFOLD)
1911,REGION_VII,CEBU,"Cebu, District 3",CONSTRUCTION,RESIDENTIAL CONSTRUCTION VERTICAL CONSTRUCTION,SCAFFOLDER,NO CORRESPONDING TVET PROGRAM,New and Emerging,LOW,3,5,150,NO CORRESPONDING TVET PROGRAM
1912,REGION_VII,CEBU,"Cebu, District 3",CONSTRUCTION,RESIDENTIAL CONSTRUCTION VERTICAL CONSTRUCTION,SCAFFOLDER,NO CORRESPONDING TVET PROGRAM,New and Emerging,LOW,3,5,150,NO CORRESPONDING TVET PROGRAM
1913,REGION_VII,CEBU,"Cebu, District 3",CONSTRUCTION,VERTICAL INDUSTRIAL RESIDENTIAL PROJECT MANAGEMENT,"SCAFFOLDER (INSPECTION, QUALITY ASSURANCE)",NO CORRESPONDING TVET PROGRAM,New and Emerging,LOW,3,5,150,NO CORRESPONDING TVET PROGRAM
1914,REGION_VII,CEBU,"Cebu, District 3",CONSTRUCTION,RESIDENTIAL CONSTRUCTION VERTICAL CONSTRUCTION,"SCAFFOLDER (INSPECTION, QUALITY ASSURANCE)",SCAFFOLDING WORKS NC II (SUPPORTED TYPE SCAFFOLD),With TR,MEDIUM,10,15,30,SCAFFOLDING WORKS NC II (SUPPORTED TYPE SCAFFOLD)
1915,REGION_VII,CEBU,"Cebu, District 3",CONSTRUCTION,RESIDENTIAL CONSTRUCTION VERTICAL CONSTRUCTION,"SCAFFOLDER (INSPECTION, QUALITY ASSURANCE)",SCAFFOLDING WORKS NC II (SUPPORTED TYPE SCAFFOLD),With TR,MEDIUM,10,15,30,SCAFFOLDING WORKS NC II (SUPPORTED TYPE SCAFFOLD)
1916,REGION_VII,CEBU,"Cebu, District 3",CONSTRUCTION,RESIDENTIAL CONSTRUCTION VERTICAL CONSTRUCTION HORIZONTAL CONTRUCTN,SEALANT APPLICATOR,CONSTRUCTION PAINTING NC II,With TR,LOW,3,5,150,CONSTRUCTION PAINTING NC II
1917,REGION_VII,CEBU,"Cebu, District 3",CONSTRUCTION,RESIDENTIAL CONSTRUCTION VERTICAL CONSTRUCTION HORIZONTAL CONTRUCTN,SEALANT APPLICATOR,CONSTRUCTION PAINTING NC II,With TR,LOW,3,5,150,CONSTRUCTION PAINTING NC II
1918,REGION_VII,CEBU,"Cebu, District 3",CONSTRUCTION,HORIZONTAL CONSTRUCTION VERTICAL CONSTRUCTION INDUSTRIAL CONSTRUCTION,SENIOR PAINTER,CONSTRUCTION PAINTING NC III,With TR,LOW,3,5,150,CONSTRUCTION PAINTING NC III
1919,REGION_VII,CEBU,"Cebu, District 3",CONSTRUCTION,VERTICAL CONSTRUCTION RESIDENTIAL CONSTRUCTION,SPECIALIZED CARPENTER,CARPENTRY NC III,With TR,LOW,3,5,150,CARPENTRY NC III
1920,REGION_VII,CEBU,"Cebu, District 3",CONSTRUCTION,"VERTICAL CONSTRUCTION HORIZONTAL CONSTRUCTION RESIDENTIAL CONSTRUCTION
",STEELMAN,REINFORCING STEEL WORKS NC II,With TR,MEDIUM,10,15,30,REINFORCING STEEL WORKS NC II
1921,REGION_VII,CEBU,"Cebu, District 3",CONSTRUCTION,VERTICAL CONSTRUCTION HORIZONTAL CONSTRUCTION RESIDENTIAL CONSTRUCTION,SURVEY ASSISTANT,NO CORRESPONDING TVET PROGRAM,New and Emerging,LOW,3,5,150,NO CORRESPONDING TVET PROGRAM
1922,REGION_VII,CEBU,"Cebu, District 3",CONSTRUCTION,"VERTICAL CONSTRUCTION HORIZONTAL CONSTRUCTION RESIDENTIAL CONSTRUCTION
",SYSTEM FORWORKS INSTALLER,SYSTEM FORMWORKS INSTALLATION NC II,With TR,LOW,3,5,150,SYSTEM FORMWORKS INSTALLATION NC II
1923,REGION_VII,CEBU,"Cebu, District 3",CONSTRUCTION,HORIZONTAL CONSTRUCTION VERTICAL CONSTRUCTION INDUSTRIAL CONSTRUCTION,TIG PLATE WELDER,GAS TUNGSTEN ARC WELDING (GTAW) NC IV,With TR,MEDIUM,10,15,30,GAS TUNGSTEN ARC WELDING (GTAW) NC IV
1924,REGION_VII,CEBU,"Cebu, District 3",CONSTRUCTION,"VERTICAL CONSTRUCTION HORIZONTAL CONSTRUCTION RESIDENTIAL CONSTRUCTION INDUSTRIAL CONSTRUCTION
",TILE SETTING,TILE SETTING NC II,With TR,LOW,3,5,150,TILE SETTING NC II
1925,REGION_VII,CEBU,"Cebu, District 3",CONSTRUCTION,"VERTICAL CONSTRUCTION HORIZONTAL CONSTRUCTION RESIDENTIAL CONSTRUCTION INDUSTRIAL CONSTRUCTION
",TILE SETTING,TILE SETTING NC II,With TR,LOW,3,5,150,TILE SETTING NC II
1926,REGION_VII,CEBU,"Cebu, District 3",CONSTRUCTION,"DIRECT WORKER EQUIPMENT OPERATORS AND MAINTENANCE VERTICAL CONSTRUCTION INDUSTRIAL CONSTRUCTION
",TOWER CRANE OPERATOR,HEAVY EQUIPMENT OPERATION (TOWER CRANE) NC III,With TR,LOW,3,5,150,HEAVY EQUIPMENT OPERATION (TOWER CRANE) NC III
1927,REGION_VII,CEBU,"Cebu, District 3",CONSTRUCTION,VERTICAL INDUSTRIAL RESIDENTIAL DIRECT WORKS EQUIPMENT OPERATORS AND MAINTENANCE DIRECT WORKERS       ,TRANSIT MIXER,HEAVY EQUIPMENT OPERATION (TRANSIT MIXER) NC II,With TR,LOW,3,5,150,HEAVY EQUIPMENT OPERATION (TRANSIT MIXER) NC II
1928,REGION_VII,CEBU,"Cebu, District 3",CONSTRUCTION,HORIZONTAL CONSTRUCTION VERTICAL CONSTRUCTION INDUSTRIAL CONSTRUCTION,WAREHOUSEMAN (EXTERNAL),WAREHOUSING SERVICES NC II,With TR,LOW,3,5,150,WAREHOUSING SERVICES NC II
1929,REGION_VII,CEBU,"Cebu, District 3",CONSTRUCTION,HORIZONTAL CONSTRUCTION VERTICAL CONSTRUCTION INDUSTRIAL CONSTRUCTION,WAREHOUSEMAN (INTERNAL),WAREHOUSING SERVICES NC II,With TR,LOW,3,5,150,WAREHOUSING SERVICES NC II
1930,REGION_VII,CEBU,"Cebu, District 3",CONSTRUCTION,RESIDENTIAL CONSTRUCTION VERTICAL CONSTRUCTION,WATERPROOFER (SLABS),NO CORRESPONDING TVET PROGRAM,New and Emerging,LOW,3,5,150,NO CORRESPONDING TVET PROGRAM
1931,REGION_VII,CEBU,"Cebu, District 3",CONSTRUCTION,RESIDENTIAL CONSTRUCTION VERTICAL CONSTRUCTION,WATERPROOFER (SLABS),NO CORRESPONDING TVET PROGRAM,New and Emerging,LOW,3,5,150,NO CORRESPONDING TVET PROGRAM
1932,REGION_VII,CEBU,"Cebu, District 3",CONSTRUCTION,VERTICAL HORIZONTAL,WATERPROOFER (VERTICAL WALLS),CONSTRUCTION PAINTING NC II,With TR,LOW,3,5,150,CONSTRUCTION PAINTING NC II
1933,REGION_VII,CEBU,"Cebu, District 3",CONSTRUCTION,VERTICAL HORIZONTAL,WATERPROOFER (VERTICAL WALLS),CONSTRUCTION PAINTING NC II,With TR,LOW,3,5,150,CONSTRUCTION PAINTING NC II
1934,REGION_VII,CEBU,"Cebu, District 3",CONSTRUCTION,"VERTICAL CONSTRUCTION HORIZONTAL CONSTRUCTION INDUSTRIAL CONSTRUCTION
",WELDER (GAS),GAS WELDING NC I,With TR,MEDIUM,10,15,30,GAS WELDING NC I
1935,REGION_VII,CEBU,"Cebu, District 3",CONSTRUCTION,"VERTICAL CONSTRUCTION HORIZONTAL CONSTRUCTION INDUSTRIAL CONSTRUCTION
",WELDER (GAS),GAS WELDING NC II,With TR,MEDIUM,10,15,30,GAS WELDING NC II
1936,REGION_VII,CEBU,"Cebu, District 3",CONSTRUCTION,VERTICAL CONSTRUCTION HORIZONTAL CONTRUCTN,WELDER (SMAW),MANUAL METAL ARC WELDING (MMAW) NC II,With TR,HIGH,30,50,100,MANUAL METAL ARC WELDING (MMAW) NC II
1937,REGION_VII,CEBU,"Cebu, District 3",CONSTRUCTION,VERTICAL CONSTRUCTION HORIZONTAL CONTRUCTN,WELDER (SMAW),MANUAL METAL ARC WELDING (MMAW) NC II,With TR,HIGH,30,50,100,MANUAL METAL ARC WELDING (MMAW) NC II
1938,REGION_VII,CEBU,"Cebu, District 3",CONSTRUCTION,VERTICAL INDUSTRIAL RESIDENTIAL DIRECT WORKS,WELDER (STRUCTURAL),FLUX-CORED ARC WELDING (FCAW) NC II,With TR,HIGH,30,50,100,FLUX-CORED ARC WELDING (FCAW) NC II
1939,REGION_VII,CEBU,"Cebu, District 3",CONSTRUCTION,VERTICAL INDUSTRIAL RESIDENTIAL DIRECT WORKS,WELDER (STRUCTURAL),GAS TUNGSTEN ARC WELDING (GTAW) NC II,With TR,HIGH,30,50,100,GAS TUNGSTEN ARC WELDING (GTAW) NC II
1940,REGION_VII,CEBU,"Cebu, District 3",CONSTRUCTION,VERTICAL INDUSTRIAL RESIDENTIAL DIRECT WORKS,WELDER (STRUCTURAL),MANUAL METAL ARC WELDING (MMAW) NC II,With TR,HIGH,30,50,100,MANUAL METAL ARC WELDING (MMAW) NC II
1941,REGION_VII,CEBU,"Cebu, District 3",CONSTRUCTION,HORIZONTAL CONSTRUCTION VERTICAL CONSTRUCTION,WHEEL LOADER OPERATOR,HEAVY EQUIPMENT OPERATION (WHEEL LOADER) NC II,With TR,LOW,3,5,150,HEAVY EQUIPMENT OPERATION (WHEEL LOADER) NC II
2048,REGION_VII,CEBU,"Cebu, District 3",MANUFACTURING,METALS AND ENGINEERING,"
GTAW/TIG WELDER",GAS TUNGSTEN ARC WELDING (GTAW) NC II,With TR,HIGH,30,50,100,GAS TUNGSTEN ARC WELDING (GTAW) NC II
2049,REGION_VII,CEBU,"Cebu, District 3",MANUFACTURING,METALS AND ENGINEERING," _x000D_
 	_x000D_
PIPE WELDER (SAW)",SUBMERGED ARC WELDING (SAW) NC II,With TR,LOW,3,5,150,SUBMERGED ARC WELDING (SAW) NC II
2050,REGION_VII,CEBU,"Cebu, District 3",MANUFACTURING,AUTOMOTIVE AND LAND TRANSPORTATION PRODUCTION (OEM) ASSEMBLY,AUTO ELECTRICIAN,AUTOMOTIVE ELECTRICAL ASSEMBLY NC II,With TR,LOW,3,5,150,AUTOMOTIVE ELECTRICAL ASSEMBLY NC II
2051,REGION_VII,CEBU,"Cebu, District 3",MANUFACTURING,PROCESSED FOOD AND BEVERAGES,BAKER,FOOD PRODUCTION (BREAD AND PATISSERIE) NC II,With TR,HIGH,30,50,100,FOOD PRODUCTION (BREAD AND PATISSERIE) NC II
2052,REGION_VII,CEBU,"Cebu, District 3",MANUFACTURING,ELECTRICAL AND ELECTRONICS,CALIBRATION TECHNICIAN,INSTRUMENTATION AND CONTROL SERVICING NC II,With TR,HIGH,30,50,100,INSTRUMENTATION AND CONTROL SERVICING NC II
2053,REGION_VII,CEBU,"Cebu, District 3",MANUFACTURING,METALS AND ENGINEERING,CARBON STEEL PLATE/ PIPE WELDER (MMAW),MANUAL METAL ARC WELDING (MMAW) NC I,With TR,LOW,3,5,150,MANUAL METAL ARC WELDING (MMAW) NC I
2054,REGION_VII,CEBU,"Cebu, District 3",MANUFACTURING,METALS AND ENGINEERING,CARBON STEEL PLATE/ PIPE WELDER (MMAW),MANUAL METAL ARC WELDING (MMAW) NC III,With TR,LOW,3,5,150,MANUAL METAL ARC WELDING (MMAW) NC III
2055,REGION_VII,CEBU,"Cebu, District 3",MANUFACTURING,METALS AND ENGINEERING,CARBON STEEL PLATE/ PIPE WELDER (MMAW),MANUAL METAL ARC WELDING (MMAW) NC IV,With TR,LOW,3,5,150,MANUAL METAL ARC WELDING (MMAW) NC IV
2056,REGION_VII,CEBU,"Cebu, District 3",MANUFACTURING,FURNITURE AND FIXTURES,CARPENTER,CARPENTRY NC II,With TR,HIGH,30,50,100,CARPENTRY NC II
2057,REGION_VII,CEBU,"Cebu, District 3",MANUFACTURING,PROCESSED FOOD AND BEVERAGES,CULINARY,COOKERY NC II,With TR,HIGH,30,50,100,COOKERY NC II
2058,REGION_VII,CEBU,"Cebu, District 3",MANUFACTURING,ELECTRICAL AND ELECTRONICS,DATABASE ADMINISTRATOR,PROGRAMMING (ORACLE DATABASE) NC III,With TR,LOW,3,5,150,PROGRAMMING (ORACLE DATABASE) NC III
2059,REGION_VII,CEBU,"Cebu, District 3",MANUFACTURING,ELECTRICAL AND ELECTRONICS,ELECTRICAL LEADMAN,ELECTRICAL INSTALLATION AND MAINTENANCE NC III,With TR,LOW,3,5,150,ELECTRICAL INSTALLATION AND MAINTENANCE NC III
2060,REGION_VII,CEBU,"Cebu, District 3",MANUFACTURING,ELECTRICAL AND ELECTRONICS,ELECTRICIAN,AUTOMOTIVE ELECTRICAL ASSEMBLY NC II,With TR,LOW,3,5,150,AUTOMOTIVE ELECTRICAL ASSEMBLY NC II
2061,REGION_VII,CEBU,"Cebu, District 3",MANUFACTURING,METALS AND ENGINEERING,FCAW PLATE WELDER (ALLOY STEEL),FLUX-CORED ARC WELDING (FCAW) NC III,With TR,LOW,3,5,150,FLUX-CORED ARC WELDING (FCAW) NC III
2062,REGION_VII,CEBU,"Cebu, District 3",MANUFACTURING,PROCESSED FOOD AND BEVERAGES,FURNITURE CARPENTER,CARPENTRY NC III,With TR,LOW,3,5,150,CARPENTRY NC III
2063,REGION_VII,CEBU,"Cebu, District 3",MANUFACTURING,GAME DEVELOPMENT SERVICES,GAME PROGRAMMER,GAME PROGRAMMING NC III,With TR,LOW,3,5,150,GAME PROGRAMMING NC III
2064,REGION_VII,CEBU,"Cebu, District 3",MANUFACTURING,GARMENTS,GARMENT SEWER,DRESSMAKING NC II,With TR,HIGH,30,50,100,DRESSMAKING NC II
2065,REGION_VII,CEBU,"Cebu, District 3",MANUFACTURING,METALS AND ENGINEERING,GAS (OXY-ACETYLENE) WELDER,GAS WELDING NC I,With TR,LOW,3,5,150,GAS WELDING NC I
2066,REGION_VII,CEBU,"Cebu, District 3",MANUFACTURING,METALS AND ENGINEERING,GAS WELDER (OXY-ACETYLENE),GAS WELDING NC II,With TR,LOW,3,5,150,GAS WELDING NC II
2067,REGION_VII,CEBU,"Cebu, District 3",MANUFACTURING,METALS AND ENGINEERING,GMAW WELDER (ALLOY STEEL),GAS METAL ARC WELDING (GMAW) NC III,With TR,LOW,3,5,150,GAS METAL ARC WELDING (GMAW) NC III
2068,REGION_VII,CEBU,"Cebu, District 3",MANUFACTURING,METALS AND ENGINEERING,GTAW OR TIG PIPE WELDER (ALLOY STEEL),GAS TUNGSTEN ARC WELDING (GTAW) NC IV,With TR,LOW,3,5,150,GAS TUNGSTEN ARC WELDING (GTAW) NC IV
2069,REGION_VII,CEBU,"Cebu, District 3",MANUFACTURING,GARMENTS,INDUSTRIAL SEWING MACHINE OPERATORS,NO CORRESPONDING TVET PROGRAM,New and Emerging,LOW,3,5,150,NO CORRESPONDING TVET PROGRAM
2070,REGION_VII,CEBU,"Cebu, District 3",MANUFACTURING,ELECTRICAL AND ELECTRONICS,INSTRUMENT TECHNICIAN 2,INSTRUMENTATION AND CONTROL SERVICING NC III,With TR,LOW,3,5,150,INSTRUMENTATION AND CONTROL SERVICING NC III
2071,REGION_VII,CEBU,"Cebu, District 3",MANUFACTURING,ELECTRICAL AND ELECTRONICS,INSTRUMENT TECHNICIAN 3,INSTRUMENTATION AND CONTROL SERVICING NC IV,With TR,LOW,3,5,150,INSTRUMENTATION AND CONTROL SERVICING NC IV
2072,REGION_VII,CEBU,"Cebu, District 3",MANUFACTURING,ELECTRICAL AND ELECTRONICS,INTEGRATION SPECIALIST,PROGRAMMING (.NET TECHNOLOGY) NC III,With TR,LOW,3,5,150,PROGRAMMING (.NET TECHNOLOGY) NC III
2073,REGION_VII,CEBU,"Cebu, District 3",MANUFACTURING,PROCESSED FOOD AND BEVERAGES,KITCHEN SUPERVISOR,FOOD PRODUCTION (PROFESSIONAL COOKERY) NC III,With TR,LOW,3,5,150,FOOD PRODUCTION (PROFESSIONAL COOKERY) NC III
2074,REGION_VII,CEBU,"Cebu, District 3",MANUFACTURING,METALS AND ENGINEERING,MACHINIST,MACHINING NC II,With TR,MEDIUM,10,15,30,MACHINING NC II
2075,REGION_VII,CEBU,"Cebu, District 3",MANUFACTURING,METALS AND ENGINEERING,MACHINIST,MACHINING NC I,With TR,MEDIUM,10,15,30,MACHINING NC I
2076,REGION_VII,CEBU,"Cebu, District 3",MANUFACTURING,ELECTRICAL AND ELECTRONICS,MAINTENANCE ELECTRICIAN,ELECTRICAL INSTALLATION AND MAINTENANCE NC II,With TR,HIGH,30,50,100,ELECTRICAL INSTALLATION AND MAINTENANCE NC II
2077,REGION_VII,CEBU,"Cebu, District 3",MANUFACTURING,ELECTRICAL AND ELECTRONICS,MANUFACTURING SYSTEMS DEVELOPER,PROGRAMMING (JAVA) NC III,With TR,LOW,3,5,150,PROGRAMMING (JAVA) NC III
2078,REGION_VII,CEBU,"Cebu, District 3",MANUFACTURING,CONSTRUCTION,MASON,MASONRY NC I,With TR,HIGH,30,50,100,MASONRY NC I
2079,REGION_VII,CEBU,"Cebu, District 3",MANUFACTURING,METALS AND ENGINEERING,MILLWRIGHT,NO CORRESPONDING TVET PROGRAM,New and Emerging,LOW,3,5,150,NO CORRESPONDING TVET PROGRAM
2080,REGION_VII,CEBU,"Cebu, District 3",MANUFACTURING,METALS AND ENGINEERING,MILLWRIGHT FITTER,NO CORRESPONDING TVET PROGRAM,New and Emerging,LOW,3,5,150,NO CORRESPONDING TVET PROGRAM
2081,REGION_VII,CEBU,"Cebu, District 3",MANUFACTURING,ELECTRICAL AND ELECTRONICS,PCB DESIGN TECHNICIAN,ELECTRONIC PRODUCTS ASSEMBLY AND SERVICING NC II,With TR,HIGH,30,50,100,ELECTRONIC PRODUCTS ASSEMBLY AND SERVICING NC II
2082,REGION_VII,CEBU,"Cebu, District 3",MANUFACTURING,METALS AND ENGINEERING,PIPE FITTER,PIPEFITTING (METALLIC) NC II,With TR,LOW,3,5,150,PIPEFITTING (METALLIC) NC II
2083,REGION_VII,CEBU,"Cebu, District 3",MANUFACTURING,METALS AND ENGINEERING,PIPE FITTER,PIPEFITTING (METALLIC) NC II,With TR,LOW,3,5,150,PIPEFITTING (METALLIC) NC II
2084,REGION_VII,CEBU,"Cebu, District 3",MANUFACTURING,METALS AND ENGINEERING,PIPE WELDER (GMAW),GAS METAL ARC WELDING (GMAW) NC II,With TR,HIGH,30,50,100,GAS METAL ARC WELDING (GMAW) NC II
2085,REGION_VII,CEBU,"Cebu, District 3",MANUFACTURING,METALS AND ENGINEERING,PLATE WELDER (FCAW),FLUX-CORED ARC WELDING (FCAW) NC I,With TR,LOW,3,5,150,FLUX-CORED ARC WELDING (FCAW) NC I
2086,REGION_VII,CEBU,"Cebu, District 3",MANUFACTURING,METALS AND ENGINEERING,PLATE WELDER (GMAW),GAS METAL ARC WELDING (GMAW) NC I,With TR,LOW,3,5,150,GAS METAL ARC WELDING (GMAW) NC I
2087,REGION_VII,CEBU,"Cebu, District 3",MANUFACTURING,METALS AND ENGINEERING,PLATE WELDER (SAW),SUBMERGED ARC WELDING (SAW) NC I,With TR,LOW,3,5,150,SUBMERGED ARC WELDING (SAW) NC I
2088,REGION_VII,CEBU,"Cebu, District 3",MANUFACTURING,METALS AND ENGINEERING,PRECISION GRINDING MACHINE OPERATOR,MACHINING NC III,With TR,LOW,3,5,150,MACHINING NC III
2089,REGION_VII,CEBU,"Cebu, District 3",MANUFACTURING,"HEATING, VENTILATION, AIRCONDITIONING AND REFRIGERATION",RAC TECHNICIAN/ INSTALLERS,RAC SERVICING (DOMRAC) NC II,With TR,MEDIUM,10,15,30,RAC SERVICING (DOMRAC) NC II
2090,REGION_VII,CEBU,"Cebu, District 3",MANUFACTURING,"HEATING, VENTILATION, AIRCONDITIONING AND REFRIGERATION",RAC TECHNICIAN/ INSTALLERS,COMMERCIAL AIR-CONDITIONING INSTALLATION AND SERVICING NC III,With TR,MEDIUM,10,15,30,COMMERCIAL AIR-CONDITIONING INSTALLATION AND SERVICING NC III
2091,REGION_VII,CEBU,"Cebu, District 3",MANUFACTURING,ELECTRICAL AND ELECTRONICS,"SOLDERING, MICROSCOPE OPERATION",ELECTRONIC PRODUCTS ASSEMBLY AND SERVICING NC II,With TR,HIGH,30,50,100,ELECTRONIC PRODUCTS ASSEMBLY AND SERVICING NC II
2092,REGION_VII,CEBU,"Cebu, District 3",MANUFACTURING,PROCESSED FOOD AND BEVERAGES,SOUS CHEF,FOOD PRODUCTION (PROFESSIONAL COOKERY) NC IV,With TR,LOW,3,5,150,FOOD PRODUCTION (PROFESSIONAL COOKERY) NC IV
2093,REGION_VII,CEBU,"Cebu, District 3",MANUFACTURING,ELECTRICAL AND ELECTRONICS,SUPERVISING TECHNICIAN,ELECTRICAL INSTALLATION AND MAINTENANCE NC IV,With TR,LOW,3,5,150,ELECTRICAL INSTALLATION AND MAINTENANCE NC IV
2094,REGION_VII,CEBU,"Cebu, District 3",MANUFACTURING,GARMENTS,TAILOR,TAILORING NC II,With TR,MEDIUM,10,15,30,TAILORING NC II
2095,REGION_VII,CEBU,"Cebu, District 3",MANUFACTURING,METALS AND ENGINEERING,WELDER,MANUAL METAL ARC WELDING (MMAW) NC II,With TR,LOW,3,5,150,MANUAL METAL ARC WELDING (MMAW) NC II
2096,REGION_VII,CEBU,"Cebu, District 3",MANUFACTURING,METALS AND ENGINEERING,WELDERS (SMAW),MANUAL METAL ARC WELDING (MMAW) NC II,With TR,LOW,3,5,150,MANUAL METAL ARC WELDING (MMAW) NC II
2124,REGION_VII,CEBU,"Cebu, District 3",TOURISM (HOTEL AND RESTAURANT),ACCOMMODATION,AUTO TECHNICIANS,AUTOMOTIVE SERVICING NC I,With TR,MEDIUM,10,15,30,AUTOMOTIVE SERVICING NC I
2125,REGION_VII,CEBU,"Cebu, District 3",TOURISM (HOTEL AND RESTAURANT),FOOD AND BEVERAGES,BARISTA,BARISTA NC II,With TR,HIGH,30,50,100,BARISTA NC II
2126,REGION_VII,CEBU,"Cebu, District 3",TOURISM (HOTEL AND RESTAURANT),FOOD AND BEVERAGES,BARTENDING,BARTENDING NC II,With TR,HIGH,30,50,100,BARTENDING NC II
2127,REGION_VII,CEBU,"Cebu, District 3",TOURISM (HOTEL AND RESTAURANT),ACCOMMODATION,BELL MAN,FRONT OFFICE SERVICES NC II,With TR,MEDIUM,10,15,30,FRONT OFFICE SERVICES NC II
2128,REGION_VII,CEBU,"Cebu, District 3",TOURISM (HOTEL AND RESTAURANT),ACCOMMODATION,BOILER TECHNICIANS,NO CORRESPONDING TVET PROGRAM,New and Emerging,LOW,3,5,150,NO CORRESPONDING TVET PROGRAM
2129,REGION_VII,CEBU,"Cebu, District 3",TOURISM (HOTEL AND RESTAURANT),FOOD AND BEVERAGES,BREAD AND PASTRIES ,FOOD AND BEVERAGE SERVICES NC II,With TR,HIGH,30,50,100,FOOD AND BEVERAGE SERVICES NC II
2130,REGION_VII,CEBU,"Cebu, District 3",TOURISM (HOTEL AND RESTAURANT),ACCOMMODATION,BUSINESS CLERK,FRONT OFFICE SERVICES NC II,With TR,MEDIUM,10,15,30,FRONT OFFICE SERVICES NC II
2131,REGION_VII,CEBU,"Cebu, District 3",TOURISM (HOTEL AND RESTAURANT),FOOD AND BEVERAGES,CAKE MAKING,TOURISM PROMOTION SERVICES NC II,With TR,MEDIUM,10,15,30,TOURISM PROMOTION SERVICES NC II
2132,REGION_VII,CEBU,"Cebu, District 3",TOURISM (HOTEL AND RESTAURANT),ACCOMMODATION,CONCIERGE,FRONT OFFICE SERVICES NC II,With TR,MEDIUM,10,15,30,FRONT OFFICE SERVICES NC II
2133,REGION_VII,CEBU,"Cebu, District 3",TOURISM (HOTEL AND RESTAURANT),FOOD AND BEVERAGES,"COOK OR COMMIS, ASSISTANT COOK",FOOD PRODUCTION (BREAD AND PATISSERIE) NC II,With TR,HIGH,30,50,100,FOOD PRODUCTION (BREAD AND PATISSERIE) NC II
2134,REGION_VII,CEBU,"Cebu, District 3",TOURISM (HOTEL AND RESTAURANT),ACCOMMODATION,CUSTOMER SERVICE,HOUSEKEEPING NC II,With TR,HIGH,30,50,100,HOUSEKEEPING NC II
2135,REGION_VII,CEBU,"Cebu, District 3",TOURISM (HOTEL AND RESTAURANT),ACCOMMODATION,DOOR MAN,FRONT OFFICE SERVICES NC II,With TR,MEDIUM,10,15,30,FRONT OFFICE SERVICES NC II
2136,REGION_VII,CEBU,"Cebu, District 3",TOURISM (HOTEL AND RESTAURANT),FOOD AND BEVERAGES,FOOD SAFETY MANAGEMENT,NO CORRESPONDING TVET PROGRAM,New and Emerging,LOW,3,5,150,NO CORRESPONDING TVET PROGRAM
2137,REGION_VII,CEBU,"Cebu, District 3",TOURISM (HOTEL AND RESTAURANT),FOOD AND BEVERAGES,FRONT DESK /FRONT LINERS,FOOD AND BEVERAGE SERVICES NC II,With TR,HIGH,30,50,100,FOOD AND BEVERAGE SERVICES NC II
2138,REGION_VII,CEBU,"Cebu, District 3",TOURISM (HOTEL AND RESTAURANT),ACCOMMODATION,FRONT OFFICE MANAGER,FRONT OFFICE SERVICES NC II,With TR,MEDIUM,10,15,30,FRONT OFFICE SERVICES NC II
2139,REGION_VII,CEBU,"Cebu, District 3",TOURISM (HOTEL AND RESTAURANT),ACCOMMODATION,GUEST RELATION OFFICER,FRONT OFFICE SERVICES NC II,With TR,MEDIUM,10,15,30,FRONT OFFICE SERVICES NC II
2140,REGION_VII,CEBU,"Cebu, District 3",TOURISM (HOTEL AND RESTAURANT),ACCOMMODATION,HANDYMAN,NO CORRESPONDING TVET PROGRAM,New and Emerging,LOW,3,5,150,NO CORRESPONDING TVET PROGRAM
2141,REGION_VII,CEBU,"Cebu, District 3",TOURISM (HOTEL AND RESTAURANT),ACCOMMODATION,HOUSEKEEPER / SECTION HEAD,FRONT OFFICE SERVICES NC II,With TR,MEDIUM,10,15,30,FRONT OFFICE SERVICES NC II
2142,REGION_VII,CEBU,"Cebu, District 3",TOURISM (HOTEL AND RESTAURANT),FOOD AND BEVERAGES,KITCHEN MECHANICS,COOKERY NC II,With TR,HIGH,30,50,100,COOKERY NC II
2143,REGION_VII,CEBU,"Cebu, District 3",TOURISM (HOTEL AND RESTAURANT),FOOD AND BEVERAGES,"KITCHEN SUPERVISOR, HEAD CHEF, BANQUET HEAD COOK/CHEF",FOOD PRODUCTION (PROFESSIONAL COOKERY) NC III,With TR,LOW,3,5,150,FOOD PRODUCTION (PROFESSIONAL COOKERY) NC III
2144,REGION_VII,CEBU,"Cebu, District 3",TOURISM (HOTEL AND RESTAURANT),ACCOMMODATION,LAUNDRY TECHNICIANS,HOUSEKEEPING NC II,With TR,HIGH,30,50,100,HOUSEKEEPING NC II
2145,REGION_VII,CEBU,"Cebu, District 3",TOURISM (HOTEL AND RESTAURANT),ACCOMMODATION,LINEN ATTENDANT,HOUSEKEEPING NC II,With TR,HIGH,30,50,100,HOUSEKEEPING NC II
2146,REGION_VII,CEBU,"Cebu, District 3",TOURISM (HOTEL AND RESTAURANT),ACCOMMODATION,RESERVATION CLERK,FRONT OFFICE SERVICES NC II,With TR,MEDIUM,10,15,30,FRONT OFFICE SERVICES NC II
2147,REGION_VII,CEBU,"Cebu, District 3",TOURISM (HOTEL AND RESTAURANT),ACCOMMODATION,ROOM ATTENDANT/ HOUSEKEEPING SPECIALIST,HOUSEKEEPING NC II,With TR,HIGH,30,50,100,HOUSEKEEPING NC II
2148,REGION_VII,CEBU,"Cebu, District 3",TOURISM (HOTEL AND RESTAURANT),FOOD AND BEVERAGES,SERVICE ATTENDANTS ,CUSTOMER SERVICES NC II,With TR,LOW,3,5,150,CUSTOMER SERVICES NC II
2149,REGION_VII,CEBU,"Cebu, District 3",TOURISM (HOTEL AND RESTAURANT),FOOD AND BEVERAGES,SERVICE CREW / FOOD ATTENDANTS / FB PRODUCTION / WAITER / WAITRESS,COOKERY NC II,With TR,HIGH,30,50,100,COOKERY NC II
2150,REGION_VII,CEBU,"Cebu, District 3",TOURISM (HOTEL AND RESTAURANT),FOOD AND BEVERAGES,"SOUS CHEF, EXECUTIVE SOUS CHEF",FOOD PRODUCTION (PROFESSIONAL COOKERY) NC IV,With TR,LOW,3,5,150,FOOD PRODUCTION (PROFESSIONAL COOKERY) NC IV
2151,REGION_VII,CEBU,"Cebu, District 3",TOURISM (HOTEL AND RESTAURANT),ACCOMMODATION,STEWARDS ,FRONT OFFICE SERVICES NC II,With TR,MEDIUM,10,15,30,FRONT OFFICE SERVICES NC II
2152,REGION_VII,CEBU,"Cebu, District 3",TOURISM (HOTEL AND RESTAURANT),ACCOMMODATION,TELEPHONE OPERATOR,CUSTOMER SERVICES NC II,With TR,LOW,3,5,150,CUSTOMER SERVICES NC II
2153,REGION_VII,CEBU,"Cebu, District 3",TOURISM (HOTEL AND RESTAURANT),ACCOMMODATION,THERMAL CLEANER,NO CORRESPONDING TVET PROGRAM,With TR,LOW,3,5,150,NO CORRESPONDING TVET PROGRAM
2154,REGION_VII,CEBU,"Cebu, District 3",TOURISM (HOTEL AND RESTAURANT),TRAVEL AND TOUR,TOUR GUIDING,TOUR GUIDING SERVICES NC III,With TR,LOW,3,5,150,TOUR GUIDING SERVICES NC III
2155,REGION_VII,CEBU,"Cebu, District 3",TOURISM (HOTEL AND RESTAURANT),TRAVEL AND TOURS,TOUR PACKAGING STAFF,TOUR PACKAGING (FIT AD HOC DOMESTIC) SERVICES NC II,With TR,LOW,3,5,150,TOUR PACKAGING (FIT AD HOC DOMESTIC) SERVICES NC II
2156,REGION_VII,CEBU,"Cebu, District 3",TOURISM (HOTEL AND RESTAURANT),ACCOMMODATION,UPHOLSTERY CLEANER,HOUSEKEEPING NC II,With TR,HIGH,30,50,100,HOUSEKEEPING NC II
2161,REGION_VII,CEBU,"Cebu, District 3",MANUFACTURING,SHIPBUILDING,WELDERS (SMAW),MANUAL METAL ARC WELDING (MMAW) NC I,With TR,HIGH,30,50,100,MANUAL METAL ARC WELDING (MMAW) NC I
2162,REGION_VII,CEBU,"Cebu, District 3",MANUFACTURING,SHIPBUILDING,WELDERS (SMAW),MANUAL METAL ARC WELDING (MMAW) NC II,With TR,HIGH,30,50,100,MANUAL METAL ARC WELDING (MMAW) NC II
2163,REGION_VII,CEBU,"Cebu, District 3",MANUFACTURING,SHIPBUILDING,WELDERS (SMAW),MANUAL METAL ARC WELDING (MMAW) NC III,With TR,HIGH,30,50,100,MANUAL METAL ARC WELDING (MMAW) NC III
2164,REGION_VII,CEBU,"Cebu, District 3",MANUFACTURING,SHIPBUILDING,WELDERS (SMAW),MANUAL METAL ARC WELDING (MMAW) NC IV,With TR,HIGH,30,50,100,MANUAL METAL ARC WELDING (MMAW) NC IV
2165,REGION_VII,CEBU,"Cebu, District 3",MANUFACTURING,SHIPBUILDING,WELDERS (FCAW),FLUX-CORED ARC WELDING (FCAW) NC II,With TR,HIGH,30,50,100,FLUX-CORED ARC WELDING (FCAW) NC II
2166,REGION_VII,CEBU,"Cebu, District 3",MANUFACTURING,SHIPBUILDING,FITTERS,PIPEFITTING (METALLIC) NC II,With TR,HIGH,30,50,100,PIPEFITTING (METALLIC) NC II
2167,REGION_VII,CEBU,"Cebu, District 3",MANUFACTURING,SHIPBUILDING,WIREBRUSHERS,MANUAL METAL ARC WELDING (MMAW) NC I,With TR,HIGH,30,50,100,MANUAL METAL ARC WELDING (MMAW) NC I
2168,REGION_VII,CEBU,"Cebu, District 3",MANUFACTURING,SHIPBUILDING,SANDBLASTERS,NO CORRESPONDING TVET PROGRAM,New and Emerging,HIGH,30,50,100,NO CORRESPONDING TVET PROGRAM
2169,REGION_VII,CEBU,"Cebu, District 3",MANUFACTURING,SHIPBUILDING,PAINTERS,NO CORRESPONDING TVET PROGRAM,New and Emerging,HIGH,30,50,100,NO CORRESPONDING TVET PROGRAM
2170,REGION_VII,CEBU,"Cebu, District 3",CONSTRUCTION,"VERTICAL CONSTRUCTION
HORIZONTAL CONSTRUCTION
INDUSTRY/INDUSTRIAL CONSTRUCTION
RESIDENTIAL CONSTRUCTION",DRAFTSMAN,TECHNICAL DRAFTING NC II,With TR,LOW,3,5,150,TECHNICAL DRAFTING NC II
2171,REGION_VII,CEBU,"Cebu, District 3",MANUFACTURING,ELECTRICAL AND ELECTRONICS," _x000D_
 	_x000D_
MECHATRONICS AND AUTOMATION TECHNICIAN",MECHATRONICS SERVICING NC II,With TR,LOW,3,5,150,MECHATRONICS SERVICING NC II
2254,REGION_VII,CEBU,"Cebu, District 3",MANUFACTURING,METALS AND ENGINEERING,INSTRUMENTATION TECHNICIAN,DIPLOMA PROGRAM IN MECHANICAL ENGINEERING TECHNOLOGY,Diploma Programs,MEDIUM,10,15,30,DIPLOMA PROGRAM IN MECHANICAL ENGINEERING TECHNOLOGY
2255,REGION_VII,CEBU,"Cebu, District 3",MANUFACTURING,ELECTRICAL AND ELECTRONICS,RESIDENTIAL/COMMERCIAL WIRING TECHNICIAN,DIPLOMA PROGRAM IN ELECTRICAL ENGINEERING TECHNOLOGY,Diploma Programs,MEDIUM,10,15,30,DIPLOMA PROGRAM IN ELECTRICAL ENGINEERING TECHNOLOGY
2256,REGION_VII,CEBU,"Cebu, District 3",MANUFACTURING,ELECTRICAL AND ELECTRONICS,INDUSTRIAL ELECTRONIC TECHNICIAN,DIPLOMA PROGRAM IN ELECTRONICS ENGINEERING TECHNOLOGY,Diploma Programs,MEDIUM,10,15,30,DIPLOMA PROGRAM IN ELECTRONICS ENGINEERING TECHNOLOGY
2257,REGION_VII,CEBU,"Cebu, District 3",TOURISM (HOTEL AND RESTAURANT),ACCOMMODATION,HOTEL MANAGER,DIPLOMA PROGRAM IN HOTEL AND RESTAURANT TECHNOLOGY,Diploma Programs,MEDIUM,10,15,30,DIPLOMA PROGRAM IN HOTEL AND RESTAURANT TECHNOLOGY
2259,REGION_VII,CEBU,"Cebu, District 3",CONSTRUCTION,"HORIZONTAL CONSTRUCTION, INDUSTRIAL CONSTRUCTION, EQUIPMENT OPERATIONS AND MAINTENANCE",BULLDOZER OPERATOR,HEAVY EQUIPMENT OPERATION (BULLDOZER) NC II,With TR,LOW,3,5,150,HEAVY EQUIPMENT OPERATION (BULLDOZER) NC II
2260,REGION_VII,CEBU,"Cebu, District 3",CONSTRUCTION,"HORIZONTAL CONSTRUCTION, RESIDENTIAL CONSTRUCTION, INDUSTRIAL CONSTRUCTION"," _x000D_
 	_x000D_
PV SYSTEMS INSTALLATION TECHNICIAN",PV SYSTEMS INSTALLATION NC II,With TR,HIGH,30,50,100,PV SYSTEMS INSTALLATION NC II
2269,REGION_VII,CEBU,"Cebu, District 3",TOURISM (HOTEL AND RESTAURANT),"MICE (MEETINGS, INCENTIVES, CONFERENCES, AND EXHIBITIONS)","SENIOR MICE COORDINATOR , SENIOR SPECIAL EVENTS COORDINATOR",EVENTS MANAGEMENT SERVICES NC III,With TR,MEDIUM,10,15,30,EVENTS MANAGEMENT SERVICES NC III
2270,REGION_VII,CEBU,"Cebu, District 3",CONSTRUCTION,"HORIZONTAL CONSTRUCTION, INDUSTRIAL CONSTRUCTION, EQUIPMENT OPERATIONS AND MAINTENANCE","MASONRY TECHNICIAN, PLUMBING TECHNICIAN, TECHNICAL DRAFTSMAN, REINFORCING STEELWORKS TECHNICIAN, PAINTING TECHNICIAN, TILE SETTING TECHNICIAN, CARPENTRY, TECHNICIAN, SCAFFOLDING AND FORMWORKS TECHNICIAN, CIVIL ENGINEERING TECHNOLOGIST",DIPLOMA PROGRAM IN CIVIL ENGINEERING TECHNOLOGY,Diploma Programs,HIGH,30,50,100,DIPLOMA PROGRAM IN CIVIL ENGINEERING TECHNOLOGY
2271,REGION_VII,CEBU,"Cebu, District 3",CONSTRUCTION,"HORIZONTAL CONSTRUCTION, INDUSTRIAL CONSTRUCTION, EQUIPMENT OPERATIONS AND MAINTENANCE","▪ BUILDING INSPECTOR ▪ CIVIL ENGINEERING DESIGN TECHNOLOGIST ▪ MATERIALS TESTING TECHNOLOGIST. ▪ CONSTRUCTION COORDINATOR, FOREMAN, OR SUPERINTENDENT ▪ ESTIMATOR ▪ TECHNICAL REPRESENTATIVE ▪ FIELD TECHNICAL ASSISTANT ▪ DRAFTSMAN/CAD OPERATOR ▪ REBAR FIXER ▪ BUILDING ELECTRICIAN ▪ BRICK LAYER/MASON ▪ PLUMBER",DIPLOMA PROGRAM IN CIVIL ENGINEERING TECHNOLOGY,Diploma Programs,HIGH,30,50,100,DIPLOMA PROGRAM IN CIVIL ENGINEERING TECHNOLOGY
2276,REGION_VII,CEBU,"Cebu, District 3",TOURISM (HOTEL AND RESTAURANT),TRAVEL AND TOURS,"1.TOURISM OPERATIONS COORDINATOR
2.TRAVEL CONSULTANT/TOUR PLANNER/TRAVEL SALES EXECUTIVE/TOUR COORDINATOR/TOUR OPERATIONS ASSISTANT                                                                  
3.TOUR GUIDE/TOUR LEADER/TOUR COORDINATOR
4.TOURISM MARKETING OFFICER/SALES EXECUTIVE FOR TOURISM/DESTINATION MARKETING COORDINATOR
5.EVENT COORDINATOR/CATERING MANAGER
6.ECO-TOURISM COORDINATOR/SUSTAINABLE TOURISM OFFICER/NATURE TOUR GUIDE/ENVIRONMENTAL EDUCATION 
7.MICE COORDINATOR/CONFERENCE ORGANIZER
8.CRUISE OPERATIONS COORDINATOR/ADVENTURE TOUR GUIDE/CRUISE MANAGER/OUTDOOR ACTIVITY 
",DIPLOMA PROGRAM IN TOURISM MANAGEMENT,Diploma Programs,LOW,3,5,150,DIPLOMA PROGRAM IN TOURISM MANAGEMENT
2277,REGION_VII,CEBU,"Cebu, District 3",TOURISM (HOTEL AND RESTAURANT),ACCOMMODATION,"1.FOOD AND BEVERAGE ATTENDANT / SERVER / BARTENDER / BARISTA /WAITSTAFF /F&B DIRECTOR/F&B OUTLET MANAGER                                                    _x000D_
2.HOTEL RECEPTIONIST/FRONT DESK AGENT_x000D_
3.GUEST SERVICES ASSOCIATE /HOTEL RECEPTIONIST/FRONT DESK AGENT_x000D_
4.ROOM ATTENDANT / HOUSEKEEPING ATTENDANT/PUBLIC AREA CLEANER_x000D_
5.EVENT COORDINATOR/EVENT ASSISTANT_x000D_
                                                   _x000D_
",DIPLOMA PROGRAM IN HOSPITALITY MANAGEMENT,Diploma Programs,LOW,3,5,150,DIPLOMA PROGRAM IN HOSPITALITY MANAGEMENT
2305,REGION_VII,CEBU,"Cebu, District 4",CONSTRUCTION,HORIZONTAL CONSTRUCTION VERTICAL CONSTRUCTION INDUSTRIAL CONSTRUCTION," _x000D_
 	_x000D_
CARBON STEEL PLATE/ PIPE WELDER ",MANUAL METAL ARC WELDING (MMAW) NC I,With TR,HIGH,30,50,100,MANUAL METAL ARC WELDING (MMAW) NC I
2306,REGION_VII,CEBU,"Cebu, District 4",CONSTRUCTION,HORIZONTAL CONSTRUCTION VERTICAL CONSTRUCTION INDUSTRIAL CONSTRUCTION," _x000D_
 	_x000D_
CARBON STEEL PLATE/ PIPE WELDER ",MANUAL METAL ARC WELDING (MMAW) NC III,With TR,MEDIUM,10,15,30,MANUAL METAL ARC WELDING (MMAW) NC III
2307,REGION_VII,CEBU,"Cebu, District 4",CONSTRUCTION,HORIZONTAL CONSTRUCTION VERTICAL CONSTRUCTION INDUSTRIAL CONSTRUCTION," _x000D_
 	_x000D_
CARBON STEEL PLATE/ PIPE WELDER ",MANUAL METAL ARC WELDING (MMAW) NC IV,With TR,MEDIUM,10,15,30,MANUAL METAL ARC WELDING (MMAW) NC IV
2308,REGION_VII,CEBU,"Cebu, District 4",CONSTRUCTION,HORIZONTAL CONSTRUCTION VERTICAL CONSTRUCTION INDUSTRIAL CONSTRUCTION," _x000D_
 	_x000D_
GAS (OXY-ACETYLENE) WELDER",GAS WELDING NC II,With TR,MEDIUM,10,15,30,GAS WELDING NC II
2309,REGION_VII,CEBU,"Cebu, District 4",CONSTRUCTION,HORIZONTAL CONSTRUCTION VERTICAL CONSTRUCTION," _x000D_
 	_x000D_
TRUCK MOUNTED CRANE OPERATOR",HEAVY EQUIPMENT OPERATION (TRUCK MOUNTED CRANE) NC III,With TR,LOW,3,5,150,HEAVY EQUIPMENT OPERATION (TRUCK MOUNTED CRANE) NC III
2310,REGION_VII,CEBU,"Cebu, District 4",CONSTRUCTION,RESIDENTIAL CONSTRUCTION VERTICAL CONSTRUCTION HORIZONTAL CONTRUCTN,AIRCON INSTALLER (COMMERCIAL/ INDUSTRIAL),RAC SERVICING (DOMRAC) NC II,With TR,LOW,3,5,150,RAC SERVICING (DOMRAC) NC II
2311,REGION_VII,CEBU,"Cebu, District 4",CONSTRUCTION,RESIDENTIAL CONSTRUCTION VERTICAL CONSTRUCTION HORIZONTAL CONTRUCTN,AIRCON INSTALLER (COMMERCIAL/ INDUSTRIAL),RAC SERVICING (DOMRAC) NC II,With TR,LOW,3,5,150,RAC SERVICING (DOMRAC) NC II
2312,REGION_VII,CEBU,"Cebu, District 4",CONSTRUCTION,"VERTICAL CONSTRUCTION HORIZONTAL CONSTRUCTION RESIDENTIAL CONSTRUCTION
",AIRLESS PAINTER,CONSTRUCTION PAINTING NC II,With TR,LOW,3,5,150,CONSTRUCTION PAINTING NC II
2313,REGION_VII,CEBU,"Cebu, District 4",CONSTRUCTION,"VERTICAL CONSTRUCTION HORIZONTAL CONSTRUCTION RESIDENTIAL CONSTRUCTION
",AIRLESS PAINTER,CONSTRUCTION PAINTING NC II,With TR,LOW,3,5,150,CONSTRUCTION PAINTING NC II
2314,REGION_VII,CEBU,"Cebu, District 4",CONSTRUCTION,RESIDENTIAL CONSTRUCTION VERTICAL CONSTRUCTION,CARPENTRY (FINISHING & WOODWORKING),CARPENTRY NC II,With TR,MEDIUM,10,15,30,CARPENTRY NC II
2315,REGION_VII,CEBU,"Cebu, District 4",CONSTRUCTION,RESIDENTIAL CONSTRUCTION VERTICAL CONSTRUCTION,CARPENTRY (FINISHING & WOODWORKING),CARPENTRY NC II,With TR,MEDIUM,10,15,30,CARPENTRY NC II
2316,REGION_VII,CEBU,"Cebu, District 4",CONSTRUCTION,VERTICAL CONSTRUCTION INDUSTRIAL CONSTRUCTION RESIDENTIAL CONSTRUCTION HORIZONTAL CONSTRUCTION DIRECT WORKERS,CARPENTRY (FINISHING),CARPENTRY NC II,With TR,MEDIUM,10,15,30,CARPENTRY NC II
2317,REGION_VII,CEBU,"Cebu, District 4",CONSTRUCTION,VERTICAL CONSTRUCTION INDUSTRIAL CONSTRUCTION RESIDENTIAL CONSTRUCTION HORIZONTAL CONSTRUCTION DIRECT WORKERS,CARPENTRY (ROUGH),CARPENTRY NC II,With TR,MEDIUM,10,15,30,CARPENTRY NC II
2318,REGION_VII,CEBU,"Cebu, District 4",CONSTRUCTION,HORIZONTAL CONSTRUCTION VERTICAL CONSTRUCTION INDUSTRIAL CONSTRUCTION,CIVIL ENGINEERING ASSOCIATE,DIPLOMA PROGRAM IN CIVIL ENGINEERING TECHNOLOGY,Diploma Programs,LOW,3,5,150,DIPLOMA PROGRAM IN CIVIL ENGINEERING TECHNOLOGY
2319,REGION_VII,CEBU,"Cebu, District 4",CONSTRUCTION,EQUIPMENT OPERATORS AND MAINTENANCE DIRECT WORKERS       ,CONCRETE PUMP OPERATOR,NO CORRESPONDING TVET PROGRAM,New and Emerging,LOW,3,5,150,NO CORRESPONDING TVET PROGRAM
2320,REGION_VII,CEBU,"Cebu, District 4",CONSTRUCTION,RESIDENTIAL CONSTRUCTION VERTICAL CONSTRUCTION HORIZONTAL DIRECT WORKERS,CONSTRUCTION ASSISTANT (HOUSEKEEPING),NO CORRESPONDING TVET PROGRAM,New and Emerging,LOW,3,5,150,NO CORRESPONDING TVET PROGRAM
2321,REGION_VII,CEBU,"Cebu, District 4",CONSTRUCTION,RESIDENTIAL CONSTRUCTION VERTICAL CONSTRUCTION HORIZONTAL DIRECT WORKERS,CONSTRUCTION ASSISTANT (HOUSEKEEPING),NO CORRESPONDING TVET PROGRAM,New and Emerging,LOW,3,5,150,NO CORRESPONDING TVET PROGRAM
2322,REGION_VII,CEBU,"Cebu, District 4",CONSTRUCTION,"VERTICAL CONSTRUCTION HORIZONTAL CONSTRUCTION RESIDENTIAL CONSTRUCTION INDUSTRIAL CONSTRUCTION
",CONSTRUCTION PAINTER (APPLICATION),CONSTRUCTION PAINTING NC II,With TR,MEDIUM,10,15,30,CONSTRUCTION PAINTING NC II
2323,REGION_VII,CEBU,"Cebu, District 4",CONSTRUCTION,"VERTICAL CONSTRUCTION HORIZONTAL CONSTRUCTION RESIDENTIAL CONSTRUCTION INDUSTRIAL CONSTRUCTION
",CONSTRUCTION PAINTER (APPLICATION),CONSTRUCTION PAINTING NC II,With TR,MEDIUM,10,15,30,CONSTRUCTION PAINTING NC II
2324,REGION_VII,CEBU,"Cebu, District 4",CONSTRUCTION,"VERTICAL CONSTRUCTION HORIZONTAL CONSTRUCTION RESIDENTIAL CONSTRUCTION INDUSTRIAL CONSTRUCTION
","CONSTRUCTION PAINTER (REPAIR AND ARTISTIC APPLICATION, MIXING))",CONSTRUCTION PAINTING NC II,With TR,LOW,3,5,150,CONSTRUCTION PAINTING NC II
2325,REGION_VII,CEBU,"Cebu, District 4",CONSTRUCTION,"VERTICAL CONSTRUCTION HORIZONTAL CONSTRUCTION RESIDENTIAL CONSTRUCTION INDUSTRIAL CONSTRUCTION
","CONSTRUCTION PAINTER (REPAIR AND ARTISTIC APPLICATION, MIXING))",TILE SETTING NC II,With TR,LOW,3,5,150,TILE SETTING NC II
2326,REGION_VII,CEBU,"Cebu, District 4",CONSTRUCTION,HORIZONTAL CONSTRUCTION VERTICAL CONSTRUCTION INDUSTRIAL CONSTRUCTION,CONSTRUCTION SITE SUPERVISOR,CONSTRUCTION SITE SUPERVISION LEVEL IV,With CS,MEDIUM,10,15,30,CONSTRUCTION SITE SUPERVISION LEVEL IV
2327,REGION_VII,CEBU,"Cebu, District 4",CONSTRUCTION,HORIZONTAL CONSTRUCTION VERTICAL CONSTRUCTION INDUSTRIAL CONSTRUCTION,CONSTRUCTION TRADE SUPERVISOR,CONSTRUCTION TRADE SUPERVISION LEVEL IV,With CS,MEDIUM,10,15,30,CONSTRUCTION TRADE SUPERVISION LEVEL IV
2328,REGION_VII,CEBU,"Cebu, District 4",CONSTRUCTION,HORIZONTAL CONSTRUCTION VERTICAL CONSTRUCTION,CRAWLER CRANE OPERATOR,HEAVY EQUIPMENT OPERATION (CRAWLER CRANE) NC III,With TR,LOW,3,5,150,HEAVY EQUIPMENT OPERATION (CRAWLER CRANE) NC III
2329,REGION_VII,CEBU,"Cebu, District 4",CONSTRUCTION,RESIDENTIAL CONSTRUCTION VERTICAL CONSTRUCTION INDUSTRIAL,DRY WALL AND CEILING INSTALLER,CARPENTRY NC II,With TR,MEDIUM,10,15,30,CARPENTRY NC II
2330,REGION_VII,CEBU,"Cebu, District 4",CONSTRUCTION,"VERTICAL CONSTRUCTION HORIZONTAL CONSTRUCTION RESIDENTIAL CONSTRUCTION INDUSTRIAL CONSTRUCTION
",DRY WALL AND CEILING INSTALLER,CARPENTRY NC III,With TR,LOW,3,5,150,CARPENTRY NC III
2331,REGION_VII,CEBU,"Cebu, District 4",CONSTRUCTION,RESIDENTIAL CONSTRUCTION VERTICAL CONSTRUCTION INDUSTRIAL,DRY WALL AND CEILING INSTALLER,CARPENTRY NC II,With TR,MEDIUM,10,15,30,CARPENTRY NC II
2332,REGION_VII,CEBU,"Cebu, District 4",CONSTRUCTION,"VERTICAL CONSTRUCTION HORIZONTAL CONSTRUCTION RESIDENTIAL CONSTRUCTION INDUSTRIAL CONSTRUCTION
",DRY WALL AND CEILING INSTALLER,CARPENTRY NC III,With TR,LOW,3,5,150,CARPENTRY NC III
2333,REGION_VII,CEBU,"Cebu, District 4",CONSTRUCTION,"DIRECT WORKER EQUIPMENT OPERATORS AND MAINTENANCE VERTICAL CONSTRUCTION HORIZONTAL CONSTRUCTION RESIDENTIAL CONSTRUCTION
",DUMPTRUCK OPERATOR,HEAVY EQUIPMENT OPERATION (RIGID ON-HIGHWAY DUMP TRUCK) NC II,With TR,LOW,3,5,150,HEAVY EQUIPMENT OPERATION (RIGID ON-HIGHWAY DUMP TRUCK) NC II
2334,REGION_VII,CEBU,"Cebu, District 4",CONSTRUCTION,RESIDENTIAL CONSTRUCTION VERTICAL CONSTRUCTION HORIZONTAL CONTRUCTN,ELECTRICIAN (COMMERCIAL AND INDUSTRIAL BUILDING),ELECTRICAL INSTALLATION AND MAINTENANCE NC III,With TR,MEDIUM,10,15,30,ELECTRICAL INSTALLATION AND MAINTENANCE NC III
2335,REGION_VII,CEBU,"Cebu, District 4",CONSTRUCTION,RESIDENTIAL CONSTRUCTION VERTICAL CONSTRUCTION HORIZONTAL CONTRUCTN,ELECTRICIAN (COMMERCIAL AND INDUSTRIAL BUILDING),ELECTRICAL INSTALLATION AND MAINTENANCE NC III,With TR,MEDIUM,10,15,30,ELECTRICAL INSTALLATION AND MAINTENANCE NC III
2336,REGION_VII,CEBU,"Cebu, District 4",CONSTRUCTION,RESIDENTIAL CONSTRUCTION VERTICAL CONSTRUCTION HORIZONTAL CONTRUCTN,ELEVATOR INSTALLER,ELECTRICAL INSTALLATION AND MAINTENANCE NC III,With TR,LOW,3,5,150,ELECTRICAL INSTALLATION AND MAINTENANCE NC III
2337,REGION_VII,CEBU,"Cebu, District 4",CONSTRUCTION,RESIDENTIAL CONSTRUCTION VERTICAL CONSTRUCTION HORIZONTAL CONTRUCTN,ELEVATOR INSTALLER,ELECTRICAL INSTALLATION AND MAINTENANCE NC III,With TR,LOW,3,5,150,ELECTRICAL INSTALLATION AND MAINTENANCE NC III
2338,REGION_VII,CEBU,"Cebu, District 4",CONSTRUCTION,VERTICAL CONSTRUCTION HORIZONTAL CONTRUCTN,FDAS TECHNICIAN,ELECTRICAL INSTALLATION AND MAINTENANCE NC II,With TR,MEDIUM,10,15,30,ELECTRICAL INSTALLATION AND MAINTENANCE NC II
2339,REGION_VII,CEBU,"Cebu, District 4",CONSTRUCTION,HORIZONTAL CONSTRUCTION,FDAS TECHNICIAN ,ELECTRICAL INSTALLATION AND MAINTENANCE NC II,With TR,MEDIUM,10,15,30,ELECTRICAL INSTALLATION AND MAINTENANCE NC II
2340,REGION_VII,CEBU,"Cebu, District 4",CONSTRUCTION,VERTICAL CONSTRUCTION RESIDENTIAL CONSTRUCTION,FINISHING MASON,MASONRY NC III,With TR,LOW,3,5,150,MASONRY NC III
2341,REGION_VII,CEBU,"Cebu, District 4",CONSTRUCTION,HORIZONTAL CONSTRUCTION VERTICAL CONSTRUCTION,FORKLIFT OPERATOR,HEAVY EQUIPMENT OPERATION (FORKLIFT) NC II,With TR,LOW,3,5,150,HEAVY EQUIPMENT OPERATION (FORKLIFT) NC II
2342,REGION_VII,CEBU,"Cebu, District 4",CONSTRUCTION,"VERTICAL CONSTRUCTION HORIZONTAL CONSTRUCTION RESIDENTIAL CONSTRUCTION INDUSTRIAL CONSTRUCTION
",GLASS INSTALLER (GLAZING WORKS),NO CORRESPONDING TVET PROGRAM,New and Emerging,LOW,3,5,150,NO CORRESPONDING TVET PROGRAM
2343,REGION_VII,CEBU,"Cebu, District 4",CONSTRUCTION,"VERTICAL CONSTRUCTION HORIZONTAL CONSTRUCTION RESIDENTIAL CONSTRUCTION INDUSTRIAL CONSTRUCTION
",GLASS INSTALLER (GLAZING WORKS),NO CORRESPONDING TVET PROGRAM,New and Emerging,LOW,3,5,150,NO CORRESPONDING TVET PROGRAM
2344,REGION_VII,CEBU,"Cebu, District 4",CONSTRUCTION,"VERTICAL CONSTRUCTION HORIZONTAL CONSTRUCTION RESIDENTIAL CONSTRUCTION
DIRECTO WORKERS CORPORATE SUPPORT",HEO BACKHOE LOADER,HEAVY EQUIPMENT OPERATION (BACKHOE LOADER) NC II,With TR,LOW,3,5,150,HEAVY EQUIPMENT OPERATION (BACKHOE LOADER) NC II
2345,REGION_VII,CEBU,"Cebu, District 4",CONSTRUCTION,"VERTICAL CONSTRUCTION HORIZONTAL CONSTRUCTION RESIDENTIAL CONSTRUCTION
DIRECT WORKERS CORPORATE SUPPORT",HEO EXCAVATOR,HEAVY EQUIPMENT OPERATION (HYDRAULIC EXCAVATOR) NC II,With TR,LOW,3,5,150,HEAVY EQUIPMENT OPERATION (HYDRAULIC EXCAVATOR) NC II
2346,REGION_VII,CEBU,"Cebu, District 4",CONSTRUCTION,EQUIPMENT OPERATORS AND MAINTENANCE,HEO TOWER CRANE OPERATOR,HEAVY EQUIPMENT OPERATION (TOWER CRANE) NC III,With TR,LOW,3,5,150,HEAVY EQUIPMENT OPERATION (TOWER CRANE) NC III
2347,REGION_VII,CEBU,"Cebu, District 4",CONSTRUCTION,"VERTICAL CONSTRUCTION HORIZONTAL CONSTRUCTION RESIDENTIAL CONSTRUCTION INDUSTRIAL CONSTRUCTION
",LAMINATE INSTALLER,CARPENTRY NC II,With TR,MEDIUM,10,15,30,CARPENTRY NC II
2348,REGION_VII,CEBU,"Cebu, District 4",CONSTRUCTION,"VERTICAL CONSTRUCTION HORIZONTAL CONSTRUCTION RESIDENTIAL CONSTRUCTION INDUSTRIAL CONSTRUCTION
",LAMINATE INSTALLER,CARPENTRY NC II,With TR,MEDIUM,10,15,30,CARPENTRY NC II
2349,REGION_VII,CEBU,"Cebu, District 4",CONSTRUCTION,DIRECT WORKERS VERTICAL INDUSTRIAL HORIZONTAL ,MASONRY (FINISHING),MASONRY NC II,With TR,HIGH,30,50,100,MASONRY NC II
2350,REGION_VII,CEBU,"Cebu, District 4",CONSTRUCTION,RESIDENTIAL CONSTRUCTION VERTICAL CONSTRUCTION,MASONRY (FINISHING),MASONRY NC I,With TR,LOW,3,5,150,MASONRY NC I
2351,REGION_VII,CEBU,"Cebu, District 4",CONSTRUCTION,RESIDENTIAL CONSTRUCTION VERTICAL CONSTRUCTION,MASONRY (FINISHING),MASONRY NC I,With TR,LOW,3,5,150,MASONRY NC I
2352,REGION_VII,CEBU,"Cebu, District 4",CONSTRUCTION,RESIDENTIAL CONSTRUCTION VERTICAL CONSTRUCTION,MASONRY (FINISHING),MASONRY NC I,With TR,LOW,3,5,150,MASONRY NC I
2353,REGION_VII,CEBU,"Cebu, District 4",CONSTRUCTION,DIRECT WORKERS VERTICAL INDUSTRIAL HORIZONTAL ,MASONRY (ROUGH CONCRETE),MASONRY NC I,With TR,LOW,3,5,150,MASONRY NC I
2354,REGION_VII,CEBU,"Cebu, District 4",CONSTRUCTION,"DIRECT WORKER EQUIPMENT OPERATORS AND MAINTENANCE VERTICAL CONSTRUCTION INDUSTRIAL CONSTRUCTION
",MOBILE CRANE OPERATOR,HEAVY EQUIPMENT OPERATION (ROUGH TERRAIN CRANE) NC III,With TR,LOW,3,5,150,HEAVY EQUIPMENT OPERATION (ROUGH TERRAIN CRANE) NC III
2355,REGION_VII,CEBU,"Cebu, District 4",CONSTRUCTION,"HORIZONTAL CONSTRUCTION
",MOTOR GRADER OPERATOR,HEAVY EQUIPMENT OPERATION (MOTOR GRADER) NC II,With TR,LOW,3,5,150,HEAVY EQUIPMENT OPERATION (MOTOR GRADER) NC II
2356,REGION_VII,CEBU,"Cebu, District 4",CONSTRUCTION,HORIZONTAL CONSTRUCTION VERTICAL CONSTRUCTION,OFF-HIGHWAY DUMP TRUCK (RIGID) OPERATOR,HEAVY EQUIPMENT OPERATION (RIGID OFF-HIGHWAY DUMP TRUCK) NC II,With TR,LOW,3,5,150,HEAVY EQUIPMENT OPERATION (RIGID OFF-HIGHWAY DUMP TRUCK) NC II
2357,REGION_VII,CEBU,"Cebu, District 4",CONSTRUCTION,RESIDENTIAL CONSTRUCTION VERTICAL CONSTRUCTION HORIZONTAL DIRECT WORKERS,PAINTER,CONSTRUCTION PAINTING NC II,With TR,MEDIUM,10,15,30,CONSTRUCTION PAINTING NC II
2358,REGION_VII,CEBU,"Cebu, District 4",CONSTRUCTION,RESIDENTIAL CONSTRUCTION VERTICAL CONSTRUCTION HORIZONTAL DIRECT WORKERS,PAINTER,CONSTRUCTION PAINTING NC II,With TR,MEDIUM,10,15,30,CONSTRUCTION PAINTING NC II
2359,REGION_VII,CEBU,"Cebu, District 4",CONSTRUCTION,HORIZONTAL CONSTRUCTION VERTICAL CONSTRUCTION,PAVER OPERATOR,HEAVY EQUIPMENT OPERATION (PAVER) NC II,With TR,LOW,3,5,150,HEAVY EQUIPMENT OPERATION (PAVER) NC II
2360,REGION_VII,CEBU,"Cebu, District 4",CONSTRUCTION,RESIDENTIAL CONSTRUCTION VERTICAL CONSTRUCTION HORIZONTAL CONTRUCTN,PIPEFITTER,PLUMBING NC III,With TR,LOW,3,5,150,PLUMBING NC III
2361,REGION_VII,CEBU,"Cebu, District 4",CONSTRUCTION,RESIDENTIAL CONSTRUCTION VERTICAL CONSTRUCTION HORIZONTAL CONTRUCTN,PIPEFITTER,PLUMBING NC III,With TR,LOW,3,5,150,PLUMBING NC III
2362,REGION_VII,CEBU,"Cebu, District 4",CONSTRUCTION,VERTICAL CONSTRUCTION HORIZONTAL CONTRUCTN,PIPEFITTER (FIRE PROTECTION SYSTEM),PIPEFITTING (METALLIC) NC II,With TR,LOW,3,5,150,PIPEFITTING (METALLIC) NC II
2363,REGION_VII,CEBU,"Cebu, District 4",CONSTRUCTION,RESIDENTIAL CONSTRUCTION VERTICAL CONSTRUCTION HORIZONTAL CONTRUCTN,PIPEFITTER (FIRE PROTECTION SYSTEM),PIPEFITTING (METALLIC) NC II,With TR,LOW,3,5,150,PIPEFITTING (METALLIC) NC II
2364,REGION_VII,CEBU,"Cebu, District 4",CONSTRUCTION,VERTICAL CONSTRUCTION HORIZONTAL CONTRUCTN,PIPEFITTER (PUMP EQUIPMENT),PIPEFITTING (METALLIC) NC II,With TR,LOW,3,5,150,PIPEFITTING (METALLIC) NC II
2365,REGION_VII,CEBU,"Cebu, District 4",CONSTRUCTION,RESIDENTIAL CONSTRUCTION VERTICAL CONSTRUCTION HORIZONTAL CONTRUCTN,PIPEFITTER (PUMP EQUIPMENT),PIPEFITTING (METALLIC) NC II,With TR,LOW,3,5,150,PIPEFITTING (METALLIC) NC II
2366,REGION_VII,CEBU,"Cebu, District 4",CONSTRUCTION,RESIDENTIAL CONSTRUCTION VERTICAL CONSTRUCTION HORIZONTAL CONTRUCTN,PLUMBER,PLUMBING NC II,With TR,LOW,3,5,150,PLUMBING NC II
2367,REGION_VII,CEBU,"Cebu, District 4",CONSTRUCTION,RESIDENTIAL CONSTRUCTION VERTICAL CONSTRUCTION HORIZONTAL CONTRUCTN,PLUMBER,PLUMBING NC II,With TR,LOW,3,5,150,PLUMBING NC II
2368,REGION_VII,CEBU,"Cebu, District 4",CONSTRUCTION,"DIRECT WORKER EQUIPMENT OPERATORS AND MAINTENANCE VERTICAL CONSTRUCTION INDUSTRIAL CONSTRUCTION
",RIGGER,RIGGING NC I,With TR,LOW,3,5,150,RIGGING NC I
2369,REGION_VII,CEBU,"Cebu, District 4",CONSTRUCTION,"HORIZONTAL CONSTRUCTION
DIRECT WORKERS",ROAD ROLLER OPERATOR,HEAVY EQUIPMENT OPERATION (ROAD ROLLER) NC II,With TR,LOW,3,5,150,HEAVY EQUIPMENT OPERATION (ROAD ROLLER) NC II
2370,REGION_VII,CEBU,"Cebu, District 4",CONSTRUCTION,RESIDENTIAL CONSTRUCTION VERTICAL CONSTRUCTION INDUSTRIAL,ROOF INSTALLER,NO CORRESPONDING TVET PROGRAM,New and Emerging,LOW,3,5,150,NO CORRESPONDING TVET PROGRAM
2371,REGION_VII,CEBU,"Cebu, District 4",CONSTRUCTION,RESIDENTIAL CONSTRUCTION VERTICAL CONSTRUCTION INDUSTRIAL,ROOF INSTALLER,NO CORRESPONDING TVET PROGRAM,New and Emerging,LOW,3,5,150,NO CORRESPONDING TVET PROGRAM
2372,REGION_VII,CEBU,"Cebu, District 4",CONSTRUCTION,VERTICAL INDUSTRIAL RESIDENTIAL DIRECT WORKS,SCAFFOLDER,SCAFFOLDING WORKS NC II (SUPPORTED TYPE SCAFFOLD),With TR,LOW,3,5,150,SCAFFOLDING WORKS NC II (SUPPORTED TYPE SCAFFOLD)
2373,REGION_VII,CEBU,"Cebu, District 4",CONSTRUCTION,RESIDENTIAL CONSTRUCTION VERTICAL CONSTRUCTION,SCAFFOLDER,NO CORRESPONDING TVET PROGRAM,New and Emerging,LOW,3,5,150,NO CORRESPONDING TVET PROGRAM
2374,REGION_VII,CEBU,"Cebu, District 4",CONSTRUCTION,RESIDENTIAL CONSTRUCTION VERTICAL CONSTRUCTION,SCAFFOLDER,NO CORRESPONDING TVET PROGRAM,New and Emerging,LOW,3,5,150,NO CORRESPONDING TVET PROGRAM
2375,REGION_VII,CEBU,"Cebu, District 4",CONSTRUCTION,VERTICAL INDUSTRIAL RESIDENTIAL PROJECT MANAGEMENT,"SCAFFOLDER (INSPECTION, QUALITY ASSURANCE)",NO CORRESPONDING TVET PROGRAM,New and Emerging,LOW,3,5,150,NO CORRESPONDING TVET PROGRAM
2376,REGION_VII,CEBU,"Cebu, District 4",CONSTRUCTION,RESIDENTIAL CONSTRUCTION VERTICAL CONSTRUCTION,"SCAFFOLDER (INSPECTION, QUALITY ASSURANCE)",SCAFFOLDING WORKS NC II (SUPPORTED TYPE SCAFFOLD),With TR,LOW,3,5,150,SCAFFOLDING WORKS NC II (SUPPORTED TYPE SCAFFOLD)
2377,REGION_VII,CEBU,"Cebu, District 4",CONSTRUCTION,RESIDENTIAL CONSTRUCTION VERTICAL CONSTRUCTION,"SCAFFOLDER (INSPECTION, QUALITY ASSURANCE)",SCAFFOLDING WORKS NC II (SUPPORTED TYPE SCAFFOLD),With TR,LOW,3,5,150,SCAFFOLDING WORKS NC II (SUPPORTED TYPE SCAFFOLD)
2378,REGION_VII,CEBU,"Cebu, District 4",CONSTRUCTION,RESIDENTIAL CONSTRUCTION VERTICAL CONSTRUCTION HORIZONTAL CONTRUCTN,SEALANT APPLICATOR,CONSTRUCTION PAINTING NC II,With TR,LOW,3,5,150,CONSTRUCTION PAINTING NC II
2379,REGION_VII,CEBU,"Cebu, District 4",CONSTRUCTION,RESIDENTIAL CONSTRUCTION VERTICAL CONSTRUCTION HORIZONTAL CONTRUCTN,SEALANT APPLICATOR,CONSTRUCTION PAINTING NC II,With TR,LOW,3,5,150,CONSTRUCTION PAINTING NC II
2380,REGION_VII,CEBU,"Cebu, District 4",CONSTRUCTION,HORIZONTAL CONSTRUCTION VERTICAL CONSTRUCTION INDUSTRIAL CONSTRUCTION,SENIOR PAINTER,CONSTRUCTION PAINTING NC III,With TR,LOW,3,5,150,CONSTRUCTION PAINTING NC III
2381,REGION_VII,CEBU,"Cebu, District 4",CONSTRUCTION,VERTICAL CONSTRUCTION RESIDENTIAL CONSTRUCTION,SPECIALIZED CARPENTER,CARPENTRY NC III,With TR,LOW,3,5,150,CARPENTRY NC III
2382,REGION_VII,CEBU,"Cebu, District 4",CONSTRUCTION,"VERTICAL CONSTRUCTION HORIZONTAL CONSTRUCTION RESIDENTIAL CONSTRUCTION
",STEELMAN,REINFORCING STEEL WORKS NC II,With TR,MEDIUM,10,15,30,REINFORCING STEEL WORKS NC II
2383,REGION_VII,CEBU,"Cebu, District 4",CONSTRUCTION,VERTICAL CONSTRUCTION HORIZONTAL CONSTRUCTION RESIDENTIAL CONSTRUCTION,SURVEY ASSISTANT,NO CORRESPONDING TVET PROGRAM,New and Emerging,LOW,3,5,150,NO CORRESPONDING TVET PROGRAM
2384,REGION_VII,CEBU,"Cebu, District 4",CONSTRUCTION,"VERTICAL CONSTRUCTION HORIZONTAL CONSTRUCTION RESIDENTIAL CONSTRUCTION
",SYSTEM FORWORKS INSTALLER,SYSTEM FORMWORKS INSTALLATION NC II,With TR,LOW,3,5,150,SYSTEM FORMWORKS INSTALLATION NC II
2385,REGION_VII,CEBU,"Cebu, District 4",CONSTRUCTION,HORIZONTAL CONSTRUCTION VERTICAL CONSTRUCTION INDUSTRIAL CONSTRUCTION,TIG PLATE WELDER,GAS TUNGSTEN ARC WELDING (GTAW) NC IV,With TR,MEDIUM,10,15,30,GAS TUNGSTEN ARC WELDING (GTAW) NC IV
2386,REGION_VII,CEBU,"Cebu, District 4",CONSTRUCTION,"VERTICAL CONSTRUCTION HORIZONTAL CONSTRUCTION RESIDENTIAL CONSTRUCTION INDUSTRIAL CONSTRUCTION
",TILE SETTING,TILE SETTING NC II,With TR,LOW,3,5,150,TILE SETTING NC II
2387,REGION_VII,CEBU,"Cebu, District 4",CONSTRUCTION,"VERTICAL CONSTRUCTION HORIZONTAL CONSTRUCTION RESIDENTIAL CONSTRUCTION INDUSTRIAL CONSTRUCTION
",TILE SETTING,TILE SETTING NC II,With TR,LOW,3,5,150,TILE SETTING NC II
2388,REGION_VII,CEBU,"Cebu, District 4",CONSTRUCTION,"DIRECT WORKER EQUIPMENT OPERATORS AND MAINTENANCE VERTICAL CONSTRUCTION INDUSTRIAL CONSTRUCTION
",TOWER CRANE OPERATOR,HEAVY EQUIPMENT OPERATION (TOWER CRANE) NC III,With TR,LOW,3,5,150,HEAVY EQUIPMENT OPERATION (TOWER CRANE) NC III
2389,REGION_VII,CEBU,"Cebu, District 4",CONSTRUCTION,VERTICAL INDUSTRIAL RESIDENTIAL DIRECT WORKS EQUIPMENT OPERATORS AND MAINTENANCE DIRECT WORKERS       ,TRANSIT MIXER,HEAVY EQUIPMENT OPERATION (TRANSIT MIXER) NC II,With TR,LOW,3,5,150,HEAVY EQUIPMENT OPERATION (TRANSIT MIXER) NC II
2390,REGION_VII,CEBU,"Cebu, District 4",CONSTRUCTION,HORIZONTAL CONSTRUCTION VERTICAL CONSTRUCTION INDUSTRIAL CONSTRUCTION,WAREHOUSEMAN (EXTERNAL),WAREHOUSING SERVICES NC II,With TR,LOW,3,5,150,WAREHOUSING SERVICES NC II
2391,REGION_VII,CEBU,"Cebu, District 4",CONSTRUCTION,HORIZONTAL CONSTRUCTION VERTICAL CONSTRUCTION INDUSTRIAL CONSTRUCTION,WAREHOUSEMAN (INTERNAL),WAREHOUSING SERVICES NC II,With TR,LOW,3,5,150,WAREHOUSING SERVICES NC II
2392,REGION_VII,CEBU,"Cebu, District 4",CONSTRUCTION,RESIDENTIAL CONSTRUCTION VERTICAL CONSTRUCTION,WATERPROOFER (SLABS),NO CORRESPONDING TVET PROGRAM,New and Emerging,LOW,3,5,150,NO CORRESPONDING TVET PROGRAM
2393,REGION_VII,CEBU,"Cebu, District 4",CONSTRUCTION,RESIDENTIAL CONSTRUCTION VERTICAL CONSTRUCTION,WATERPROOFER (SLABS),NO CORRESPONDING TVET PROGRAM,New and Emerging,LOW,3,5,150,NO CORRESPONDING TVET PROGRAM
2394,REGION_VII,CEBU,"Cebu, District 4",CONSTRUCTION,VERTICAL HORIZONTAL,WATERPROOFER (VERTICAL WALLS),CONSTRUCTION PAINTING NC II,With TR,LOW,3,5,150,CONSTRUCTION PAINTING NC II
2395,REGION_VII,CEBU,"Cebu, District 4",CONSTRUCTION,VERTICAL HORIZONTAL,WATERPROOFER (VERTICAL WALLS),CONSTRUCTION PAINTING NC II,With TR,LOW,3,5,150,CONSTRUCTION PAINTING NC II
2396,REGION_VII,CEBU,"Cebu, District 4",CONSTRUCTION,"VERTICAL CONSTRUCTION HORIZONTAL CONSTRUCTION INDUSTRIAL CONSTRUCTION
",WELDER (GAS),GAS WELDING NC I,With TR,MEDIUM,10,15,30,GAS WELDING NC I
2397,REGION_VII,CEBU,"Cebu, District 4",CONSTRUCTION,"VERTICAL CONSTRUCTION HORIZONTAL CONSTRUCTION INDUSTRIAL CONSTRUCTION
",WELDER (GAS),GAS WELDING NC II,With TR,MEDIUM,10,15,30,GAS WELDING NC II
2398,REGION_VII,CEBU,"Cebu, District 4",CONSTRUCTION,VERTICAL CONSTRUCTION HORIZONTAL CONTRUCTN,WELDER (SMAW),MANUAL METAL ARC WELDING (MMAW) NC II,With TR,HIGH,30,50,100,MANUAL METAL ARC WELDING (MMAW) NC II
2399,REGION_VII,CEBU,"Cebu, District 4",CONSTRUCTION,VERTICAL CONSTRUCTION HORIZONTAL CONTRUCTN,WELDER (SMAW),MANUAL METAL ARC WELDING (MMAW) NC II,With TR,HIGH,30,50,100,MANUAL METAL ARC WELDING (MMAW) NC II
2400,REGION_VII,CEBU,"Cebu, District 4",CONSTRUCTION,VERTICAL INDUSTRIAL RESIDENTIAL DIRECT WORKS,WELDER (STRUCTURAL),FLUX-CORED ARC WELDING (FCAW) NC II,With TR,LOW,3,5,150,FLUX-CORED ARC WELDING (FCAW) NC II
2401,REGION_VII,CEBU,"Cebu, District 4",CONSTRUCTION,VERTICAL INDUSTRIAL RESIDENTIAL DIRECT WORKS,WELDER (STRUCTURAL),GAS TUNGSTEN ARC WELDING (GTAW) NC II,With TR,MEDIUM,10,15,30,GAS TUNGSTEN ARC WELDING (GTAW) NC II
2402,REGION_VII,CEBU,"Cebu, District 4",CONSTRUCTION,VERTICAL INDUSTRIAL RESIDENTIAL DIRECT WORKS,WELDER (STRUCTURAL),MANUAL METAL ARC WELDING (MMAW) NC II,With TR,HIGH,30,50,100,MANUAL METAL ARC WELDING (MMAW) NC II
2403,REGION_VII,CEBU,"Cebu, District 4",CONSTRUCTION,HORIZONTAL CONSTRUCTION VERTICAL CONSTRUCTION,WHEEL LOADER OPERATOR,HEAVY EQUIPMENT OPERATION (WHEEL LOADER) NC II,With TR,LOW,3,5,150,HEAVY EQUIPMENT OPERATION (WHEEL LOADER) NC II
2501,REGION_VII,CEBU,"Cebu, District 4",MANUFACTURING,METALS AND ENGINEERING,"
GTAW/TIG WELDER",GAS TUNGSTEN ARC WELDING (GTAW) NC II,With TR,MEDIUM,10,15,30,GAS TUNGSTEN ARC WELDING (GTAW) NC II
2502,REGION_VII,CEBU,"Cebu, District 4",MANUFACTURING,METALS AND ENGINEERING," _x000D_
 	_x000D_
PIPE WELDER (SAW)",SUBMERGED ARC WELDING (SAW) NC II,With TR,LOW,3,5,150,SUBMERGED ARC WELDING (SAW) NC II
2503,REGION_VII,CEBU,"Cebu, District 4",MANUFACTURING,AUTOMOTIVE AND LAND TRANSPORTATION PRODUCTION (OEM) ASSEMBLY,AUTO ELECTRICIAN,AUTOMOTIVE ELECTRICAL ASSEMBLY NC II,With TR,LOW,3,5,150,AUTOMOTIVE ELECTRICAL ASSEMBLY NC II
2504,REGION_VII,CEBU,"Cebu, District 4",MANUFACTURING,PROCESSED FOOD AND BEVERAGES,BAKER,FOOD PRODUCTION (BREAD AND PATISSERIE) NC II,With TR,HIGH,30,50,100,FOOD PRODUCTION (BREAD AND PATISSERIE) NC II
2505,REGION_VII,CEBU,"Cebu, District 4",MANUFACTURING,ELECTRICAL AND ELECTRONICS,CALIBRATION TECHNICIAN,INSTRUMENTATION AND CONTROL SERVICING NC II,With TR,HIGH,30,50,100,INSTRUMENTATION AND CONTROL SERVICING NC II
2506,REGION_VII,CEBU,"Cebu, District 4",MANUFACTURING,METALS AND ENGINEERING,CARBON STEEL PLATE/ PIPE WELDER (MMAW),MANUAL METAL ARC WELDING (MMAW) NC I,With TR,LOW,3,5,150,MANUAL METAL ARC WELDING (MMAW) NC I
2507,REGION_VII,CEBU,"Cebu, District 4",MANUFACTURING,METALS AND ENGINEERING,CARBON STEEL PLATE/ PIPE WELDER (MMAW),MANUAL METAL ARC WELDING (MMAW) NC III,With TR,LOW,3,5,150,MANUAL METAL ARC WELDING (MMAW) NC III
2508,REGION_VII,CEBU,"Cebu, District 4",MANUFACTURING,METALS AND ENGINEERING,CARBON STEEL PLATE/ PIPE WELDER (MMAW),MANUAL METAL ARC WELDING (MMAW) NC IV,With TR,LOW,3,5,150,MANUAL METAL ARC WELDING (MMAW) NC IV
2509,REGION_VII,CEBU,"Cebu, District 4",MANUFACTURING,FURNITURE AND FIXTURES,CARPENTER,CARPENTRY NC II,With TR,HIGH,30,50,100,CARPENTRY NC II
2510,REGION_VII,CEBU,"Cebu, District 4",MANUFACTURING,PROCESSED FOOD AND BEVERAGES,CULINARY,COOKERY NC II,With TR,HIGH,30,50,100,COOKERY NC II
2511,REGION_VII,CEBU,"Cebu, District 4",MANUFACTURING,ELECTRICAL AND ELECTRONICS,DATABASE ADMINISTRATOR,PROGRAMMING (ORACLE DATABASE) NC III,With TR,LOW,3,5,150,PROGRAMMING (ORACLE DATABASE) NC III
2512,REGION_VII,CEBU,"Cebu, District 4",MANUFACTURING,ELECTRICAL AND ELECTRONICS,ELECTRICAL LEADMAN,ELECTRICAL INSTALLATION AND MAINTENANCE NC III,With TR,LOW,3,5,150,ELECTRICAL INSTALLATION AND MAINTENANCE NC III
2513,REGION_VII,CEBU,"Cebu, District 4",MANUFACTURING,ELECTRICAL AND ELECTRONICS,ELECTRICIAN,AUTOMOTIVE ELECTRICAL ASSEMBLY NC II,With TR,LOW,3,5,150,AUTOMOTIVE ELECTRICAL ASSEMBLY NC II
2514,REGION_VII,CEBU,"Cebu, District 4",MANUFACTURING,METALS AND ENGINEERING,FCAW PLATE WELDER (ALLOY STEEL),FLUX-CORED ARC WELDING (FCAW) NC III,With TR,LOW,3,5,150,FLUX-CORED ARC WELDING (FCAW) NC III
2515,REGION_VII,CEBU,"Cebu, District 4",MANUFACTURING,PROCESSED FOOD AND BEVERAGES,FURNITURE CARPENTER,CARPENTRY NC III,With TR,LOW,3,5,150,CARPENTRY NC III
2516,REGION_VII,CEBU,"Cebu, District 4",MANUFACTURING,GAME DEVELOPMENT SERVICES,GAME PROGRAMMER,GAME PROGRAMMING NC III,With TR,LOW,3,5,150,GAME PROGRAMMING NC III
2517,REGION_VII,CEBU,"Cebu, District 4",MANUFACTURING,GARMENTS,GARMENT SEWER,DRESSMAKING NC II,With TR,HIGH,30,50,100,DRESSMAKING NC II
2518,REGION_VII,CEBU,"Cebu, District 4",MANUFACTURING,METALS AND ENGINEERING,GAS (OXY-ACETYLENE) WELDER,GAS WELDING NC I,With TR,LOW,3,5,150,GAS WELDING NC I
2519,REGION_VII,CEBU,"Cebu, District 4",MANUFACTURING,METALS AND ENGINEERING,GAS WELDER (OXY-ACETYLENE),GAS WELDING NC II,With TR,LOW,3,5,150,GAS WELDING NC II
2520,REGION_VII,CEBU,"Cebu, District 4",MANUFACTURING,METALS AND ENGINEERING,GMAW WELDER (ALLOY STEEL),GAS METAL ARC WELDING (GMAW) NC III,With TR,LOW,3,5,150,GAS METAL ARC WELDING (GMAW) NC III
2521,REGION_VII,CEBU,"Cebu, District 4",MANUFACTURING,METALS AND ENGINEERING,GTAW OR TIG PIPE WELDER (ALLOY STEEL),GAS TUNGSTEN ARC WELDING (GTAW) NC IV,With TR,LOW,3,5,150,GAS TUNGSTEN ARC WELDING (GTAW) NC IV
2522,REGION_VII,CEBU,"Cebu, District 4",MANUFACTURING,GARMENTS,INDUSTRIAL SEWING MACHINE OPERATORS,NO CORRESPONDING TVET PROGRAM,New and Emerging,LOW,3,5,150,NO CORRESPONDING TVET PROGRAM
2523,REGION_VII,CEBU,"Cebu, District 4",MANUFACTURING,ELECTRICAL AND ELECTRONICS,INSTRUMENT TECHNICIAN 2,INSTRUMENTATION AND CONTROL SERVICING NC III,With TR,LOW,3,5,150,INSTRUMENTATION AND CONTROL SERVICING NC III
2524,REGION_VII,CEBU,"Cebu, District 4",MANUFACTURING,ELECTRICAL AND ELECTRONICS,INSTRUMENT TECHNICIAN 3,INSTRUMENTATION AND CONTROL SERVICING NC IV,With TR,LOW,3,5,150,INSTRUMENTATION AND CONTROL SERVICING NC IV
2525,REGION_VII,CEBU,"Cebu, District 4",MANUFACTURING,ELECTRICAL AND ELECTRONICS,INTEGRATION SPECIALIST,PROGRAMMING (.NET TECHNOLOGY) NC III,With TR,LOW,3,5,150,PROGRAMMING (.NET TECHNOLOGY) NC III
2526,REGION_VII,CEBU,"Cebu, District 4",MANUFACTURING,PROCESSED FOOD AND BEVERAGES,KITCHEN SUPERVISOR,FOOD PRODUCTION (PROFESSIONAL COOKERY) NC III,With TR,LOW,3,5,150,FOOD PRODUCTION (PROFESSIONAL COOKERY) NC III
2527,REGION_VII,CEBU,"Cebu, District 4",MANUFACTURING,METALS AND ENGINEERING,MACHINIST,MACHINING NC II,With TR,MEDIUM,10,15,30,MACHINING NC II
2528,REGION_VII,CEBU,"Cebu, District 4",MANUFACTURING,METALS AND ENGINEERING,MACHINIST,MACHINING NC I,With TR,MEDIUM,10,15,30,MACHINING NC I
2529,REGION_VII,CEBU,"Cebu, District 4",MANUFACTURING,ELECTRICAL AND ELECTRONICS,MAINTENANCE ELECTRICIAN,ELECTRICAL INSTALLATION AND MAINTENANCE NC II,With TR,HIGH,30,50,100,ELECTRICAL INSTALLATION AND MAINTENANCE NC II
2530,REGION_VII,CEBU,"Cebu, District 4",MANUFACTURING,ELECTRICAL AND ELECTRONICS,MANUFACTURING SYSTEMS DEVELOPER,PROGRAMMING (JAVA) NC III,With TR,LOW,3,5,150,PROGRAMMING (JAVA) NC III
2531,REGION_VII,CEBU,"Cebu, District 4",MANUFACTURING,CONSTRUCTION,MASON,MASONRY NC I,With TR,HIGH,30,50,100,MASONRY NC I
2532,REGION_VII,CEBU,"Cebu, District 4",MANUFACTURING,METALS AND ENGINEERING,MILLWRIGHT,NO CORRESPONDING TVET PROGRAM,New and Emerging,LOW,3,5,150,NO CORRESPONDING TVET PROGRAM
2533,REGION_VII,CEBU,"Cebu, District 4",MANUFACTURING,METALS AND ENGINEERING,MILLWRIGHT FITTER,NO CORRESPONDING TVET PROGRAM,New and Emerging,LOW,3,5,150,NO CORRESPONDING TVET PROGRAM
2534,REGION_VII,CEBU,"Cebu, District 4",MANUFACTURING,ELECTRICAL AND ELECTRONICS,PCB DESIGN TECHNICIAN,ELECTRONIC PRODUCTS ASSEMBLY AND SERVICING NC II,With TR,HIGH,30,50,100,ELECTRONIC PRODUCTS ASSEMBLY AND SERVICING NC II
2535,REGION_VII,CEBU,"Cebu, District 4",MANUFACTURING,METALS AND ENGINEERING,PIPE FITTER,PIPEFITTING (METALLIC) NC II,With TR,LOW,3,5,150,PIPEFITTING (METALLIC) NC II
2536,REGION_VII,CEBU,"Cebu, District 4",MANUFACTURING,METALS AND ENGINEERING,PIPE FITTER,PIPEFITTING (METALLIC) NC II,With TR,LOW,3,5,150,PIPEFITTING (METALLIC) NC II
2537,REGION_VII,CEBU,"Cebu, District 4",MANUFACTURING,METALS AND ENGINEERING,PIPE WELDER (GMAW),GAS METAL ARC WELDING (GMAW) NC II,With TR,HIGH,30,50,100,GAS METAL ARC WELDING (GMAW) NC II
2538,REGION_VII,CEBU,"Cebu, District 4",MANUFACTURING,METALS AND ENGINEERING,PLATE WELDER (FCAW),FLUX-CORED ARC WELDING (FCAW) NC I,With TR,LOW,3,5,150,FLUX-CORED ARC WELDING (FCAW) NC I
2539,REGION_VII,CEBU,"Cebu, District 4",MANUFACTURING,METALS AND ENGINEERING,PLATE WELDER (GMAW),GAS METAL ARC WELDING (GMAW) NC I,With TR,LOW,3,5,150,GAS METAL ARC WELDING (GMAW) NC I
2540,REGION_VII,CEBU,"Cebu, District 4",MANUFACTURING,METALS AND ENGINEERING,PLATE WELDER (SAW),SUBMERGED ARC WELDING (SAW) NC I,With TR,LOW,3,5,150,SUBMERGED ARC WELDING (SAW) NC I
2541,REGION_VII,CEBU,"Cebu, District 4",MANUFACTURING,METALS AND ENGINEERING,PRECISION GRINDING MACHINE OPERATOR,MACHINING NC III,With TR,LOW,3,5,150,MACHINING NC III
2542,REGION_VII,CEBU,"Cebu, District 4",MANUFACTURING,"HEATING, VENTILATION, AIRCONDITIONING AND REFRIGERATION",RAC TECHNICIAN/ INSTALLERS,RAC SERVICING (DOMRAC) NC II,With TR,MEDIUM,10,15,30,RAC SERVICING (DOMRAC) NC II
2543,REGION_VII,CEBU,"Cebu, District 4",MANUFACTURING,"HEATING, VENTILATION, AIRCONDITIONING AND REFRIGERATION",RAC TECHNICIAN/ INSTALLERS,COMMERCIAL AIR-CONDITIONING INSTALLATION AND SERVICING NC III,With TR,HIGH,30,50,100,COMMERCIAL AIR-CONDITIONING INSTALLATION AND SERVICING NC III
2544,REGION_VII,CEBU,"Cebu, District 4",MANUFACTURING,ELECTRICAL AND ELECTRONICS,"SOLDERING, MICROSCOPE OPERATION",ELECTRONIC PRODUCTS ASSEMBLY AND SERVICING NC II,With TR,HIGH,30,50,100,ELECTRONIC PRODUCTS ASSEMBLY AND SERVICING NC II
2545,REGION_VII,CEBU,"Cebu, District 4",MANUFACTURING,PROCESSED FOOD AND BEVERAGES,SOUS CHEF,FOOD PRODUCTION (PROFESSIONAL COOKERY) NC IV,With TR,LOW,3,5,150,FOOD PRODUCTION (PROFESSIONAL COOKERY) NC IV
2546,REGION_VII,CEBU,"Cebu, District 4",MANUFACTURING,ELECTRICAL AND ELECTRONICS,SUPERVISING TECHNICIAN,ELECTRICAL INSTALLATION AND MAINTENANCE NC IV,With TR,LOW,3,5,150,ELECTRICAL INSTALLATION AND MAINTENANCE NC IV
2547,REGION_VII,CEBU,"Cebu, District 4",MANUFACTURING,GARMENTS,TAILOR,TAILORING NC II,With TR,MEDIUM,10,15,30,TAILORING NC II
2548,REGION_VII,CEBU,"Cebu, District 4",MANUFACTURING,METALS AND ENGINEERING,WELDER,MANUAL METAL ARC WELDING (MMAW) NC II,With TR,LOW,3,5,150,MANUAL METAL ARC WELDING (MMAW) NC II
2549,REGION_VII,CEBU,"Cebu, District 4",MANUFACTURING,METALS AND ENGINEERING,WELDERS (SMAW),MANUAL METAL ARC WELDING (MMAW) NC II,With TR,LOW,3,5,150,MANUAL METAL ARC WELDING (MMAW) NC II
2577,REGION_VII,CEBU,"Cebu, District 4",TOURISM (HOTEL AND RESTAURANT),ACCOMMODATION,AUTO TECHNICIANS,AUTOMOTIVE SERVICING NC I,With TR,HIGH,30,50,100,AUTOMOTIVE SERVICING NC I
2578,REGION_VII,CEBU,"Cebu, District 4",TOURISM (HOTEL AND RESTAURANT),FOOD AND BEVERAGES,BARISTA,BARISTA NC II,With TR,HIGH,30,50,100,BARISTA NC II
2579,REGION_VII,CEBU,"Cebu, District 4",TOURISM (HOTEL AND RESTAURANT),FOOD AND BEVERAGES,BARTENDING,BARTENDING NC II,With TR,HIGH,30,50,100,BARTENDING NC II
2580,REGION_VII,CEBU,"Cebu, District 4",TOURISM (HOTEL AND RESTAURANT),ACCOMMODATION,BELL MAN,FRONT OFFICE SERVICES NC II,With TR,MEDIUM,10,15,30,FRONT OFFICE SERVICES NC II
2581,REGION_VII,CEBU,"Cebu, District 4",TOURISM (HOTEL AND RESTAURANT),ACCOMMODATION,BOILER TECHNICIANS,NO CORRESPONDING TVET PROGRAM,New and Emerging,LOW,3,5,150,NO CORRESPONDING TVET PROGRAM
2582,REGION_VII,CEBU,"Cebu, District 4",TOURISM (HOTEL AND RESTAURANT),FOOD AND BEVERAGES,BREAD AND PASTRIES ,FOOD AND BEVERAGE SERVICES NC II,With TR,HIGH,30,50,100,FOOD AND BEVERAGE SERVICES NC II
2583,REGION_VII,CEBU,"Cebu, District 4",TOURISM (HOTEL AND RESTAURANT),ACCOMMODATION,BUSINESS CLERK,FRONT OFFICE SERVICES NC II,With TR,MEDIUM,10,15,30,FRONT OFFICE SERVICES NC II
2584,REGION_VII,CEBU,"Cebu, District 4",TOURISM (HOTEL AND RESTAURANT),FOOD AND BEVERAGES,CAKE MAKING,TOURISM PROMOTION SERVICES NC II,With TR,MEDIUM,10,15,30,TOURISM PROMOTION SERVICES NC II
2585,REGION_VII,CEBU,"Cebu, District 4",TOURISM (HOTEL AND RESTAURANT),ACCOMMODATION,CONCIERGE,FRONT OFFICE SERVICES NC II,With TR,MEDIUM,10,15,30,FRONT OFFICE SERVICES NC II
2586,REGION_VII,CEBU,"Cebu, District 4",TOURISM (HOTEL AND RESTAURANT),FOOD AND BEVERAGES,"COOK OR COMMIS, ASSISTANT COOK",FOOD PRODUCTION (BREAD AND PATISSERIE) NC II,With TR,HIGH,30,50,100,FOOD PRODUCTION (BREAD AND PATISSERIE) NC II
2587,REGION_VII,CEBU,"Cebu, District 4",TOURISM (HOTEL AND RESTAURANT),ACCOMMODATION,CUSTOMER SERVICE,HOUSEKEEPING NC II,With TR,HIGH,30,50,100,HOUSEKEEPING NC II
2588,REGION_VII,CEBU,"Cebu, District 4",TOURISM (HOTEL AND RESTAURANT),ACCOMMODATION,DOOR MAN,FRONT OFFICE SERVICES NC II,With TR,MEDIUM,10,15,30,FRONT OFFICE SERVICES NC II
2589,REGION_VII,CEBU,"Cebu, District 4",TOURISM (HOTEL AND RESTAURANT),FOOD AND BEVERAGES,FOOD SAFETY MANAGEMENT,NO CORRESPONDING TVET PROGRAM,New and Emerging,LOW,3,5,150,NO CORRESPONDING TVET PROGRAM
2590,REGION_VII,CEBU,"Cebu, District 4",TOURISM (HOTEL AND RESTAURANT),FOOD AND BEVERAGES,FRONT DESK /FRONT LINERS,FOOD AND BEVERAGE SERVICES NC II,With TR,HIGH,30,50,100,FOOD AND BEVERAGE SERVICES NC II
2591,REGION_VII,CEBU,"Cebu, District 4",TOURISM (HOTEL AND RESTAURANT),ACCOMMODATION,FRONT OFFICE MANAGER,FRONT OFFICE SERVICES NC II,With TR,MEDIUM,10,15,30,FRONT OFFICE SERVICES NC II
2592,REGION_VII,CEBU,"Cebu, District 4",TOURISM (HOTEL AND RESTAURANT),ACCOMMODATION,GUEST RELATION OFFICER,FRONT OFFICE SERVICES NC II,With TR,MEDIUM,10,15,30,FRONT OFFICE SERVICES NC II
2593,REGION_VII,CEBU,"Cebu, District 4",TOURISM (HOTEL AND RESTAURANT),ACCOMMODATION,HANDYMAN,NO CORRESPONDING TVET PROGRAM,New and Emerging,LOW,3,5,150,NO CORRESPONDING TVET PROGRAM
2594,REGION_VII,CEBU,"Cebu, District 4",TOURISM (HOTEL AND RESTAURANT),ACCOMMODATION,HOUSEKEEPER / SECTION HEAD,FRONT OFFICE SERVICES NC II,With TR,MEDIUM,10,15,30,FRONT OFFICE SERVICES NC II
2595,REGION_VII,CEBU,"Cebu, District 4",TOURISM (HOTEL AND RESTAURANT),FOOD AND BEVERAGES,KITCHEN MECHANICS,COOKERY NC II,With TR,HIGH,30,50,100,COOKERY NC II
2596,REGION_VII,CEBU,"Cebu, District 4",TOURISM (HOTEL AND RESTAURANT),FOOD AND BEVERAGES,"KITCHEN SUPERVISOR, HEAD CHEF, BANQUET HEAD COOK/CHEF",FOOD PRODUCTION (PROFESSIONAL COOKERY) NC III,With TR,LOW,3,5,150,FOOD PRODUCTION (PROFESSIONAL COOKERY) NC III
2597,REGION_VII,CEBU,"Cebu, District 4",TOURISM (HOTEL AND RESTAURANT),ACCOMMODATION,LAUNDRY TECHNICIANS,HOUSEKEEPING NC II,With TR,HIGH,30,50,100,HOUSEKEEPING NC II
2598,REGION_VII,CEBU,"Cebu, District 4",TOURISM (HOTEL AND RESTAURANT),ACCOMMODATION,LINEN ATTENDANT,HOUSEKEEPING NC II,With TR,HIGH,30,50,100,HOUSEKEEPING NC II
2599,REGION_VII,CEBU,"Cebu, District 4",TOURISM (HOTEL AND RESTAURANT),ACCOMMODATION,RESERVATION CLERK,FRONT OFFICE SERVICES NC II,With TR,MEDIUM,10,15,30,FRONT OFFICE SERVICES NC II
2600,REGION_VII,CEBU,"Cebu, District 4",TOURISM (HOTEL AND RESTAURANT),ACCOMMODATION,ROOM ATTENDANT/ HOUSEKEEPING SPECIALIST,HOUSEKEEPING NC II,With TR,HIGH,30,50,100,HOUSEKEEPING NC II
2601,REGION_VII,CEBU,"Cebu, District 4",TOURISM (HOTEL AND RESTAURANT),FOOD AND BEVERAGES,SERVICE ATTENDANTS ,CUSTOMER SERVICES NC II,With TR,LOW,3,5,150,CUSTOMER SERVICES NC II
2602,REGION_VII,CEBU,"Cebu, District 4",TOURISM (HOTEL AND RESTAURANT),FOOD AND BEVERAGES,SERVICE CREW / FOOD ATTENDANTS / FB PRODUCTION / WAITER / WAITRESS,COOKERY NC II,With TR,HIGH,30,50,100,COOKERY NC II
2603,REGION_VII,CEBU,"Cebu, District 4",TOURISM (HOTEL AND RESTAURANT),FOOD AND BEVERAGES,"SOUS CHEF, EXECUTIVE SOUS CHEF",FOOD PRODUCTION (PROFESSIONAL COOKERY) NC IV,With TR,LOW,3,5,150,FOOD PRODUCTION (PROFESSIONAL COOKERY) NC IV
2604,REGION_VII,CEBU,"Cebu, District 4",TOURISM (HOTEL AND RESTAURANT),ACCOMMODATION,STEWARDS ,FRONT OFFICE SERVICES NC II,With TR,MEDIUM,10,15,30,FRONT OFFICE SERVICES NC II
2605,REGION_VII,CEBU,"Cebu, District 4",TOURISM (HOTEL AND RESTAURANT),ACCOMMODATION,TELEPHONE OPERATOR,CUSTOMER SERVICES NC II,With TR,LOW,3,5,150,CUSTOMER SERVICES NC II
2606,REGION_VII,CEBU,"Cebu, District 4",TOURISM (HOTEL AND RESTAURANT),ACCOMMODATION,THERMAL CLEANER,NO CORRESPONDING TVET PROGRAM,With TR,LOW,3,5,150,NO CORRESPONDING TVET PROGRAM
2607,REGION_VII,CEBU,"Cebu, District 4",TOURISM (HOTEL AND RESTAURANT),TRAVEL AND TOUR,TOUR GUIDING,TOUR GUIDING SERVICES NC III,With TR,LOW,3,5,150,TOUR GUIDING SERVICES NC III
2608,REGION_VII,CEBU,"Cebu, District 4",TOURISM (HOTEL AND RESTAURANT),TRAVEL AND TOURS,TOUR PACKAGING STAFF,TOUR PACKAGING (FIT AD HOC DOMESTIC) SERVICES NC II,With TR,LOW,3,5,150,TOUR PACKAGING (FIT AD HOC DOMESTIC) SERVICES NC II
2609,REGION_VII,CEBU,"Cebu, District 4",TOURISM (HOTEL AND RESTAURANT),ACCOMMODATION,UPHOLSTERY CLEANER,HOUSEKEEPING NC II,With TR,HIGH,30,50,100,HOUSEKEEPING NC II
2614,REGION_VII,CEBU,"Cebu, District 4",CONSTRUCTION,"VERTICAL CONSTRUCTION
HORIZONTAL CONSTRUCTION
INDUSTRY/INDUSTRIAL CONSTRUCTION
RESIDENTIAL CONSTRUCTION",DRAFTSMAN,TECHNICAL DRAFTING NC II,With TR,LOW,3,5,150,TECHNICAL DRAFTING NC II
2615,REGION_VII,CEBU,"Cebu, District 4",MANUFACTURING,ELECTRICAL AND ELECTRONICS," _x000D_
 	_x000D_
MECHATRONICS AND AUTOMATION TECHNICIAN",MECHATRONICS SERVICING NC II,With TR,LOW,3,5,150,MECHATRONICS SERVICING NC II
2698,REGION_VII,CEBU,"Cebu, District 4",MANUFACTURING,METALS AND ENGINEERING,INSTRUMENTATION TECHNICIAN,DIPLOMA PROGRAM IN MECHANICAL ENGINEERING TECHNOLOGY,Diploma Programs,MEDIUM,10,15,30,DIPLOMA PROGRAM IN MECHANICAL ENGINEERING TECHNOLOGY
2699,REGION_VII,CEBU,"Cebu, District 4",MANUFACTURING,ELECTRICAL AND ELECTRONICS,RESIDENTIAL/COMMERCIAL WIRING TECHNICIAN,DIPLOMA PROGRAM IN ELECTRICAL ENGINEERING TECHNOLOGY,Diploma Programs,MEDIUM,10,15,30,DIPLOMA PROGRAM IN ELECTRICAL ENGINEERING TECHNOLOGY
2700,REGION_VII,CEBU,"Cebu, District 4",MANUFACTURING,ELECTRICAL AND ELECTRONICS,INDUSTRIAL ELECTRONIC TECHNICIAN,DIPLOMA PROGRAM IN ELECTRONICS ENGINEERING TECHNOLOGY,Diploma Programs,MEDIUM,10,15,30,DIPLOMA PROGRAM IN ELECTRONICS ENGINEERING TECHNOLOGY
2701,REGION_VII,CEBU,"Cebu, District 4",TOURISM (HOTEL AND RESTAURANT),ACCOMMODATION,HOTEL MANAGER,DIPLOMA PROGRAM IN HOTEL AND RESTAURANT TECHNOLOGY,Diploma Programs,MEDIUM,10,15,30,DIPLOMA PROGRAM IN HOTEL AND RESTAURANT TECHNOLOGY
2703,REGION_VII,CEBU,"Cebu, District 4",CONSTRUCTION,"HORIZONTAL CONSTRUCTION, INDUSTRIAL CONSTRUCTION, EQUIPMENT OPERATIONS AND MAINTENANCE",BULLDOZER OPERATOR,HEAVY EQUIPMENT OPERATION (BULLDOZER) NC II,With TR,LOW,3,5,150,HEAVY EQUIPMENT OPERATION (BULLDOZER) NC II
2704,REGION_VII,CEBU,"Cebu, District 4",CONSTRUCTION,"HORIZONTAL CONSTRUCTION, RESIDENTIAL CONSTRUCTION, INDUSTRIAL CONSTRUCTION"," _x000D_
 	_x000D_
PV SYSTEMS INSTALLATION TECHNICIAN",PV SYSTEMS INSTALLATION NC II,With TR,LOW,3,5,150,PV SYSTEMS INSTALLATION NC II
2713,REGION_VII,CEBU,"Cebu, District 4",TOURISM (HOTEL AND RESTAURANT),"MICE (MEETINGS, INCENTIVES, CONFERENCES, AND EXHIBITIONS)","SENIOR MICE COORDINATOR , SENIOR SPECIAL EVENTS COORDINATOR",EVENTS MANAGEMENT SERVICES NC III,With TR,MEDIUM,10,15,30,EVENTS MANAGEMENT SERVICES NC III
2714,REGION_VII,CEBU,"Cebu, District 4",CONSTRUCTION,"HORIZONTAL CONSTRUCTION, INDUSTRIAL CONSTRUCTION, EQUIPMENT OPERATIONS AND MAINTENANCE","MASONRY TECHNICIAN, PLUMBING TECHNICIAN, TECHNICAL DRAFTSMAN, REINFORCING STEELWORKS TECHNICIAN, PAINTING TECHNICIAN, TILE SETTING TECHNICIAN, CARPENTRY, TECHNICIAN, SCAFFOLDING AND FORMWORKS TECHNICIAN, CIVIL ENGINEERING TECHNOLOGIST",DIPLOMA PROGRAM IN CIVIL ENGINEERING TECHNOLOGY,Diploma Programs,LOW,3,5,150,DIPLOMA PROGRAM IN CIVIL ENGINEERING TECHNOLOGY
2715,REGION_VII,CEBU,"Cebu, District 4",CONSTRUCTION,"HORIZONTAL CONSTRUCTION, INDUSTRIAL CONSTRUCTION, EQUIPMENT OPERATIONS AND MAINTENANCE","▪ BUILDING INSPECTOR ▪ CIVIL ENGINEERING DESIGN TECHNOLOGIST ▪ MATERIALS TESTING TECHNOLOGIST. ▪ CONSTRUCTION COORDINATOR, FOREMAN, OR SUPERINTENDENT ▪ ESTIMATOR ▪ TECHNICAL REPRESENTATIVE ▪ FIELD TECHNICAL ASSISTANT ▪ DRAFTSMAN/CAD OPERATOR ▪ REBAR FIXER ▪ BUILDING ELECTRICIAN ▪ BRICK LAYER/MASON ▪ PLUMBER",DIPLOMA PROGRAM IN CIVIL ENGINEERING TECHNOLOGY,Diploma Programs,MEDIUM,10,15,30,DIPLOMA PROGRAM IN CIVIL ENGINEERING TECHNOLOGY
2720,REGION_VII,CEBU,"Cebu, District 4",TOURISM (HOTEL AND RESTAURANT),TRAVEL AND TOURS,"1.TOURISM OPERATIONS COORDINATOR
2.TRAVEL CONSULTANT/TOUR PLANNER/TRAVEL SALES EXECUTIVE/TOUR COORDINATOR/TOUR OPERATIONS ASSISTANT                                                                  
3.TOUR GUIDE/TOUR LEADER/TOUR COORDINATOR
4.TOURISM MARKETING OFFICER/SALES EXECUTIVE FOR TOURISM/DESTINATION MARKETING COORDINATOR
5.EVENT COORDINATOR/CATERING MANAGER
6.ECO-TOURISM COORDINATOR/SUSTAINABLE TOURISM OFFICER/NATURE TOUR GUIDE/ENVIRONMENTAL EDUCATION 
7.MICE COORDINATOR/CONFERENCE ORGANIZER
8.CRUISE OPERATIONS COORDINATOR/ADVENTURE TOUR GUIDE/CRUISE MANAGER/OUTDOOR ACTIVITY 
",DIPLOMA PROGRAM IN TOURISM MANAGEMENT,Diploma Programs,LOW,3,5,150,DIPLOMA PROGRAM IN TOURISM MANAGEMENT
2721,REGION_VII,CEBU,"Cebu, District 4",TOURISM (HOTEL AND RESTAURANT),ACCOMMODATION,"1.FOOD AND BEVERAGE ATTENDANT / SERVER / BARTENDER / BARISTA /WAITSTAFF /F&B DIRECTOR/F&B OUTLET MANAGER                                                    _x000D_
2.HOTEL RECEPTIONIST/FRONT DESK AGENT_x000D_
3.GUEST SERVICES ASSOCIATE /HOTEL RECEPTIONIST/FRONT DESK AGENT_x000D_
4.ROOM ATTENDANT / HOUSEKEEPING ATTENDANT/PUBLIC AREA CLEANER_x000D_
5.EVENT COORDINATOR/EVENT ASSISTANT_x000D_
                                                   _x000D_
",DIPLOMA PROGRAM IN HOSPITALITY MANAGEMENT,Diploma Programs,LOW,3,5,150,DIPLOMA PROGRAM IN HOSPITALITY MANAGEMENT
2750,REGION_VII,CEBU,"Cebu, District 5",CONSTRUCTION,HORIZONTAL CONSTRUCTION VERTICAL CONSTRUCTION INDUSTRIAL CONSTRUCTION," _x000D_
 	_x000D_
CARBON STEEL PLATE/ PIPE WELDER ",MANUAL METAL ARC WELDING (MMAW) NC I,With TR,HIGH,30,50,100,MANUAL METAL ARC WELDING (MMAW) NC I
2751,REGION_VII,CEBU,"Cebu, District 5",CONSTRUCTION,HORIZONTAL CONSTRUCTION VERTICAL CONSTRUCTION INDUSTRIAL CONSTRUCTION," _x000D_
 	_x000D_
CARBON STEEL PLATE/ PIPE WELDER ",MANUAL METAL ARC WELDING (MMAW) NC III,With TR,HIGH,30,50,100,MANUAL METAL ARC WELDING (MMAW) NC III
2752,REGION_VII,CEBU,"Cebu, District 5",CONSTRUCTION,HORIZONTAL CONSTRUCTION VERTICAL CONSTRUCTION INDUSTRIAL CONSTRUCTION," _x000D_
 	_x000D_
CARBON STEEL PLATE/ PIPE WELDER ",MANUAL METAL ARC WELDING (MMAW) NC IV,With TR,MEDIUM,10,15,30,MANUAL METAL ARC WELDING (MMAW) NC IV
2753,REGION_VII,CEBU,"Cebu, District 5",CONSTRUCTION,HORIZONTAL CONSTRUCTION VERTICAL CONSTRUCTION INDUSTRIAL CONSTRUCTION," _x000D_
 	_x000D_
GAS (OXY-ACETYLENE) WELDER",GAS WELDING NC II,With TR,MEDIUM,10,15,30,GAS WELDING NC II
2754,REGION_VII,CEBU,"Cebu, District 5",CONSTRUCTION,HORIZONTAL CONSTRUCTION VERTICAL CONSTRUCTION," _x000D_
 	_x000D_
TRUCK MOUNTED CRANE OPERATOR",HEAVY EQUIPMENT OPERATION (TRUCK MOUNTED CRANE) NC III,With TR,LOW,3,5,150,HEAVY EQUIPMENT OPERATION (TRUCK MOUNTED CRANE) NC III
2755,REGION_VII,CEBU,"Cebu, District 5",CONSTRUCTION,RESIDENTIAL CONSTRUCTION VERTICAL CONSTRUCTION HORIZONTAL CONTRUCTN,AIRCON INSTALLER (COMMERCIAL/ INDUSTRIAL),RAC SERVICING (DOMRAC) NC II,With TR,LOW,3,5,150,RAC SERVICING (DOMRAC) NC II
2756,REGION_VII,CEBU,"Cebu, District 5",CONSTRUCTION,RESIDENTIAL CONSTRUCTION VERTICAL CONSTRUCTION HORIZONTAL CONTRUCTN,AIRCON INSTALLER (COMMERCIAL/ INDUSTRIAL),RAC SERVICING (DOMRAC) NC II,With TR,LOW,3,5,150,RAC SERVICING (DOMRAC) NC II
2757,REGION_VII,CEBU,"Cebu, District 5",CONSTRUCTION,"VERTICAL CONSTRUCTION HORIZONTAL CONSTRUCTION RESIDENTIAL CONSTRUCTION
",AIRLESS PAINTER,CONSTRUCTION PAINTING NC II,With TR,LOW,3,5,150,CONSTRUCTION PAINTING NC II
2758,REGION_VII,CEBU,"Cebu, District 5",CONSTRUCTION,"VERTICAL CONSTRUCTION HORIZONTAL CONSTRUCTION RESIDENTIAL CONSTRUCTION
",AIRLESS PAINTER,CONSTRUCTION PAINTING NC II,With TR,LOW,3,5,150,CONSTRUCTION PAINTING NC II
2759,REGION_VII,CEBU,"Cebu, District 5",CONSTRUCTION,HORIZONTAL CONSTRUCTION VERTICAL CONSTRUCTION INDUSTRIAL CONSTRUCTION,BIM MODELER,BASIC 3D BUILDING INFORMATION MODELLING LEVEL III,With CS,LOW,3,5,150,BASIC 3D BUILDING INFORMATION MODELLING LEVEL III
2760,REGION_VII,CEBU,"Cebu, District 5",CONSTRUCTION,RESIDENTIAL CONSTRUCTION VERTICAL CONSTRUCTION,CARPENTRY (FINISHING & WOODWORKING),CARPENTRY NC II,With TR,HIGH,30,50,100,CARPENTRY NC II
2761,REGION_VII,CEBU,"Cebu, District 5",CONSTRUCTION,RESIDENTIAL CONSTRUCTION VERTICAL CONSTRUCTION,CARPENTRY (FINISHING & WOODWORKING),CARPENTRY NC II,With TR,HIGH,30,50,100,CARPENTRY NC II
2762,REGION_VII,CEBU,"Cebu, District 5",CONSTRUCTION,VERTICAL CONSTRUCTION INDUSTRIAL CONSTRUCTION RESIDENTIAL CONSTRUCTION HORIZONTAL CONSTRUCTION DIRECT WORKERS,CARPENTRY (FINISHING),CARPENTRY NC II,With TR,HIGH,30,50,100,CARPENTRY NC II
2763,REGION_VII,CEBU,"Cebu, District 5",CONSTRUCTION,VERTICAL CONSTRUCTION INDUSTRIAL CONSTRUCTION RESIDENTIAL CONSTRUCTION HORIZONTAL CONSTRUCTION DIRECT WORKERS,CARPENTRY (ROUGH),CARPENTRY NC II,With TR,HIGH,30,50,100,CARPENTRY NC II
2764,REGION_VII,CEBU,"Cebu, District 5",CONSTRUCTION,HORIZONTAL CONSTRUCTION VERTICAL CONSTRUCTION INDUSTRIAL CONSTRUCTION,CIVIL ENGINEERING ASSOCIATE,DIPLOMA PROGRAM IN CIVIL ENGINEERING TECHNOLOGY,Diploma Programs,LOW,3,5,150,DIPLOMA PROGRAM IN CIVIL ENGINEERING TECHNOLOGY
2765,REGION_VII,CEBU,"Cebu, District 5",CONSTRUCTION,EQUIPMENT OPERATORS AND MAINTENANCE DIRECT WORKERS       ,CONCRETE PUMP OPERATOR,NO CORRESPONDING TVET PROGRAM,New and Emerging,LOW,3,5,150,NO CORRESPONDING TVET PROGRAM
2766,REGION_VII,CEBU,"Cebu, District 5",CONSTRUCTION,RESIDENTIAL CONSTRUCTION VERTICAL CONSTRUCTION HORIZONTAL DIRECT WORKERS,CONSTRUCTION ASSISTANT (HOUSEKEEPING),NO CORRESPONDING TVET PROGRAM,New and Emerging,LOW,3,5,150,NO CORRESPONDING TVET PROGRAM
2767,REGION_VII,CEBU,"Cebu, District 5",CONSTRUCTION,RESIDENTIAL CONSTRUCTION VERTICAL CONSTRUCTION HORIZONTAL DIRECT WORKERS,CONSTRUCTION ASSISTANT (HOUSEKEEPING),NO CORRESPONDING TVET PROGRAM,New and Emerging,LOW,3,5,150,NO CORRESPONDING TVET PROGRAM
2768,REGION_VII,CEBU,"Cebu, District 5",CONSTRUCTION,"VERTICAL CONSTRUCTION HORIZONTAL CONSTRUCTION RESIDENTIAL CONSTRUCTION INDUSTRIAL CONSTRUCTION
",CONSTRUCTION PAINTER (APPLICATION),CONSTRUCTION PAINTING NC II,With TR,MEDIUM,10,15,30,CONSTRUCTION PAINTING NC II
2769,REGION_VII,CEBU,"Cebu, District 5",CONSTRUCTION,"VERTICAL CONSTRUCTION HORIZONTAL CONSTRUCTION RESIDENTIAL CONSTRUCTION INDUSTRIAL CONSTRUCTION
",CONSTRUCTION PAINTER (APPLICATION),CONSTRUCTION PAINTING NC II,With TR,MEDIUM,10,15,30,CONSTRUCTION PAINTING NC II
2770,REGION_VII,CEBU,"Cebu, District 5",CONSTRUCTION,"VERTICAL CONSTRUCTION HORIZONTAL CONSTRUCTION RESIDENTIAL CONSTRUCTION INDUSTRIAL CONSTRUCTION
","CONSTRUCTION PAINTER (REPAIR AND ARTISTIC APPLICATION, MIXING))",CONSTRUCTION PAINTING NC II,With TR,LOW,3,5,150,CONSTRUCTION PAINTING NC II
2771,REGION_VII,CEBU,"Cebu, District 5",CONSTRUCTION,"VERTICAL CONSTRUCTION HORIZONTAL CONSTRUCTION RESIDENTIAL CONSTRUCTION INDUSTRIAL CONSTRUCTION
","CONSTRUCTION PAINTER (REPAIR AND ARTISTIC APPLICATION, MIXING))",TILE SETTING NC II,With TR,LOW,3,5,150,TILE SETTING NC II
2772,REGION_VII,CEBU,"Cebu, District 5",CONSTRUCTION,HORIZONTAL CONSTRUCTION VERTICAL CONSTRUCTION INDUSTRIAL CONSTRUCTION,CONSTRUCTION SITE SUPERVISOR,CONSTRUCTION SITE SUPERVISION LEVEL IV,With CS,MEDIUM,10,15,30,CONSTRUCTION SITE SUPERVISION LEVEL IV
2773,REGION_VII,CEBU,"Cebu, District 5",CONSTRUCTION,HORIZONTAL CONSTRUCTION VERTICAL CONSTRUCTION INDUSTRIAL CONSTRUCTION,CONSTRUCTION TRADE SUPERVISOR,CONSTRUCTION TRADE SUPERVISION LEVEL IV,With CS,MEDIUM,10,15,30,CONSTRUCTION TRADE SUPERVISION LEVEL IV
2774,REGION_VII,CEBU,"Cebu, District 5",CONSTRUCTION,HORIZONTAL CONSTRUCTION VERTICAL CONSTRUCTION,CRAWLER CRANE OPERATOR,HEAVY EQUIPMENT OPERATION (CRAWLER CRANE) NC III,With TR,LOW,3,5,150,HEAVY EQUIPMENT OPERATION (CRAWLER CRANE) NC III
2775,REGION_VII,CEBU,"Cebu, District 5",CONSTRUCTION,RESIDENTIAL CONSTRUCTION VERTICAL CONSTRUCTION INDUSTRIAL,DRY WALL AND CEILING INSTALLER,CARPENTRY NC II,With TR,HIGH,30,50,100,CARPENTRY NC II
2776,REGION_VII,CEBU,"Cebu, District 5",CONSTRUCTION,"VERTICAL CONSTRUCTION HORIZONTAL CONSTRUCTION RESIDENTIAL CONSTRUCTION INDUSTRIAL CONSTRUCTION
",DRY WALL AND CEILING INSTALLER,CARPENTRY NC III,With TR,LOW,3,5,150,CARPENTRY NC III
2777,REGION_VII,CEBU,"Cebu, District 5",CONSTRUCTION,RESIDENTIAL CONSTRUCTION VERTICAL CONSTRUCTION INDUSTRIAL,DRY WALL AND CEILING INSTALLER,CARPENTRY NC II,With TR,HIGH,30,50,100,CARPENTRY NC II
2778,REGION_VII,CEBU,"Cebu, District 5",CONSTRUCTION,"VERTICAL CONSTRUCTION HORIZONTAL CONSTRUCTION RESIDENTIAL CONSTRUCTION INDUSTRIAL CONSTRUCTION
",DRY WALL AND CEILING INSTALLER,CARPENTRY NC III,With TR,LOW,3,5,150,CARPENTRY NC III
2779,REGION_VII,CEBU,"Cebu, District 5",CONSTRUCTION,"DIRECT WORKER EQUIPMENT OPERATORS AND MAINTENANCE VERTICAL CONSTRUCTION HORIZONTAL CONSTRUCTION RESIDENTIAL CONSTRUCTION
",DUMPTRUCK OPERATOR,HEAVY EQUIPMENT OPERATION (RIGID ON-HIGHWAY DUMP TRUCK) NC II,With TR,LOW,3,5,150,HEAVY EQUIPMENT OPERATION (RIGID ON-HIGHWAY DUMP TRUCK) NC II
2780,REGION_VII,CEBU,"Cebu, District 5",CONSTRUCTION,RESIDENTIAL CONSTRUCTION VERTICAL CONSTRUCTION HORIZONTAL CONTRUCTN,ELECTRICIAN (COMMERCIAL AND INDUSTRIAL BUILDING),ELECTRICAL INSTALLATION AND MAINTENANCE NC III,With TR,MEDIUM,10,15,30,ELECTRICAL INSTALLATION AND MAINTENANCE NC III
2781,REGION_VII,CEBU,"Cebu, District 5",CONSTRUCTION,RESIDENTIAL CONSTRUCTION VERTICAL CONSTRUCTION HORIZONTAL CONTRUCTN,ELECTRICIAN (COMMERCIAL AND INDUSTRIAL BUILDING),ELECTRICAL INSTALLATION AND MAINTENANCE NC III,With TR,MEDIUM,10,15,30,ELECTRICAL INSTALLATION AND MAINTENANCE NC III
2782,REGION_VII,CEBU,"Cebu, District 5",CONSTRUCTION,RESIDENTIAL CONSTRUCTION VERTICAL CONSTRUCTION HORIZONTAL CONTRUCTN,ELEVATOR INSTALLER,ELECTRICAL INSTALLATION AND MAINTENANCE NC III,With TR,LOW,3,5,150,ELECTRICAL INSTALLATION AND MAINTENANCE NC III
2783,REGION_VII,CEBU,"Cebu, District 5",CONSTRUCTION,RESIDENTIAL CONSTRUCTION VERTICAL CONSTRUCTION HORIZONTAL CONTRUCTN,ELEVATOR INSTALLER,ELECTRICAL INSTALLATION AND MAINTENANCE NC III,With TR,LOW,3,5,150,ELECTRICAL INSTALLATION AND MAINTENANCE NC III
2784,REGION_VII,CEBU,"Cebu, District 5",CONSTRUCTION,VERTICAL CONSTRUCTION HORIZONTAL CONTRUCTN,FDAS TECHNICIAN,ELECTRICAL INSTALLATION AND MAINTENANCE NC II,With TR,HIGH,30,50,100,ELECTRICAL INSTALLATION AND MAINTENANCE NC II
2785,REGION_VII,CEBU,"Cebu, District 5",CONSTRUCTION,HORIZONTAL CONSTRUCTION,FDAS TECHNICIAN ,ELECTRICAL INSTALLATION AND MAINTENANCE NC II,With TR,HIGH,30,50,100,ELECTRICAL INSTALLATION AND MAINTENANCE NC II
2786,REGION_VII,CEBU,"Cebu, District 5",CONSTRUCTION,VERTICAL CONSTRUCTION RESIDENTIAL CONSTRUCTION,FINISHING MASON,MASONRY NC III,With TR,LOW,3,5,150,MASONRY NC III
2787,REGION_VII,CEBU,"Cebu, District 5",CONSTRUCTION,HORIZONTAL CONSTRUCTION VERTICAL CONSTRUCTION,FORKLIFT OPERATOR,HEAVY EQUIPMENT OPERATION (FORKLIFT) NC II,With TR,LOW,3,5,150,HEAVY EQUIPMENT OPERATION (FORKLIFT) NC II
2788,REGION_VII,CEBU,"Cebu, District 5",CONSTRUCTION,"VERTICAL CONSTRUCTION HORIZONTAL CONSTRUCTION RESIDENTIAL CONSTRUCTION INDUSTRIAL CONSTRUCTION
",GLASS INSTALLER (GLAZING WORKS),NO CORRESPONDING TVET PROGRAM,New and Emerging,LOW,3,5,150,NO CORRESPONDING TVET PROGRAM
2789,REGION_VII,CEBU,"Cebu, District 5",CONSTRUCTION,"VERTICAL CONSTRUCTION HORIZONTAL CONSTRUCTION RESIDENTIAL CONSTRUCTION INDUSTRIAL CONSTRUCTION
",GLASS INSTALLER (GLAZING WORKS),NO CORRESPONDING TVET PROGRAM,New and Emerging,LOW,3,5,150,NO CORRESPONDING TVET PROGRAM
2790,REGION_VII,CEBU,"Cebu, District 5",CONSTRUCTION,"VERTICAL CONSTRUCTION HORIZONTAL CONSTRUCTION RESIDENTIAL CONSTRUCTION
DIRECTO WORKERS CORPORATE SUPPORT",HEO BACKHOE LOADER,HEAVY EQUIPMENT OPERATION (BACKHOE LOADER) NC II,With TR,LOW,3,5,150,HEAVY EQUIPMENT OPERATION (BACKHOE LOADER) NC II
2791,REGION_VII,CEBU,"Cebu, District 5",CONSTRUCTION,"VERTICAL CONSTRUCTION HORIZONTAL CONSTRUCTION RESIDENTIAL CONSTRUCTION
DIRECT WORKERS CORPORATE SUPPORT",HEO EXCAVATOR,HEAVY EQUIPMENT OPERATION (HYDRAULIC EXCAVATOR) NC II,With TR,LOW,3,5,150,HEAVY EQUIPMENT OPERATION (HYDRAULIC EXCAVATOR) NC II
2792,REGION_VII,CEBU,"Cebu, District 5",CONSTRUCTION,EQUIPMENT OPERATORS AND MAINTENANCE,HEO TOWER CRANE OPERATOR,HEAVY EQUIPMENT OPERATION (TOWER CRANE) NC III,With TR,LOW,3,5,150,HEAVY EQUIPMENT OPERATION (TOWER CRANE) NC III
2793,REGION_VII,CEBU,"Cebu, District 5",CONSTRUCTION,"VERTICAL CONSTRUCTION HORIZONTAL CONSTRUCTION RESIDENTIAL CONSTRUCTION INDUSTRIAL CONSTRUCTION
",LAMINATE INSTALLER,CARPENTRY NC II,With TR,HIGH,30,50,100,CARPENTRY NC II
2794,REGION_VII,CEBU,"Cebu, District 5",CONSTRUCTION,"VERTICAL CONSTRUCTION HORIZONTAL CONSTRUCTION RESIDENTIAL CONSTRUCTION INDUSTRIAL CONSTRUCTION
",LAMINATE INSTALLER,CARPENTRY NC II,With TR,HIGH,30,50,100,CARPENTRY NC II
2795,REGION_VII,CEBU,"Cebu, District 5",CONSTRUCTION,DIRECT WORKERS VERTICAL INDUSTRIAL HORIZONTAL ,MASONRY (FINISHING),MASONRY NC II,With TR,LOW,3,5,150,MASONRY NC II
2796,REGION_VII,CEBU,"Cebu, District 5",CONSTRUCTION,RESIDENTIAL CONSTRUCTION VERTICAL CONSTRUCTION,MASONRY (FINISHING),MASONRY NC I,With TR,LOW,3,5,150,MASONRY NC I
2797,REGION_VII,CEBU,"Cebu, District 5",CONSTRUCTION,RESIDENTIAL CONSTRUCTION VERTICAL CONSTRUCTION,MASONRY (FINISHING),MASONRY NC I,With TR,LOW,3,5,150,MASONRY NC I
2798,REGION_VII,CEBU,"Cebu, District 5",CONSTRUCTION,RESIDENTIAL CONSTRUCTION VERTICAL CONSTRUCTION,MASONRY (FINISHING),MASONRY NC I,With TR,LOW,3,5,150,MASONRY NC I
2799,REGION_VII,CEBU,"Cebu, District 5",CONSTRUCTION,DIRECT WORKERS VERTICAL INDUSTRIAL HORIZONTAL ,MASONRY (ROUGH CONCRETE),MASONRY NC I,With TR,LOW,3,5,150,MASONRY NC I
2800,REGION_VII,CEBU,"Cebu, District 5",CONSTRUCTION,"DIRECT WORKER EQUIPMENT OPERATORS AND MAINTENANCE VERTICAL CONSTRUCTION INDUSTRIAL CONSTRUCTION
",MOBILE CRANE OPERATOR,HEAVY EQUIPMENT OPERATION (ROUGH TERRAIN CRANE) NC III,With TR,LOW,3,5,150,HEAVY EQUIPMENT OPERATION (ROUGH TERRAIN CRANE) NC III
2801,REGION_VII,CEBU,"Cebu, District 5",CONSTRUCTION,"HORIZONTAL CONSTRUCTION
",MOTOR GRADER OPERATOR,HEAVY EQUIPMENT OPERATION (MOTOR GRADER) NC II,With TR,LOW,3,5,150,HEAVY EQUIPMENT OPERATION (MOTOR GRADER) NC II
2802,REGION_VII,CEBU,"Cebu, District 5",CONSTRUCTION,HORIZONTAL CONSTRUCTION VERTICAL CONSTRUCTION,OFF-HIGHWAY DUMP TRUCK (RIGID) OPERATOR,HEAVY EQUIPMENT OPERATION (RIGID OFF-HIGHWAY DUMP TRUCK) NC II,With TR,LOW,3,5,150,HEAVY EQUIPMENT OPERATION (RIGID OFF-HIGHWAY DUMP TRUCK) NC II
2803,REGION_VII,CEBU,"Cebu, District 5",CONSTRUCTION,RESIDENTIAL CONSTRUCTION VERTICAL CONSTRUCTION HORIZONTAL DIRECT WORKERS,PAINTER,CONSTRUCTION PAINTING NC II,With TR,MEDIUM,10,15,30,CONSTRUCTION PAINTING NC II
2804,REGION_VII,CEBU,"Cebu, District 5",CONSTRUCTION,RESIDENTIAL CONSTRUCTION VERTICAL CONSTRUCTION HORIZONTAL DIRECT WORKERS,PAINTER,CONSTRUCTION PAINTING NC II,With TR,MEDIUM,10,15,30,CONSTRUCTION PAINTING NC II
2805,REGION_VII,CEBU,"Cebu, District 5",CONSTRUCTION,HORIZONTAL CONSTRUCTION VERTICAL CONSTRUCTION,PAVER OPERATOR,HEAVY EQUIPMENT OPERATION (PAVER) NC II,With TR,LOW,3,5,150,HEAVY EQUIPMENT OPERATION (PAVER) NC II
2806,REGION_VII,CEBU,"Cebu, District 5",CONSTRUCTION,RESIDENTIAL CONSTRUCTION VERTICAL CONSTRUCTION HORIZONTAL CONTRUCTN,PIPEFITTER,PLUMBING NC III,With TR,LOW,3,5,150,PLUMBING NC III
2807,REGION_VII,CEBU,"Cebu, District 5",CONSTRUCTION,RESIDENTIAL CONSTRUCTION VERTICAL CONSTRUCTION HORIZONTAL CONTRUCTN,PIPEFITTER,PLUMBING NC III,With TR,LOW,3,5,150,PLUMBING NC III
2808,REGION_VII,CEBU,"Cebu, District 5",CONSTRUCTION,VERTICAL CONSTRUCTION HORIZONTAL CONTRUCTN,PIPEFITTER (FIRE PROTECTION SYSTEM),PIPEFITTING (METALLIC) NC II,With TR,HIGH,30,50,100,PIPEFITTING (METALLIC) NC II
2809,REGION_VII,CEBU,"Cebu, District 5",CONSTRUCTION,RESIDENTIAL CONSTRUCTION VERTICAL CONSTRUCTION HORIZONTAL CONTRUCTN,PIPEFITTER (FIRE PROTECTION SYSTEM),PIPEFITTING (METALLIC) NC II,With TR,HIGH,30,50,100,PIPEFITTING (METALLIC) NC II
2810,REGION_VII,CEBU,"Cebu, District 5",CONSTRUCTION,VERTICAL CONSTRUCTION HORIZONTAL CONTRUCTN,PIPEFITTER (PUMP EQUIPMENT),PIPEFITTING (METALLIC) NC II,With TR,HIGH,30,50,100,PIPEFITTING (METALLIC) NC II
2811,REGION_VII,CEBU,"Cebu, District 5",CONSTRUCTION,RESIDENTIAL CONSTRUCTION VERTICAL CONSTRUCTION HORIZONTAL CONTRUCTN,PIPEFITTER (PUMP EQUIPMENT),PIPEFITTING (METALLIC) NC II,With TR,HIGH,30,50,100,PIPEFITTING (METALLIC) NC II
2812,REGION_VII,CEBU,"Cebu, District 5",CONSTRUCTION,RESIDENTIAL CONSTRUCTION VERTICAL CONSTRUCTION HORIZONTAL CONTRUCTN,PLUMBER,PLUMBING NC II,With TR,LOW,3,5,150,PLUMBING NC II
2813,REGION_VII,CEBU,"Cebu, District 5",CONSTRUCTION,RESIDENTIAL CONSTRUCTION VERTICAL CONSTRUCTION HORIZONTAL CONTRUCTN,PLUMBER,PLUMBING NC II,With TR,LOW,3,5,150,PLUMBING NC II
2814,REGION_VII,CEBU,"Cebu, District 5",CONSTRUCTION,"DIRECT WORKER EQUIPMENT OPERATORS AND MAINTENANCE VERTICAL CONSTRUCTION INDUSTRIAL CONSTRUCTION
",RIGGER,RIGGING NC I,With TR,LOW,3,5,150,RIGGING NC I
2815,REGION_VII,CEBU,"Cebu, District 5",CONSTRUCTION,"HORIZONTAL CONSTRUCTION
DIRECT WORKERS",ROAD ROLLER OPERATOR,HEAVY EQUIPMENT OPERATION (ROAD ROLLER) NC II,With TR,LOW,3,5,150,HEAVY EQUIPMENT OPERATION (ROAD ROLLER) NC II
2816,REGION_VII,CEBU,"Cebu, District 5",CONSTRUCTION,RESIDENTIAL CONSTRUCTION VERTICAL CONSTRUCTION INDUSTRIAL,ROOF INSTALLER,NO CORRESPONDING TVET PROGRAM,New and Emerging,LOW,3,5,150,NO CORRESPONDING TVET PROGRAM
2817,REGION_VII,CEBU,"Cebu, District 5",CONSTRUCTION,RESIDENTIAL CONSTRUCTION VERTICAL CONSTRUCTION INDUSTRIAL,ROOF INSTALLER,NO CORRESPONDING TVET PROGRAM,New and Emerging,LOW,3,5,150,NO CORRESPONDING TVET PROGRAM
2818,REGION_VII,CEBU,"Cebu, District 5",CONSTRUCTION,VERTICAL INDUSTRIAL RESIDENTIAL DIRECT WORKS,SCAFFOLDER,SCAFFOLDING WORKS NC II (SUPPORTED TYPE SCAFFOLD),With TR,LOW,3,5,150,SCAFFOLDING WORKS NC II (SUPPORTED TYPE SCAFFOLD)
2819,REGION_VII,CEBU,"Cebu, District 5",CONSTRUCTION,RESIDENTIAL CONSTRUCTION VERTICAL CONSTRUCTION,SCAFFOLDER,NO CORRESPONDING TVET PROGRAM,New and Emerging,LOW,3,5,150,NO CORRESPONDING TVET PROGRAM
2820,REGION_VII,CEBU,"Cebu, District 5",CONSTRUCTION,RESIDENTIAL CONSTRUCTION VERTICAL CONSTRUCTION,SCAFFOLDER,NO CORRESPONDING TVET PROGRAM,New and Emerging,LOW,3,5,150,NO CORRESPONDING TVET PROGRAM
2821,REGION_VII,CEBU,"Cebu, District 5",CONSTRUCTION,VERTICAL INDUSTRIAL RESIDENTIAL PROJECT MANAGEMENT,"SCAFFOLDER (INSPECTION, QUALITY ASSURANCE)",NO CORRESPONDING TVET PROGRAM,New and Emerging,LOW,3,5,150,NO CORRESPONDING TVET PROGRAM
2822,REGION_VII,CEBU,"Cebu, District 5",CONSTRUCTION,RESIDENTIAL CONSTRUCTION VERTICAL CONSTRUCTION,"SCAFFOLDER (INSPECTION, QUALITY ASSURANCE)",SCAFFOLDING WORKS NC II (SUPPORTED TYPE SCAFFOLD),With TR,LOW,3,5,150,SCAFFOLDING WORKS NC II (SUPPORTED TYPE SCAFFOLD)
2823,REGION_VII,CEBU,"Cebu, District 5",CONSTRUCTION,RESIDENTIAL CONSTRUCTION VERTICAL CONSTRUCTION,"SCAFFOLDER (INSPECTION, QUALITY ASSURANCE)",SCAFFOLDING WORKS NC II (SUPPORTED TYPE SCAFFOLD),With TR,LOW,3,5,150,SCAFFOLDING WORKS NC II (SUPPORTED TYPE SCAFFOLD)
2824,REGION_VII,CEBU,"Cebu, District 5",CONSTRUCTION,RESIDENTIAL CONSTRUCTION VERTICAL CONSTRUCTION HORIZONTAL CONTRUCTN,SEALANT APPLICATOR,CONSTRUCTION PAINTING NC II,With TR,LOW,3,5,150,CONSTRUCTION PAINTING NC II
2825,REGION_VII,CEBU,"Cebu, District 5",CONSTRUCTION,RESIDENTIAL CONSTRUCTION VERTICAL CONSTRUCTION HORIZONTAL CONTRUCTN,SEALANT APPLICATOR,CONSTRUCTION PAINTING NC II,With TR,LOW,3,5,150,CONSTRUCTION PAINTING NC II
2826,REGION_VII,CEBU,"Cebu, District 5",CONSTRUCTION,HORIZONTAL CONSTRUCTION VERTICAL CONSTRUCTION INDUSTRIAL CONSTRUCTION,SENIOR PAINTER,CONSTRUCTION PAINTING NC III,With TR,LOW,3,5,150,CONSTRUCTION PAINTING NC III
2827,REGION_VII,CEBU,"Cebu, District 5",CONSTRUCTION,VERTICAL CONSTRUCTION RESIDENTIAL CONSTRUCTION,SPECIALIZED CARPENTER,CARPENTRY NC III,With TR,LOW,3,5,150,CARPENTRY NC III
2828,REGION_VII,CEBU,"Cebu, District 5",CONSTRUCTION,"VERTICAL CONSTRUCTION HORIZONTAL CONSTRUCTION RESIDENTIAL CONSTRUCTION
",STEELMAN,REINFORCING STEEL WORKS NC II,With TR,LOW,3,5,150,REINFORCING STEEL WORKS NC II
2829,REGION_VII,CEBU,"Cebu, District 5",CONSTRUCTION,VERTICAL CONSTRUCTION HORIZONTAL CONSTRUCTION RESIDENTIAL CONSTRUCTION,SURVEY ASSISTANT,NO CORRESPONDING TVET PROGRAM,New and Emerging,LOW,3,5,150,NO CORRESPONDING TVET PROGRAM
2830,REGION_VII,CEBU,"Cebu, District 5",CONSTRUCTION,"VERTICAL CONSTRUCTION HORIZONTAL CONSTRUCTION RESIDENTIAL CONSTRUCTION
",SYSTEM FORWORKS INSTALLER,SYSTEM FORMWORKS INSTALLATION NC II,With TR,LOW,3,5,150,SYSTEM FORMWORKS INSTALLATION NC II
2831,REGION_VII,CEBU,"Cebu, District 5",CONSTRUCTION,HORIZONTAL CONSTRUCTION VERTICAL CONSTRUCTION INDUSTRIAL CONSTRUCTION,TIG PLATE WELDER,GAS TUNGSTEN ARC WELDING (GTAW) NC IV,With TR,MEDIUM,10,15,30,GAS TUNGSTEN ARC WELDING (GTAW) NC IV
2832,REGION_VII,CEBU,"Cebu, District 5",CONSTRUCTION,"VERTICAL CONSTRUCTION HORIZONTAL CONSTRUCTION RESIDENTIAL CONSTRUCTION INDUSTRIAL CONSTRUCTION
",TILE SETTING,TILE SETTING NC II,With TR,LOW,3,5,150,TILE SETTING NC II
2833,REGION_VII,CEBU,"Cebu, District 5",CONSTRUCTION,"VERTICAL CONSTRUCTION HORIZONTAL CONSTRUCTION RESIDENTIAL CONSTRUCTION INDUSTRIAL CONSTRUCTION
",TILE SETTING,TILE SETTING NC II,With TR,LOW,3,5,150,TILE SETTING NC II
2834,REGION_VII,CEBU,"Cebu, District 5",CONSTRUCTION,"DIRECT WORKER EQUIPMENT OPERATORS AND MAINTENANCE VERTICAL CONSTRUCTION INDUSTRIAL CONSTRUCTION
",TOWER CRANE OPERATOR,HEAVY EQUIPMENT OPERATION (TOWER CRANE) NC III,With TR,LOW,3,5,150,HEAVY EQUIPMENT OPERATION (TOWER CRANE) NC III
2835,REGION_VII,CEBU,"Cebu, District 5",CONSTRUCTION,VERTICAL INDUSTRIAL RESIDENTIAL DIRECT WORKS EQUIPMENT OPERATORS AND MAINTENANCE DIRECT WORKERS       ,TRANSIT MIXER,HEAVY EQUIPMENT OPERATION (TRANSIT MIXER) NC II,With TR,LOW,3,5,150,HEAVY EQUIPMENT OPERATION (TRANSIT MIXER) NC II
2836,REGION_VII,CEBU,"Cebu, District 5",CONSTRUCTION,HORIZONTAL CONSTRUCTION VERTICAL CONSTRUCTION INDUSTRIAL CONSTRUCTION,WAREHOUSEMAN (EXTERNAL),WAREHOUSING SERVICES NC II,With TR,LOW,3,5,150,WAREHOUSING SERVICES NC II
2837,REGION_VII,CEBU,"Cebu, District 5",CONSTRUCTION,HORIZONTAL CONSTRUCTION VERTICAL CONSTRUCTION INDUSTRIAL CONSTRUCTION,WAREHOUSEMAN (INTERNAL),WAREHOUSING SERVICES NC II,With TR,LOW,3,5,150,WAREHOUSING SERVICES NC II
2838,REGION_VII,CEBU,"Cebu, District 5",CONSTRUCTION,RESIDENTIAL CONSTRUCTION VERTICAL CONSTRUCTION,WATERPROOFER (SLABS),NO CORRESPONDING TVET PROGRAM,New and Emerging,LOW,3,5,150,NO CORRESPONDING TVET PROGRAM
2839,REGION_VII,CEBU,"Cebu, District 5",CONSTRUCTION,RESIDENTIAL CONSTRUCTION VERTICAL CONSTRUCTION,WATERPROOFER (SLABS),NO CORRESPONDING TVET PROGRAM,New and Emerging,LOW,3,5,150,NO CORRESPONDING TVET PROGRAM
2840,REGION_VII,CEBU,"Cebu, District 5",CONSTRUCTION,VERTICAL HORIZONTAL,WATERPROOFER (VERTICAL WALLS),CONSTRUCTION PAINTING NC II,With TR,LOW,3,5,150,CONSTRUCTION PAINTING NC II
2841,REGION_VII,CEBU,"Cebu, District 5",CONSTRUCTION,VERTICAL HORIZONTAL,WATERPROOFER (VERTICAL WALLS),CONSTRUCTION PAINTING NC II,With TR,LOW,3,5,150,CONSTRUCTION PAINTING NC II
2842,REGION_VII,CEBU,"Cebu, District 5",CONSTRUCTION,"VERTICAL CONSTRUCTION HORIZONTAL CONSTRUCTION INDUSTRIAL CONSTRUCTION
",WELDER (GAS),GAS WELDING NC I,With TR,MEDIUM,10,15,30,GAS WELDING NC I
2843,REGION_VII,CEBU,"Cebu, District 5",CONSTRUCTION,"VERTICAL CONSTRUCTION HORIZONTAL CONSTRUCTION INDUSTRIAL CONSTRUCTION
",WELDER (GAS),GAS WELDING NC II,With TR,MEDIUM,10,15,30,GAS WELDING NC II
2844,REGION_VII,CEBU,"Cebu, District 5",CONSTRUCTION,VERTICAL CONSTRUCTION HORIZONTAL CONTRUCTN,WELDER (SMAW),MANUAL METAL ARC WELDING (MMAW) NC II,With TR,HIGH,30,50,100,MANUAL METAL ARC WELDING (MMAW) NC II
2845,REGION_VII,CEBU,"Cebu, District 5",CONSTRUCTION,VERTICAL CONSTRUCTION HORIZONTAL CONTRUCTN,WELDER (SMAW),MANUAL METAL ARC WELDING (MMAW) NC II,With TR,HIGH,30,50,100,MANUAL METAL ARC WELDING (MMAW) NC II
2846,REGION_VII,CEBU,"Cebu, District 5",CONSTRUCTION,VERTICAL INDUSTRIAL RESIDENTIAL DIRECT WORKS,WELDER (STRUCTURAL),FLUX-CORED ARC WELDING (FCAW) NC II,With TR,HIGH,30,50,100,FLUX-CORED ARC WELDING (FCAW) NC II
2847,REGION_VII,CEBU,"Cebu, District 5",CONSTRUCTION,VERTICAL INDUSTRIAL RESIDENTIAL DIRECT WORKS,WELDER (STRUCTURAL),GAS TUNGSTEN ARC WELDING (GTAW) NC II,With TR,HIGH,30,50,100,GAS TUNGSTEN ARC WELDING (GTAW) NC II
2848,REGION_VII,CEBU,"Cebu, District 5",CONSTRUCTION,VERTICAL INDUSTRIAL RESIDENTIAL DIRECT WORKS,WELDER (STRUCTURAL),MANUAL METAL ARC WELDING (MMAW) NC II,With TR,HIGH,30,50,100,MANUAL METAL ARC WELDING (MMAW) NC II
2849,REGION_VII,CEBU,"Cebu, District 5",CONSTRUCTION,HORIZONTAL CONSTRUCTION VERTICAL CONSTRUCTION,WHEEL LOADER OPERATOR,HEAVY EQUIPMENT OPERATION (WHEEL LOADER) NC II,With TR,LOW,3,5,150,HEAVY EQUIPMENT OPERATION (WHEEL LOADER) NC II
2957,REGION_VII,CEBU,"Cebu, District 5",MANUFACTURING,METALS AND ENGINEERING,"
GTAW/TIG WELDER",GAS TUNGSTEN ARC WELDING (GTAW) NC II,With TR,HIGH,30,50,100,GAS TUNGSTEN ARC WELDING (GTAW) NC II
2958,REGION_VII,CEBU,"Cebu, District 5",MANUFACTURING,METALS AND ENGINEERING," _x000D_
 	_x000D_
PIPE WELDER (SAW)",SUBMERGED ARC WELDING (SAW) NC II,With TR,LOW,3,5,150,SUBMERGED ARC WELDING (SAW) NC II
2959,REGION_VII,CEBU,"Cebu, District 5",MANUFACTURING,AUTOMOTIVE AND LAND TRANSPORTATION PRODUCTION (OEM) ASSEMBLY,AUTO ELECTRICIAN,AUTOMOTIVE ELECTRICAL ASSEMBLY NC II,With TR,LOW,3,5,150,AUTOMOTIVE ELECTRICAL ASSEMBLY NC II
2960,REGION_VII,CEBU,"Cebu, District 5",MANUFACTURING,PROCESSED FOOD AND BEVERAGES,BAKER,FOOD PRODUCTION (BREAD AND PATISSERIE) NC II,With TR,HIGH,30,50,100,FOOD PRODUCTION (BREAD AND PATISSERIE) NC II
2961,REGION_VII,CEBU,"Cebu, District 5",MANUFACTURING,ELECTRICAL AND ELECTRONICS,CALIBRATION TECHNICIAN,INSTRUMENTATION AND CONTROL SERVICING NC II,With TR,HIGH,30,50,100,INSTRUMENTATION AND CONTROL SERVICING NC II
2962,REGION_VII,CEBU,"Cebu, District 5",MANUFACTURING,METALS AND ENGINEERING,CARBON STEEL PLATE/ PIPE WELDER (MMAW),MANUAL METAL ARC WELDING (MMAW) NC I,With TR,LOW,3,5,150,MANUAL METAL ARC WELDING (MMAW) NC I
2963,REGION_VII,CEBU,"Cebu, District 5",MANUFACTURING,METALS AND ENGINEERING,CARBON STEEL PLATE/ PIPE WELDER (MMAW),MANUAL METAL ARC WELDING (MMAW) NC III,With TR,LOW,3,5,150,MANUAL METAL ARC WELDING (MMAW) NC III
2964,REGION_VII,CEBU,"Cebu, District 5",MANUFACTURING,METALS AND ENGINEERING,CARBON STEEL PLATE/ PIPE WELDER (MMAW),MANUAL METAL ARC WELDING (MMAW) NC IV,With TR,LOW,3,5,150,MANUAL METAL ARC WELDING (MMAW) NC IV
2965,REGION_VII,CEBU,"Cebu, District 5",MANUFACTURING,FURNITURE AND FIXTURES,CARPENTER,CARPENTRY NC II,With TR,HIGH,30,50,100,CARPENTRY NC II
2966,REGION_VII,CEBU,"Cebu, District 5",MANUFACTURING,PROCESSED FOOD AND BEVERAGES,CULINARY,COOKERY NC II,With TR,HIGH,30,50,100,COOKERY NC II
2967,REGION_VII,CEBU,"Cebu, District 5",MANUFACTURING,ELECTRICAL AND ELECTRONICS,DATABASE ADMINISTRATOR,PROGRAMMING (ORACLE DATABASE) NC III,With TR,LOW,3,5,150,PROGRAMMING (ORACLE DATABASE) NC III
2968,REGION_VII,CEBU,"Cebu, District 5",MANUFACTURING,ELECTRICAL AND ELECTRONICS,ELECTRICAL LEADMAN,ELECTRICAL INSTALLATION AND MAINTENANCE NC III,With TR,LOW,3,5,150,ELECTRICAL INSTALLATION AND MAINTENANCE NC III
2969,REGION_VII,CEBU,"Cebu, District 5",MANUFACTURING,ELECTRICAL AND ELECTRONICS,ELECTRICIAN,AUTOMOTIVE ELECTRICAL ASSEMBLY NC II,With TR,LOW,3,5,150,AUTOMOTIVE ELECTRICAL ASSEMBLY NC II
2970,REGION_VII,CEBU,"Cebu, District 5",MANUFACTURING,METALS AND ENGINEERING,FCAW PLATE WELDER (ALLOY STEEL),FLUX-CORED ARC WELDING (FCAW) NC III,With TR,LOW,3,5,150,FLUX-CORED ARC WELDING (FCAW) NC III
2971,REGION_VII,CEBU,"Cebu, District 5",MANUFACTURING,PROCESSED FOOD AND BEVERAGES,FURNITURE CARPENTER,CARPENTRY NC III,With TR,LOW,3,5,150,CARPENTRY NC III
2972,REGION_VII,CEBU,"Cebu, District 5",MANUFACTURING,GAME DEVELOPMENT SERVICES,GAME PROGRAMMER,GAME PROGRAMMING NC III,With TR,LOW,3,5,150,GAME PROGRAMMING NC III
2973,REGION_VII,CEBU,"Cebu, District 5",MANUFACTURING,GARMENTS,GARMENT SEWER,DRESSMAKING NC II,With TR,HIGH,30,50,100,DRESSMAKING NC II
2974,REGION_VII,CEBU,"Cebu, District 5",MANUFACTURING,METALS AND ENGINEERING,GAS (OXY-ACETYLENE) WELDER,GAS WELDING NC I,With TR,LOW,3,5,150,GAS WELDING NC I
2975,REGION_VII,CEBU,"Cebu, District 5",MANUFACTURING,METALS AND ENGINEERING,GAS WELDER (OXY-ACETYLENE),GAS WELDING NC II,With TR,LOW,3,5,150,GAS WELDING NC II
2976,REGION_VII,CEBU,"Cebu, District 5",MANUFACTURING,METALS AND ENGINEERING,GMAW WELDER (ALLOY STEEL),GAS METAL ARC WELDING (GMAW) NC III,With TR,LOW,3,5,150,GAS METAL ARC WELDING (GMAW) NC III
2977,REGION_VII,CEBU,"Cebu, District 5",MANUFACTURING,METALS AND ENGINEERING,GTAW OR TIG PIPE WELDER (ALLOY STEEL),GAS TUNGSTEN ARC WELDING (GTAW) NC IV,With TR,LOW,3,5,150,GAS TUNGSTEN ARC WELDING (GTAW) NC IV
2978,REGION_VII,CEBU,"Cebu, District 5",MANUFACTURING,GARMENTS,INDUSTRIAL SEWING MACHINE OPERATORS,NO CORRESPONDING TVET PROGRAM,New and Emerging,LOW,3,5,150,NO CORRESPONDING TVET PROGRAM
2979,REGION_VII,CEBU,"Cebu, District 5",MANUFACTURING,ELECTRICAL AND ELECTRONICS,INSTRUMENT TECHNICIAN 2,INSTRUMENTATION AND CONTROL SERVICING NC III,With TR,LOW,3,5,150,INSTRUMENTATION AND CONTROL SERVICING NC III
2980,REGION_VII,CEBU,"Cebu, District 5",MANUFACTURING,ELECTRICAL AND ELECTRONICS,INSTRUMENT TECHNICIAN 3,INSTRUMENTATION AND CONTROL SERVICING NC IV,With TR,LOW,3,5,150,INSTRUMENTATION AND CONTROL SERVICING NC IV
2981,REGION_VII,CEBU,"Cebu, District 5",MANUFACTURING,ELECTRICAL AND ELECTRONICS,INTEGRATION SPECIALIST,PROGRAMMING (.NET TECHNOLOGY) NC III,With TR,LOW,3,5,150,PROGRAMMING (.NET TECHNOLOGY) NC III
2982,REGION_VII,CEBU,"Cebu, District 5",MANUFACTURING,PROCESSED FOOD AND BEVERAGES,KITCHEN SUPERVISOR,FOOD PRODUCTION (PROFESSIONAL COOKERY) NC III,With TR,LOW,3,5,150,FOOD PRODUCTION (PROFESSIONAL COOKERY) NC III
2983,REGION_VII,CEBU,"Cebu, District 5",MANUFACTURING,METALS AND ENGINEERING,MACHINIST,MACHINING NC II,With TR,HIGH,30,50,100,MACHINING NC II
2984,REGION_VII,CEBU,"Cebu, District 5",MANUFACTURING,METALS AND ENGINEERING,MACHINIST,MACHINING NC I,With TR,MEDIUM,10,15,30,MACHINING NC I
2985,REGION_VII,CEBU,"Cebu, District 5",MANUFACTURING,ELECTRICAL AND ELECTRONICS,MAINTENANCE ELECTRICIAN,ELECTRICAL INSTALLATION AND MAINTENANCE NC II,With TR,HIGH,30,50,100,ELECTRICAL INSTALLATION AND MAINTENANCE NC II
2986,REGION_VII,CEBU,"Cebu, District 5",MANUFACTURING,ELECTRICAL AND ELECTRONICS,MANUFACTURING SYSTEMS DEVELOPER,PROGRAMMING (JAVA) NC III,With TR,LOW,3,5,150,PROGRAMMING (JAVA) NC III
2987,REGION_VII,CEBU,"Cebu, District 5",MANUFACTURING,CONSTRUCTION,MASON,MASONRY NC I,With TR,HIGH,30,50,100,MASONRY NC I
2988,REGION_VII,CEBU,"Cebu, District 5",MANUFACTURING,METALS AND ENGINEERING,MILLWRIGHT,NO CORRESPONDING TVET PROGRAM,New and Emerging,LOW,3,5,150,NO CORRESPONDING TVET PROGRAM
2989,REGION_VII,CEBU,"Cebu, District 5",MANUFACTURING,METALS AND ENGINEERING,MILLWRIGHT FITTER,NO CORRESPONDING TVET PROGRAM,New and Emerging,LOW,3,5,150,NO CORRESPONDING TVET PROGRAM
2990,REGION_VII,CEBU,"Cebu, District 5",MANUFACTURING,ELECTRICAL AND ELECTRONICS,PCB DESIGN TECHNICIAN,ELECTRONIC PRODUCTS ASSEMBLY AND SERVICING NC II,With TR,HIGH,30,50,100,ELECTRONIC PRODUCTS ASSEMBLY AND SERVICING NC II
2991,REGION_VII,CEBU,"Cebu, District 5",MANUFACTURING,METALS AND ENGINEERING,PIPE FITTER,PIPEFITTING (METALLIC) NC II,With TR,HIGH,30,50,100,PIPEFITTING (METALLIC) NC II
2992,REGION_VII,CEBU,"Cebu, District 5",MANUFACTURING,METALS AND ENGINEERING,PIPE FITTER,PIPEFITTING (METALLIC) NC II,With TR,HIGH,30,50,100,PIPEFITTING (METALLIC) NC II
2993,REGION_VII,CEBU,"Cebu, District 5",MANUFACTURING,METALS AND ENGINEERING,PIPE WELDER (GMAW),GAS METAL ARC WELDING (GMAW) NC II,With TR,HIGH,30,50,100,GAS METAL ARC WELDING (GMAW) NC II
2994,REGION_VII,CEBU,"Cebu, District 5",MANUFACTURING,METALS AND ENGINEERING,PLATE WELDER (FCAW),FLUX-CORED ARC WELDING (FCAW) NC I,With TR,LOW,3,5,150,FLUX-CORED ARC WELDING (FCAW) NC I
2995,REGION_VII,CEBU,"Cebu, District 5",MANUFACTURING,METALS AND ENGINEERING,PLATE WELDER (GMAW),GAS METAL ARC WELDING (GMAW) NC I,With TR,LOW,3,5,150,GAS METAL ARC WELDING (GMAW) NC I
2996,REGION_VII,CEBU,"Cebu, District 5",MANUFACTURING,METALS AND ENGINEERING,PLATE WELDER (SAW),SUBMERGED ARC WELDING (SAW) NC I,With TR,LOW,3,5,150,SUBMERGED ARC WELDING (SAW) NC I
2997,REGION_VII,CEBU,"Cebu, District 5",MANUFACTURING,METALS AND ENGINEERING,PRECISION GRINDING MACHINE OPERATOR,MACHINING NC III,With TR,LOW,3,5,150,MACHINING NC III
2998,REGION_VII,CEBU,"Cebu, District 5",MANUFACTURING,"HEATING, VENTILATION, AIRCONDITIONING AND REFRIGERATION",RAC TECHNICIAN/ INSTALLERS,RAC SERVICING (DOMRAC) NC II,With TR,MEDIUM,10,15,30,RAC SERVICING (DOMRAC) NC II
2999,REGION_VII,CEBU,"Cebu, District 5",MANUFACTURING,"HEATING, VENTILATION, AIRCONDITIONING AND REFRIGERATION",RAC TECHNICIAN/ INSTALLERS,COMMERCIAL AIR-CONDITIONING INSTALLATION AND SERVICING NC III,With TR,MEDIUM,10,15,30,COMMERCIAL AIR-CONDITIONING INSTALLATION AND SERVICING NC III
3000,REGION_VII,CEBU,"Cebu, District 5",MANUFACTURING,ELECTRICAL AND ELECTRONICS,"SOLDERING, MICROSCOPE OPERATION",ELECTRONIC PRODUCTS ASSEMBLY AND SERVICING NC II,With TR,HIGH,30,50,100,ELECTRONIC PRODUCTS ASSEMBLY AND SERVICING NC II
3001,REGION_VII,CEBU,"Cebu, District 5",MANUFACTURING,PROCESSED FOOD AND BEVERAGES,SOUS CHEF,FOOD PRODUCTION (PROFESSIONAL COOKERY) NC IV,With TR,LOW,3,5,150,FOOD PRODUCTION (PROFESSIONAL COOKERY) NC IV
3002,REGION_VII,CEBU,"Cebu, District 5",MANUFACTURING,ELECTRICAL AND ELECTRONICS,SUPERVISING TECHNICIAN,ELECTRICAL INSTALLATION AND MAINTENANCE NC IV,With TR,LOW,3,5,150,ELECTRICAL INSTALLATION AND MAINTENANCE NC IV
3003,REGION_VII,CEBU,"Cebu, District 5",MANUFACTURING,GARMENTS,TAILOR,TAILORING NC II,With TR,MEDIUM,10,15,30,TAILORING NC II
3004,REGION_VII,CEBU,"Cebu, District 5",MANUFACTURING,METALS AND ENGINEERING,WELDER,MANUAL METAL ARC WELDING (MMAW) NC II,With TR,LOW,3,5,150,MANUAL METAL ARC WELDING (MMAW) NC II
3005,REGION_VII,CEBU,"Cebu, District 5",MANUFACTURING,METALS AND ENGINEERING,WELDERS (SMAW),MANUAL METAL ARC WELDING (MMAW) NC II,With TR,LOW,3,5,150,MANUAL METAL ARC WELDING (MMAW) NC II
3033,REGION_VII,CEBU,"Cebu, District 5",TOURISM (HOTEL AND RESTAURANT),ACCOMMODATION,AUTO TECHNICIANS,AUTOMOTIVE SERVICING NC I,With TR,MEDIUM,10,15,30,AUTOMOTIVE SERVICING NC I
3034,REGION_VII,CEBU,"Cebu, District 5",TOURISM (HOTEL AND RESTAURANT),FOOD AND BEVERAGES,BARISTA,BARISTA NC II,With TR,HIGH,30,50,100,BARISTA NC II
3035,REGION_VII,CEBU,"Cebu, District 5",TOURISM (HOTEL AND RESTAURANT),FOOD AND BEVERAGES,BARTENDING,BARTENDING NC II,With TR,HIGH,30,50,100,BARTENDING NC II
3036,REGION_VII,CEBU,"Cebu, District 5",TOURISM (HOTEL AND RESTAURANT),ACCOMMODATION,BELL MAN,FRONT OFFICE SERVICES NC II,With TR,MEDIUM,10,15,30,FRONT OFFICE SERVICES NC II
3037,REGION_VII,CEBU,"Cebu, District 5",TOURISM (HOTEL AND RESTAURANT),ACCOMMODATION,BOILER TECHNICIANS,NO CORRESPONDING TVET PROGRAM,New and Emerging,LOW,3,5,150,NO CORRESPONDING TVET PROGRAM
3038,REGION_VII,CEBU,"Cebu, District 5",TOURISM (HOTEL AND RESTAURANT),FOOD AND BEVERAGES,BREAD AND PASTRIES ,FOOD AND BEVERAGE SERVICES NC II,With TR,HIGH,30,50,100,FOOD AND BEVERAGE SERVICES NC II
3039,REGION_VII,CEBU,"Cebu, District 5",TOURISM (HOTEL AND RESTAURANT),ACCOMMODATION,BUSINESS CLERK,FRONT OFFICE SERVICES NC II,With TR,MEDIUM,10,15,30,FRONT OFFICE SERVICES NC II
3040,REGION_VII,CEBU,"Cebu, District 5",TOURISM (HOTEL AND RESTAURANT),FOOD AND BEVERAGES,CAKE MAKING,TOURISM PROMOTION SERVICES NC II,With TR,MEDIUM,10,15,30,TOURISM PROMOTION SERVICES NC II
3041,REGION_VII,CEBU,"Cebu, District 5",TOURISM (HOTEL AND RESTAURANT),ACCOMMODATION,CONCIERGE,FRONT OFFICE SERVICES NC II,With TR,MEDIUM,10,15,30,FRONT OFFICE SERVICES NC II
3042,REGION_VII,CEBU,"Cebu, District 5",TOURISM (HOTEL AND RESTAURANT),FOOD AND BEVERAGES,"COOK OR COMMIS, ASSISTANT COOK",FOOD PRODUCTION (BREAD AND PATISSERIE) NC II,With TR,HIGH,30,50,100,FOOD PRODUCTION (BREAD AND PATISSERIE) NC II
3043,REGION_VII,CEBU,"Cebu, District 5",TOURISM (HOTEL AND RESTAURANT),ACCOMMODATION,CUSTOMER SERVICE,HOUSEKEEPING NC II,With TR,HIGH,30,50,100,HOUSEKEEPING NC II
3044,REGION_VII,CEBU,"Cebu, District 5",TOURISM (HOTEL AND RESTAURANT),ACCOMMODATION,DOOR MAN,FRONT OFFICE SERVICES NC II,With TR,MEDIUM,10,15,30,FRONT OFFICE SERVICES NC II
3045,REGION_VII,CEBU,"Cebu, District 5",TOURISM (HOTEL AND RESTAURANT),FOOD AND BEVERAGES,FOOD SAFETY MANAGEMENT,NO CORRESPONDING TVET PROGRAM,New and Emerging,LOW,3,5,150,NO CORRESPONDING TVET PROGRAM
3046,REGION_VII,CEBU,"Cebu, District 5",TOURISM (HOTEL AND RESTAURANT),FOOD AND BEVERAGES,FRONT DESK /FRONT LINERS,FOOD AND BEVERAGE SERVICES NC II,With TR,HIGH,30,50,100,FOOD AND BEVERAGE SERVICES NC II
3047,REGION_VII,CEBU,"Cebu, District 5",TOURISM (HOTEL AND RESTAURANT),ACCOMMODATION,FRONT OFFICE MANAGER,FRONT OFFICE SERVICES NC II,With TR,MEDIUM,10,15,30,FRONT OFFICE SERVICES NC II
3048,REGION_VII,CEBU,"Cebu, District 5",TOURISM (HOTEL AND RESTAURANT),ACCOMMODATION,GUEST RELATION OFFICER,FRONT OFFICE SERVICES NC II,With TR,MEDIUM,10,15,30,FRONT OFFICE SERVICES NC II
3049,REGION_VII,CEBU,"Cebu, District 5",TOURISM (HOTEL AND RESTAURANT),ACCOMMODATION,HANDYMAN,NO CORRESPONDING TVET PROGRAM,New and Emerging,LOW,3,5,150,NO CORRESPONDING TVET PROGRAM
3050,REGION_VII,CEBU,"Cebu, District 5",TOURISM (HOTEL AND RESTAURANT),ACCOMMODATION,HOUSEKEEPER / SECTION HEAD,FRONT OFFICE SERVICES NC II,With TR,MEDIUM,10,15,30,FRONT OFFICE SERVICES NC II
3051,REGION_VII,CEBU,"Cebu, District 5",TOURISM (HOTEL AND RESTAURANT),FOOD AND BEVERAGES,KITCHEN MECHANICS,COOKERY NC II,With TR,HIGH,30,50,100,COOKERY NC II
3052,REGION_VII,CEBU,"Cebu, District 5",TOURISM (HOTEL AND RESTAURANT),FOOD AND BEVERAGES,"KITCHEN SUPERVISOR, HEAD CHEF, BANQUET HEAD COOK/CHEF",FOOD PRODUCTION (PROFESSIONAL COOKERY) NC III,With TR,LOW,3,5,150,FOOD PRODUCTION (PROFESSIONAL COOKERY) NC III
3053,REGION_VII,CEBU,"Cebu, District 5",TOURISM (HOTEL AND RESTAURANT),ACCOMMODATION,LAUNDRY TECHNICIANS,HOUSEKEEPING NC II,With TR,HIGH,30,50,100,HOUSEKEEPING NC II
3054,REGION_VII,CEBU,"Cebu, District 5",TOURISM (HOTEL AND RESTAURANT),ACCOMMODATION,LINEN ATTENDANT,HOUSEKEEPING NC II,With TR,HIGH,30,50,100,HOUSEKEEPING NC II
3055,REGION_VII,CEBU,"Cebu, District 5",TOURISM (HOTEL AND RESTAURANT),ACCOMMODATION,RESERVATION CLERK,FRONT OFFICE SERVICES NC II,With TR,MEDIUM,10,15,30,FRONT OFFICE SERVICES NC II
3056,REGION_VII,CEBU,"Cebu, District 5",TOURISM (HOTEL AND RESTAURANT),ACCOMMODATION,ROOM ATTENDANT/ HOUSEKEEPING SPECIALIST,HOUSEKEEPING NC II,With TR,HIGH,30,50,100,HOUSEKEEPING NC II
3057,REGION_VII,CEBU,"Cebu, District 5",TOURISM (HOTEL AND RESTAURANT),FOOD AND BEVERAGES,SERVICE ATTENDANTS ,CUSTOMER SERVICES NC II,With TR,LOW,3,5,150,CUSTOMER SERVICES NC II
3058,REGION_VII,CEBU,"Cebu, District 5",TOURISM (HOTEL AND RESTAURANT),FOOD AND BEVERAGES,SERVICE CREW / FOOD ATTENDANTS / FB PRODUCTION / WAITER / WAITRESS,COOKERY NC II,With TR,HIGH,30,50,100,COOKERY NC II
3059,REGION_VII,CEBU,"Cebu, District 5",TOURISM (HOTEL AND RESTAURANT),FOOD AND BEVERAGES,"SOUS CHEF, EXECUTIVE SOUS CHEF",FOOD PRODUCTION (PROFESSIONAL COOKERY) NC IV,With TR,LOW,3,5,150,FOOD PRODUCTION (PROFESSIONAL COOKERY) NC IV
3060,REGION_VII,CEBU,"Cebu, District 5",TOURISM (HOTEL AND RESTAURANT),ACCOMMODATION,STEWARDS ,FRONT OFFICE SERVICES NC II,With TR,MEDIUM,10,15,30,FRONT OFFICE SERVICES NC II
3061,REGION_VII,CEBU,"Cebu, District 5",TOURISM (HOTEL AND RESTAURANT),ACCOMMODATION,TELEPHONE OPERATOR,CUSTOMER SERVICES NC II,With TR,LOW,3,5,150,CUSTOMER SERVICES NC II
3062,REGION_VII,CEBU,"Cebu, District 5",TOURISM (HOTEL AND RESTAURANT),ACCOMMODATION,THERMAL CLEANER,NO CORRESPONDING TVET PROGRAM,With TR,LOW,3,5,150,NO CORRESPONDING TVET PROGRAM
3063,REGION_VII,CEBU,"Cebu, District 5",TOURISM (HOTEL AND RESTAURANT),TRAVEL AND TOUR,TOUR GUIDING,TOUR GUIDING SERVICES NC III,With TR,LOW,3,5,150,TOUR GUIDING SERVICES NC III
3064,REGION_VII,CEBU,"Cebu, District 5",TOURISM (HOTEL AND RESTAURANT),TRAVEL AND TOURS,TOUR PACKAGING STAFF,TOUR PACKAGING (FIT AD HOC DOMESTIC) SERVICES NC II,With TR,LOW,3,5,150,TOUR PACKAGING (FIT AD HOC DOMESTIC) SERVICES NC II
3065,REGION_VII,CEBU,"Cebu, District 5",TOURISM (HOTEL AND RESTAURANT),ACCOMMODATION,UPHOLSTERY CLEANER,HOUSEKEEPING NC II,With TR,HIGH,30,50,100,HOUSEKEEPING NC II
3070,REGION_VII,CEBU,"Cebu, District 5",CONSTRUCTION,"VERTICAL CONSTRUCTION
HORIZONTAL CONSTRUCTION
INDUSTRY/INDUSTRIAL CONSTRUCTION
RESIDENTIAL CONSTRUCTION",DRAFTSMAN,TECHNICAL DRAFTING NC II,With TR,LOW,3,5,150,TECHNICAL DRAFTING NC II
3071,REGION_VII,CEBU,"Cebu, District 5",MANUFACTURING,ELECTRICAL AND ELECTRONICS," _x000D_
 	_x000D_
MECHATRONICS AND AUTOMATION TECHNICIAN",MECHATRONICS SERVICING NC II,With TR,LOW,3,5,150,MECHATRONICS SERVICING NC II
3154,REGION_VII,CEBU,"Cebu, District 5",MANUFACTURING,METALS AND ENGINEERING,INSTRUMENTATION TECHNICIAN,DIPLOMA PROGRAM IN MECHANICAL ENGINEERING TECHNOLOGY,Diploma Programs,MEDIUM,10,15,30,DIPLOMA PROGRAM IN MECHANICAL ENGINEERING TECHNOLOGY
3155,REGION_VII,CEBU,"Cebu, District 5",MANUFACTURING,ELECTRICAL AND ELECTRONICS,RESIDENTIAL/COMMERCIAL WIRING TECHNICIAN,DIPLOMA PROGRAM IN ELECTRICAL ENGINEERING TECHNOLOGY,Diploma Programs,MEDIUM,10,15,30,DIPLOMA PROGRAM IN ELECTRICAL ENGINEERING TECHNOLOGY
3156,REGION_VII,CEBU,"Cebu, District 5",MANUFACTURING,ELECTRICAL AND ELECTRONICS,INDUSTRIAL ELECTRONIC TECHNICIAN,DIPLOMA PROGRAM IN ELECTRONICS ENGINEERING TECHNOLOGY,Diploma Programs,MEDIUM,10,15,30,DIPLOMA PROGRAM IN ELECTRONICS ENGINEERING TECHNOLOGY
3157,REGION_VII,CEBU,"Cebu, District 5",TOURISM (HOTEL AND RESTAURANT),ACCOMMODATION,HOTEL MANAGER,DIPLOMA PROGRAM IN HOTEL AND RESTAURANT TECHNOLOGY,Diploma Programs,MEDIUM,10,15,30,DIPLOMA PROGRAM IN HOTEL AND RESTAURANT TECHNOLOGY
3159,REGION_VII,CEBU,"Cebu, District 5",CONSTRUCTION,"HORIZONTAL CONSTRUCTION, INDUSTRIAL CONSTRUCTION, EQUIPMENT OPERATIONS AND MAINTENANCE",BULLDOZER OPERATOR,HEAVY EQUIPMENT OPERATION (BULLDOZER) NC II,With TR,LOW,3,5,150,HEAVY EQUIPMENT OPERATION (BULLDOZER) NC II
3160,REGION_VII,CEBU,"Cebu, District 5",CONSTRUCTION,"HORIZONTAL CONSTRUCTION, RESIDENTIAL CONSTRUCTION, INDUSTRIAL CONSTRUCTION"," _x000D_
 	_x000D_
PV SYSTEMS INSTALLATION TECHNICIAN",PV SYSTEMS INSTALLATION NC II,With TR,LOW,3,5,150,PV SYSTEMS INSTALLATION NC II
3169,REGION_VII,CEBU,"Cebu, District 5",TOURISM (HOTEL AND RESTAURANT),"MICE (MEETINGS, INCENTIVES, CONFERENCES, AND EXHIBITIONS)","SENIOR MICE COORDINATOR , SENIOR SPECIAL EVENTS COORDINATOR",EVENTS MANAGEMENT SERVICES NC III,With TR,MEDIUM,10,15,30,EVENTS MANAGEMENT SERVICES NC III
3170,REGION_VII,CEBU,"Cebu, District 5",CONSTRUCTION,"HORIZONTAL CONSTRUCTION, INDUSTRIAL CONSTRUCTION, EQUIPMENT OPERATIONS AND MAINTENANCE","MASONRY TECHNICIAN, PLUMBING TECHNICIAN, TECHNICAL DRAFTSMAN, REINFORCING STEELWORKS TECHNICIAN, PAINTING TECHNICIAN, TILE SETTING TECHNICIAN, CARPENTRY, TECHNICIAN, SCAFFOLDING AND FORMWORKS TECHNICIAN, CIVIL ENGINEERING TECHNOLOGIST",DIPLOMA PROGRAM IN CIVIL ENGINEERING TECHNOLOGY,Diploma Programs,LOW,3,5,150,DIPLOMA PROGRAM IN CIVIL ENGINEERING TECHNOLOGY
3171,REGION_VII,CEBU,"Cebu, District 5",CONSTRUCTION,"HORIZONTAL CONSTRUCTION, INDUSTRIAL CONSTRUCTION, EQUIPMENT OPERATIONS AND MAINTENANCE","▪ BUILDING INSPECTOR ▪ CIVIL ENGINEERING DESIGN TECHNOLOGIST ▪ MATERIALS TESTING TECHNOLOGIST. ▪ CONSTRUCTION COORDINATOR, FOREMAN, OR SUPERINTENDENT ▪ ESTIMATOR ▪ TECHNICAL REPRESENTATIVE ▪ FIELD TECHNICAL ASSISTANT ▪ DRAFTSMAN/CAD OPERATOR ▪ REBAR FIXER ▪ BUILDING ELECTRICIAN ▪ BRICK LAYER/MASON ▪ PLUMBER",DIPLOMA PROGRAM IN CIVIL ENGINEERING TECHNOLOGY,Diploma Programs,MEDIUM,10,15,30,DIPLOMA PROGRAM IN CIVIL ENGINEERING TECHNOLOGY
3176,REGION_VII,CEBU,"Cebu, District 5",TOURISM (HOTEL AND RESTAURANT),TRAVEL AND TOURS,"1.TOURISM OPERATIONS COORDINATOR
2.TRAVEL CONSULTANT/TOUR PLANNER/TRAVEL SALES EXECUTIVE/TOUR COORDINATOR/TOUR OPERATIONS ASSISTANT                                                                  
3.TOUR GUIDE/TOUR LEADER/TOUR COORDINATOR
4.TOURISM MARKETING OFFICER/SALES EXECUTIVE FOR TOURISM/DESTINATION MARKETING COORDINATOR
5.EVENT COORDINATOR/CATERING MANAGER
6.ECO-TOURISM COORDINATOR/SUSTAINABLE TOURISM OFFICER/NATURE TOUR GUIDE/ENVIRONMENTAL EDUCATION 
7.MICE COORDINATOR/CONFERENCE ORGANIZER
8.CRUISE OPERATIONS COORDINATOR/ADVENTURE TOUR GUIDE/CRUISE MANAGER/OUTDOOR ACTIVITY 
",DIPLOMA PROGRAM IN TOURISM MANAGEMENT,Diploma Programs,LOW,3,5,150,DIPLOMA PROGRAM IN TOURISM MANAGEMENT
3177,REGION_VII,CEBU,"Cebu, District 5",TOURISM (HOTEL AND RESTAURANT),ACCOMMODATION,"1.FOOD AND BEVERAGE ATTENDANT / SERVER / BARTENDER / BARISTA /WAITSTAFF /F&B DIRECTOR/F&B OUTLET MANAGER                                                    _x000D_
2.HOTEL RECEPTIONIST/FRONT DESK AGENT_x000D_
3.GUEST SERVICES ASSOCIATE /HOTEL RECEPTIONIST/FRONT DESK AGENT_x000D_
4.ROOM ATTENDANT / HOUSEKEEPING ATTENDANT/PUBLIC AREA CLEANER_x000D_
5.EVENT COORDINATOR/EVENT ASSISTANT_x000D_
                                                   _x000D_
",DIPLOMA PROGRAM IN HOSPITALITY MANAGEMENT,Diploma Programs,LOW,3,5,150,DIPLOMA PROGRAM IN HOSPITALITY MANAGEMENT
3199,REGION_VII,CEBU,"Cebu, District 6",CONSTRUCTION,HORIZONTAL CONSTRUCTION VERTICAL CONSTRUCTION INDUSTRIAL CONSTRUCTION," _x000D_
 	_x000D_
CARBON STEEL PLATE/ PIPE WELDER ",MANUAL METAL ARC WELDING (MMAW) NC I,With TR,HIGH,30,50,100,MANUAL METAL ARC WELDING (MMAW) NC I
3200,REGION_VII,CEBU,"Cebu, District 6",CONSTRUCTION,HORIZONTAL CONSTRUCTION VERTICAL CONSTRUCTION INDUSTRIAL CONSTRUCTION," _x000D_
 	_x000D_
CARBON STEEL PLATE/ PIPE WELDER ",MANUAL METAL ARC WELDING (MMAW) NC III,With TR,MEDIUM,10,15,30,MANUAL METAL ARC WELDING (MMAW) NC III
3201,REGION_VII,CEBU,"Cebu, District 6",CONSTRUCTION,HORIZONTAL CONSTRUCTION VERTICAL CONSTRUCTION INDUSTRIAL CONSTRUCTION," _x000D_
 	_x000D_
CARBON STEEL PLATE/ PIPE WELDER ",MANUAL METAL ARC WELDING (MMAW) NC IV,With TR,MEDIUM,10,15,30,MANUAL METAL ARC WELDING (MMAW) NC IV
3202,REGION_VII,CEBU,"Cebu, District 6",CONSTRUCTION,HORIZONTAL CONSTRUCTION VERTICAL CONSTRUCTION INDUSTRIAL CONSTRUCTION," _x000D_
 	_x000D_
GAS (OXY-ACETYLENE) WELDER",GAS WELDING NC II,With TR,MEDIUM,10,15,30,GAS WELDING NC II
3203,REGION_VII,CEBU,"Cebu, District 6",CONSTRUCTION,HORIZONTAL CONSTRUCTION VERTICAL CONSTRUCTION," _x000D_
 	_x000D_
TRUCK MOUNTED CRANE OPERATOR",HEAVY EQUIPMENT OPERATION (TRUCK MOUNTED CRANE) NC III,With TR,LOW,3,5,150,HEAVY EQUIPMENT OPERATION (TRUCK MOUNTED CRANE) NC III
3204,REGION_VII,CEBU,"Cebu, District 6",CONSTRUCTION,RESIDENTIAL CONSTRUCTION VERTICAL CONSTRUCTION HORIZONTAL CONTRUCTN,AIRCON INSTALLER (COMMERCIAL/ INDUSTRIAL),RAC SERVICING (DOMRAC) NC II,With TR,LOW,3,5,150,RAC SERVICING (DOMRAC) NC II
3205,REGION_VII,CEBU,"Cebu, District 6",CONSTRUCTION,RESIDENTIAL CONSTRUCTION VERTICAL CONSTRUCTION HORIZONTAL CONTRUCTN,AIRCON INSTALLER (COMMERCIAL/ INDUSTRIAL),RAC SERVICING (DOMRAC) NC II,With TR,LOW,3,5,150,RAC SERVICING (DOMRAC) NC II
3206,REGION_VII,CEBU,"Cebu, District 6",CONSTRUCTION,"VERTICAL CONSTRUCTION HORIZONTAL CONSTRUCTION RESIDENTIAL CONSTRUCTION
",AIRLESS PAINTER,CONSTRUCTION PAINTING NC II,With TR,LOW,3,5,150,CONSTRUCTION PAINTING NC II
3207,REGION_VII,CEBU,"Cebu, District 6",CONSTRUCTION,"VERTICAL CONSTRUCTION HORIZONTAL CONSTRUCTION RESIDENTIAL CONSTRUCTION
",AIRLESS PAINTER,CONSTRUCTION PAINTING NC II,With TR,LOW,3,5,150,CONSTRUCTION PAINTING NC II
3208,REGION_VII,CEBU,"Cebu, District 6",CONSTRUCTION,RESIDENTIAL CONSTRUCTION VERTICAL CONSTRUCTION,CARPENTRY (FINISHING & WOODWORKING),CARPENTRY NC II,With TR,MEDIUM,10,15,30,CARPENTRY NC II
3209,REGION_VII,CEBU,"Cebu, District 6",CONSTRUCTION,RESIDENTIAL CONSTRUCTION VERTICAL CONSTRUCTION,CARPENTRY (FINISHING & WOODWORKING),CARPENTRY NC II,With TR,MEDIUM,10,15,30,CARPENTRY NC II
3210,REGION_VII,CEBU,"Cebu, District 6",CONSTRUCTION,VERTICAL CONSTRUCTION INDUSTRIAL CONSTRUCTION RESIDENTIAL CONSTRUCTION HORIZONTAL CONSTRUCTION DIRECT WORKERS,CARPENTRY (FINISHING),CARPENTRY NC II,With TR,MEDIUM,10,15,30,CARPENTRY NC II
3211,REGION_VII,CEBU,"Cebu, District 6",CONSTRUCTION,VERTICAL CONSTRUCTION INDUSTRIAL CONSTRUCTION RESIDENTIAL CONSTRUCTION HORIZONTAL CONSTRUCTION DIRECT WORKERS,CARPENTRY (ROUGH),CARPENTRY NC II,With TR,MEDIUM,10,15,30,CARPENTRY NC II
3212,REGION_VII,CEBU,"Cebu, District 6",CONSTRUCTION,HORIZONTAL CONSTRUCTION VERTICAL CONSTRUCTION INDUSTRIAL CONSTRUCTION,CIVIL ENGINEERING ASSOCIATE,DIPLOMA PROGRAM IN CIVIL ENGINEERING TECHNOLOGY,Diploma Programs,LOW,3,5,150,DIPLOMA PROGRAM IN CIVIL ENGINEERING TECHNOLOGY
3213,REGION_VII,CEBU,"Cebu, District 6",CONSTRUCTION,EQUIPMENT OPERATORS AND MAINTENANCE DIRECT WORKERS       ,CONCRETE PUMP OPERATOR,NO CORRESPONDING TVET PROGRAM,New and Emerging,LOW,3,5,150,NO CORRESPONDING TVET PROGRAM
3214,REGION_VII,CEBU,"Cebu, District 6",CONSTRUCTION,RESIDENTIAL CONSTRUCTION VERTICAL CONSTRUCTION HORIZONTAL DIRECT WORKERS,CONSTRUCTION ASSISTANT (HOUSEKEEPING),NO CORRESPONDING TVET PROGRAM,New and Emerging,LOW,3,5,150,NO CORRESPONDING TVET PROGRAM
3215,REGION_VII,CEBU,"Cebu, District 6",CONSTRUCTION,RESIDENTIAL CONSTRUCTION VERTICAL CONSTRUCTION HORIZONTAL DIRECT WORKERS,CONSTRUCTION ASSISTANT (HOUSEKEEPING),NO CORRESPONDING TVET PROGRAM,New and Emerging,LOW,3,5,150,NO CORRESPONDING TVET PROGRAM
3216,REGION_VII,CEBU,"Cebu, District 6",CONSTRUCTION,"VERTICAL CONSTRUCTION HORIZONTAL CONSTRUCTION RESIDENTIAL CONSTRUCTION INDUSTRIAL CONSTRUCTION
",CONSTRUCTION PAINTER (APPLICATION),CONSTRUCTION PAINTING NC II,With TR,MEDIUM,10,15,30,CONSTRUCTION PAINTING NC II
3217,REGION_VII,CEBU,"Cebu, District 6",CONSTRUCTION,"VERTICAL CONSTRUCTION HORIZONTAL CONSTRUCTION RESIDENTIAL CONSTRUCTION INDUSTRIAL CONSTRUCTION
",CONSTRUCTION PAINTER (APPLICATION),CONSTRUCTION PAINTING NC II,With TR,MEDIUM,10,15,30,CONSTRUCTION PAINTING NC II
3218,REGION_VII,CEBU,"Cebu, District 6",CONSTRUCTION,"VERTICAL CONSTRUCTION HORIZONTAL CONSTRUCTION RESIDENTIAL CONSTRUCTION INDUSTRIAL CONSTRUCTION
","CONSTRUCTION PAINTER (REPAIR AND ARTISTIC APPLICATION, MIXING))",CONSTRUCTION PAINTING NC II,With TR,LOW,3,5,150,CONSTRUCTION PAINTING NC II
3219,REGION_VII,CEBU,"Cebu, District 6",CONSTRUCTION,"VERTICAL CONSTRUCTION HORIZONTAL CONSTRUCTION RESIDENTIAL CONSTRUCTION INDUSTRIAL CONSTRUCTION
","CONSTRUCTION PAINTER (REPAIR AND ARTISTIC APPLICATION, MIXING))",TILE SETTING NC II,With TR,LOW,3,5,150,TILE SETTING NC II
3220,REGION_VII,CEBU,"Cebu, District 6",CONSTRUCTION,HORIZONTAL CONSTRUCTION VERTICAL CONSTRUCTION INDUSTRIAL CONSTRUCTION,CONSTRUCTION SITE SUPERVISOR,CONSTRUCTION SITE SUPERVISION LEVEL IV,With CS,MEDIUM,10,15,30,CONSTRUCTION SITE SUPERVISION LEVEL IV
3221,REGION_VII,CEBU,"Cebu, District 6",CONSTRUCTION,HORIZONTAL CONSTRUCTION VERTICAL CONSTRUCTION INDUSTRIAL CONSTRUCTION,CONSTRUCTION TRADE SUPERVISOR,CONSTRUCTION TRADE SUPERVISION LEVEL IV,With CS,MEDIUM,10,15,30,CONSTRUCTION TRADE SUPERVISION LEVEL IV
3222,REGION_VII,CEBU,"Cebu, District 6",CONSTRUCTION,HORIZONTAL CONSTRUCTION VERTICAL CONSTRUCTION,CRAWLER CRANE OPERATOR,HEAVY EQUIPMENT OPERATION (CRAWLER CRANE) NC III,With TR,LOW,3,5,150,HEAVY EQUIPMENT OPERATION (CRAWLER CRANE) NC III
3223,REGION_VII,CEBU,"Cebu, District 6",CONSTRUCTION,RESIDENTIAL CONSTRUCTION VERTICAL CONSTRUCTION INDUSTRIAL,DRY WALL AND CEILING INSTALLER,CARPENTRY NC II,With TR,MEDIUM,10,15,30,CARPENTRY NC II
3224,REGION_VII,CEBU,"Cebu, District 6",CONSTRUCTION,"VERTICAL CONSTRUCTION HORIZONTAL CONSTRUCTION RESIDENTIAL CONSTRUCTION INDUSTRIAL CONSTRUCTION
",DRY WALL AND CEILING INSTALLER,CARPENTRY NC III,With TR,LOW,3,5,150,CARPENTRY NC III
3225,REGION_VII,CEBU,"Cebu, District 6",CONSTRUCTION,RESIDENTIAL CONSTRUCTION VERTICAL CONSTRUCTION INDUSTRIAL,DRY WALL AND CEILING INSTALLER,CARPENTRY NC II,With TR,MEDIUM,10,15,30,CARPENTRY NC II
3226,REGION_VII,CEBU,"Cebu, District 6",CONSTRUCTION,"VERTICAL CONSTRUCTION HORIZONTAL CONSTRUCTION RESIDENTIAL CONSTRUCTION INDUSTRIAL CONSTRUCTION
",DRY WALL AND CEILING INSTALLER,CARPENTRY NC III,With TR,LOW,3,5,150,CARPENTRY NC III
3227,REGION_VII,CEBU,"Cebu, District 6",CONSTRUCTION,"DIRECT WORKER EQUIPMENT OPERATORS AND MAINTENANCE VERTICAL CONSTRUCTION HORIZONTAL CONSTRUCTION RESIDENTIAL CONSTRUCTION
",DUMPTRUCK OPERATOR,HEAVY EQUIPMENT OPERATION (RIGID ON-HIGHWAY DUMP TRUCK) NC II,With TR,LOW,3,5,150,HEAVY EQUIPMENT OPERATION (RIGID ON-HIGHWAY DUMP TRUCK) NC II
3228,REGION_VII,CEBU,"Cebu, District 6",CONSTRUCTION,RESIDENTIAL CONSTRUCTION VERTICAL CONSTRUCTION HORIZONTAL CONTRUCTN,ELECTRICIAN (COMMERCIAL AND INDUSTRIAL BUILDING),ELECTRICAL INSTALLATION AND MAINTENANCE NC III,With TR,MEDIUM,10,15,30,ELECTRICAL INSTALLATION AND MAINTENANCE NC III
3229,REGION_VII,CEBU,"Cebu, District 6",CONSTRUCTION,RESIDENTIAL CONSTRUCTION VERTICAL CONSTRUCTION HORIZONTAL CONTRUCTN,ELECTRICIAN (COMMERCIAL AND INDUSTRIAL BUILDING),ELECTRICAL INSTALLATION AND MAINTENANCE NC III,With TR,MEDIUM,10,15,30,ELECTRICAL INSTALLATION AND MAINTENANCE NC III
3230,REGION_VII,CEBU,"Cebu, District 6",CONSTRUCTION,RESIDENTIAL CONSTRUCTION VERTICAL CONSTRUCTION HORIZONTAL CONTRUCTN,ELEVATOR INSTALLER,ELECTRICAL INSTALLATION AND MAINTENANCE NC III,With TR,LOW,3,5,150,ELECTRICAL INSTALLATION AND MAINTENANCE NC III
3231,REGION_VII,CEBU,"Cebu, District 6",CONSTRUCTION,RESIDENTIAL CONSTRUCTION VERTICAL CONSTRUCTION HORIZONTAL CONTRUCTN,ELEVATOR INSTALLER,ELECTRICAL INSTALLATION AND MAINTENANCE NC III,With TR,LOW,3,5,150,ELECTRICAL INSTALLATION AND MAINTENANCE NC III
3232,REGION_VII,CEBU,"Cebu, District 6",CONSTRUCTION,VERTICAL CONSTRUCTION HORIZONTAL CONTRUCTN,FDAS TECHNICIAN,ELECTRICAL INSTALLATION AND MAINTENANCE NC II,With TR,HIGH,30,50,100,ELECTRICAL INSTALLATION AND MAINTENANCE NC II
3233,REGION_VII,CEBU,"Cebu, District 6",CONSTRUCTION,HORIZONTAL CONSTRUCTION,FDAS TECHNICIAN ,ELECTRICAL INSTALLATION AND MAINTENANCE NC II,With TR,HIGH,30,50,100,ELECTRICAL INSTALLATION AND MAINTENANCE NC II
3234,REGION_VII,CEBU,"Cebu, District 6",CONSTRUCTION,VERTICAL CONSTRUCTION RESIDENTIAL CONSTRUCTION,FINISHING MASON,MASONRY NC III,With TR,LOW,3,5,150,MASONRY NC III
3235,REGION_VII,CEBU,"Cebu, District 6",CONSTRUCTION,HORIZONTAL CONSTRUCTION VERTICAL CONSTRUCTION,FORKLIFT OPERATOR,HEAVY EQUIPMENT OPERATION (FORKLIFT) NC II,With TR,LOW,3,5,150,HEAVY EQUIPMENT OPERATION (FORKLIFT) NC II
3236,REGION_VII,CEBU,"Cebu, District 6",CONSTRUCTION,"VERTICAL CONSTRUCTION HORIZONTAL CONSTRUCTION RESIDENTIAL CONSTRUCTION INDUSTRIAL CONSTRUCTION
",GLASS INSTALLER (GLAZING WORKS),NO CORRESPONDING TVET PROGRAM,New and Emerging,LOW,3,5,150,NO CORRESPONDING TVET PROGRAM
3237,REGION_VII,CEBU,"Cebu, District 6",CONSTRUCTION,"VERTICAL CONSTRUCTION HORIZONTAL CONSTRUCTION RESIDENTIAL CONSTRUCTION INDUSTRIAL CONSTRUCTION
",GLASS INSTALLER (GLAZING WORKS),NO CORRESPONDING TVET PROGRAM,New and Emerging,LOW,3,5,150,NO CORRESPONDING TVET PROGRAM
3238,REGION_VII,CEBU,"Cebu, District 6",CONSTRUCTION,"VERTICAL CONSTRUCTION HORIZONTAL CONSTRUCTION RESIDENTIAL CONSTRUCTION
DIRECTO WORKERS CORPORATE SUPPORT",HEO BACKHOE LOADER,HEAVY EQUIPMENT OPERATION (BACKHOE LOADER) NC II,With TR,LOW,3,5,150,HEAVY EQUIPMENT OPERATION (BACKHOE LOADER) NC II
3239,REGION_VII,CEBU,"Cebu, District 6",CONSTRUCTION,"VERTICAL CONSTRUCTION HORIZONTAL CONSTRUCTION RESIDENTIAL CONSTRUCTION
DIRECT WORKERS CORPORATE SUPPORT",HEO EXCAVATOR,HEAVY EQUIPMENT OPERATION (HYDRAULIC EXCAVATOR) NC II,With TR,LOW,3,5,150,HEAVY EQUIPMENT OPERATION (HYDRAULIC EXCAVATOR) NC II
3240,REGION_VII,CEBU,"Cebu, District 6",CONSTRUCTION,EQUIPMENT OPERATORS AND MAINTENANCE,HEO TOWER CRANE OPERATOR,HEAVY EQUIPMENT OPERATION (TOWER CRANE) NC III,With TR,LOW,3,5,150,HEAVY EQUIPMENT OPERATION (TOWER CRANE) NC III
3241,REGION_VII,CEBU,"Cebu, District 6",CONSTRUCTION,"VERTICAL CONSTRUCTION HORIZONTAL CONSTRUCTION RESIDENTIAL CONSTRUCTION INDUSTRIAL CONSTRUCTION
",LAMINATE INSTALLER,CARPENTRY NC II,With TR,MEDIUM,10,15,30,CARPENTRY NC II
3242,REGION_VII,CEBU,"Cebu, District 6",CONSTRUCTION,"VERTICAL CONSTRUCTION HORIZONTAL CONSTRUCTION RESIDENTIAL CONSTRUCTION INDUSTRIAL CONSTRUCTION
",LAMINATE INSTALLER,CARPENTRY NC II,With TR,MEDIUM,10,15,30,CARPENTRY NC II
3243,REGION_VII,CEBU,"Cebu, District 6",CONSTRUCTION,DIRECT WORKERS VERTICAL INDUSTRIAL HORIZONTAL ,MASONRY (FINISHING),MASONRY NC II,With TR,LOW,3,5,150,MASONRY NC II
3244,REGION_VII,CEBU,"Cebu, District 6",CONSTRUCTION,RESIDENTIAL CONSTRUCTION VERTICAL CONSTRUCTION,MASONRY (FINISHING),MASONRY NC I,With TR,LOW,3,5,150,MASONRY NC I
3245,REGION_VII,CEBU,"Cebu, District 6",CONSTRUCTION,RESIDENTIAL CONSTRUCTION VERTICAL CONSTRUCTION,MASONRY (FINISHING),MASONRY NC I,With TR,LOW,3,5,150,MASONRY NC I
3246,REGION_VII,CEBU,"Cebu, District 6",CONSTRUCTION,RESIDENTIAL CONSTRUCTION VERTICAL CONSTRUCTION,MASONRY (FINISHING),MASONRY NC I,With TR,LOW,3,5,150,MASONRY NC I
3247,REGION_VII,CEBU,"Cebu, District 6",CONSTRUCTION,DIRECT WORKERS VERTICAL INDUSTRIAL HORIZONTAL ,MASONRY (ROUGH CONCRETE),MASONRY NC I,With TR,LOW,3,5,150,MASONRY NC I
3248,REGION_VII,CEBU,"Cebu, District 6",CONSTRUCTION,"DIRECT WORKER EQUIPMENT OPERATORS AND MAINTENANCE VERTICAL CONSTRUCTION INDUSTRIAL CONSTRUCTION
",MOBILE CRANE OPERATOR,HEAVY EQUIPMENT OPERATION (ROUGH TERRAIN CRANE) NC III,With TR,LOW,3,5,150,HEAVY EQUIPMENT OPERATION (ROUGH TERRAIN CRANE) NC III
3249,REGION_VII,CEBU,"Cebu, District 6",CONSTRUCTION,"HORIZONTAL CONSTRUCTION
",MOTOR GRADER OPERATOR,HEAVY EQUIPMENT OPERATION (MOTOR GRADER) NC II,With TR,LOW,3,5,150,HEAVY EQUIPMENT OPERATION (MOTOR GRADER) NC II
3250,REGION_VII,CEBU,"Cebu, District 6",CONSTRUCTION,HORIZONTAL CONSTRUCTION VERTICAL CONSTRUCTION,OFF-HIGHWAY DUMP TRUCK (RIGID) OPERATOR,HEAVY EQUIPMENT OPERATION (RIGID OFF-HIGHWAY DUMP TRUCK) NC II,With TR,LOW,3,5,150,HEAVY EQUIPMENT OPERATION (RIGID OFF-HIGHWAY DUMP TRUCK) NC II
3251,REGION_VII,CEBU,"Cebu, District 6",CONSTRUCTION,RESIDENTIAL CONSTRUCTION VERTICAL CONSTRUCTION HORIZONTAL DIRECT WORKERS,PAINTER,CONSTRUCTION PAINTING NC II,With TR,MEDIUM,10,15,30,CONSTRUCTION PAINTING NC II
3252,REGION_VII,CEBU,"Cebu, District 6",CONSTRUCTION,RESIDENTIAL CONSTRUCTION VERTICAL CONSTRUCTION HORIZONTAL DIRECT WORKERS,PAINTER,CONSTRUCTION PAINTING NC II,With TR,MEDIUM,10,15,30,CONSTRUCTION PAINTING NC II
3253,REGION_VII,CEBU,"Cebu, District 6",CONSTRUCTION,HORIZONTAL CONSTRUCTION VERTICAL CONSTRUCTION,PAVER OPERATOR,HEAVY EQUIPMENT OPERATION (PAVER) NC II,With TR,LOW,3,5,150,HEAVY EQUIPMENT OPERATION (PAVER) NC II
3254,REGION_VII,CEBU,"Cebu, District 6",CONSTRUCTION,RESIDENTIAL CONSTRUCTION VERTICAL CONSTRUCTION HORIZONTAL CONTRUCTN,PIPEFITTER,PLUMBING NC III,With TR,LOW,3,5,150,PLUMBING NC III
3255,REGION_VII,CEBU,"Cebu, District 6",CONSTRUCTION,RESIDENTIAL CONSTRUCTION VERTICAL CONSTRUCTION HORIZONTAL CONTRUCTN,PIPEFITTER,PLUMBING NC III,With TR,LOW,3,5,150,PLUMBING NC III
3256,REGION_VII,CEBU,"Cebu, District 6",CONSTRUCTION,VERTICAL CONSTRUCTION HORIZONTAL CONTRUCTN,PIPEFITTER (FIRE PROTECTION SYSTEM),PIPEFITTING (METALLIC) NC II,With TR,LOW,3,5,150,PIPEFITTING (METALLIC) NC II
3257,REGION_VII,CEBU,"Cebu, District 6",CONSTRUCTION,RESIDENTIAL CONSTRUCTION VERTICAL CONSTRUCTION HORIZONTAL CONTRUCTN,PIPEFITTER (FIRE PROTECTION SYSTEM),PIPEFITTING (METALLIC) NC II,With TR,LOW,3,5,150,PIPEFITTING (METALLIC) NC II
3258,REGION_VII,CEBU,"Cebu, District 6",CONSTRUCTION,VERTICAL CONSTRUCTION HORIZONTAL CONTRUCTN,PIPEFITTER (PUMP EQUIPMENT),PIPEFITTING (METALLIC) NC II,With TR,LOW,3,5,150,PIPEFITTING (METALLIC) NC II
3259,REGION_VII,CEBU,"Cebu, District 6",CONSTRUCTION,RESIDENTIAL CONSTRUCTION VERTICAL CONSTRUCTION HORIZONTAL CONTRUCTN,PIPEFITTER (PUMP EQUIPMENT),PIPEFITTING (METALLIC) NC II,With TR,LOW,3,5,150,PIPEFITTING (METALLIC) NC II
3260,REGION_VII,CEBU,"Cebu, District 6",CONSTRUCTION,RESIDENTIAL CONSTRUCTION VERTICAL CONSTRUCTION HORIZONTAL CONTRUCTN,PLUMBER,PLUMBING NC II,With TR,LOW,3,5,150,PLUMBING NC II
3261,REGION_VII,CEBU,"Cebu, District 6",CONSTRUCTION,RESIDENTIAL CONSTRUCTION VERTICAL CONSTRUCTION HORIZONTAL CONTRUCTN,PLUMBER,PLUMBING NC II,With TR,LOW,3,5,150,PLUMBING NC II
3262,REGION_VII,CEBU,"Cebu, District 6",CONSTRUCTION,"DIRECT WORKER EQUIPMENT OPERATORS AND MAINTENANCE VERTICAL CONSTRUCTION INDUSTRIAL CONSTRUCTION
",RIGGER,RIGGING NC I,With TR,LOW,3,5,150,RIGGING NC I
3263,REGION_VII,CEBU,"Cebu, District 6",CONSTRUCTION,"HORIZONTAL CONSTRUCTION
DIRECT WORKERS",ROAD ROLLER OPERATOR,HEAVY EQUIPMENT OPERATION (ROAD ROLLER) NC II,With TR,LOW,3,5,150,HEAVY EQUIPMENT OPERATION (ROAD ROLLER) NC II
3264,REGION_VII,CEBU,"Cebu, District 6",CONSTRUCTION,RESIDENTIAL CONSTRUCTION VERTICAL CONSTRUCTION INDUSTRIAL,ROOF INSTALLER,NO CORRESPONDING TVET PROGRAM,New and Emerging,LOW,3,5,150,NO CORRESPONDING TVET PROGRAM
3265,REGION_VII,CEBU,"Cebu, District 6",CONSTRUCTION,RESIDENTIAL CONSTRUCTION VERTICAL CONSTRUCTION INDUSTRIAL,ROOF INSTALLER,NO CORRESPONDING TVET PROGRAM,New and Emerging,LOW,3,5,150,NO CORRESPONDING TVET PROGRAM
3266,REGION_VII,CEBU,"Cebu, District 6",CONSTRUCTION,VERTICAL INDUSTRIAL RESIDENTIAL DIRECT WORKS,SCAFFOLDER,SCAFFOLDING WORKS NC II (SUPPORTED TYPE SCAFFOLD),With TR,LOW,3,5,150,SCAFFOLDING WORKS NC II (SUPPORTED TYPE SCAFFOLD)
3267,REGION_VII,CEBU,"Cebu, District 6",CONSTRUCTION,RESIDENTIAL CONSTRUCTION VERTICAL CONSTRUCTION,SCAFFOLDER,NO CORRESPONDING TVET PROGRAM,New and Emerging,LOW,3,5,150,NO CORRESPONDING TVET PROGRAM
3268,REGION_VII,CEBU,"Cebu, District 6",CONSTRUCTION,RESIDENTIAL CONSTRUCTION VERTICAL CONSTRUCTION,SCAFFOLDER,NO CORRESPONDING TVET PROGRAM,New and Emerging,LOW,3,5,150,NO CORRESPONDING TVET PROGRAM
3269,REGION_VII,CEBU,"Cebu, District 6",CONSTRUCTION,VERTICAL INDUSTRIAL RESIDENTIAL PROJECT MANAGEMENT,"SCAFFOLDER (INSPECTION, QUALITY ASSURANCE)",NO CORRESPONDING TVET PROGRAM,New and Emerging,LOW,3,5,150,NO CORRESPONDING TVET PROGRAM
3270,REGION_VII,CEBU,"Cebu, District 6",CONSTRUCTION,RESIDENTIAL CONSTRUCTION VERTICAL CONSTRUCTION,"SCAFFOLDER (INSPECTION, QUALITY ASSURANCE)",SCAFFOLDING WORKS NC II (SUPPORTED TYPE SCAFFOLD),With TR,LOW,3,5,150,SCAFFOLDING WORKS NC II (SUPPORTED TYPE SCAFFOLD)
3271,REGION_VII,CEBU,"Cebu, District 6",CONSTRUCTION,RESIDENTIAL CONSTRUCTION VERTICAL CONSTRUCTION,"SCAFFOLDER (INSPECTION, QUALITY ASSURANCE)",SCAFFOLDING WORKS NC II (SUPPORTED TYPE SCAFFOLD),With TR,LOW,3,5,150,SCAFFOLDING WORKS NC II (SUPPORTED TYPE SCAFFOLD)
3272,REGION_VII,CEBU,"Cebu, District 6",CONSTRUCTION,RESIDENTIAL CONSTRUCTION VERTICAL CONSTRUCTION HORIZONTAL CONTRUCTN,SEALANT APPLICATOR,CONSTRUCTION PAINTING NC II,With TR,LOW,3,5,150,CONSTRUCTION PAINTING NC II
3273,REGION_VII,CEBU,"Cebu, District 6",CONSTRUCTION,RESIDENTIAL CONSTRUCTION VERTICAL CONSTRUCTION HORIZONTAL CONTRUCTN,SEALANT APPLICATOR,CONSTRUCTION PAINTING NC II,With TR,LOW,3,5,150,CONSTRUCTION PAINTING NC II
3274,REGION_VII,CEBU,"Cebu, District 6",CONSTRUCTION,HORIZONTAL CONSTRUCTION VERTICAL CONSTRUCTION INDUSTRIAL CONSTRUCTION,SENIOR PAINTER,CONSTRUCTION PAINTING NC III,With TR,LOW,3,5,150,CONSTRUCTION PAINTING NC III
3275,REGION_VII,CEBU,"Cebu, District 6",CONSTRUCTION,VERTICAL CONSTRUCTION RESIDENTIAL CONSTRUCTION,SPECIALIZED CARPENTER,CARPENTRY NC III,With TR,LOW,3,5,150,CARPENTRY NC III
3276,REGION_VII,CEBU,"Cebu, District 6",CONSTRUCTION,"VERTICAL CONSTRUCTION HORIZONTAL CONSTRUCTION RESIDENTIAL CONSTRUCTION
",STEELMAN,REINFORCING STEEL WORKS NC II,With TR,LOW,3,5,150,REINFORCING STEEL WORKS NC II
3277,REGION_VII,CEBU,"Cebu, District 6",CONSTRUCTION,VERTICAL CONSTRUCTION HORIZONTAL CONSTRUCTION RESIDENTIAL CONSTRUCTION,SURVEY ASSISTANT,NO CORRESPONDING TVET PROGRAM,New and Emerging,LOW,3,5,150,NO CORRESPONDING TVET PROGRAM
3278,REGION_VII,CEBU,"Cebu, District 6",CONSTRUCTION,"VERTICAL CONSTRUCTION HORIZONTAL CONSTRUCTION RESIDENTIAL CONSTRUCTION
",SYSTEM FORWORKS INSTALLER,SYSTEM FORMWORKS INSTALLATION NC II,With TR,LOW,3,5,150,SYSTEM FORMWORKS INSTALLATION NC II
3279,REGION_VII,CEBU,"Cebu, District 6",CONSTRUCTION,HORIZONTAL CONSTRUCTION VERTICAL CONSTRUCTION INDUSTRIAL CONSTRUCTION,TIG PLATE WELDER,GAS TUNGSTEN ARC WELDING (GTAW) NC IV,With TR,MEDIUM,10,15,30,GAS TUNGSTEN ARC WELDING (GTAW) NC IV
3280,REGION_VII,CEBU,"Cebu, District 6",CONSTRUCTION,"VERTICAL CONSTRUCTION HORIZONTAL CONSTRUCTION RESIDENTIAL CONSTRUCTION INDUSTRIAL CONSTRUCTION
",TILE SETTING,TILE SETTING NC II,With TR,LOW,3,5,150,TILE SETTING NC II
3281,REGION_VII,CEBU,"Cebu, District 6",CONSTRUCTION,"VERTICAL CONSTRUCTION HORIZONTAL CONSTRUCTION RESIDENTIAL CONSTRUCTION INDUSTRIAL CONSTRUCTION
",TILE SETTING,TILE SETTING NC II,With TR,LOW,3,5,150,TILE SETTING NC II
3282,REGION_VII,CEBU,"Cebu, District 6",CONSTRUCTION,"DIRECT WORKER EQUIPMENT OPERATORS AND MAINTENANCE VERTICAL CONSTRUCTION INDUSTRIAL CONSTRUCTION
",TOWER CRANE OPERATOR,HEAVY EQUIPMENT OPERATION (TOWER CRANE) NC III,With TR,LOW,3,5,150,HEAVY EQUIPMENT OPERATION (TOWER CRANE) NC III
3283,REGION_VII,CEBU,"Cebu, District 6",CONSTRUCTION,VERTICAL INDUSTRIAL RESIDENTIAL DIRECT WORKS EQUIPMENT OPERATORS AND MAINTENANCE DIRECT WORKERS       ,TRANSIT MIXER,HEAVY EQUIPMENT OPERATION (TRANSIT MIXER) NC II,With TR,LOW,3,5,150,HEAVY EQUIPMENT OPERATION (TRANSIT MIXER) NC II
3284,REGION_VII,CEBU,"Cebu, District 6",CONSTRUCTION,HORIZONTAL CONSTRUCTION VERTICAL CONSTRUCTION INDUSTRIAL CONSTRUCTION,WAREHOUSEMAN (EXTERNAL),WAREHOUSING SERVICES NC II,With TR,LOW,3,5,150,WAREHOUSING SERVICES NC II
3285,REGION_VII,CEBU,"Cebu, District 6",CONSTRUCTION,HORIZONTAL CONSTRUCTION VERTICAL CONSTRUCTION INDUSTRIAL CONSTRUCTION,WAREHOUSEMAN (INTERNAL),WAREHOUSING SERVICES NC II,With TR,LOW,3,5,150,WAREHOUSING SERVICES NC II
3286,REGION_VII,CEBU,"Cebu, District 6",CONSTRUCTION,RESIDENTIAL CONSTRUCTION VERTICAL CONSTRUCTION,WATERPROOFER (SLABS),NO CORRESPONDING TVET PROGRAM,New and Emerging,LOW,3,5,150,NO CORRESPONDING TVET PROGRAM
3287,REGION_VII,CEBU,"Cebu, District 6",CONSTRUCTION,RESIDENTIAL CONSTRUCTION VERTICAL CONSTRUCTION,WATERPROOFER (SLABS),NO CORRESPONDING TVET PROGRAM,New and Emerging,LOW,3,5,150,NO CORRESPONDING TVET PROGRAM
3288,REGION_VII,CEBU,"Cebu, District 6",CONSTRUCTION,VERTICAL HORIZONTAL,WATERPROOFER (VERTICAL WALLS),CONSTRUCTION PAINTING NC II,With TR,LOW,3,5,150,CONSTRUCTION PAINTING NC II
3289,REGION_VII,CEBU,"Cebu, District 6",CONSTRUCTION,VERTICAL HORIZONTAL,WATERPROOFER (VERTICAL WALLS),CONSTRUCTION PAINTING NC II,With TR,LOW,3,5,150,CONSTRUCTION PAINTING NC II
3290,REGION_VII,CEBU,"Cebu, District 6",CONSTRUCTION,"VERTICAL CONSTRUCTION HORIZONTAL CONSTRUCTION INDUSTRIAL CONSTRUCTION
",WELDER (GAS),GAS WELDING NC I,With TR,MEDIUM,10,15,30,GAS WELDING NC I
3291,REGION_VII,CEBU,"Cebu, District 6",CONSTRUCTION,"VERTICAL CONSTRUCTION HORIZONTAL CONSTRUCTION INDUSTRIAL CONSTRUCTION
",WELDER (GAS),GAS WELDING NC II,With TR,MEDIUM,10,15,30,GAS WELDING NC II
3292,REGION_VII,CEBU,"Cebu, District 6",CONSTRUCTION,VERTICAL CONSTRUCTION HORIZONTAL CONTRUCTN,WELDER (SMAW),MANUAL METAL ARC WELDING (MMAW) NC II,With TR,HIGH,30,50,100,MANUAL METAL ARC WELDING (MMAW) NC II
3293,REGION_VII,CEBU,"Cebu, District 6",CONSTRUCTION,VERTICAL CONSTRUCTION HORIZONTAL CONTRUCTN,WELDER (SMAW),MANUAL METAL ARC WELDING (MMAW) NC II,With TR,HIGH,30,50,100,MANUAL METAL ARC WELDING (MMAW) NC II
3294,REGION_VII,CEBU,"Cebu, District 6",CONSTRUCTION,VERTICAL INDUSTRIAL RESIDENTIAL DIRECT WORKS,WELDER (STRUCTURAL),FLUX-CORED ARC WELDING (FCAW) NC II,With TR,LOW,3,5,150,FLUX-CORED ARC WELDING (FCAW) NC II
3295,REGION_VII,CEBU,"Cebu, District 6",CONSTRUCTION,VERTICAL INDUSTRIAL RESIDENTIAL DIRECT WORKS,WELDER (STRUCTURAL),GAS TUNGSTEN ARC WELDING (GTAW) NC II,With TR,HIGH,30,50,100,GAS TUNGSTEN ARC WELDING (GTAW) NC II
3296,REGION_VII,CEBU,"Cebu, District 6",CONSTRUCTION,VERTICAL INDUSTRIAL RESIDENTIAL DIRECT WORKS,WELDER (STRUCTURAL),MANUAL METAL ARC WELDING (MMAW) NC II,With TR,HIGH,30,50,100,MANUAL METAL ARC WELDING (MMAW) NC II
3297,REGION_VII,CEBU,"Cebu, District 6",CONSTRUCTION,HORIZONTAL CONSTRUCTION VERTICAL CONSTRUCTION,WHEEL LOADER OPERATOR,HEAVY EQUIPMENT OPERATION (WHEEL LOADER) NC II,With TR,LOW,3,5,150,HEAVY EQUIPMENT OPERATION (WHEEL LOADER) NC II
3404,REGION_VII,CEBU,"Cebu, District 6",MANUFACTURING,METALS AND ENGINEERING,"
GTAW/TIG WELDER",GAS TUNGSTEN ARC WELDING (GTAW) NC II,With TR,HIGH,30,50,100,GAS TUNGSTEN ARC WELDING (GTAW) NC II
3405,REGION_VII,CEBU,"Cebu, District 6",MANUFACTURING,METALS AND ENGINEERING," _x000D_
 	_x000D_
PIPE WELDER (SAW)",SUBMERGED ARC WELDING (SAW) NC II,With TR,LOW,3,5,150,SUBMERGED ARC WELDING (SAW) NC II
3406,REGION_VII,CEBU,"Cebu, District 6",MANUFACTURING,AUTOMOTIVE AND LAND TRANSPORTATION PRODUCTION (OEM) ASSEMBLY,AUTO ELECTRICIAN,AUTOMOTIVE ELECTRICAL ASSEMBLY NC II,With TR,LOW,3,5,150,AUTOMOTIVE ELECTRICAL ASSEMBLY NC II
3407,REGION_VII,CEBU,"Cebu, District 6",MANUFACTURING,PROCESSED FOOD AND BEVERAGES,BAKER,FOOD PRODUCTION (BREAD AND PATISSERIE) NC II,With TR,HIGH,30,50,100,FOOD PRODUCTION (BREAD AND PATISSERIE) NC II
3408,REGION_VII,CEBU,"Cebu, District 6",MANUFACTURING,ELECTRICAL AND ELECTRONICS,CALIBRATION TECHNICIAN,INSTRUMENTATION AND CONTROL SERVICING NC II,With TR,HIGH,30,50,100,INSTRUMENTATION AND CONTROL SERVICING NC II
3409,REGION_VII,CEBU,"Cebu, District 6",MANUFACTURING,METALS AND ENGINEERING,CARBON STEEL PLATE/ PIPE WELDER (MMAW),MANUAL METAL ARC WELDING (MMAW) NC I,With TR,LOW,3,5,150,MANUAL METAL ARC WELDING (MMAW) NC I
3410,REGION_VII,CEBU,"Cebu, District 6",MANUFACTURING,METALS AND ENGINEERING,CARBON STEEL PLATE/ PIPE WELDER (MMAW),MANUAL METAL ARC WELDING (MMAW) NC III,With TR,LOW,3,5,150,MANUAL METAL ARC WELDING (MMAW) NC III
3411,REGION_VII,CEBU,"Cebu, District 6",MANUFACTURING,METALS AND ENGINEERING,CARBON STEEL PLATE/ PIPE WELDER (MMAW),MANUAL METAL ARC WELDING (MMAW) NC IV,With TR,LOW,3,5,150,MANUAL METAL ARC WELDING (MMAW) NC IV
3412,REGION_VII,CEBU,"Cebu, District 6",MANUFACTURING,FURNITURE AND FIXTURES,CARPENTER,CARPENTRY NC II,With TR,HIGH,30,50,100,CARPENTRY NC II
3413,REGION_VII,CEBU,"Cebu, District 6",MANUFACTURING,PROCESSED FOOD AND BEVERAGES,CULINARY,COOKERY NC II,With TR,HIGH,30,50,100,COOKERY NC II
3414,REGION_VII,CEBU,"Cebu, District 6",MANUFACTURING,ELECTRICAL AND ELECTRONICS,DATABASE ADMINISTRATOR,PROGRAMMING (ORACLE DATABASE) NC III,With TR,LOW,3,5,150,PROGRAMMING (ORACLE DATABASE) NC III
3415,REGION_VII,CEBU,"Cebu, District 6",MANUFACTURING,ELECTRICAL AND ELECTRONICS,ELECTRICAL LEADMAN,ELECTRICAL INSTALLATION AND MAINTENANCE NC III,With TR,LOW,3,5,150,ELECTRICAL INSTALLATION AND MAINTENANCE NC III
3416,REGION_VII,CEBU,"Cebu, District 6",MANUFACTURING,ELECTRICAL AND ELECTRONICS,ELECTRICIAN,AUTOMOTIVE ELECTRICAL ASSEMBLY NC II,With TR,LOW,3,5,150,AUTOMOTIVE ELECTRICAL ASSEMBLY NC II
3417,REGION_VII,CEBU,"Cebu, District 6",MANUFACTURING,METALS AND ENGINEERING,FCAW PLATE WELDER (ALLOY STEEL),FLUX-CORED ARC WELDING (FCAW) NC III,With TR,LOW,3,5,150,FLUX-CORED ARC WELDING (FCAW) NC III
3418,REGION_VII,CEBU,"Cebu, District 6",MANUFACTURING,PROCESSED FOOD AND BEVERAGES,FURNITURE CARPENTER,CARPENTRY NC III,With TR,LOW,3,5,150,CARPENTRY NC III
3419,REGION_VII,CEBU,"Cebu, District 6",MANUFACTURING,GAME DEVELOPMENT SERVICES,GAME PROGRAMMER,GAME PROGRAMMING NC III,With TR,LOW,3,5,150,GAME PROGRAMMING NC III
3420,REGION_VII,CEBU,"Cebu, District 6",MANUFACTURING,GARMENTS,GARMENT SEWER,DRESSMAKING NC II,With TR,HIGH,30,50,100,DRESSMAKING NC II
3421,REGION_VII,CEBU,"Cebu, District 6",MANUFACTURING,METALS AND ENGINEERING,GAS (OXY-ACETYLENE) WELDER,GAS WELDING NC I,With TR,LOW,3,5,150,GAS WELDING NC I
3422,REGION_VII,CEBU,"Cebu, District 6",MANUFACTURING,METALS AND ENGINEERING,GAS WELDER (OXY-ACETYLENE),GAS WELDING NC II,With TR,LOW,3,5,150,GAS WELDING NC II
3423,REGION_VII,CEBU,"Cebu, District 6",MANUFACTURING,METALS AND ENGINEERING,GMAW WELDER (ALLOY STEEL),GAS METAL ARC WELDING (GMAW) NC III,With TR,LOW,3,5,150,GAS METAL ARC WELDING (GMAW) NC III
3424,REGION_VII,CEBU,"Cebu, District 6",MANUFACTURING,METALS AND ENGINEERING,GTAW OR TIG PIPE WELDER (ALLOY STEEL),GAS TUNGSTEN ARC WELDING (GTAW) NC IV,With TR,LOW,3,5,150,GAS TUNGSTEN ARC WELDING (GTAW) NC IV
3425,REGION_VII,CEBU,"Cebu, District 6",MANUFACTURING,GARMENTS,INDUSTRIAL SEWING MACHINE OPERATORS,NO CORRESPONDING TVET PROGRAM,New and Emerging,LOW,3,5,150,NO CORRESPONDING TVET PROGRAM
3426,REGION_VII,CEBU,"Cebu, District 6",MANUFACTURING,ELECTRICAL AND ELECTRONICS,INSTRUMENT TECHNICIAN 2,INSTRUMENTATION AND CONTROL SERVICING NC III,With TR,LOW,3,5,150,INSTRUMENTATION AND CONTROL SERVICING NC III
3427,REGION_VII,CEBU,"Cebu, District 6",MANUFACTURING,ELECTRICAL AND ELECTRONICS,INSTRUMENT TECHNICIAN 3,INSTRUMENTATION AND CONTROL SERVICING NC IV,With TR,LOW,3,5,150,INSTRUMENTATION AND CONTROL SERVICING NC IV
3428,REGION_VII,CEBU,"Cebu, District 6",MANUFACTURING,ELECTRICAL AND ELECTRONICS,INTEGRATION SPECIALIST,PROGRAMMING (.NET TECHNOLOGY) NC III,With TR,LOW,3,5,150,PROGRAMMING (.NET TECHNOLOGY) NC III
3429,REGION_VII,CEBU,"Cebu, District 6",MANUFACTURING,PROCESSED FOOD AND BEVERAGES,KITCHEN SUPERVISOR,FOOD PRODUCTION (PROFESSIONAL COOKERY) NC III,With TR,LOW,3,5,150,FOOD PRODUCTION (PROFESSIONAL COOKERY) NC III
3430,REGION_VII,CEBU,"Cebu, District 6",MANUFACTURING,METALS AND ENGINEERING,MACHINIST,MACHINING NC II,With TR,MEDIUM,10,15,30,MACHINING NC II
3431,REGION_VII,CEBU,"Cebu, District 6",MANUFACTURING,METALS AND ENGINEERING,MACHINIST,MACHINING NC I,With TR,MEDIUM,10,15,30,MACHINING NC I
3432,REGION_VII,CEBU,"Cebu, District 6",MANUFACTURING,ELECTRICAL AND ELECTRONICS,MAINTENANCE ELECTRICIAN,ELECTRICAL INSTALLATION AND MAINTENANCE NC II,With TR,HIGH,30,50,100,ELECTRICAL INSTALLATION AND MAINTENANCE NC II
3433,REGION_VII,CEBU,"Cebu, District 6",MANUFACTURING,ELECTRICAL AND ELECTRONICS,MANUFACTURING SYSTEMS DEVELOPER,PROGRAMMING (JAVA) NC III,With TR,LOW,3,5,150,PROGRAMMING (JAVA) NC III
3434,REGION_VII,CEBU,"Cebu, District 6",MANUFACTURING,CONSTRUCTION,MASON,MASONRY NC I,With TR,HIGH,30,50,100,MASONRY NC I
3435,REGION_VII,CEBU,"Cebu, District 6",MANUFACTURING,METALS AND ENGINEERING,MILLWRIGHT,NO CORRESPONDING TVET PROGRAM,New and Emerging,LOW,3,5,150,NO CORRESPONDING TVET PROGRAM
3436,REGION_VII,CEBU,"Cebu, District 6",MANUFACTURING,METALS AND ENGINEERING,MILLWRIGHT FITTER,NO CORRESPONDING TVET PROGRAM,New and Emerging,LOW,3,5,150,NO CORRESPONDING TVET PROGRAM
3437,REGION_VII,CEBU,"Cebu, District 6",MANUFACTURING,ELECTRICAL AND ELECTRONICS,PCB DESIGN TECHNICIAN,ELECTRONIC PRODUCTS ASSEMBLY AND SERVICING NC II,With TR,HIGH,30,50,100,ELECTRONIC PRODUCTS ASSEMBLY AND SERVICING NC II
3438,REGION_VII,CEBU,"Cebu, District 6",MANUFACTURING,METALS AND ENGINEERING,PIPE FITTER,PIPEFITTING (METALLIC) NC II,With TR,LOW,3,5,150,PIPEFITTING (METALLIC) NC II
3439,REGION_VII,CEBU,"Cebu, District 6",MANUFACTURING,METALS AND ENGINEERING,PIPE FITTER,PIPEFITTING (METALLIC) NC II,With TR,LOW,3,5,150,PIPEFITTING (METALLIC) NC II
3440,REGION_VII,CEBU,"Cebu, District 6",MANUFACTURING,METALS AND ENGINEERING,PIPE WELDER (GMAW),GAS METAL ARC WELDING (GMAW) NC II,With TR,HIGH,30,50,100,GAS METAL ARC WELDING (GMAW) NC II
3441,REGION_VII,CEBU,"Cebu, District 6",MANUFACTURING,METALS AND ENGINEERING,PLATE WELDER (FCAW),FLUX-CORED ARC WELDING (FCAW) NC I,With TR,LOW,3,5,150,FLUX-CORED ARC WELDING (FCAW) NC I
3442,REGION_VII,CEBU,"Cebu, District 6",MANUFACTURING,METALS AND ENGINEERING,PLATE WELDER (GMAW),GAS METAL ARC WELDING (GMAW) NC I,With TR,LOW,3,5,150,GAS METAL ARC WELDING (GMAW) NC I
3443,REGION_VII,CEBU,"Cebu, District 6",MANUFACTURING,METALS AND ENGINEERING,PLATE WELDER (SAW),SUBMERGED ARC WELDING (SAW) NC I,With TR,LOW,3,5,150,SUBMERGED ARC WELDING (SAW) NC I
3444,REGION_VII,CEBU,"Cebu, District 6",MANUFACTURING,METALS AND ENGINEERING,PRECISION GRINDING MACHINE OPERATOR,MACHINING NC III,With TR,LOW,3,5,150,MACHINING NC III
3445,REGION_VII,CEBU,"Cebu, District 6",MANUFACTURING,"HEATING, VENTILATION, AIRCONDITIONING AND REFRIGERATION",RAC TECHNICIAN/ INSTALLERS,RAC SERVICING (DOMRAC) NC II,With TR,MEDIUM,10,15,30,RAC SERVICING (DOMRAC) NC II
3446,REGION_VII,CEBU,"Cebu, District 6",MANUFACTURING,"HEATING, VENTILATION, AIRCONDITIONING AND REFRIGERATION",RAC TECHNICIAN/ INSTALLERS,COMMERCIAL AIR-CONDITIONING INSTALLATION AND SERVICING NC III,With TR,MEDIUM,10,15,30,COMMERCIAL AIR-CONDITIONING INSTALLATION AND SERVICING NC III
3447,REGION_VII,CEBU,"Cebu, District 6",MANUFACTURING,ELECTRICAL AND ELECTRONICS,"SOLDERING, MICROSCOPE OPERATION",ELECTRONIC PRODUCTS ASSEMBLY AND SERVICING NC II,With TR,HIGH,30,50,100,ELECTRONIC PRODUCTS ASSEMBLY AND SERVICING NC II
3448,REGION_VII,CEBU,"Cebu, District 6",MANUFACTURING,PROCESSED FOOD AND BEVERAGES,SOUS CHEF,FOOD PRODUCTION (PROFESSIONAL COOKERY) NC IV,With TR,LOW,3,5,150,FOOD PRODUCTION (PROFESSIONAL COOKERY) NC IV
3449,REGION_VII,CEBU,"Cebu, District 6",MANUFACTURING,ELECTRICAL AND ELECTRONICS,SUPERVISING TECHNICIAN,ELECTRICAL INSTALLATION AND MAINTENANCE NC IV,With TR,LOW,3,5,150,ELECTRICAL INSTALLATION AND MAINTENANCE NC IV
3450,REGION_VII,CEBU,"Cebu, District 6",MANUFACTURING,GARMENTS,TAILOR,TAILORING NC II,With TR,MEDIUM,10,15,30,TAILORING NC II
3451,REGION_VII,CEBU,"Cebu, District 6",MANUFACTURING,METALS AND ENGINEERING,WELDER,MANUAL METAL ARC WELDING (MMAW) NC II,With TR,LOW,3,5,150,MANUAL METAL ARC WELDING (MMAW) NC II
3452,REGION_VII,CEBU,"Cebu, District 6",MANUFACTURING,METALS AND ENGINEERING,WELDERS (SMAW),MANUAL METAL ARC WELDING (MMAW) NC II,With TR,LOW,3,5,150,MANUAL METAL ARC WELDING (MMAW) NC II
3480,REGION_VII,CEBU,"Cebu, District 6",TOURISM (HOTEL AND RESTAURANT),ACCOMMODATION,AUTO TECHNICIANS,AUTOMOTIVE SERVICING NC I,With TR,MEDIUM,10,15,30,AUTOMOTIVE SERVICING NC I
3481,REGION_VII,CEBU,"Cebu, District 6",TOURISM (HOTEL AND RESTAURANT),FOOD AND BEVERAGES,BARISTA,BARISTA NC II,With TR,HIGH,30,50,100,BARISTA NC II
3482,REGION_VII,CEBU,"Cebu, District 6",TOURISM (HOTEL AND RESTAURANT),FOOD AND BEVERAGES,BARTENDING,BARTENDING NC II,With TR,HIGH,30,50,100,BARTENDING NC II
3483,REGION_VII,CEBU,"Cebu, District 6",TOURISM (HOTEL AND RESTAURANT),ACCOMMODATION,BELL MAN,FRONT OFFICE SERVICES NC II,With TR,HIGH,30,50,100,FRONT OFFICE SERVICES NC II
3484,REGION_VII,CEBU,"Cebu, District 6",TOURISM (HOTEL AND RESTAURANT),ACCOMMODATION,BOILER TECHNICIANS,NO CORRESPONDING TVET PROGRAM,New and Emerging,LOW,3,5,150,NO CORRESPONDING TVET PROGRAM
3485,REGION_VII,CEBU,"Cebu, District 6",TOURISM (HOTEL AND RESTAURANT),FOOD AND BEVERAGES,BREAD AND PASTRIES ,FOOD AND BEVERAGE SERVICES NC II,With TR,HIGH,30,50,100,FOOD AND BEVERAGE SERVICES NC II
3486,REGION_VII,CEBU,"Cebu, District 6",TOURISM (HOTEL AND RESTAURANT),ACCOMMODATION,BUSINESS CLERK,FRONT OFFICE SERVICES NC II,With TR,HIGH,30,50,100,FRONT OFFICE SERVICES NC II
3487,REGION_VII,CEBU,"Cebu, District 6",TOURISM (HOTEL AND RESTAURANT),FOOD AND BEVERAGES,CAKE MAKING,TOURISM PROMOTION SERVICES NC II,With TR,MEDIUM,10,15,30,TOURISM PROMOTION SERVICES NC II
3488,REGION_VII,CEBU,"Cebu, District 6",TOURISM (HOTEL AND RESTAURANT),ACCOMMODATION,CONCIERGE,FRONT OFFICE SERVICES NC II,With TR,HIGH,30,50,100,FRONT OFFICE SERVICES NC II
3489,REGION_VII,CEBU,"Cebu, District 6",TOURISM (HOTEL AND RESTAURANT),FOOD AND BEVERAGES,"COOK OR COMMIS, ASSISTANT COOK",FOOD PRODUCTION (BREAD AND PATISSERIE) NC II,With TR,HIGH,30,50,100,FOOD PRODUCTION (BREAD AND PATISSERIE) NC II
3490,REGION_VII,CEBU,"Cebu, District 6",TOURISM (HOTEL AND RESTAURANT),ACCOMMODATION,CUSTOMER SERVICE,HOUSEKEEPING NC II,With TR,HIGH,30,50,100,HOUSEKEEPING NC II
3491,REGION_VII,CEBU,"Cebu, District 6",TOURISM (HOTEL AND RESTAURANT),ACCOMMODATION,DOOR MAN,FRONT OFFICE SERVICES NC II,With TR,HIGH,30,50,100,FRONT OFFICE SERVICES NC II
3492,REGION_VII,CEBU,"Cebu, District 6",TOURISM (HOTEL AND RESTAURANT),FOOD AND BEVERAGES,FOOD SAFETY MANAGEMENT,NO CORRESPONDING TVET PROGRAM,New and Emerging,LOW,3,5,150,NO CORRESPONDING TVET PROGRAM
3493,REGION_VII,CEBU,"Cebu, District 6",TOURISM (HOTEL AND RESTAURANT),FOOD AND BEVERAGES,FRONT DESK /FRONT LINERS,FOOD AND BEVERAGE SERVICES NC II,With TR,HIGH,30,50,100,FOOD AND BEVERAGE SERVICES NC II
3494,REGION_VII,CEBU,"Cebu, District 6",TOURISM (HOTEL AND RESTAURANT),ACCOMMODATION,FRONT OFFICE MANAGER,FRONT OFFICE SERVICES NC II,With TR,HIGH,30,50,100,FRONT OFFICE SERVICES NC II
3495,REGION_VII,CEBU,"Cebu, District 6",TOURISM (HOTEL AND RESTAURANT),ACCOMMODATION,GUEST RELATION OFFICER,FRONT OFFICE SERVICES NC II,With TR,HIGH,30,50,100,FRONT OFFICE SERVICES NC II
3496,REGION_VII,CEBU,"Cebu, District 6",TOURISM (HOTEL AND RESTAURANT),ACCOMMODATION,HANDYMAN,NO CORRESPONDING TVET PROGRAM,New and Emerging,LOW,3,5,150,NO CORRESPONDING TVET PROGRAM
3497,REGION_VII,CEBU,"Cebu, District 6",TOURISM (HOTEL AND RESTAURANT),ACCOMMODATION,HOUSEKEEPER / SECTION HEAD,FRONT OFFICE SERVICES NC II,With TR,HIGH,30,50,100,FRONT OFFICE SERVICES NC II
3498,REGION_VII,CEBU,"Cebu, District 6",TOURISM (HOTEL AND RESTAURANT),FOOD AND BEVERAGES,KITCHEN MECHANICS,COOKERY NC II,With TR,HIGH,30,50,100,COOKERY NC II
3499,REGION_VII,CEBU,"Cebu, District 6",TOURISM (HOTEL AND RESTAURANT),FOOD AND BEVERAGES,"KITCHEN SUPERVISOR, HEAD CHEF, BANQUET HEAD COOK/CHEF",FOOD PRODUCTION (PROFESSIONAL COOKERY) NC III,With TR,LOW,3,5,150,FOOD PRODUCTION (PROFESSIONAL COOKERY) NC III
3500,REGION_VII,CEBU,"Cebu, District 6",TOURISM (HOTEL AND RESTAURANT),ACCOMMODATION,LAUNDRY TECHNICIANS,HOUSEKEEPING NC II,With TR,HIGH,30,50,100,HOUSEKEEPING NC II
3501,REGION_VII,CEBU,"Cebu, District 6",TOURISM (HOTEL AND RESTAURANT),ACCOMMODATION,LINEN ATTENDANT,HOUSEKEEPING NC II,With TR,HIGH,30,50,100,HOUSEKEEPING NC II
3502,REGION_VII,CEBU,"Cebu, District 6",TOURISM (HOTEL AND RESTAURANT),ACCOMMODATION,RESERVATION CLERK,FRONT OFFICE SERVICES NC II,With TR,HIGH,30,50,100,FRONT OFFICE SERVICES NC II
3503,REGION_VII,CEBU,"Cebu, District 6",TOURISM (HOTEL AND RESTAURANT),ACCOMMODATION,ROOM ATTENDANT/ HOUSEKEEPING SPECIALIST,HOUSEKEEPING NC II,With TR,HIGH,30,50,100,HOUSEKEEPING NC II
3504,REGION_VII,CEBU,"Cebu, District 6",TOURISM (HOTEL AND RESTAURANT),FOOD AND BEVERAGES,SERVICE ATTENDANTS ,CUSTOMER SERVICES NC II,With TR,LOW,3,5,150,CUSTOMER SERVICES NC II
3505,REGION_VII,CEBU,"Cebu, District 6",TOURISM (HOTEL AND RESTAURANT),FOOD AND BEVERAGES,SERVICE CREW / FOOD ATTENDANTS / FB PRODUCTION / WAITER / WAITRESS,COOKERY NC II,With TR,HIGH,30,50,100,COOKERY NC II
3506,REGION_VII,CEBU,"Cebu, District 6",TOURISM (HOTEL AND RESTAURANT),FOOD AND BEVERAGES,"SOUS CHEF, EXECUTIVE SOUS CHEF",FOOD PRODUCTION (PROFESSIONAL COOKERY) NC IV,With TR,LOW,3,5,150,FOOD PRODUCTION (PROFESSIONAL COOKERY) NC IV
3507,REGION_VII,CEBU,"Cebu, District 6",TOURISM (HOTEL AND RESTAURANT),ACCOMMODATION,STEWARDS ,FRONT OFFICE SERVICES NC II,With TR,HIGH,30,50,100,FRONT OFFICE SERVICES NC II
3508,REGION_VII,CEBU,"Cebu, District 6",TOURISM (HOTEL AND RESTAURANT),ACCOMMODATION,TELEPHONE OPERATOR,CUSTOMER SERVICES NC II,With TR,LOW,3,5,150,CUSTOMER SERVICES NC II
3509,REGION_VII,CEBU,"Cebu, District 6",TOURISM (HOTEL AND RESTAURANT),ACCOMMODATION,THERMAL CLEANER,NO CORRESPONDING TVET PROGRAM,With TR,LOW,3,5,150,NO CORRESPONDING TVET PROGRAM
3510,REGION_VII,CEBU,"Cebu, District 6",TOURISM (HOTEL AND RESTAURANT),TRAVEL AND TOUR,TOUR GUIDING,TOUR GUIDING SERVICES NC III,With TR,LOW,3,5,150,TOUR GUIDING SERVICES NC III
3511,REGION_VII,CEBU,"Cebu, District 6",TOURISM (HOTEL AND RESTAURANT),TRAVEL AND TOURS,TOUR PACKAGING STAFF,TOUR PACKAGING (FIT AD HOC DOMESTIC) SERVICES NC II,With TR,LOW,3,5,150,TOUR PACKAGING (FIT AD HOC DOMESTIC) SERVICES NC II
3512,REGION_VII,CEBU,"Cebu, District 6",TOURISM (HOTEL AND RESTAURANT),ACCOMMODATION,UPHOLSTERY CLEANER,HOUSEKEEPING NC II,With TR,HIGH,30,50,100,HOUSEKEEPING NC II
3517,REGION_VII,CEBU,"Cebu, District 6",CONSTRUCTION,"VERTICAL CONSTRUCTION
HORIZONTAL CONSTRUCTION
INDUSTRY/INDUSTRIAL CONSTRUCTION
RESIDENTIAL CONSTRUCTION",DRAFTSMAN,TECHNICAL DRAFTING NC II,With TR,LOW,3,5,150,TECHNICAL DRAFTING NC II
3518,REGION_VII,CEBU,"Cebu, District 6",MANUFACTURING,ELECTRICAL AND ELECTRONICS," _x000D_
 	_x000D_
MECHATRONICS AND AUTOMATION TECHNICIAN",MECHATRONICS SERVICING NC II,With TR,LOW,3,5,150,MECHATRONICS SERVICING NC II
3601,REGION_VII,CEBU,"Cebu, District 6",MANUFACTURING,METALS AND ENGINEERING,INSTRUMENTATION TECHNICIAN,DIPLOMA PROGRAM IN MECHANICAL ENGINEERING TECHNOLOGY,Diploma Programs,MEDIUM,10,15,30,DIPLOMA PROGRAM IN MECHANICAL ENGINEERING TECHNOLOGY
3602,REGION_VII,CEBU,"Cebu, District 6",MANUFACTURING,ELECTRICAL AND ELECTRONICS,RESIDENTIAL/COMMERCIAL WIRING TECHNICIAN,DIPLOMA PROGRAM IN ELECTRICAL ENGINEERING TECHNOLOGY,Diploma Programs,MEDIUM,10,15,30,DIPLOMA PROGRAM IN ELECTRICAL ENGINEERING TECHNOLOGY
3603,REGION_VII,CEBU,"Cebu, District 6",MANUFACTURING,ELECTRICAL AND ELECTRONICS,INDUSTRIAL ELECTRONIC TECHNICIAN,DIPLOMA PROGRAM IN ELECTRONICS ENGINEERING TECHNOLOGY,Diploma Programs,MEDIUM,10,15,30,DIPLOMA PROGRAM IN ELECTRONICS ENGINEERING TECHNOLOGY
3604,REGION_VII,CEBU,"Cebu, District 6",TOURISM (HOTEL AND RESTAURANT),ACCOMMODATION,HOTEL MANAGER,DIPLOMA PROGRAM IN HOTEL AND RESTAURANT TECHNOLOGY,Diploma Programs,MEDIUM,10,15,30,DIPLOMA PROGRAM IN HOTEL AND RESTAURANT TECHNOLOGY
3606,REGION_VII,CEBU,"Cebu, District 6",CONSTRUCTION,"HORIZONTAL CONSTRUCTION, INDUSTRIAL CONSTRUCTION, EQUIPMENT OPERATIONS AND MAINTENANCE",BULLDOZER OPERATOR,HEAVY EQUIPMENT OPERATION (BULLDOZER) NC II,With TR,LOW,3,5,150,HEAVY EQUIPMENT OPERATION (BULLDOZER) NC II
3607,REGION_VII,CEBU,"Cebu, District 6",CONSTRUCTION,"HORIZONTAL CONSTRUCTION, RESIDENTIAL CONSTRUCTION, INDUSTRIAL CONSTRUCTION"," _x000D_
 	_x000D_
PV SYSTEMS INSTALLATION TECHNICIAN",PV SYSTEMS INSTALLATION NC II,With TR,LOW,3,5,150,PV SYSTEMS INSTALLATION NC II
3616,REGION_VII,CEBU,"Cebu, District 6",TOURISM (HOTEL AND RESTAURANT),"MICE (MEETINGS, INCENTIVES, CONFERENCES, AND EXHIBITIONS)","SENIOR MICE COORDINATOR , SENIOR SPECIAL EVENTS COORDINATOR",EVENTS MANAGEMENT SERVICES NC III,With TR,MEDIUM,10,15,30,EVENTS MANAGEMENT SERVICES NC III
3617,REGION_VII,CEBU,"Cebu, District 6",CONSTRUCTION,"HORIZONTAL CONSTRUCTION, INDUSTRIAL CONSTRUCTION, EQUIPMENT OPERATIONS AND MAINTENANCE","MASONRY TECHNICIAN, PLUMBING TECHNICIAN, TECHNICAL DRAFTSMAN, REINFORCING STEELWORKS TECHNICIAN, PAINTING TECHNICIAN, TILE SETTING TECHNICIAN, CARPENTRY, TECHNICIAN, SCAFFOLDING AND FORMWORKS TECHNICIAN, CIVIL ENGINEERING TECHNOLOGIST",DIPLOMA PROGRAM IN CIVIL ENGINEERING TECHNOLOGY,Diploma Programs,LOW,3,5,150,DIPLOMA PROGRAM IN CIVIL ENGINEERING TECHNOLOGY
3618,REGION_VII,CEBU,"Cebu, District 6",CONSTRUCTION,"HORIZONTAL CONSTRUCTION, INDUSTRIAL CONSTRUCTION, EQUIPMENT OPERATIONS AND MAINTENANCE","▪ BUILDING INSPECTOR ▪ CIVIL ENGINEERING DESIGN TECHNOLOGIST ▪ MATERIALS TESTING TECHNOLOGIST. ▪ CONSTRUCTION COORDINATOR, FOREMAN, OR SUPERINTENDENT ▪ ESTIMATOR ▪ TECHNICAL REPRESENTATIVE ▪ FIELD TECHNICAL ASSISTANT ▪ DRAFTSMAN/CAD OPERATOR ▪ REBAR FIXER ▪ BUILDING ELECTRICIAN ▪ BRICK LAYER/MASON ▪ PLUMBER",DIPLOMA PROGRAM IN CIVIL ENGINEERING TECHNOLOGY,Diploma Programs,MEDIUM,10,15,30,DIPLOMA PROGRAM IN CIVIL ENGINEERING TECHNOLOGY
3623,REGION_VII,CEBU,"Cebu, District 6",TOURISM (HOTEL AND RESTAURANT),TRAVEL AND TOURS,"1.TOURISM OPERATIONS COORDINATOR
2.TRAVEL CONSULTANT/TOUR PLANNER/TRAVEL SALES EXECUTIVE/TOUR COORDINATOR/TOUR OPERATIONS ASSISTANT                                                                  
3.TOUR GUIDE/TOUR LEADER/TOUR COORDINATOR
4.TOURISM MARKETING OFFICER/SALES EXECUTIVE FOR TOURISM/DESTINATION MARKETING COORDINATOR
5.EVENT COORDINATOR/CATERING MANAGER
6.ECO-TOURISM COORDINATOR/SUSTAINABLE TOURISM OFFICER/NATURE TOUR GUIDE/ENVIRONMENTAL EDUCATION 
7.MICE COORDINATOR/CONFERENCE ORGANIZER
8.CRUISE OPERATIONS COORDINATOR/ADVENTURE TOUR GUIDE/CRUISE MANAGER/OUTDOOR ACTIVITY 
",DIPLOMA PROGRAM IN TOURISM MANAGEMENT,Diploma Programs,LOW,3,5,150,DIPLOMA PROGRAM IN TOURISM MANAGEMENT
3624,REGION_VII,CEBU,"Cebu, District 6",TOURISM (HOTEL AND RESTAURANT),ACCOMMODATION,"1.FOOD AND BEVERAGE ATTENDANT / SERVER / BARTENDER / BARISTA /WAITSTAFF /F&B DIRECTOR/F&B OUTLET MANAGER                                                    _x000D_
2.HOTEL RECEPTIONIST/FRONT DESK AGENT_x000D_
3.GUEST SERVICES ASSOCIATE /HOTEL RECEPTIONIST/FRONT DESK AGENT_x000D_
4.ROOM ATTENDANT / HOUSEKEEPING ATTENDANT/PUBLIC AREA CLEANER_x000D_
5.EVENT COORDINATOR/EVENT ASSISTANT_x000D_
                                                   _x000D_
",DIPLOMA PROGRAM IN HOSPITALITY MANAGEMENT,Diploma Programs,LOW,3,5,150,DIPLOMA PROGRAM IN HOSPITALITY MANAGEMENT
3647,REGION_VII,CEBU,"Cebu, District 7",CONSTRUCTION,HORIZONTAL CONSTRUCTION VERTICAL CONSTRUCTION INDUSTRIAL CONSTRUCTION," _x000D_
 	_x000D_
CARBON STEEL PLATE/ PIPE WELDER ",MANUAL METAL ARC WELDING (MMAW) NC I,With TR,HIGH,30,50,100,MANUAL METAL ARC WELDING (MMAW) NC I
3648,REGION_VII,CEBU,"Cebu, District 7",CONSTRUCTION,HORIZONTAL CONSTRUCTION VERTICAL CONSTRUCTION INDUSTRIAL CONSTRUCTION," _x000D_
 	_x000D_
CARBON STEEL PLATE/ PIPE WELDER ",MANUAL METAL ARC WELDING (MMAW) NC III,With TR,MEDIUM,10,15,30,MANUAL METAL ARC WELDING (MMAW) NC III
3649,REGION_VII,CEBU,"Cebu, District 7",CONSTRUCTION,HORIZONTAL CONSTRUCTION VERTICAL CONSTRUCTION INDUSTRIAL CONSTRUCTION," _x000D_
 	_x000D_
CARBON STEEL PLATE/ PIPE WELDER ",MANUAL METAL ARC WELDING (MMAW) NC IV,With TR,MEDIUM,10,15,30,MANUAL METAL ARC WELDING (MMAW) NC IV
3650,REGION_VII,CEBU,"Cebu, District 7",CONSTRUCTION,HORIZONTAL CONSTRUCTION VERTICAL CONSTRUCTION INDUSTRIAL CONSTRUCTION," _x000D_
 	_x000D_
GAS (OXY-ACETYLENE) WELDER",GAS WELDING NC II,With TR,MEDIUM,10,15,30,GAS WELDING NC II
3651,REGION_VII,CEBU,"Cebu, District 7",CONSTRUCTION,HORIZONTAL CONSTRUCTION VERTICAL CONSTRUCTION," _x000D_
 	_x000D_
TRUCK MOUNTED CRANE OPERATOR",HEAVY EQUIPMENT OPERATION (TRUCK MOUNTED CRANE) NC III,With TR,LOW,3,5,150,HEAVY EQUIPMENT OPERATION (TRUCK MOUNTED CRANE) NC III
3652,REGION_VII,CEBU,"Cebu, District 7",CONSTRUCTION,RESIDENTIAL CONSTRUCTION VERTICAL CONSTRUCTION HORIZONTAL CONTRUCTN,AIRCON INSTALLER (COMMERCIAL/ INDUSTRIAL),RAC SERVICING (DOMRAC) NC II,With TR,LOW,3,5,150,RAC SERVICING (DOMRAC) NC II
3653,REGION_VII,CEBU,"Cebu, District 7",CONSTRUCTION,RESIDENTIAL CONSTRUCTION VERTICAL CONSTRUCTION HORIZONTAL CONTRUCTN,AIRCON INSTALLER (COMMERCIAL/ INDUSTRIAL),RAC SERVICING (DOMRAC) NC II,With TR,LOW,3,5,150,RAC SERVICING (DOMRAC) NC II
3654,REGION_VII,CEBU,"Cebu, District 7",CONSTRUCTION,"VERTICAL CONSTRUCTION HORIZONTAL CONSTRUCTION RESIDENTIAL CONSTRUCTION
",AIRLESS PAINTER,CONSTRUCTION PAINTING NC II,With TR,LOW,3,5,150,CONSTRUCTION PAINTING NC II
3655,REGION_VII,CEBU,"Cebu, District 7",CONSTRUCTION,"VERTICAL CONSTRUCTION HORIZONTAL CONSTRUCTION RESIDENTIAL CONSTRUCTION
",AIRLESS PAINTER,CONSTRUCTION PAINTING NC II,With TR,LOW,3,5,150,CONSTRUCTION PAINTING NC II
3656,REGION_VII,CEBU,"Cebu, District 7",CONSTRUCTION,RESIDENTIAL CONSTRUCTION VERTICAL CONSTRUCTION,CARPENTRY (FINISHING & WOODWORKING),CARPENTRY NC II,With TR,MEDIUM,10,15,30,CARPENTRY NC II
3657,REGION_VII,CEBU,"Cebu, District 7",CONSTRUCTION,RESIDENTIAL CONSTRUCTION VERTICAL CONSTRUCTION,CARPENTRY (FINISHING & WOODWORKING),CARPENTRY NC II,With TR,MEDIUM,10,15,30,CARPENTRY NC II
3658,REGION_VII,CEBU,"Cebu, District 7",CONSTRUCTION,VERTICAL CONSTRUCTION INDUSTRIAL CONSTRUCTION RESIDENTIAL CONSTRUCTION HORIZONTAL CONSTRUCTION DIRECT WORKERS,CARPENTRY (FINISHING),CARPENTRY NC II,With TR,MEDIUM,10,15,30,CARPENTRY NC II
3659,REGION_VII,CEBU,"Cebu, District 7",CONSTRUCTION,VERTICAL CONSTRUCTION INDUSTRIAL CONSTRUCTION RESIDENTIAL CONSTRUCTION HORIZONTAL CONSTRUCTION DIRECT WORKERS,CARPENTRY (ROUGH),CARPENTRY NC II,With TR,MEDIUM,10,15,30,CARPENTRY NC II
3660,REGION_VII,CEBU,"Cebu, District 7",CONSTRUCTION,HORIZONTAL CONSTRUCTION VERTICAL CONSTRUCTION INDUSTRIAL CONSTRUCTION,CIVIL ENGINEERING ASSOCIATE,DIPLOMA PROGRAM IN CIVIL ENGINEERING TECHNOLOGY,Diploma Programs,LOW,3,5,150,DIPLOMA PROGRAM IN CIVIL ENGINEERING TECHNOLOGY
3661,REGION_VII,CEBU,"Cebu, District 7",CONSTRUCTION,EQUIPMENT OPERATORS AND MAINTENANCE DIRECT WORKERS       ,CONCRETE PUMP OPERATOR,NO CORRESPONDING TVET PROGRAM,New and Emerging,LOW,3,5,150,NO CORRESPONDING TVET PROGRAM
3662,REGION_VII,CEBU,"Cebu, District 7",CONSTRUCTION,RESIDENTIAL CONSTRUCTION VERTICAL CONSTRUCTION HORIZONTAL DIRECT WORKERS,CONSTRUCTION ASSISTANT (HOUSEKEEPING),NO CORRESPONDING TVET PROGRAM,New and Emerging,LOW,3,5,150,NO CORRESPONDING TVET PROGRAM
3663,REGION_VII,CEBU,"Cebu, District 7",CONSTRUCTION,RESIDENTIAL CONSTRUCTION VERTICAL CONSTRUCTION HORIZONTAL DIRECT WORKERS,CONSTRUCTION ASSISTANT (HOUSEKEEPING),NO CORRESPONDING TVET PROGRAM,New and Emerging,LOW,3,5,150,NO CORRESPONDING TVET PROGRAM
3664,REGION_VII,CEBU,"Cebu, District 7",CONSTRUCTION,"VERTICAL CONSTRUCTION HORIZONTAL CONSTRUCTION RESIDENTIAL CONSTRUCTION INDUSTRIAL CONSTRUCTION
",CONSTRUCTION PAINTER (APPLICATION),CONSTRUCTION PAINTING NC II,With TR,MEDIUM,10,15,30,CONSTRUCTION PAINTING NC II
3665,REGION_VII,CEBU,"Cebu, District 7",CONSTRUCTION,"VERTICAL CONSTRUCTION HORIZONTAL CONSTRUCTION RESIDENTIAL CONSTRUCTION INDUSTRIAL CONSTRUCTION
",CONSTRUCTION PAINTER (APPLICATION),CONSTRUCTION PAINTING NC II,With TR,MEDIUM,10,15,30,CONSTRUCTION PAINTING NC II
3666,REGION_VII,CEBU,"Cebu, District 7",CONSTRUCTION,"VERTICAL CONSTRUCTION HORIZONTAL CONSTRUCTION RESIDENTIAL CONSTRUCTION INDUSTRIAL CONSTRUCTION
","CONSTRUCTION PAINTER (REPAIR AND ARTISTIC APPLICATION, MIXING))",CONSTRUCTION PAINTING NC II,With TR,LOW,3,5,150,CONSTRUCTION PAINTING NC II
3667,REGION_VII,CEBU,"Cebu, District 7",CONSTRUCTION,"VERTICAL CONSTRUCTION HORIZONTAL CONSTRUCTION RESIDENTIAL CONSTRUCTION INDUSTRIAL CONSTRUCTION
","CONSTRUCTION PAINTER (REPAIR AND ARTISTIC APPLICATION, MIXING))",TILE SETTING NC II,With TR,LOW,3,5,150,TILE SETTING NC II
3668,REGION_VII,CEBU,"Cebu, District 7",CONSTRUCTION,HORIZONTAL CONSTRUCTION VERTICAL CONSTRUCTION INDUSTRIAL CONSTRUCTION,CONSTRUCTION SITE SUPERVISOR,CONSTRUCTION SITE SUPERVISION LEVEL IV,With CS,MEDIUM,10,15,30,CONSTRUCTION SITE SUPERVISION LEVEL IV
3669,REGION_VII,CEBU,"Cebu, District 7",CONSTRUCTION,HORIZONTAL CONSTRUCTION VERTICAL CONSTRUCTION INDUSTRIAL CONSTRUCTION,CONSTRUCTION TRADE SUPERVISOR,CONSTRUCTION TRADE SUPERVISION LEVEL IV,With CS,MEDIUM,10,15,30,CONSTRUCTION TRADE SUPERVISION LEVEL IV
3670,REGION_VII,CEBU,"Cebu, District 7",CONSTRUCTION,HORIZONTAL CONSTRUCTION VERTICAL CONSTRUCTION,CRAWLER CRANE OPERATOR,HEAVY EQUIPMENT OPERATION (CRAWLER CRANE) NC III,With TR,LOW,3,5,150,HEAVY EQUIPMENT OPERATION (CRAWLER CRANE) NC III
3671,REGION_VII,CEBU,"Cebu, District 7",CONSTRUCTION,RESIDENTIAL CONSTRUCTION VERTICAL CONSTRUCTION INDUSTRIAL,DRY WALL AND CEILING INSTALLER,CARPENTRY NC II,With TR,MEDIUM,10,15,30,CARPENTRY NC II
3672,REGION_VII,CEBU,"Cebu, District 7",CONSTRUCTION,"VERTICAL CONSTRUCTION HORIZONTAL CONSTRUCTION RESIDENTIAL CONSTRUCTION INDUSTRIAL CONSTRUCTION
",DRY WALL AND CEILING INSTALLER,CARPENTRY NC III,With TR,LOW,3,5,150,CARPENTRY NC III
3673,REGION_VII,CEBU,"Cebu, District 7",CONSTRUCTION,RESIDENTIAL CONSTRUCTION VERTICAL CONSTRUCTION INDUSTRIAL,DRY WALL AND CEILING INSTALLER,CARPENTRY NC II,With TR,MEDIUM,10,15,30,CARPENTRY NC II
3674,REGION_VII,CEBU,"Cebu, District 7",CONSTRUCTION,"VERTICAL CONSTRUCTION HORIZONTAL CONSTRUCTION RESIDENTIAL CONSTRUCTION INDUSTRIAL CONSTRUCTION
",DRY WALL AND CEILING INSTALLER,CARPENTRY NC III,With TR,LOW,3,5,150,CARPENTRY NC III
3675,REGION_VII,CEBU,"Cebu, District 7",CONSTRUCTION,"DIRECT WORKER EQUIPMENT OPERATORS AND MAINTENANCE VERTICAL CONSTRUCTION HORIZONTAL CONSTRUCTION RESIDENTIAL CONSTRUCTION
",DUMPTRUCK OPERATOR,HEAVY EQUIPMENT OPERATION (RIGID ON-HIGHWAY DUMP TRUCK) NC II,With TR,LOW,3,5,150,HEAVY EQUIPMENT OPERATION (RIGID ON-HIGHWAY DUMP TRUCK) NC II
3676,REGION_VII,CEBU,"Cebu, District 7",CONSTRUCTION,RESIDENTIAL CONSTRUCTION VERTICAL CONSTRUCTION HORIZONTAL CONTRUCTN,ELECTRICIAN (COMMERCIAL AND INDUSTRIAL BUILDING),ELECTRICAL INSTALLATION AND MAINTENANCE NC III,With TR,MEDIUM,10,15,30,ELECTRICAL INSTALLATION AND MAINTENANCE NC III
3677,REGION_VII,CEBU,"Cebu, District 7",CONSTRUCTION,RESIDENTIAL CONSTRUCTION VERTICAL CONSTRUCTION HORIZONTAL CONTRUCTN,ELECTRICIAN (COMMERCIAL AND INDUSTRIAL BUILDING),ELECTRICAL INSTALLATION AND MAINTENANCE NC III,With TR,MEDIUM,10,15,30,ELECTRICAL INSTALLATION AND MAINTENANCE NC III
3678,REGION_VII,CEBU,"Cebu, District 7",CONSTRUCTION,RESIDENTIAL CONSTRUCTION VERTICAL CONSTRUCTION HORIZONTAL CONTRUCTN,ELEVATOR INSTALLER,ELECTRICAL INSTALLATION AND MAINTENANCE NC III,With TR,LOW,3,5,150,ELECTRICAL INSTALLATION AND MAINTENANCE NC III
3679,REGION_VII,CEBU,"Cebu, District 7",CONSTRUCTION,RESIDENTIAL CONSTRUCTION VERTICAL CONSTRUCTION HORIZONTAL CONTRUCTN,ELEVATOR INSTALLER,ELECTRICAL INSTALLATION AND MAINTENANCE NC III,With TR,LOW,3,5,150,ELECTRICAL INSTALLATION AND MAINTENANCE NC III
3680,REGION_VII,CEBU,"Cebu, District 7",CONSTRUCTION,VERTICAL CONSTRUCTION HORIZONTAL CONTRUCTN,FDAS TECHNICIAN,ELECTRICAL INSTALLATION AND MAINTENANCE NC II,With TR,HIGH,30,50,100,ELECTRICAL INSTALLATION AND MAINTENANCE NC II
3681,REGION_VII,CEBU,"Cebu, District 7",CONSTRUCTION,HORIZONTAL CONSTRUCTION,FDAS TECHNICIAN ,ELECTRICAL INSTALLATION AND MAINTENANCE NC II,With TR,HIGH,30,50,100,ELECTRICAL INSTALLATION AND MAINTENANCE NC II
3682,REGION_VII,CEBU,"Cebu, District 7",CONSTRUCTION,VERTICAL CONSTRUCTION RESIDENTIAL CONSTRUCTION,FINISHING MASON,MASONRY NC III,With TR,LOW,3,5,150,MASONRY NC III
3683,REGION_VII,CEBU,"Cebu, District 7",CONSTRUCTION,HORIZONTAL CONSTRUCTION VERTICAL CONSTRUCTION,FORKLIFT OPERATOR,HEAVY EQUIPMENT OPERATION (FORKLIFT) NC II,With TR,LOW,3,5,150,HEAVY EQUIPMENT OPERATION (FORKLIFT) NC II
3684,REGION_VII,CEBU,"Cebu, District 7",CONSTRUCTION,"VERTICAL CONSTRUCTION HORIZONTAL CONSTRUCTION RESIDENTIAL CONSTRUCTION INDUSTRIAL CONSTRUCTION
",GLASS INSTALLER (GLAZING WORKS),NO CORRESPONDING TVET PROGRAM,New and Emerging,LOW,3,5,150,NO CORRESPONDING TVET PROGRAM
3685,REGION_VII,CEBU,"Cebu, District 7",CONSTRUCTION,"VERTICAL CONSTRUCTION HORIZONTAL CONSTRUCTION RESIDENTIAL CONSTRUCTION INDUSTRIAL CONSTRUCTION
",GLASS INSTALLER (GLAZING WORKS),NO CORRESPONDING TVET PROGRAM,New and Emerging,LOW,3,5,150,NO CORRESPONDING TVET PROGRAM
3686,REGION_VII,CEBU,"Cebu, District 7",CONSTRUCTION,"VERTICAL CONSTRUCTION HORIZONTAL CONSTRUCTION RESIDENTIAL CONSTRUCTION
DIRECTO WORKERS CORPORATE SUPPORT",HEO BACKHOE LOADER,HEAVY EQUIPMENT OPERATION (BACKHOE LOADER) NC II,With TR,LOW,3,5,150,HEAVY EQUIPMENT OPERATION (BACKHOE LOADER) NC II
3687,REGION_VII,CEBU,"Cebu, District 7",CONSTRUCTION,"VERTICAL CONSTRUCTION HORIZONTAL CONSTRUCTION RESIDENTIAL CONSTRUCTION
DIRECT WORKERS CORPORATE SUPPORT",HEO EXCAVATOR,HEAVY EQUIPMENT OPERATION (HYDRAULIC EXCAVATOR) NC II,With TR,LOW,3,5,150,HEAVY EQUIPMENT OPERATION (HYDRAULIC EXCAVATOR) NC II
3688,REGION_VII,CEBU,"Cebu, District 7",CONSTRUCTION,EQUIPMENT OPERATORS AND MAINTENANCE,HEO TOWER CRANE OPERATOR,HEAVY EQUIPMENT OPERATION (TOWER CRANE) NC III,With TR,LOW,3,5,150,HEAVY EQUIPMENT OPERATION (TOWER CRANE) NC III
3689,REGION_VII,CEBU,"Cebu, District 7",CONSTRUCTION,"VERTICAL CONSTRUCTION HORIZONTAL CONSTRUCTION RESIDENTIAL CONSTRUCTION INDUSTRIAL CONSTRUCTION
",LAMINATE INSTALLER,CARPENTRY NC II,With TR,MEDIUM,10,15,30,CARPENTRY NC II
3690,REGION_VII,CEBU,"Cebu, District 7",CONSTRUCTION,"VERTICAL CONSTRUCTION HORIZONTAL CONSTRUCTION RESIDENTIAL CONSTRUCTION INDUSTRIAL CONSTRUCTION
",LAMINATE INSTALLER,CARPENTRY NC II,With TR,MEDIUM,10,15,30,CARPENTRY NC II
3691,REGION_VII,CEBU,"Cebu, District 7",CONSTRUCTION,DIRECT WORKERS VERTICAL INDUSTRIAL HORIZONTAL ,MASONRY (FINISHING),MASONRY NC II,With TR,LOW,3,5,150,MASONRY NC II
3692,REGION_VII,CEBU,"Cebu, District 7",CONSTRUCTION,RESIDENTIAL CONSTRUCTION VERTICAL CONSTRUCTION,MASONRY (FINISHING),MASONRY NC I,With TR,LOW,3,5,150,MASONRY NC I
3693,REGION_VII,CEBU,"Cebu, District 7",CONSTRUCTION,RESIDENTIAL CONSTRUCTION VERTICAL CONSTRUCTION,MASONRY (FINISHING),MASONRY NC I,With TR,LOW,3,5,150,MASONRY NC I
3694,REGION_VII,CEBU,"Cebu, District 7",CONSTRUCTION,RESIDENTIAL CONSTRUCTION VERTICAL CONSTRUCTION,MASONRY (FINISHING),MASONRY NC I,With TR,LOW,3,5,150,MASONRY NC I
3695,REGION_VII,CEBU,"Cebu, District 7",CONSTRUCTION,DIRECT WORKERS VERTICAL INDUSTRIAL HORIZONTAL ,MASONRY (ROUGH CONCRETE),MASONRY NC I,With TR,LOW,3,5,150,MASONRY NC I
3696,REGION_VII,CEBU,"Cebu, District 7",CONSTRUCTION,"DIRECT WORKER EQUIPMENT OPERATORS AND MAINTENANCE VERTICAL CONSTRUCTION INDUSTRIAL CONSTRUCTION
",MOBILE CRANE OPERATOR,HEAVY EQUIPMENT OPERATION (ROUGH TERRAIN CRANE) NC III,With TR,LOW,3,5,150,HEAVY EQUIPMENT OPERATION (ROUGH TERRAIN CRANE) NC III
3697,REGION_VII,CEBU,"Cebu, District 7",CONSTRUCTION,"HORIZONTAL CONSTRUCTION
",MOTOR GRADER OPERATOR,HEAVY EQUIPMENT OPERATION (MOTOR GRADER) NC II,With TR,LOW,3,5,150,HEAVY EQUIPMENT OPERATION (MOTOR GRADER) NC II
3698,REGION_VII,CEBU,"Cebu, District 7",CONSTRUCTION,HORIZONTAL CONSTRUCTION VERTICAL CONSTRUCTION,OFF-HIGHWAY DUMP TRUCK (RIGID) OPERATOR,HEAVY EQUIPMENT OPERATION (RIGID OFF-HIGHWAY DUMP TRUCK) NC II,With TR,LOW,3,5,150,HEAVY EQUIPMENT OPERATION (RIGID OFF-HIGHWAY DUMP TRUCK) NC II
3699,REGION_VII,CEBU,"Cebu, District 7",CONSTRUCTION,RESIDENTIAL CONSTRUCTION VERTICAL CONSTRUCTION HORIZONTAL DIRECT WORKERS,PAINTER,CONSTRUCTION PAINTING NC II,With TR,MEDIUM,10,15,30,CONSTRUCTION PAINTING NC II
3700,REGION_VII,CEBU,"Cebu, District 7",CONSTRUCTION,RESIDENTIAL CONSTRUCTION VERTICAL CONSTRUCTION HORIZONTAL DIRECT WORKERS,PAINTER,CONSTRUCTION PAINTING NC II,With TR,MEDIUM,10,15,30,CONSTRUCTION PAINTING NC II
3701,REGION_VII,CEBU,"Cebu, District 7",CONSTRUCTION,HORIZONTAL CONSTRUCTION VERTICAL CONSTRUCTION,PAVER OPERATOR,HEAVY EQUIPMENT OPERATION (PAVER) NC II,With TR,LOW,3,5,150,HEAVY EQUIPMENT OPERATION (PAVER) NC II
3702,REGION_VII,CEBU,"Cebu, District 7",CONSTRUCTION,RESIDENTIAL CONSTRUCTION VERTICAL CONSTRUCTION HORIZONTAL CONTRUCTN,PIPEFITTER,PLUMBING NC III,With TR,LOW,3,5,150,PLUMBING NC III
3703,REGION_VII,CEBU,"Cebu, District 7",CONSTRUCTION,RESIDENTIAL CONSTRUCTION VERTICAL CONSTRUCTION HORIZONTAL CONTRUCTN,PIPEFITTER,PLUMBING NC III,With TR,LOW,3,5,150,PLUMBING NC III
3704,REGION_VII,CEBU,"Cebu, District 7",CONSTRUCTION,VERTICAL CONSTRUCTION HORIZONTAL CONTRUCTN,PIPEFITTER (FIRE PROTECTION SYSTEM),PIPEFITTING (METALLIC) NC II,With TR,LOW,3,5,150,PIPEFITTING (METALLIC) NC II
3705,REGION_VII,CEBU,"Cebu, District 7",CONSTRUCTION,RESIDENTIAL CONSTRUCTION VERTICAL CONSTRUCTION HORIZONTAL CONTRUCTN,PIPEFITTER (FIRE PROTECTION SYSTEM),PIPEFITTING (METALLIC) NC II,With TR,LOW,3,5,150,PIPEFITTING (METALLIC) NC II
3706,REGION_VII,CEBU,"Cebu, District 7",CONSTRUCTION,VERTICAL CONSTRUCTION HORIZONTAL CONTRUCTN,PIPEFITTER (PUMP EQUIPMENT),PIPEFITTING (METALLIC) NC II,With TR,LOW,3,5,150,PIPEFITTING (METALLIC) NC II
3707,REGION_VII,CEBU,"Cebu, District 7",CONSTRUCTION,RESIDENTIAL CONSTRUCTION VERTICAL CONSTRUCTION HORIZONTAL CONTRUCTN,PIPEFITTER (PUMP EQUIPMENT),PIPEFITTING (METALLIC) NC II,With TR,LOW,3,5,150,PIPEFITTING (METALLIC) NC II
3708,REGION_VII,CEBU,"Cebu, District 7",CONSTRUCTION,RESIDENTIAL CONSTRUCTION VERTICAL CONSTRUCTION HORIZONTAL CONTRUCTN,PLUMBER,PLUMBING NC II,With TR,LOW,3,5,150,PLUMBING NC II
3709,REGION_VII,CEBU,"Cebu, District 7",CONSTRUCTION,RESIDENTIAL CONSTRUCTION VERTICAL CONSTRUCTION HORIZONTAL CONTRUCTN,PLUMBER,PLUMBING NC II,With TR,LOW,3,5,150,PLUMBING NC II
3710,REGION_VII,CEBU,"Cebu, District 7",CONSTRUCTION,"DIRECT WORKER EQUIPMENT OPERATORS AND MAINTENANCE VERTICAL CONSTRUCTION INDUSTRIAL CONSTRUCTION
",RIGGER,RIGGING NC I,With TR,LOW,3,5,150,RIGGING NC I
3711,REGION_VII,CEBU,"Cebu, District 7",CONSTRUCTION,"HORIZONTAL CONSTRUCTION
DIRECT WORKERS",ROAD ROLLER OPERATOR,HEAVY EQUIPMENT OPERATION (ROAD ROLLER) NC II,With TR,LOW,3,5,150,HEAVY EQUIPMENT OPERATION (ROAD ROLLER) NC II
3712,REGION_VII,CEBU,"Cebu, District 7",CONSTRUCTION,RESIDENTIAL CONSTRUCTION VERTICAL CONSTRUCTION INDUSTRIAL,ROOF INSTALLER,NO CORRESPONDING TVET PROGRAM,New and Emerging,LOW,3,5,150,NO CORRESPONDING TVET PROGRAM
3713,REGION_VII,CEBU,"Cebu, District 7",CONSTRUCTION,RESIDENTIAL CONSTRUCTION VERTICAL CONSTRUCTION INDUSTRIAL,ROOF INSTALLER,NO CORRESPONDING TVET PROGRAM,New and Emerging,LOW,3,5,150,NO CORRESPONDING TVET PROGRAM
3714,REGION_VII,CEBU,"Cebu, District 7",CONSTRUCTION,VERTICAL INDUSTRIAL RESIDENTIAL DIRECT WORKS,SCAFFOLDER,SCAFFOLDING WORKS NC II (SUPPORTED TYPE SCAFFOLD),With TR,LOW,3,5,150,SCAFFOLDING WORKS NC II (SUPPORTED TYPE SCAFFOLD)
3715,REGION_VII,CEBU,"Cebu, District 7",CONSTRUCTION,RESIDENTIAL CONSTRUCTION VERTICAL CONSTRUCTION,SCAFFOLDER,NO CORRESPONDING TVET PROGRAM,New and Emerging,LOW,3,5,150,NO CORRESPONDING TVET PROGRAM
3716,REGION_VII,CEBU,"Cebu, District 7",CONSTRUCTION,RESIDENTIAL CONSTRUCTION VERTICAL CONSTRUCTION,SCAFFOLDER,NO CORRESPONDING TVET PROGRAM,New and Emerging,LOW,3,5,150,NO CORRESPONDING TVET PROGRAM
3717,REGION_VII,CEBU,"Cebu, District 7",CONSTRUCTION,VERTICAL INDUSTRIAL RESIDENTIAL PROJECT MANAGEMENT,"SCAFFOLDER (INSPECTION, QUALITY ASSURANCE)",NO CORRESPONDING TVET PROGRAM,New and Emerging,LOW,3,5,150,NO CORRESPONDING TVET PROGRAM
3718,REGION_VII,CEBU,"Cebu, District 7",CONSTRUCTION,RESIDENTIAL CONSTRUCTION VERTICAL CONSTRUCTION,"SCAFFOLDER (INSPECTION, QUALITY ASSURANCE)",SCAFFOLDING WORKS NC II (SUPPORTED TYPE SCAFFOLD),With TR,LOW,3,5,150,SCAFFOLDING WORKS NC II (SUPPORTED TYPE SCAFFOLD)
3719,REGION_VII,CEBU,"Cebu, District 7",CONSTRUCTION,RESIDENTIAL CONSTRUCTION VERTICAL CONSTRUCTION,"SCAFFOLDER (INSPECTION, QUALITY ASSURANCE)",SCAFFOLDING WORKS NC II (SUPPORTED TYPE SCAFFOLD),With TR,LOW,3,5,150,SCAFFOLDING WORKS NC II (SUPPORTED TYPE SCAFFOLD)
3720,REGION_VII,CEBU,"Cebu, District 7",CONSTRUCTION,RESIDENTIAL CONSTRUCTION VERTICAL CONSTRUCTION HORIZONTAL CONTRUCTN,SEALANT APPLICATOR,CONSTRUCTION PAINTING NC II,With TR,LOW,3,5,150,CONSTRUCTION PAINTING NC II
3721,REGION_VII,CEBU,"Cebu, District 7",CONSTRUCTION,RESIDENTIAL CONSTRUCTION VERTICAL CONSTRUCTION HORIZONTAL CONTRUCTN,SEALANT APPLICATOR,CONSTRUCTION PAINTING NC II,With TR,LOW,3,5,150,CONSTRUCTION PAINTING NC II
3722,REGION_VII,CEBU,"Cebu, District 7",CONSTRUCTION,HORIZONTAL CONSTRUCTION VERTICAL CONSTRUCTION INDUSTRIAL CONSTRUCTION,SENIOR PAINTER,CONSTRUCTION PAINTING NC III,With TR,LOW,3,5,150,CONSTRUCTION PAINTING NC III
3723,REGION_VII,CEBU,"Cebu, District 7",CONSTRUCTION,VERTICAL CONSTRUCTION RESIDENTIAL CONSTRUCTION,SPECIALIZED CARPENTER,CARPENTRY NC III,With TR,LOW,3,5,150,CARPENTRY NC III
3724,REGION_VII,CEBU,"Cebu, District 7",CONSTRUCTION,"VERTICAL CONSTRUCTION HORIZONTAL CONSTRUCTION RESIDENTIAL CONSTRUCTION
",STEELMAN,REINFORCING STEEL WORKS NC II,With TR,LOW,3,5,150,REINFORCING STEEL WORKS NC II
3725,REGION_VII,CEBU,"Cebu, District 7",CONSTRUCTION,VERTICAL CONSTRUCTION HORIZONTAL CONSTRUCTION RESIDENTIAL CONSTRUCTION,SURVEY ASSISTANT,NO CORRESPONDING TVET PROGRAM,New and Emerging,LOW,3,5,150,NO CORRESPONDING TVET PROGRAM
3726,REGION_VII,CEBU,"Cebu, District 7",CONSTRUCTION,"VERTICAL CONSTRUCTION HORIZONTAL CONSTRUCTION RESIDENTIAL CONSTRUCTION
",SYSTEM FORWORKS INSTALLER,SYSTEM FORMWORKS INSTALLATION NC II,With TR,LOW,3,5,150,SYSTEM FORMWORKS INSTALLATION NC II
3727,REGION_VII,CEBU,"Cebu, District 7",CONSTRUCTION,HORIZONTAL CONSTRUCTION VERTICAL CONSTRUCTION INDUSTRIAL CONSTRUCTION,TIG PLATE WELDER,GAS TUNGSTEN ARC WELDING (GTAW) NC IV,With TR,LOW,3,5,150,GAS TUNGSTEN ARC WELDING (GTAW) NC IV
3728,REGION_VII,CEBU,"Cebu, District 7",CONSTRUCTION,"VERTICAL CONSTRUCTION HORIZONTAL CONSTRUCTION RESIDENTIAL CONSTRUCTION INDUSTRIAL CONSTRUCTION
",TILE SETTING,TILE SETTING NC II,With TR,LOW,3,5,150,TILE SETTING NC II
3729,REGION_VII,CEBU,"Cebu, District 7",CONSTRUCTION,"VERTICAL CONSTRUCTION HORIZONTAL CONSTRUCTION RESIDENTIAL CONSTRUCTION INDUSTRIAL CONSTRUCTION
",TILE SETTING,TILE SETTING NC II,With TR,LOW,3,5,150,TILE SETTING NC II
3730,REGION_VII,CEBU,"Cebu, District 7",CONSTRUCTION,"DIRECT WORKER EQUIPMENT OPERATORS AND MAINTENANCE VERTICAL CONSTRUCTION INDUSTRIAL CONSTRUCTION
",TOWER CRANE OPERATOR,HEAVY EQUIPMENT OPERATION (TOWER CRANE) NC III,With TR,LOW,3,5,150,HEAVY EQUIPMENT OPERATION (TOWER CRANE) NC III
3731,REGION_VII,CEBU,"Cebu, District 7",CONSTRUCTION,VERTICAL INDUSTRIAL RESIDENTIAL DIRECT WORKS EQUIPMENT OPERATORS AND MAINTENANCE DIRECT WORKERS       ,TRANSIT MIXER,HEAVY EQUIPMENT OPERATION (TRANSIT MIXER) NC II,With TR,LOW,3,5,150,HEAVY EQUIPMENT OPERATION (TRANSIT MIXER) NC II
3732,REGION_VII,CEBU,"Cebu, District 7",CONSTRUCTION,HORIZONTAL CONSTRUCTION VERTICAL CONSTRUCTION INDUSTRIAL CONSTRUCTION,WAREHOUSEMAN (EXTERNAL),WAREHOUSING SERVICES NC II,With TR,LOW,3,5,150,WAREHOUSING SERVICES NC II
3733,REGION_VII,CEBU,"Cebu, District 7",CONSTRUCTION,HORIZONTAL CONSTRUCTION VERTICAL CONSTRUCTION INDUSTRIAL CONSTRUCTION,WAREHOUSEMAN (INTERNAL),WAREHOUSING SERVICES NC II,With TR,LOW,3,5,150,WAREHOUSING SERVICES NC II
3734,REGION_VII,CEBU,"Cebu, District 7",CONSTRUCTION,RESIDENTIAL CONSTRUCTION VERTICAL CONSTRUCTION,WATERPROOFER (SLABS),NO CORRESPONDING TVET PROGRAM,New and Emerging,LOW,3,5,150,NO CORRESPONDING TVET PROGRAM
3735,REGION_VII,CEBU,"Cebu, District 7",CONSTRUCTION,RESIDENTIAL CONSTRUCTION VERTICAL CONSTRUCTION,WATERPROOFER (SLABS),NO CORRESPONDING TVET PROGRAM,New and Emerging,LOW,3,5,150,NO CORRESPONDING TVET PROGRAM
3736,REGION_VII,CEBU,"Cebu, District 7",CONSTRUCTION,VERTICAL HORIZONTAL,WATERPROOFER (VERTICAL WALLS),CONSTRUCTION PAINTING NC II,With TR,LOW,3,5,150,CONSTRUCTION PAINTING NC II
3737,REGION_VII,CEBU,"Cebu, District 7",CONSTRUCTION,VERTICAL HORIZONTAL,WATERPROOFER (VERTICAL WALLS),CONSTRUCTION PAINTING NC II,With TR,LOW,3,5,150,CONSTRUCTION PAINTING NC II
3738,REGION_VII,CEBU,"Cebu, District 7",CONSTRUCTION,"VERTICAL CONSTRUCTION HORIZONTAL CONSTRUCTION INDUSTRIAL CONSTRUCTION
",WELDER (GAS),GAS WELDING NC I,With TR,MEDIUM,10,15,30,GAS WELDING NC I
3739,REGION_VII,CEBU,"Cebu, District 7",CONSTRUCTION,"VERTICAL CONSTRUCTION HORIZONTAL CONSTRUCTION INDUSTRIAL CONSTRUCTION
",WELDER (GAS),GAS WELDING NC II,With TR,MEDIUM,10,15,30,GAS WELDING NC II
3740,REGION_VII,CEBU,"Cebu, District 7",CONSTRUCTION,VERTICAL CONSTRUCTION HORIZONTAL CONTRUCTN,WELDER (SMAW),MANUAL METAL ARC WELDING (MMAW) NC II,With TR,HIGH,30,50,100,MANUAL METAL ARC WELDING (MMAW) NC II
3741,REGION_VII,CEBU,"Cebu, District 7",CONSTRUCTION,VERTICAL CONSTRUCTION HORIZONTAL CONTRUCTN,WELDER (SMAW),MANUAL METAL ARC WELDING (MMAW) NC II,With TR,HIGH,30,50,100,MANUAL METAL ARC WELDING (MMAW) NC II
3742,REGION_VII,CEBU,"Cebu, District 7",CONSTRUCTION,VERTICAL INDUSTRIAL RESIDENTIAL DIRECT WORKS,WELDER (STRUCTURAL),FLUX-CORED ARC WELDING (FCAW) NC II,With TR,LOW,3,5,150,FLUX-CORED ARC WELDING (FCAW) NC II
3743,REGION_VII,CEBU,"Cebu, District 7",CONSTRUCTION,VERTICAL INDUSTRIAL RESIDENTIAL DIRECT WORKS,WELDER (STRUCTURAL),GAS TUNGSTEN ARC WELDING (GTAW) NC II,With TR,MEDIUM,10,15,30,GAS TUNGSTEN ARC WELDING (GTAW) NC II
3744,REGION_VII,CEBU,"Cebu, District 7",CONSTRUCTION,VERTICAL INDUSTRIAL RESIDENTIAL DIRECT WORKS,WELDER (STRUCTURAL),MANUAL METAL ARC WELDING (MMAW) NC II,With TR,HIGH,30,50,100,MANUAL METAL ARC WELDING (MMAW) NC II
3745,REGION_VII,CEBU,"Cebu, District 7",CONSTRUCTION,HORIZONTAL CONSTRUCTION VERTICAL CONSTRUCTION,WHEEL LOADER OPERATOR,HEAVY EQUIPMENT OPERATION (WHEEL LOADER) NC II,With TR,LOW,3,5,150,HEAVY EQUIPMENT OPERATION (WHEEL LOADER) NC II
3851,REGION_VII,CEBU,"Cebu, District 7",MANUFACTURING,METALS AND ENGINEERING,"
GTAW/TIG WELDER",GAS TUNGSTEN ARC WELDING (GTAW) NC II,With TR,MEDIUM,10,15,30,GAS TUNGSTEN ARC WELDING (GTAW) NC II
3852,REGION_VII,CEBU,"Cebu, District 7",MANUFACTURING,METALS AND ENGINEERING," _x000D_
 	_x000D_
PIPE WELDER (SAW)",SUBMERGED ARC WELDING (SAW) NC II,With TR,LOW,3,5,150,SUBMERGED ARC WELDING (SAW) NC II
3853,REGION_VII,CEBU,"Cebu, District 7",MANUFACTURING,AUTOMOTIVE AND LAND TRANSPORTATION PRODUCTION (OEM) ASSEMBLY,AUTO ELECTRICIAN,AUTOMOTIVE ELECTRICAL ASSEMBLY NC II,With TR,LOW,3,5,150,AUTOMOTIVE ELECTRICAL ASSEMBLY NC II
3854,REGION_VII,CEBU,"Cebu, District 7",MANUFACTURING,PROCESSED FOOD AND BEVERAGES,BAKER,FOOD PRODUCTION (BREAD AND PATISSERIE) NC II,With TR,HIGH,30,50,100,FOOD PRODUCTION (BREAD AND PATISSERIE) NC II
3855,REGION_VII,CEBU,"Cebu, District 7",MANUFACTURING,ELECTRICAL AND ELECTRONICS,CALIBRATION TECHNICIAN,INSTRUMENTATION AND CONTROL SERVICING NC II,With TR,HIGH,30,50,100,INSTRUMENTATION AND CONTROL SERVICING NC II
3856,REGION_VII,CEBU,"Cebu, District 7",MANUFACTURING,METALS AND ENGINEERING,CARBON STEEL PLATE/ PIPE WELDER (MMAW),MANUAL METAL ARC WELDING (MMAW) NC I,With TR,LOW,3,5,150,MANUAL METAL ARC WELDING (MMAW) NC I
3857,REGION_VII,CEBU,"Cebu, District 7",MANUFACTURING,METALS AND ENGINEERING,CARBON STEEL PLATE/ PIPE WELDER (MMAW),MANUAL METAL ARC WELDING (MMAW) NC III,With TR,LOW,3,5,150,MANUAL METAL ARC WELDING (MMAW) NC III
3858,REGION_VII,CEBU,"Cebu, District 7",MANUFACTURING,METALS AND ENGINEERING,CARBON STEEL PLATE/ PIPE WELDER (MMAW),MANUAL METAL ARC WELDING (MMAW) NC IV,With TR,LOW,3,5,150,MANUAL METAL ARC WELDING (MMAW) NC IV
3859,REGION_VII,CEBU,"Cebu, District 7",MANUFACTURING,FURNITURE AND FIXTURES,CARPENTER,CARPENTRY NC II,With TR,HIGH,30,50,100,CARPENTRY NC II
3860,REGION_VII,CEBU,"Cebu, District 7",MANUFACTURING,PROCESSED FOOD AND BEVERAGES,CULINARY,COOKERY NC II,With TR,HIGH,30,50,100,COOKERY NC II
3861,REGION_VII,CEBU,"Cebu, District 7",MANUFACTURING,ELECTRICAL AND ELECTRONICS,DATABASE ADMINISTRATOR,PROGRAMMING (ORACLE DATABASE) NC III,With TR,LOW,3,5,150,PROGRAMMING (ORACLE DATABASE) NC III
3862,REGION_VII,CEBU,"Cebu, District 7",MANUFACTURING,ELECTRICAL AND ELECTRONICS,ELECTRICAL LEADMAN,ELECTRICAL INSTALLATION AND MAINTENANCE NC III,With TR,LOW,3,5,150,ELECTRICAL INSTALLATION AND MAINTENANCE NC III
3863,REGION_VII,CEBU,"Cebu, District 7",MANUFACTURING,ELECTRICAL AND ELECTRONICS,ELECTRICIAN,AUTOMOTIVE ELECTRICAL ASSEMBLY NC II,With TR,LOW,3,5,150,AUTOMOTIVE ELECTRICAL ASSEMBLY NC II
3864,REGION_VII,CEBU,"Cebu, District 7",MANUFACTURING,METALS AND ENGINEERING,FCAW PLATE WELDER (ALLOY STEEL),FLUX-CORED ARC WELDING (FCAW) NC III,With TR,LOW,3,5,150,FLUX-CORED ARC WELDING (FCAW) NC III
3865,REGION_VII,CEBU,"Cebu, District 7",MANUFACTURING,PROCESSED FOOD AND BEVERAGES,FURNITURE CARPENTER,CARPENTRY NC III,With TR,LOW,3,5,150,CARPENTRY NC III
3866,REGION_VII,CEBU,"Cebu, District 7",MANUFACTURING,GAME DEVELOPMENT SERVICES,GAME PROGRAMMER,GAME PROGRAMMING NC III,With TR,LOW,3,5,150,GAME PROGRAMMING NC III
3867,REGION_VII,CEBU,"Cebu, District 7",MANUFACTURING,GARMENTS,GARMENT SEWER,DRESSMAKING NC II,With TR,HIGH,30,50,100,DRESSMAKING NC II
3868,REGION_VII,CEBU,"Cebu, District 7",MANUFACTURING,METALS AND ENGINEERING,GAS (OXY-ACETYLENE) WELDER,GAS WELDING NC I,With TR,LOW,3,5,150,GAS WELDING NC I
3869,REGION_VII,CEBU,"Cebu, District 7",MANUFACTURING,METALS AND ENGINEERING,GAS WELDER (OXY-ACETYLENE),GAS WELDING NC II,With TR,LOW,3,5,150,GAS WELDING NC II
3870,REGION_VII,CEBU,"Cebu, District 7",MANUFACTURING,METALS AND ENGINEERING,GMAW WELDER (ALLOY STEEL),GAS METAL ARC WELDING (GMAW) NC III,With TR,LOW,3,5,150,GAS METAL ARC WELDING (GMAW) NC III
3871,REGION_VII,CEBU,"Cebu, District 7",MANUFACTURING,METALS AND ENGINEERING,GTAW OR TIG PIPE WELDER (ALLOY STEEL),GAS TUNGSTEN ARC WELDING (GTAW) NC IV,With TR,LOW,3,5,150,GAS TUNGSTEN ARC WELDING (GTAW) NC IV
3872,REGION_VII,CEBU,"Cebu, District 7",MANUFACTURING,GARMENTS,INDUSTRIAL SEWING MACHINE OPERATORS,NO CORRESPONDING TVET PROGRAM,New and Emerging,LOW,3,5,150,NO CORRESPONDING TVET PROGRAM
3873,REGION_VII,CEBU,"Cebu, District 7",MANUFACTURING,ELECTRICAL AND ELECTRONICS,INSTRUMENT TECHNICIAN 2,INSTRUMENTATION AND CONTROL SERVICING NC III,With TR,LOW,3,5,150,INSTRUMENTATION AND CONTROL SERVICING NC III
3874,REGION_VII,CEBU,"Cebu, District 7",MANUFACTURING,ELECTRICAL AND ELECTRONICS,INSTRUMENT TECHNICIAN 3,INSTRUMENTATION AND CONTROL SERVICING NC IV,With TR,LOW,3,5,150,INSTRUMENTATION AND CONTROL SERVICING NC IV
3875,REGION_VII,CEBU,"Cebu, District 7",MANUFACTURING,ELECTRICAL AND ELECTRONICS,INTEGRATION SPECIALIST,PROGRAMMING (.NET TECHNOLOGY) NC III,With TR,LOW,3,5,150,PROGRAMMING (.NET TECHNOLOGY) NC III
3876,REGION_VII,CEBU,"Cebu, District 7",MANUFACTURING,PROCESSED FOOD AND BEVERAGES,KITCHEN SUPERVISOR,FOOD PRODUCTION (PROFESSIONAL COOKERY) NC III,With TR,LOW,3,5,150,FOOD PRODUCTION (PROFESSIONAL COOKERY) NC III
3877,REGION_VII,CEBU,"Cebu, District 7",MANUFACTURING,METALS AND ENGINEERING,MACHINIST,MACHINING NC II,With TR,MEDIUM,10,15,30,MACHINING NC II
3878,REGION_VII,CEBU,"Cebu, District 7",MANUFACTURING,METALS AND ENGINEERING,MACHINIST,MACHINING NC I,With TR,MEDIUM,10,15,30,MACHINING NC I
3879,REGION_VII,CEBU,"Cebu, District 7",MANUFACTURING,ELECTRICAL AND ELECTRONICS,MAINTENANCE ELECTRICIAN,ELECTRICAL INSTALLATION AND MAINTENANCE NC II,With TR,HIGH,30,50,100,ELECTRICAL INSTALLATION AND MAINTENANCE NC II
3880,REGION_VII,CEBU,"Cebu, District 7",MANUFACTURING,ELECTRICAL AND ELECTRONICS,MANUFACTURING SYSTEMS DEVELOPER,PROGRAMMING (JAVA) NC III,With TR,LOW,3,5,150,PROGRAMMING (JAVA) NC III
3881,REGION_VII,CEBU,"Cebu, District 7",MANUFACTURING,CONSTRUCTION,MASON,MASONRY NC I,With TR,HIGH,30,50,100,MASONRY NC I
3882,REGION_VII,CEBU,"Cebu, District 7",MANUFACTURING,METALS AND ENGINEERING,MILLWRIGHT,NO CORRESPONDING TVET PROGRAM,New and Emerging,LOW,3,5,150,NO CORRESPONDING TVET PROGRAM
3883,REGION_VII,CEBU,"Cebu, District 7",MANUFACTURING,METALS AND ENGINEERING,MILLWRIGHT FITTER,NO CORRESPONDING TVET PROGRAM,New and Emerging,LOW,3,5,150,NO CORRESPONDING TVET PROGRAM
3884,REGION_VII,CEBU,"Cebu, District 7",MANUFACTURING,ELECTRICAL AND ELECTRONICS,PCB DESIGN TECHNICIAN,ELECTRONIC PRODUCTS ASSEMBLY AND SERVICING NC II,With TR,HIGH,30,50,100,ELECTRONIC PRODUCTS ASSEMBLY AND SERVICING NC II
3885,REGION_VII,CEBU,"Cebu, District 7",MANUFACTURING,METALS AND ENGINEERING,PIPE FITTER,PIPEFITTING (METALLIC) NC II,With TR,LOW,3,5,150,PIPEFITTING (METALLIC) NC II
3886,REGION_VII,CEBU,"Cebu, District 7",MANUFACTURING,METALS AND ENGINEERING,PIPE FITTER,PIPEFITTING (METALLIC) NC II,With TR,LOW,3,5,150,PIPEFITTING (METALLIC) NC II
3887,REGION_VII,CEBU,"Cebu, District 7",MANUFACTURING,METALS AND ENGINEERING,PIPE WELDER (GMAW),GAS METAL ARC WELDING (GMAW) NC II,With TR,HIGH,30,50,100,GAS METAL ARC WELDING (GMAW) NC II
3888,REGION_VII,CEBU,"Cebu, District 7",MANUFACTURING,METALS AND ENGINEERING,PLATE WELDER (FCAW),FLUX-CORED ARC WELDING (FCAW) NC I,With TR,LOW,3,5,150,FLUX-CORED ARC WELDING (FCAW) NC I
3889,REGION_VII,CEBU,"Cebu, District 7",MANUFACTURING,METALS AND ENGINEERING,PLATE WELDER (GMAW),GAS METAL ARC WELDING (GMAW) NC I,With TR,LOW,3,5,150,GAS METAL ARC WELDING (GMAW) NC I
3890,REGION_VII,CEBU,"Cebu, District 7",MANUFACTURING,METALS AND ENGINEERING,PLATE WELDER (SAW),SUBMERGED ARC WELDING (SAW) NC I,With TR,LOW,3,5,150,SUBMERGED ARC WELDING (SAW) NC I
3891,REGION_VII,CEBU,"Cebu, District 7",MANUFACTURING,METALS AND ENGINEERING,PRECISION GRINDING MACHINE OPERATOR,MACHINING NC III,With TR,LOW,3,5,150,MACHINING NC III
3892,REGION_VII,CEBU,"Cebu, District 7",MANUFACTURING,"HEATING, VENTILATION, AIRCONDITIONING AND REFRIGERATION",RAC TECHNICIAN/ INSTALLERS,RAC SERVICING (DOMRAC) NC II,With TR,MEDIUM,10,15,30,RAC SERVICING (DOMRAC) NC II
3893,REGION_VII,CEBU,"Cebu, District 7",MANUFACTURING,"HEATING, VENTILATION, AIRCONDITIONING AND REFRIGERATION",RAC TECHNICIAN/ INSTALLERS,COMMERCIAL AIR-CONDITIONING INSTALLATION AND SERVICING NC III,With TR,HIGH,30,50,100,COMMERCIAL AIR-CONDITIONING INSTALLATION AND SERVICING NC III
3894,REGION_VII,CEBU,"Cebu, District 7",MANUFACTURING,ELECTRICAL AND ELECTRONICS,"SOLDERING, MICROSCOPE OPERATION",ELECTRONIC PRODUCTS ASSEMBLY AND SERVICING NC II,With TR,HIGH,30,50,100,ELECTRONIC PRODUCTS ASSEMBLY AND SERVICING NC II
3895,REGION_VII,CEBU,"Cebu, District 7",MANUFACTURING,PROCESSED FOOD AND BEVERAGES,SOUS CHEF,FOOD PRODUCTION (PROFESSIONAL COOKERY) NC IV,With TR,LOW,3,5,150,FOOD PRODUCTION (PROFESSIONAL COOKERY) NC IV
3896,REGION_VII,CEBU,"Cebu, District 7",MANUFACTURING,ELECTRICAL AND ELECTRONICS,SUPERVISING TECHNICIAN,ELECTRICAL INSTALLATION AND MAINTENANCE NC IV,With TR,LOW,3,5,150,ELECTRICAL INSTALLATION AND MAINTENANCE NC IV
3897,REGION_VII,CEBU,"Cebu, District 7",MANUFACTURING,GARMENTS,TAILOR,TAILORING NC II,With TR,MEDIUM,10,15,30,TAILORING NC II
3898,REGION_VII,CEBU,"Cebu, District 7",MANUFACTURING,METALS AND ENGINEERING,WELDER,MANUAL METAL ARC WELDING (MMAW) NC II,With TR,LOW,3,5,150,MANUAL METAL ARC WELDING (MMAW) NC II
3899,REGION_VII,CEBU,"Cebu, District 7",MANUFACTURING,METALS AND ENGINEERING,WELDERS (SMAW),MANUAL METAL ARC WELDING (MMAW) NC II,With TR,LOW,3,5,150,MANUAL METAL ARC WELDING (MMAW) NC II
3927,REGION_VII,CEBU,"Cebu, District 7",TOURISM (HOTEL AND RESTAURANT),ACCOMMODATION,AUTO TECHNICIANS,AUTOMOTIVE SERVICING NC I,With TR,MEDIUM,10,15,30,AUTOMOTIVE SERVICING NC I
3928,REGION_VII,CEBU,"Cebu, District 7",TOURISM (HOTEL AND RESTAURANT),FOOD AND BEVERAGES,BARISTA,BARISTA NC II,With TR,HIGH,30,50,100,BARISTA NC II
3929,REGION_VII,CEBU,"Cebu, District 7",TOURISM (HOTEL AND RESTAURANT),FOOD AND BEVERAGES,BARTENDING,BARTENDING NC II,With TR,HIGH,30,50,100,BARTENDING NC II
3930,REGION_VII,CEBU,"Cebu, District 7",TOURISM (HOTEL AND RESTAURANT),ACCOMMODATION,BELL MAN,FRONT OFFICE SERVICES NC II,With TR,MEDIUM,10,15,30,FRONT OFFICE SERVICES NC II
3931,REGION_VII,CEBU,"Cebu, District 7",TOURISM (HOTEL AND RESTAURANT),ACCOMMODATION,BOILER TECHNICIANS,NO CORRESPONDING TVET PROGRAM,New and Emerging,LOW,3,5,150,NO CORRESPONDING TVET PROGRAM
3932,REGION_VII,CEBU,"Cebu, District 7",TOURISM (HOTEL AND RESTAURANT),FOOD AND BEVERAGES,BREAD AND PASTRIES ,FOOD AND BEVERAGE SERVICES NC II,With TR,HIGH,30,50,100,FOOD AND BEVERAGE SERVICES NC II
3933,REGION_VII,CEBU,"Cebu, District 7",TOURISM (HOTEL AND RESTAURANT),ACCOMMODATION,BUSINESS CLERK,FRONT OFFICE SERVICES NC II,With TR,MEDIUM,10,15,30,FRONT OFFICE SERVICES NC II
3934,REGION_VII,CEBU,"Cebu, District 7",TOURISM (HOTEL AND RESTAURANT),FOOD AND BEVERAGES,CAKE MAKING,TOURISM PROMOTION SERVICES NC II,With TR,MEDIUM,10,15,30,TOURISM PROMOTION SERVICES NC II
3935,REGION_VII,CEBU,"Cebu, District 7",TOURISM (HOTEL AND RESTAURANT),ACCOMMODATION,CONCIERGE,FRONT OFFICE SERVICES NC II,With TR,MEDIUM,10,15,30,FRONT OFFICE SERVICES NC II
3936,REGION_VII,CEBU,"Cebu, District 7",TOURISM (HOTEL AND RESTAURANT),FOOD AND BEVERAGES,"COOK OR COMMIS, ASSISTANT COOK",FOOD PRODUCTION (BREAD AND PATISSERIE) NC II,With TR,HIGH,30,50,100,FOOD PRODUCTION (BREAD AND PATISSERIE) NC II
3937,REGION_VII,CEBU,"Cebu, District 7",TOURISM (HOTEL AND RESTAURANT),ACCOMMODATION,CUSTOMER SERVICE,HOUSEKEEPING NC II,With TR,HIGH,30,50,100,HOUSEKEEPING NC II
3938,REGION_VII,CEBU,"Cebu, District 7",TOURISM (HOTEL AND RESTAURANT),ACCOMMODATION,DOOR MAN,FRONT OFFICE SERVICES NC II,With TR,MEDIUM,10,15,30,FRONT OFFICE SERVICES NC II
3939,REGION_VII,CEBU,"Cebu, District 7",TOURISM (HOTEL AND RESTAURANT),FOOD AND BEVERAGES,FOOD SAFETY MANAGEMENT,NO CORRESPONDING TVET PROGRAM,New and Emerging,LOW,3,5,150,NO CORRESPONDING TVET PROGRAM
3940,REGION_VII,CEBU,"Cebu, District 7",TOURISM (HOTEL AND RESTAURANT),FOOD AND BEVERAGES,FRONT DESK /FRONT LINERS,FOOD AND BEVERAGE SERVICES NC II,With TR,HIGH,30,50,100,FOOD AND BEVERAGE SERVICES NC II
3941,REGION_VII,CEBU,"Cebu, District 7",TOURISM (HOTEL AND RESTAURANT),ACCOMMODATION,FRONT OFFICE MANAGER,FRONT OFFICE SERVICES NC II,With TR,MEDIUM,10,15,30,FRONT OFFICE SERVICES NC II
3942,REGION_VII,CEBU,"Cebu, District 7",TOURISM (HOTEL AND RESTAURANT),ACCOMMODATION,GUEST RELATION OFFICER,FRONT OFFICE SERVICES NC II,With TR,MEDIUM,10,15,30,FRONT OFFICE SERVICES NC II
3943,REGION_VII,CEBU,"Cebu, District 7",TOURISM (HOTEL AND RESTAURANT),ACCOMMODATION,HANDYMAN,NO CORRESPONDING TVET PROGRAM,New and Emerging,LOW,3,5,150,NO CORRESPONDING TVET PROGRAM
3944,REGION_VII,CEBU,"Cebu, District 7",TOURISM (HOTEL AND RESTAURANT),ACCOMMODATION,HOUSEKEEPER / SECTION HEAD,FRONT OFFICE SERVICES NC II,With TR,MEDIUM,10,15,30,FRONT OFFICE SERVICES NC II
3945,REGION_VII,CEBU,"Cebu, District 7",TOURISM (HOTEL AND RESTAURANT),FOOD AND BEVERAGES,KITCHEN MECHANICS,COOKERY NC II,With TR,HIGH,30,50,100,COOKERY NC II
3946,REGION_VII,CEBU,"Cebu, District 7",TOURISM (HOTEL AND RESTAURANT),ACCOMMODATION,LAUNDRY TECHNICIANS,HOUSEKEEPING NC II,With TR,HIGH,30,50,100,HOUSEKEEPING NC II
3947,REGION_VII,CEBU,"Cebu, District 7",TOURISM (HOTEL AND RESTAURANT),ACCOMMODATION,LINEN ATTENDANT,HOUSEKEEPING NC II,With TR,HIGH,30,50,100,HOUSEKEEPING NC II
3948,REGION_VII,CEBU,"Cebu, District 7",TOURISM (HOTEL AND RESTAURANT),ACCOMMODATION,RESERVATION CLERK,FRONT OFFICE SERVICES NC II,With TR,MEDIUM,10,15,30,FRONT OFFICE SERVICES NC II
3949,REGION_VII,CEBU,"Cebu, District 7",TOURISM (HOTEL AND RESTAURANT),ACCOMMODATION,ROOM ATTENDANT/ HOUSEKEEPING SPECIALIST,HOUSEKEEPING NC II,With TR,HIGH,30,50,100,HOUSEKEEPING NC II
3950,REGION_VII,CEBU,"Cebu, District 7",TOURISM (HOTEL AND RESTAURANT),FOOD AND BEVERAGES,SERVICE ATTENDANTS ,CUSTOMER SERVICES NC II,With TR,LOW,3,5,150,CUSTOMER SERVICES NC II
3951,REGION_VII,CEBU,"Cebu, District 7",TOURISM (HOTEL AND RESTAURANT),FOOD AND BEVERAGES,SERVICE CREW / FOOD ATTENDANTS / FB PRODUCTION / WAITER / WAITRESS,COOKERY NC II,With TR,HIGH,30,50,100,COOKERY NC II
3952,REGION_VII,CEBU,"Cebu, District 7",TOURISM (HOTEL AND RESTAURANT),ACCOMMODATION,STEWARDS ,FRONT OFFICE SERVICES NC II,With TR,MEDIUM,10,15,30,FRONT OFFICE SERVICES NC II
3953,REGION_VII,CEBU,"Cebu, District 7",TOURISM (HOTEL AND RESTAURANT),ACCOMMODATION,TELEPHONE OPERATOR,CUSTOMER SERVICES NC II,With TR,LOW,3,5,150,CUSTOMER SERVICES NC II
3955,REGION_VII,CEBU,"Cebu, District 7",TOURISM (HOTEL AND RESTAURANT),ACCOMMODATION,UPHOLSTERY CLEANER,HOUSEKEEPING NC II,With TR,HIGH,30,50,100,HOUSEKEEPING NC II
3960,REGION_VII,CEBU,"Cebu, District 7",CONSTRUCTION,"VERTICAL CONSTRUCTION
HORIZONTAL CONSTRUCTION
INDUSTRY/INDUSTRIAL CONSTRUCTION
RESIDENTIAL CONSTRUCTION",DRAFTSMAN,TECHNICAL DRAFTING NC II,With TR,LOW,3,5,150,TECHNICAL DRAFTING NC II
3961,REGION_VII,CEBU,"Cebu, District 7",MANUFACTURING,ELECTRICAL AND ELECTRONICS," _x000D_
 	_x000D_
MECHATRONICS AND AUTOMATION TECHNICIAN",MECHATRONICS SERVICING NC II,With TR,LOW,3,5,150,MECHATRONICS SERVICING NC II
4044,REGION_VII,CEBU,"Cebu, District 7",MANUFACTURING,METALS AND ENGINEERING,INSTRUMENTATION TECHNICIAN,DIPLOMA PROGRAM IN MECHANICAL ENGINEERING TECHNOLOGY,Diploma Programs,MEDIUM,10,15,30,DIPLOMA PROGRAM IN MECHANICAL ENGINEERING TECHNOLOGY
4045,REGION_VII,CEBU,"Cebu, District 7",MANUFACTURING,ELECTRICAL AND ELECTRONICS,RESIDENTIAL/COMMERCIAL WIRING TECHNICIAN,DIPLOMA PROGRAM IN ELECTRICAL ENGINEERING TECHNOLOGY,Diploma Programs,MEDIUM,10,15,30,DIPLOMA PROGRAM IN ELECTRICAL ENGINEERING TECHNOLOGY
4046,REGION_VII,CEBU,"Cebu, District 7",MANUFACTURING,ELECTRICAL AND ELECTRONICS,INDUSTRIAL ELECTRONIC TECHNICIAN,DIPLOMA PROGRAM IN ELECTRONICS ENGINEERING TECHNOLOGY,Diploma Programs,MEDIUM,10,15,30,DIPLOMA PROGRAM IN ELECTRONICS ENGINEERING TECHNOLOGY
4047,REGION_VII,CEBU,"Cebu, District 7",TOURISM (HOTEL AND RESTAURANT),ACCOMMODATION,HOTEL MANAGER,DIPLOMA PROGRAM IN HOTEL AND RESTAURANT TECHNOLOGY,Diploma Programs,MEDIUM,10,15,30,DIPLOMA PROGRAM IN HOTEL AND RESTAURANT TECHNOLOGY
4049,REGION_VII,CEBU,"Cebu, District 7",CONSTRUCTION,"HORIZONTAL CONSTRUCTION, INDUSTRIAL CONSTRUCTION, EQUIPMENT OPERATIONS AND MAINTENANCE",BULLDOZER OPERATOR,HEAVY EQUIPMENT OPERATION (BULLDOZER) NC II,With TR,LOW,3,5,150,HEAVY EQUIPMENT OPERATION (BULLDOZER) NC II
4050,REGION_VII,CEBU,"Cebu, District 7",CONSTRUCTION,"HORIZONTAL CONSTRUCTION, RESIDENTIAL CONSTRUCTION, INDUSTRIAL CONSTRUCTION"," _x000D_
 	_x000D_
PV SYSTEMS INSTALLATION TECHNICIAN",PV SYSTEMS INSTALLATION NC II,With TR,LOW,3,5,150,PV SYSTEMS INSTALLATION NC II
4059,REGION_VII,CEBU,"Cebu, District 7",TOURISM (HOTEL AND RESTAURANT),"MICE (MEETINGS, INCENTIVES, CONFERENCES, AND EXHIBITIONS)","SENIOR MICE COORDINATOR , SENIOR SPECIAL EVENTS COORDINATOR",EVENTS MANAGEMENT SERVICES NC III,With TR,MEDIUM,10,15,30,EVENTS MANAGEMENT SERVICES NC III
4060,REGION_VII,CEBU,"Cebu, District 7",CONSTRUCTION,"HORIZONTAL CONSTRUCTION, INDUSTRIAL CONSTRUCTION, EQUIPMENT OPERATIONS AND MAINTENANCE","MASONRY TECHNICIAN, PLUMBING TECHNICIAN, TECHNICAL DRAFTSMAN, REINFORCING STEELWORKS TECHNICIAN, PAINTING TECHNICIAN, TILE SETTING TECHNICIAN, CARPENTRY, TECHNICIAN, SCAFFOLDING AND FORMWORKS TECHNICIAN, CIVIL ENGINEERING TECHNOLOGIST",DIPLOMA PROGRAM IN CIVIL ENGINEERING TECHNOLOGY,Diploma Programs,LOW,3,5,150,DIPLOMA PROGRAM IN CIVIL ENGINEERING TECHNOLOGY
4061,REGION_VII,CEBU,"Cebu, District 7",CONSTRUCTION,"HORIZONTAL CONSTRUCTION, INDUSTRIAL CONSTRUCTION, EQUIPMENT OPERATIONS AND MAINTENANCE","▪ BUILDING INSPECTOR ▪ CIVIL ENGINEERING DESIGN TECHNOLOGIST ▪ MATERIALS TESTING TECHNOLOGIST. ▪ CONSTRUCTION COORDINATOR, FOREMAN, OR SUPERINTENDENT ▪ ESTIMATOR ▪ TECHNICAL REPRESENTATIVE ▪ FIELD TECHNICAL ASSISTANT ▪ DRAFTSMAN/CAD OPERATOR ▪ REBAR FIXER ▪ BUILDING ELECTRICIAN ▪ BRICK LAYER/MASON ▪ PLUMBER",DIPLOMA PROGRAM IN CIVIL ENGINEERING TECHNOLOGY,Diploma Programs,MEDIUM,10,15,30,DIPLOMA PROGRAM IN CIVIL ENGINEERING TECHNOLOGY
4066,REGION_VII,CEBU,"Cebu, District 7",TOURISM (HOTEL AND RESTAURANT),TRAVEL AND TOURS,"1.TOURISM OPERATIONS COORDINATOR
2.TRAVEL CONSULTANT/TOUR PLANNER/TRAVEL SALES EXECUTIVE/TOUR COORDINATOR/TOUR OPERATIONS ASSISTANT                                                                  
3.TOUR GUIDE/TOUR LEADER/TOUR COORDINATOR
4.TOURISM MARKETING OFFICER/SALES EXECUTIVE FOR TOURISM/DESTINATION MARKETING COORDINATOR
5.EVENT COORDINATOR/CATERING MANAGER
6.ECO-TOURISM COORDINATOR/SUSTAINABLE TOURISM OFFICER/NATURE TOUR GUIDE/ENVIRONMENTAL EDUCATION 
7.MICE COORDINATOR/CONFERENCE ORGANIZER
8.CRUISE OPERATIONS COORDINATOR/ADVENTURE TOUR GUIDE/CRUISE MANAGER/OUTDOOR ACTIVITY 
",DIPLOMA PROGRAM IN TOURISM MANAGEMENT,Diploma Programs,LOW,3,5,150,DIPLOMA PROGRAM IN TOURISM MANAGEMENT
4067,REGION_VII,CEBU,"Cebu, District 7",TOURISM (HOTEL AND RESTAURANT),ACCOMMODATION,"1.FOOD AND BEVERAGE ATTENDANT / SERVER / BARTENDER / BARISTA /WAITSTAFF /F&B DIRECTOR/F&B OUTLET MANAGER                                                    _x000D_
2.HOTEL RECEPTIONIST/FRONT DESK AGENT_x000D_
3.GUEST SERVICES ASSOCIATE /HOTEL RECEPTIONIST/FRONT DESK AGENT_x000D_
4.ROOM ATTENDANT / HOUSEKEEPING ATTENDANT/PUBLIC AREA CLEANER_x000D_
5.EVENT COORDINATOR/EVENT ASSISTANT_x000D_
                                                   _x000D_
",DIPLOMA PROGRAM IN HOSPITALITY MANAGEMENT,Diploma Programs,LOW,3,5,150,DIPLOMA PROGRAM IN HOSPITALITY MANAGEMENT
4091,REGION_VII,CEBU,"Lapu-Lapu City, Lone District",CONSTRUCTION,HORIZONTAL CONSTRUCTION VERTICAL CONSTRUCTION INDUSTRIAL CONSTRUCTION," _x000D_
 	_x000D_
CARBON STEEL PLATE/ PIPE WELDER ",MANUAL METAL ARC WELDING (MMAW) NC I,With TR,HIGH,30,50,100,MANUAL METAL ARC WELDING (MMAW) NC I
4092,REGION_VII,CEBU,"Lapu-Lapu City, Lone District",CONSTRUCTION,HORIZONTAL CONSTRUCTION VERTICAL CONSTRUCTION INDUSTRIAL CONSTRUCTION," _x000D_
 	_x000D_
CARBON STEEL PLATE/ PIPE WELDER ",MANUAL METAL ARC WELDING (MMAW) NC III,With TR,MEDIUM,10,15,30,MANUAL METAL ARC WELDING (MMAW) NC III
4093,REGION_VII,CEBU,"Lapu-Lapu City, Lone District",CONSTRUCTION,HORIZONTAL CONSTRUCTION VERTICAL CONSTRUCTION INDUSTRIAL CONSTRUCTION," _x000D_
 	_x000D_
CARBON STEEL PLATE/ PIPE WELDER ",MANUAL METAL ARC WELDING (MMAW) NC IV,With TR,MEDIUM,10,15,30,MANUAL METAL ARC WELDING (MMAW) NC IV
4094,REGION_VII,CEBU,"Lapu-Lapu City, Lone District",CONSTRUCTION,HORIZONTAL CONSTRUCTION VERTICAL CONSTRUCTION INDUSTRIAL CONSTRUCTION," _x000D_
 	_x000D_
GAS (OXY-ACETYLENE) WELDER",GAS WELDING NC II,With TR,MEDIUM,10,15,30,GAS WELDING NC II
4095,REGION_VII,CEBU,"Lapu-Lapu City, Lone District",CONSTRUCTION,HORIZONTAL CONSTRUCTION VERTICAL CONSTRUCTION," _x000D_
 	_x000D_
TRUCK MOUNTED CRANE OPERATOR",HEAVY EQUIPMENT OPERATION (TRUCK MOUNTED CRANE) NC III,With TR,LOW,3,5,150,HEAVY EQUIPMENT OPERATION (TRUCK MOUNTED CRANE) NC III
4096,REGION_VII,CEBU,"Lapu-Lapu City, Lone District",CONSTRUCTION,RESIDENTIAL CONSTRUCTION VERTICAL CONSTRUCTION HORIZONTAL CONTRUCTN,AIRCON INSTALLER (COMMERCIAL/ INDUSTRIAL),RAC SERVICING (DOMRAC) NC II,With TR,LOW,3,5,150,RAC SERVICING (DOMRAC) NC II
4097,REGION_VII,CEBU,"Lapu-Lapu City, Lone District",CONSTRUCTION,RESIDENTIAL CONSTRUCTION VERTICAL CONSTRUCTION HORIZONTAL CONTRUCTN,AIRCON INSTALLER (COMMERCIAL/ INDUSTRIAL),RAC SERVICING (DOMRAC) NC II,With TR,LOW,3,5,150,RAC SERVICING (DOMRAC) NC II
4098,REGION_VII,CEBU,"Lapu-Lapu City, Lone District",CONSTRUCTION,"VERTICAL CONSTRUCTION HORIZONTAL CONSTRUCTION RESIDENTIAL CONSTRUCTION
",AIRLESS PAINTER,CONSTRUCTION PAINTING NC II,With TR,LOW,3,5,150,CONSTRUCTION PAINTING NC II
4099,REGION_VII,CEBU,"Lapu-Lapu City, Lone District",CONSTRUCTION,"VERTICAL CONSTRUCTION HORIZONTAL CONSTRUCTION RESIDENTIAL CONSTRUCTION
",AIRLESS PAINTER,CONSTRUCTION PAINTING NC II,With TR,LOW,3,5,150,CONSTRUCTION PAINTING NC II
4100,REGION_VII,CEBU,"Lapu-Lapu City, Lone District",CONSTRUCTION,HORIZONTAL CONSTRUCTION VERTICAL CONSTRUCTION INDUSTRIAL CONSTRUCTION,BIM MODELER,BASIC 3D BUILDING INFORMATION MODELLING LEVEL III,With CS,LOW,3,5,150,BASIC 3D BUILDING INFORMATION MODELLING LEVEL III
4101,REGION_VII,CEBU,"Lapu-Lapu City, Lone District",CONSTRUCTION,RESIDENTIAL CONSTRUCTION VERTICAL CONSTRUCTION,CARPENTRY (FINISHING & WOODWORKING),CARPENTRY NC II,With TR,MEDIUM,10,15,30,CARPENTRY NC II
4102,REGION_VII,CEBU,"Lapu-Lapu City, Lone District",CONSTRUCTION,RESIDENTIAL CONSTRUCTION VERTICAL CONSTRUCTION,CARPENTRY (FINISHING & WOODWORKING),CARPENTRY NC II,With TR,MEDIUM,10,15,30,CARPENTRY NC II
4103,REGION_VII,CEBU,"Lapu-Lapu City, Lone District",CONSTRUCTION,VERTICAL CONSTRUCTION INDUSTRIAL CONSTRUCTION RESIDENTIAL CONSTRUCTION HORIZONTAL CONSTRUCTION DIRECT WORKERS,CARPENTRY (FINISHING),CARPENTRY NC II,With TR,MEDIUM,10,15,30,CARPENTRY NC II
4104,REGION_VII,CEBU,"Lapu-Lapu City, Lone District",CONSTRUCTION,VERTICAL CONSTRUCTION INDUSTRIAL CONSTRUCTION RESIDENTIAL CONSTRUCTION HORIZONTAL CONSTRUCTION DIRECT WORKERS,CARPENTRY (ROUGH),CARPENTRY NC II,With TR,MEDIUM,10,15,30,CARPENTRY NC II
4105,REGION_VII,CEBU,"Lapu-Lapu City, Lone District",CONSTRUCTION,HORIZONTAL CONSTRUCTION VERTICAL CONSTRUCTION INDUSTRIAL CONSTRUCTION,CIVIL ENGINEERING ASSOCIATE,DIPLOMA PROGRAM IN CIVIL ENGINEERING TECHNOLOGY,Diploma Programs,LOW,3,5,150,DIPLOMA PROGRAM IN CIVIL ENGINEERING TECHNOLOGY
4106,REGION_VII,CEBU,"Lapu-Lapu City, Lone District",CONSTRUCTION,EQUIPMENT OPERATORS AND MAINTENANCE DIRECT WORKERS       ,CONCRETE PUMP OPERATOR,NO CORRESPONDING TVET PROGRAM,New and Emerging,LOW,3,5,150,NO CORRESPONDING TVET PROGRAM
4107,REGION_VII,CEBU,"Lapu-Lapu City, Lone District",CONSTRUCTION,RESIDENTIAL CONSTRUCTION VERTICAL CONSTRUCTION HORIZONTAL DIRECT WORKERS,CONSTRUCTION ASSISTANT (HOUSEKEEPING),NO CORRESPONDING TVET PROGRAM,New and Emerging,LOW,3,5,150,NO CORRESPONDING TVET PROGRAM
4108,REGION_VII,CEBU,"Lapu-Lapu City, Lone District",CONSTRUCTION,RESIDENTIAL CONSTRUCTION VERTICAL CONSTRUCTION HORIZONTAL DIRECT WORKERS,CONSTRUCTION ASSISTANT (HOUSEKEEPING),NO CORRESPONDING TVET PROGRAM,New and Emerging,LOW,3,5,150,NO CORRESPONDING TVET PROGRAM
4109,REGION_VII,CEBU,"Lapu-Lapu City, Lone District",CONSTRUCTION,"VERTICAL CONSTRUCTION HORIZONTAL CONSTRUCTION RESIDENTIAL CONSTRUCTION INDUSTRIAL CONSTRUCTION
",CONSTRUCTION PAINTER (APPLICATION),CONSTRUCTION PAINTING NC II,With TR,MEDIUM,10,15,30,CONSTRUCTION PAINTING NC II
4110,REGION_VII,CEBU,"Lapu-Lapu City, Lone District",CONSTRUCTION,"VERTICAL CONSTRUCTION HORIZONTAL CONSTRUCTION RESIDENTIAL CONSTRUCTION INDUSTRIAL CONSTRUCTION
",CONSTRUCTION PAINTER (APPLICATION),CONSTRUCTION PAINTING NC II,With TR,MEDIUM,10,15,30,CONSTRUCTION PAINTING NC II
4111,REGION_VII,CEBU,"Lapu-Lapu City, Lone District",CONSTRUCTION,"VERTICAL CONSTRUCTION HORIZONTAL CONSTRUCTION RESIDENTIAL CONSTRUCTION INDUSTRIAL CONSTRUCTION
","CONSTRUCTION PAINTER (REPAIR AND ARTISTIC APPLICATION, MIXING))",CONSTRUCTION PAINTING NC II,With TR,LOW,3,5,150,CONSTRUCTION PAINTING NC II
4112,REGION_VII,CEBU,"Lapu-Lapu City, Lone District",CONSTRUCTION,"VERTICAL CONSTRUCTION HORIZONTAL CONSTRUCTION RESIDENTIAL CONSTRUCTION INDUSTRIAL CONSTRUCTION
","CONSTRUCTION PAINTER (REPAIR AND ARTISTIC APPLICATION, MIXING))",TILE SETTING NC II,With TR,LOW,3,5,150,TILE SETTING NC II
4113,REGION_VII,CEBU,"Lapu-Lapu City, Lone District",CONSTRUCTION,HORIZONTAL CONSTRUCTION VERTICAL CONSTRUCTION INDUSTRIAL CONSTRUCTION,CONSTRUCTION SITE SUPERVISOR,CONSTRUCTION SITE SUPERVISION LEVEL IV,With CS,MEDIUM,10,15,30,CONSTRUCTION SITE SUPERVISION LEVEL IV
4114,REGION_VII,CEBU,"Lapu-Lapu City, Lone District",CONSTRUCTION,HORIZONTAL CONSTRUCTION VERTICAL CONSTRUCTION INDUSTRIAL CONSTRUCTION,CONSTRUCTION TRADE SUPERVISOR,CONSTRUCTION TRADE SUPERVISION LEVEL IV,With CS,MEDIUM,10,15,30,CONSTRUCTION TRADE SUPERVISION LEVEL IV
4115,REGION_VII,CEBU,"Lapu-Lapu City, Lone District",CONSTRUCTION,HORIZONTAL CONSTRUCTION VERTICAL CONSTRUCTION,CRAWLER CRANE OPERATOR,HEAVY EQUIPMENT OPERATION (CRAWLER CRANE) NC III,With TR,LOW,3,5,150,HEAVY EQUIPMENT OPERATION (CRAWLER CRANE) NC III
4116,REGION_VII,CEBU,"Lapu-Lapu City, Lone District",CONSTRUCTION,RESIDENTIAL CONSTRUCTION VERTICAL CONSTRUCTION INDUSTRIAL,DRY WALL AND CEILING INSTALLER,CARPENTRY NC II,With TR,MEDIUM,10,15,30,CARPENTRY NC II
4117,REGION_VII,CEBU,"Lapu-Lapu City, Lone District",CONSTRUCTION,"VERTICAL CONSTRUCTION HORIZONTAL CONSTRUCTION RESIDENTIAL CONSTRUCTION INDUSTRIAL CONSTRUCTION
",DRY WALL AND CEILING INSTALLER,CARPENTRY NC III,With TR,LOW,3,5,150,CARPENTRY NC III
4118,REGION_VII,CEBU,"Lapu-Lapu City, Lone District",CONSTRUCTION,RESIDENTIAL CONSTRUCTION VERTICAL CONSTRUCTION INDUSTRIAL,DRY WALL AND CEILING INSTALLER,CARPENTRY NC II,With TR,MEDIUM,10,15,30,CARPENTRY NC II
4119,REGION_VII,CEBU,"Lapu-Lapu City, Lone District",CONSTRUCTION,"VERTICAL CONSTRUCTION HORIZONTAL CONSTRUCTION RESIDENTIAL CONSTRUCTION INDUSTRIAL CONSTRUCTION
",DRY WALL AND CEILING INSTALLER,CARPENTRY NC III,With TR,LOW,3,5,150,CARPENTRY NC III
4120,REGION_VII,CEBU,"Lapu-Lapu City, Lone District",CONSTRUCTION,"DIRECT WORKER EQUIPMENT OPERATORS AND MAINTENANCE VERTICAL CONSTRUCTION HORIZONTAL CONSTRUCTION RESIDENTIAL CONSTRUCTION
",DUMPTRUCK OPERATOR,HEAVY EQUIPMENT OPERATION (RIGID ON-HIGHWAY DUMP TRUCK) NC II,With TR,LOW,3,5,150,HEAVY EQUIPMENT OPERATION (RIGID ON-HIGHWAY DUMP TRUCK) NC II
4121,REGION_VII,CEBU,"Lapu-Lapu City, Lone District",CONSTRUCTION,RESIDENTIAL CONSTRUCTION VERTICAL CONSTRUCTION HORIZONTAL CONTRUCTN,ELECTRICIAN (COMMERCIAL AND INDUSTRIAL BUILDING),ELECTRICAL INSTALLATION AND MAINTENANCE NC III,With TR,MEDIUM,10,15,30,ELECTRICAL INSTALLATION AND MAINTENANCE NC III
4122,REGION_VII,CEBU,"Lapu-Lapu City, Lone District",CONSTRUCTION,RESIDENTIAL CONSTRUCTION VERTICAL CONSTRUCTION HORIZONTAL CONTRUCTN,ELECTRICIAN (COMMERCIAL AND INDUSTRIAL BUILDING),ELECTRICAL INSTALLATION AND MAINTENANCE NC III,With TR,MEDIUM,10,15,30,ELECTRICAL INSTALLATION AND MAINTENANCE NC III
4123,REGION_VII,CEBU,"Lapu-Lapu City, Lone District",CONSTRUCTION,RESIDENTIAL CONSTRUCTION VERTICAL CONSTRUCTION HORIZONTAL CONTRUCTN,ELEVATOR INSTALLER,ELECTRICAL INSTALLATION AND MAINTENANCE NC III,With TR,LOW,3,5,150,ELECTRICAL INSTALLATION AND MAINTENANCE NC III
4124,REGION_VII,CEBU,"Lapu-Lapu City, Lone District",CONSTRUCTION,RESIDENTIAL CONSTRUCTION VERTICAL CONSTRUCTION HORIZONTAL CONTRUCTN,ELEVATOR INSTALLER,ELECTRICAL INSTALLATION AND MAINTENANCE NC III,With TR,LOW,3,5,150,ELECTRICAL INSTALLATION AND MAINTENANCE NC III
4125,REGION_VII,CEBU,"Lapu-Lapu City, Lone District",CONSTRUCTION,VERTICAL CONSTRUCTION HORIZONTAL CONTRUCTN,FDAS TECHNICIAN,ELECTRICAL INSTALLATION AND MAINTENANCE NC II,With TR,MEDIUM,10,15,30,ELECTRICAL INSTALLATION AND MAINTENANCE NC II
4126,REGION_VII,CEBU,"Lapu-Lapu City, Lone District",CONSTRUCTION,HORIZONTAL CONSTRUCTION,FDAS TECHNICIAN ,ELECTRICAL INSTALLATION AND MAINTENANCE NC II,With TR,MEDIUM,10,15,30,ELECTRICAL INSTALLATION AND MAINTENANCE NC II
4127,REGION_VII,CEBU,"Lapu-Lapu City, Lone District",CONSTRUCTION,VERTICAL CONSTRUCTION RESIDENTIAL CONSTRUCTION,FINISHING MASON,MASONRY NC III,With TR,LOW,3,5,150,MASONRY NC III
4128,REGION_VII,CEBU,"Lapu-Lapu City, Lone District",CONSTRUCTION,HORIZONTAL CONSTRUCTION VERTICAL CONSTRUCTION,FORKLIFT OPERATOR,HEAVY EQUIPMENT OPERATION (FORKLIFT) NC II,With TR,LOW,3,5,150,HEAVY EQUIPMENT OPERATION (FORKLIFT) NC II
4129,REGION_VII,CEBU,"Lapu-Lapu City, Lone District",CONSTRUCTION,"VERTICAL CONSTRUCTION HORIZONTAL CONSTRUCTION RESIDENTIAL CONSTRUCTION INDUSTRIAL CONSTRUCTION
",GLASS INSTALLER (GLAZING WORKS),NO CORRESPONDING TVET PROGRAM,New and Emerging,LOW,3,5,150,NO CORRESPONDING TVET PROGRAM
4130,REGION_VII,CEBU,"Lapu-Lapu City, Lone District",CONSTRUCTION,"VERTICAL CONSTRUCTION HORIZONTAL CONSTRUCTION RESIDENTIAL CONSTRUCTION INDUSTRIAL CONSTRUCTION
",GLASS INSTALLER (GLAZING WORKS),NO CORRESPONDING TVET PROGRAM,New and Emerging,LOW,3,5,150,NO CORRESPONDING TVET PROGRAM
4131,REGION_VII,CEBU,"Lapu-Lapu City, Lone District",CONSTRUCTION,"VERTICAL CONSTRUCTION HORIZONTAL CONSTRUCTION RESIDENTIAL CONSTRUCTION
DIRECTO WORKERS CORPORATE SUPPORT",HEO BACKHOE LOADER,HEAVY EQUIPMENT OPERATION (BACKHOE LOADER) NC II,With TR,LOW,3,5,150,HEAVY EQUIPMENT OPERATION (BACKHOE LOADER) NC II
4132,REGION_VII,CEBU,"Lapu-Lapu City, Lone District",CONSTRUCTION,"VERTICAL CONSTRUCTION HORIZONTAL CONSTRUCTION RESIDENTIAL CONSTRUCTION
DIRECT WORKERS CORPORATE SUPPORT",HEO EXCAVATOR,HEAVY EQUIPMENT OPERATION (HYDRAULIC EXCAVATOR) NC II,With TR,LOW,3,5,150,HEAVY EQUIPMENT OPERATION (HYDRAULIC EXCAVATOR) NC II
4133,REGION_VII,CEBU,"Lapu-Lapu City, Lone District",CONSTRUCTION,EQUIPMENT OPERATORS AND MAINTENANCE,HEO TOWER CRANE OPERATOR,HEAVY EQUIPMENT OPERATION (TOWER CRANE) NC III,With TR,LOW,3,5,150,HEAVY EQUIPMENT OPERATION (TOWER CRANE) NC III
4134,REGION_VII,CEBU,"Lapu-Lapu City, Lone District",CONSTRUCTION,"VERTICAL CONSTRUCTION HORIZONTAL CONSTRUCTION RESIDENTIAL CONSTRUCTION INDUSTRIAL CONSTRUCTION
",LAMINATE INSTALLER,CARPENTRY NC II,With TR,MEDIUM,10,15,30,CARPENTRY NC II
4135,REGION_VII,CEBU,"Lapu-Lapu City, Lone District",CONSTRUCTION,"VERTICAL CONSTRUCTION HORIZONTAL CONSTRUCTION RESIDENTIAL CONSTRUCTION INDUSTRIAL CONSTRUCTION
",LAMINATE INSTALLER,CARPENTRY NC II,With TR,MEDIUM,10,15,30,CARPENTRY NC II
4136,REGION_VII,CEBU,"Lapu-Lapu City, Lone District",CONSTRUCTION,DIRECT WORKERS VERTICAL INDUSTRIAL HORIZONTAL ,MASONRY (FINISHING),MASONRY NC II,With TR,LOW,3,5,150,MASONRY NC II
4137,REGION_VII,CEBU,"Lapu-Lapu City, Lone District",CONSTRUCTION,RESIDENTIAL CONSTRUCTION VERTICAL CONSTRUCTION,MASONRY (FINISHING),MASONRY NC I,With TR,LOW,3,5,150,MASONRY NC I
4138,REGION_VII,CEBU,"Lapu-Lapu City, Lone District",CONSTRUCTION,RESIDENTIAL CONSTRUCTION VERTICAL CONSTRUCTION,MASONRY (FINISHING),MASONRY NC I,With TR,LOW,3,5,150,MASONRY NC I
4139,REGION_VII,CEBU,"Lapu-Lapu City, Lone District",CONSTRUCTION,RESIDENTIAL CONSTRUCTION VERTICAL CONSTRUCTION,MASONRY (FINISHING),MASONRY NC I,With TR,LOW,3,5,150,MASONRY NC I
4140,REGION_VII,CEBU,"Lapu-Lapu City, Lone District",CONSTRUCTION,DIRECT WORKERS VERTICAL INDUSTRIAL HORIZONTAL ,MASONRY (ROUGH CONCRETE),MASONRY NC I,With TR,LOW,3,5,150,MASONRY NC I
4141,REGION_VII,CEBU,"Lapu-Lapu City, Lone District",CONSTRUCTION,"DIRECT WORKER EQUIPMENT OPERATORS AND MAINTENANCE VERTICAL CONSTRUCTION INDUSTRIAL CONSTRUCTION
",MOBILE CRANE OPERATOR,HEAVY EQUIPMENT OPERATION (ROUGH TERRAIN CRANE) NC III,With TR,LOW,3,5,150,HEAVY EQUIPMENT OPERATION (ROUGH TERRAIN CRANE) NC III
4142,REGION_VII,CEBU,"Lapu-Lapu City, Lone District",CONSTRUCTION,"HORIZONTAL CONSTRUCTION
",MOTOR GRADER OPERATOR,HEAVY EQUIPMENT OPERATION (MOTOR GRADER) NC II,With TR,LOW,3,5,150,HEAVY EQUIPMENT OPERATION (MOTOR GRADER) NC II
4143,REGION_VII,CEBU,"Lapu-Lapu City, Lone District",CONSTRUCTION,HORIZONTAL CONSTRUCTION VERTICAL CONSTRUCTION,OFF-HIGHWAY DUMP TRUCK (RIGID) OPERATOR,HEAVY EQUIPMENT OPERATION (RIGID OFF-HIGHWAY DUMP TRUCK) NC II,With TR,LOW,3,5,150,HEAVY EQUIPMENT OPERATION (RIGID OFF-HIGHWAY DUMP TRUCK) NC II
4144,REGION_VII,CEBU,"Lapu-Lapu City, Lone District",CONSTRUCTION,RESIDENTIAL CONSTRUCTION VERTICAL CONSTRUCTION HORIZONTAL DIRECT WORKERS,PAINTER,CONSTRUCTION PAINTING NC II,With TR,MEDIUM,10,15,30,CONSTRUCTION PAINTING NC II
4145,REGION_VII,CEBU,"Lapu-Lapu City, Lone District",CONSTRUCTION,RESIDENTIAL CONSTRUCTION VERTICAL CONSTRUCTION HORIZONTAL DIRECT WORKERS,PAINTER,CONSTRUCTION PAINTING NC II,With TR,MEDIUM,10,15,30,CONSTRUCTION PAINTING NC II
4146,REGION_VII,CEBU,"Lapu-Lapu City, Lone District",CONSTRUCTION,HORIZONTAL CONSTRUCTION VERTICAL CONSTRUCTION,PAVER OPERATOR,HEAVY EQUIPMENT OPERATION (PAVER) NC II,With TR,LOW,3,5,150,HEAVY EQUIPMENT OPERATION (PAVER) NC II
4147,REGION_VII,CEBU,"Lapu-Lapu City, Lone District",CONSTRUCTION,RESIDENTIAL CONSTRUCTION VERTICAL CONSTRUCTION HORIZONTAL CONTRUCTN,PIPEFITTER,PLUMBING NC III,With TR,LOW,3,5,150,PLUMBING NC III
4148,REGION_VII,CEBU,"Lapu-Lapu City, Lone District",CONSTRUCTION,RESIDENTIAL CONSTRUCTION VERTICAL CONSTRUCTION HORIZONTAL CONTRUCTN,PIPEFITTER,PLUMBING NC III,With TR,LOW,3,5,150,PLUMBING NC III
4149,REGION_VII,CEBU,"Lapu-Lapu City, Lone District",CONSTRUCTION,VERTICAL CONSTRUCTION HORIZONTAL CONTRUCTN,PIPEFITTER (FIRE PROTECTION SYSTEM),PIPEFITTING (METALLIC) NC II,With TR,LOW,3,5,150,PIPEFITTING (METALLIC) NC II
4150,REGION_VII,CEBU,"Lapu-Lapu City, Lone District",CONSTRUCTION,RESIDENTIAL CONSTRUCTION VERTICAL CONSTRUCTION HORIZONTAL CONTRUCTN,PIPEFITTER (FIRE PROTECTION SYSTEM),PIPEFITTING (METALLIC) NC II,With TR,LOW,3,5,150,PIPEFITTING (METALLIC) NC II
4151,REGION_VII,CEBU,"Lapu-Lapu City, Lone District",CONSTRUCTION,VERTICAL CONSTRUCTION HORIZONTAL CONTRUCTN,PIPEFITTER (PUMP EQUIPMENT),PIPEFITTING (METALLIC) NC II,With TR,LOW,3,5,150,PIPEFITTING (METALLIC) NC II
4152,REGION_VII,CEBU,"Lapu-Lapu City, Lone District",CONSTRUCTION,RESIDENTIAL CONSTRUCTION VERTICAL CONSTRUCTION HORIZONTAL CONTRUCTN,PIPEFITTER (PUMP EQUIPMENT),PIPEFITTING (METALLIC) NC II,With TR,LOW,3,5,150,PIPEFITTING (METALLIC) NC II
4153,REGION_VII,CEBU,"Lapu-Lapu City, Lone District",CONSTRUCTION,RESIDENTIAL CONSTRUCTION VERTICAL CONSTRUCTION HORIZONTAL CONTRUCTN,PLUMBER,PLUMBING NC II,With TR,LOW,3,5,150,PLUMBING NC II
4154,REGION_VII,CEBU,"Lapu-Lapu City, Lone District",CONSTRUCTION,RESIDENTIAL CONSTRUCTION VERTICAL CONSTRUCTION HORIZONTAL CONTRUCTN,PLUMBER,PLUMBING NC II,With TR,LOW,3,5,150,PLUMBING NC II
4155,REGION_VII,CEBU,"Lapu-Lapu City, Lone District",CONSTRUCTION,"DIRECT WORKER EQUIPMENT OPERATORS AND MAINTENANCE VERTICAL CONSTRUCTION INDUSTRIAL CONSTRUCTION
",RIGGER,RIGGING NC I,With TR,LOW,3,5,150,RIGGING NC I
4156,REGION_VII,CEBU,"Lapu-Lapu City, Lone District",CONSTRUCTION,"HORIZONTAL CONSTRUCTION
DIRECT WORKERS",ROAD ROLLER OPERATOR,HEAVY EQUIPMENT OPERATION (ROAD ROLLER) NC II,With TR,LOW,3,5,150,HEAVY EQUIPMENT OPERATION (ROAD ROLLER) NC II
4157,REGION_VII,CEBU,"Lapu-Lapu City, Lone District",CONSTRUCTION,RESIDENTIAL CONSTRUCTION VERTICAL CONSTRUCTION INDUSTRIAL,ROOF INSTALLER,NO CORRESPONDING TVET PROGRAM,New and Emerging,LOW,3,5,150,NO CORRESPONDING TVET PROGRAM
4158,REGION_VII,CEBU,"Lapu-Lapu City, Lone District",CONSTRUCTION,RESIDENTIAL CONSTRUCTION VERTICAL CONSTRUCTION INDUSTRIAL,ROOF INSTALLER,NO CORRESPONDING TVET PROGRAM,New and Emerging,LOW,3,5,150,NO CORRESPONDING TVET PROGRAM
4159,REGION_VII,CEBU,"Lapu-Lapu City, Lone District",CONSTRUCTION,VERTICAL INDUSTRIAL RESIDENTIAL DIRECT WORKS,SCAFFOLDER,SCAFFOLDING WORKS NC II (SUPPORTED TYPE SCAFFOLD),With TR,LOW,3,5,150,SCAFFOLDING WORKS NC II (SUPPORTED TYPE SCAFFOLD)
4160,REGION_VII,CEBU,"Lapu-Lapu City, Lone District",CONSTRUCTION,RESIDENTIAL CONSTRUCTION VERTICAL CONSTRUCTION,SCAFFOLDER,NO CORRESPONDING TVET PROGRAM,New and Emerging,MEDIUM,10,15,30,NO CORRESPONDING TVET PROGRAM
4161,REGION_VII,CEBU,"Lapu-Lapu City, Lone District",CONSTRUCTION,RESIDENTIAL CONSTRUCTION VERTICAL CONSTRUCTION,SCAFFOLDER,NO CORRESPONDING TVET PROGRAM,New and Emerging,MEDIUM,10,15,30,NO CORRESPONDING TVET PROGRAM
4162,REGION_VII,CEBU,"Lapu-Lapu City, Lone District",CONSTRUCTION,VERTICAL INDUSTRIAL RESIDENTIAL PROJECT MANAGEMENT,"SCAFFOLDER (INSPECTION, QUALITY ASSURANCE)",NO CORRESPONDING TVET PROGRAM,New and Emerging,LOW,3,5,150,NO CORRESPONDING TVET PROGRAM
4163,REGION_VII,CEBU,"Lapu-Lapu City, Lone District",CONSTRUCTION,RESIDENTIAL CONSTRUCTION VERTICAL CONSTRUCTION,"SCAFFOLDER (INSPECTION, QUALITY ASSURANCE)",SCAFFOLDING WORKS NC II (SUPPORTED TYPE SCAFFOLD),With TR,LOW,3,5,150,SCAFFOLDING WORKS NC II (SUPPORTED TYPE SCAFFOLD)
4164,REGION_VII,CEBU,"Lapu-Lapu City, Lone District",CONSTRUCTION,RESIDENTIAL CONSTRUCTION VERTICAL CONSTRUCTION,"SCAFFOLDER (INSPECTION, QUALITY ASSURANCE)",SCAFFOLDING WORKS NC II (SUPPORTED TYPE SCAFFOLD),With TR,LOW,3,5,150,SCAFFOLDING WORKS NC II (SUPPORTED TYPE SCAFFOLD)
4165,REGION_VII,CEBU,"Lapu-Lapu City, Lone District",CONSTRUCTION,RESIDENTIAL CONSTRUCTION VERTICAL CONSTRUCTION HORIZONTAL CONTRUCTN,SEALANT APPLICATOR,CONSTRUCTION PAINTING NC II,With TR,LOW,3,5,150,CONSTRUCTION PAINTING NC II
4166,REGION_VII,CEBU,"Lapu-Lapu City, Lone District",CONSTRUCTION,RESIDENTIAL CONSTRUCTION VERTICAL CONSTRUCTION HORIZONTAL CONTRUCTN,SEALANT APPLICATOR,CONSTRUCTION PAINTING NC II,With TR,LOW,3,5,150,CONSTRUCTION PAINTING NC II
4167,REGION_VII,CEBU,"Lapu-Lapu City, Lone District",CONSTRUCTION,HORIZONTAL CONSTRUCTION VERTICAL CONSTRUCTION INDUSTRIAL CONSTRUCTION,SENIOR PAINTER,CONSTRUCTION PAINTING NC III,With TR,LOW,3,5,150,CONSTRUCTION PAINTING NC III
4168,REGION_VII,CEBU,"Lapu-Lapu City, Lone District",CONSTRUCTION,VERTICAL CONSTRUCTION RESIDENTIAL CONSTRUCTION,SPECIALIZED CARPENTER,CARPENTRY NC III,With TR,LOW,3,5,150,CARPENTRY NC III
4169,REGION_VII,CEBU,"Lapu-Lapu City, Lone District",CONSTRUCTION,"VERTICAL CONSTRUCTION HORIZONTAL CONSTRUCTION RESIDENTIAL CONSTRUCTION
",STEELMAN,REINFORCING STEEL WORKS NC II,With TR,LOW,3,5,150,REINFORCING STEEL WORKS NC II
4170,REGION_VII,CEBU,"Lapu-Lapu City, Lone District",CONSTRUCTION,VERTICAL CONSTRUCTION HORIZONTAL CONSTRUCTION RESIDENTIAL CONSTRUCTION,SURVEY ASSISTANT,NO CORRESPONDING TVET PROGRAM,New and Emerging,MEDIUM,10,15,30,NO CORRESPONDING TVET PROGRAM
4171,REGION_VII,CEBU,"Lapu-Lapu City, Lone District",CONSTRUCTION,"VERTICAL CONSTRUCTION HORIZONTAL CONSTRUCTION RESIDENTIAL CONSTRUCTION
",SYSTEM FORWORKS INSTALLER,SYSTEM FORMWORKS INSTALLATION NC II,With TR,LOW,3,5,150,SYSTEM FORMWORKS INSTALLATION NC II
4172,REGION_VII,CEBU,"Lapu-Lapu City, Lone District",CONSTRUCTION,HORIZONTAL CONSTRUCTION VERTICAL CONSTRUCTION INDUSTRIAL CONSTRUCTION,TIG PLATE WELDER,GAS TUNGSTEN ARC WELDING (GTAW) NC IV,With TR,MEDIUM,10,15,30,GAS TUNGSTEN ARC WELDING (GTAW) NC IV
4173,REGION_VII,CEBU,"Lapu-Lapu City, Lone District",CONSTRUCTION,"VERTICAL CONSTRUCTION HORIZONTAL CONSTRUCTION RESIDENTIAL CONSTRUCTION INDUSTRIAL CONSTRUCTION
",TILE SETTING,TILE SETTING NC II,With TR,LOW,3,5,150,TILE SETTING NC II
4174,REGION_VII,CEBU,"Lapu-Lapu City, Lone District",CONSTRUCTION,"VERTICAL CONSTRUCTION HORIZONTAL CONSTRUCTION RESIDENTIAL CONSTRUCTION INDUSTRIAL CONSTRUCTION
",TILE SETTING,TILE SETTING NC II,With TR,LOW,3,5,150,TILE SETTING NC II
4175,REGION_VII,CEBU,"Lapu-Lapu City, Lone District",CONSTRUCTION,"DIRECT WORKER EQUIPMENT OPERATORS AND MAINTENANCE VERTICAL CONSTRUCTION INDUSTRIAL CONSTRUCTION
",TOWER CRANE OPERATOR,HEAVY EQUIPMENT OPERATION (TOWER CRANE) NC III,With TR,LOW,3,5,150,HEAVY EQUIPMENT OPERATION (TOWER CRANE) NC III
4176,REGION_VII,CEBU,"Lapu-Lapu City, Lone District",CONSTRUCTION,VERTICAL INDUSTRIAL RESIDENTIAL DIRECT WORKS EQUIPMENT OPERATORS AND MAINTENANCE DIRECT WORKERS       ,TRANSIT MIXER,HEAVY EQUIPMENT OPERATION (TRANSIT MIXER) NC II,With TR,LOW,3,5,150,HEAVY EQUIPMENT OPERATION (TRANSIT MIXER) NC II
4177,REGION_VII,CEBU,"Lapu-Lapu City, Lone District",CONSTRUCTION,HORIZONTAL CONSTRUCTION VERTICAL CONSTRUCTION INDUSTRIAL CONSTRUCTION,WAREHOUSEMAN (EXTERNAL),WAREHOUSING SERVICES NC II,With TR,HIGH,30,50,100,WAREHOUSING SERVICES NC II
4178,REGION_VII,CEBU,"Lapu-Lapu City, Lone District",CONSTRUCTION,HORIZONTAL CONSTRUCTION VERTICAL CONSTRUCTION INDUSTRIAL CONSTRUCTION,WAREHOUSEMAN (INTERNAL),WAREHOUSING SERVICES NC II,With TR,HIGH,30,50,100,WAREHOUSING SERVICES NC II
4179,REGION_VII,CEBU,"Lapu-Lapu City, Lone District",CONSTRUCTION,RESIDENTIAL CONSTRUCTION VERTICAL CONSTRUCTION,WATERPROOFER (SLABS),NO CORRESPONDING TVET PROGRAM,New and Emerging,HIGH,30,50,100,NO CORRESPONDING TVET PROGRAM
4180,REGION_VII,CEBU,"Lapu-Lapu City, Lone District",CONSTRUCTION,RESIDENTIAL CONSTRUCTION VERTICAL CONSTRUCTION,WATERPROOFER (SLABS),NO CORRESPONDING TVET PROGRAM,New and Emerging,HIGH,30,50,100,NO CORRESPONDING TVET PROGRAM
4181,REGION_VII,CEBU,"Lapu-Lapu City, Lone District",CONSTRUCTION,VERTICAL HORIZONTAL,WATERPROOFER (VERTICAL WALLS),CONSTRUCTION PAINTING NC II,With TR,LOW,3,5,150,CONSTRUCTION PAINTING NC II
4182,REGION_VII,CEBU,"Lapu-Lapu City, Lone District",CONSTRUCTION,VERTICAL HORIZONTAL,WATERPROOFER (VERTICAL WALLS),CONSTRUCTION PAINTING NC II,With TR,LOW,3,5,150,CONSTRUCTION PAINTING NC II
4183,REGION_VII,CEBU,"Lapu-Lapu City, Lone District",CONSTRUCTION,"VERTICAL CONSTRUCTION HORIZONTAL CONSTRUCTION INDUSTRIAL CONSTRUCTION
",WELDER (GAS),GAS WELDING NC I,With TR,MEDIUM,10,15,30,GAS WELDING NC I
4184,REGION_VII,CEBU,"Lapu-Lapu City, Lone District",CONSTRUCTION,"VERTICAL CONSTRUCTION HORIZONTAL CONSTRUCTION INDUSTRIAL CONSTRUCTION
",WELDER (GAS),GAS WELDING NC II,With TR,MEDIUM,10,15,30,GAS WELDING NC II
4185,REGION_VII,CEBU,"Lapu-Lapu City, Lone District",CONSTRUCTION,VERTICAL CONSTRUCTION HORIZONTAL CONTRUCTN,WELDER (SMAW),MANUAL METAL ARC WELDING (MMAW) NC II,With TR,HIGH,30,50,100,MANUAL METAL ARC WELDING (MMAW) NC II
4186,REGION_VII,CEBU,"Lapu-Lapu City, Lone District",CONSTRUCTION,VERTICAL CONSTRUCTION HORIZONTAL CONTRUCTN,WELDER (SMAW),MANUAL METAL ARC WELDING (MMAW) NC II,With TR,HIGH,30,50,100,MANUAL METAL ARC WELDING (MMAW) NC II
4187,REGION_VII,CEBU,"Lapu-Lapu City, Lone District",CONSTRUCTION,VERTICAL INDUSTRIAL RESIDENTIAL DIRECT WORKS,WELDER (STRUCTURAL),FLUX-CORED ARC WELDING (FCAW) NC II,With TR,LOW,3,5,150,FLUX-CORED ARC WELDING (FCAW) NC II
4188,REGION_VII,CEBU,"Lapu-Lapu City, Lone District",CONSTRUCTION,VERTICAL INDUSTRIAL RESIDENTIAL DIRECT WORKS,WELDER (STRUCTURAL),GAS TUNGSTEN ARC WELDING (GTAW) NC II,With TR,MEDIUM,10,15,30,GAS TUNGSTEN ARC WELDING (GTAW) NC II
4189,REGION_VII,CEBU,"Lapu-Lapu City, Lone District",CONSTRUCTION,VERTICAL INDUSTRIAL RESIDENTIAL DIRECT WORKS,WELDER (STRUCTURAL),MANUAL METAL ARC WELDING (MMAW) NC II,With TR,HIGH,30,50,100,MANUAL METAL ARC WELDING (MMAW) NC II
4190,REGION_VII,CEBU,"Lapu-Lapu City, Lone District",CONSTRUCTION,HORIZONTAL CONSTRUCTION VERTICAL CONSTRUCTION,WHEEL LOADER OPERATOR,HEAVY EQUIPMENT OPERATION (WHEEL LOADER) NC II,With TR,LOW,3,5,150,HEAVY EQUIPMENT OPERATION (WHEEL LOADER) NC II
4298,REGION_VII,CEBU,"Lapu-Lapu City, Lone District",MANUFACTURING,METALS AND ENGINEERING,"
GTAW/TIG WELDER",GAS TUNGSTEN ARC WELDING (GTAW) NC II,With TR,MEDIUM,10,15,30,GAS TUNGSTEN ARC WELDING (GTAW) NC II
4299,REGION_VII,CEBU,"Lapu-Lapu City, Lone District",MANUFACTURING,METALS AND ENGINEERING," _x000D_
 	_x000D_
PIPE WELDER (SAW)",SUBMERGED ARC WELDING (SAW) NC II,With TR,LOW,3,5,150,SUBMERGED ARC WELDING (SAW) NC II
4300,REGION_VII,CEBU,"Lapu-Lapu City, Lone District",MANUFACTURING,AUTOMOTIVE AND LAND TRANSPORTATION PRODUCTION (OEM) ASSEMBLY,AUTO ELECTRICIAN,AUTOMOTIVE ELECTRICAL ASSEMBLY NC II,With TR,LOW,3,5,150,AUTOMOTIVE ELECTRICAL ASSEMBLY NC II
4301,REGION_VII,CEBU,"Lapu-Lapu City, Lone District",MANUFACTURING,PROCESSED FOOD AND BEVERAGES,BAKER,FOOD PRODUCTION (BREAD AND PATISSERIE) NC II,With TR,HIGH,30,50,100,FOOD PRODUCTION (BREAD AND PATISSERIE) NC II
4302,REGION_VII,CEBU,"Lapu-Lapu City, Lone District",MANUFACTURING,ELECTRICAL AND ELECTRONICS,CALIBRATION TECHNICIAN,INSTRUMENTATION AND CONTROL SERVICING NC II,With TR,HIGH,30,50,100,INSTRUMENTATION AND CONTROL SERVICING NC II
4303,REGION_VII,CEBU,"Lapu-Lapu City, Lone District",MANUFACTURING,METALS AND ENGINEERING,CARBON STEEL PLATE/ PIPE WELDER (MMAW),MANUAL METAL ARC WELDING (MMAW) NC I,With TR,LOW,3,5,150,MANUAL METAL ARC WELDING (MMAW) NC I
4304,REGION_VII,CEBU,"Lapu-Lapu City, Lone District",MANUFACTURING,METALS AND ENGINEERING,CARBON STEEL PLATE/ PIPE WELDER (MMAW),MANUAL METAL ARC WELDING (MMAW) NC III,With TR,LOW,3,5,150,MANUAL METAL ARC WELDING (MMAW) NC III
4305,REGION_VII,CEBU,"Lapu-Lapu City, Lone District",MANUFACTURING,METALS AND ENGINEERING,CARBON STEEL PLATE/ PIPE WELDER (MMAW),MANUAL METAL ARC WELDING (MMAW) NC IV,With TR,LOW,3,5,150,MANUAL METAL ARC WELDING (MMAW) NC IV
4306,REGION_VII,CEBU,"Lapu-Lapu City, Lone District",MANUFACTURING,FURNITURE AND FIXTURES,CARPENTER,CARPENTRY NC II,With TR,HIGH,30,50,100,CARPENTRY NC II
4307,REGION_VII,CEBU,"Lapu-Lapu City, Lone District",MANUFACTURING,PROCESSED FOOD AND BEVERAGES,CULINARY,COOKERY NC II,With TR,HIGH,30,50,100,COOKERY NC II
4308,REGION_VII,CEBU,"Lapu-Lapu City, Lone District",MANUFACTURING,ELECTRICAL AND ELECTRONICS,DATABASE ADMINISTRATOR,PROGRAMMING (ORACLE DATABASE) NC III,With TR,LOW,3,5,150,PROGRAMMING (ORACLE DATABASE) NC III
4309,REGION_VII,CEBU,"Lapu-Lapu City, Lone District",MANUFACTURING,ELECTRICAL AND ELECTRONICS,ELECTRICAL LEADMAN,ELECTRICAL INSTALLATION AND MAINTENANCE NC III,With TR,LOW,3,5,150,ELECTRICAL INSTALLATION AND MAINTENANCE NC III
4310,REGION_VII,CEBU,"Lapu-Lapu City, Lone District",MANUFACTURING,ELECTRICAL AND ELECTRONICS,ELECTRICIAN,AUTOMOTIVE ELECTRICAL ASSEMBLY NC II,With TR,LOW,3,5,150,AUTOMOTIVE ELECTRICAL ASSEMBLY NC II
4311,REGION_VII,CEBU,"Lapu-Lapu City, Lone District",MANUFACTURING,METALS AND ENGINEERING,FCAW PLATE WELDER (ALLOY STEEL),FLUX-CORED ARC WELDING (FCAW) NC III,With TR,LOW,3,5,150,FLUX-CORED ARC WELDING (FCAW) NC III
4312,REGION_VII,CEBU,"Lapu-Lapu City, Lone District",MANUFACTURING,PROCESSED FOOD AND BEVERAGES,FURNITURE CARPENTER,CARPENTRY NC III,With TR,LOW,3,5,150,CARPENTRY NC III
4313,REGION_VII,CEBU,"Lapu-Lapu City, Lone District",MANUFACTURING,GAME DEVELOPMENT SERVICES,GAME PROGRAMMER,GAME PROGRAMMING NC III,With TR,LOW,3,5,150,GAME PROGRAMMING NC III
4314,REGION_VII,CEBU,"Lapu-Lapu City, Lone District",MANUFACTURING,GARMENTS,GARMENT SEWER,DRESSMAKING NC II,With TR,HIGH,30,50,100,DRESSMAKING NC II
4315,REGION_VII,CEBU,"Lapu-Lapu City, Lone District",MANUFACTURING,METALS AND ENGINEERING,GAS (OXY-ACETYLENE) WELDER,GAS WELDING NC I,With TR,LOW,3,5,150,GAS WELDING NC I
4316,REGION_VII,CEBU,"Lapu-Lapu City, Lone District",MANUFACTURING,METALS AND ENGINEERING,GAS WELDER (OXY-ACETYLENE),GAS WELDING NC II,With TR,LOW,3,5,150,GAS WELDING NC II
4317,REGION_VII,CEBU,"Lapu-Lapu City, Lone District",MANUFACTURING,METALS AND ENGINEERING,GMAW WELDER (ALLOY STEEL),GAS METAL ARC WELDING (GMAW) NC III,With TR,LOW,3,5,150,GAS METAL ARC WELDING (GMAW) NC III
4318,REGION_VII,CEBU,"Lapu-Lapu City, Lone District",MANUFACTURING,METALS AND ENGINEERING,GTAW OR TIG PIPE WELDER (ALLOY STEEL),GAS TUNGSTEN ARC WELDING (GTAW) NC IV,With TR,LOW,3,5,150,GAS TUNGSTEN ARC WELDING (GTAW) NC IV
4319,REGION_VII,CEBU,"Lapu-Lapu City, Lone District",MANUFACTURING,GARMENTS,INDUSTRIAL SEWING MACHINE OPERATORS,NO CORRESPONDING TVET PROGRAM,New and Emerging,HIGH,30,50,100,NO CORRESPONDING TVET PROGRAM
4320,REGION_VII,CEBU,"Lapu-Lapu City, Lone District",MANUFACTURING,ELECTRICAL AND ELECTRONICS,INSTRUMENT TECHNICIAN 2,INSTRUMENTATION AND CONTROL SERVICING NC III,With TR,LOW,3,5,150,INSTRUMENTATION AND CONTROL SERVICING NC III
4321,REGION_VII,CEBU,"Lapu-Lapu City, Lone District",MANUFACTURING,ELECTRICAL AND ELECTRONICS,INSTRUMENT TECHNICIAN 3,INSTRUMENTATION AND CONTROL SERVICING NC IV,With TR,LOW,3,5,150,INSTRUMENTATION AND CONTROL SERVICING NC IV
4322,REGION_VII,CEBU,"Lapu-Lapu City, Lone District",MANUFACTURING,ELECTRICAL AND ELECTRONICS,INTEGRATION SPECIALIST,PROGRAMMING (.NET TECHNOLOGY) NC III,With TR,LOW,3,5,150,PROGRAMMING (.NET TECHNOLOGY) NC III
4323,REGION_VII,CEBU,"Lapu-Lapu City, Lone District",MANUFACTURING,PROCESSED FOOD AND BEVERAGES,KITCHEN SUPERVISOR,FOOD PRODUCTION (PROFESSIONAL COOKERY) NC III,With TR,LOW,3,5,150,FOOD PRODUCTION (PROFESSIONAL COOKERY) NC III
4324,REGION_VII,CEBU,"Lapu-Lapu City, Lone District",MANUFACTURING,METALS AND ENGINEERING,MACHINIST,MACHINING NC II,With TR,MEDIUM,10,15,30,MACHINING NC II
4325,REGION_VII,CEBU,"Lapu-Lapu City, Lone District",MANUFACTURING,METALS AND ENGINEERING,MACHINIST,MACHINING NC I,With TR,MEDIUM,10,15,30,MACHINING NC I
4326,REGION_VII,CEBU,"Lapu-Lapu City, Lone District",MANUFACTURING,ELECTRICAL AND ELECTRONICS,MAINTENANCE ELECTRICIAN,ELECTRICAL INSTALLATION AND MAINTENANCE NC II,With TR,HIGH,30,50,100,ELECTRICAL INSTALLATION AND MAINTENANCE NC II
4327,REGION_VII,CEBU,"Lapu-Lapu City, Lone District",MANUFACTURING,ELECTRICAL AND ELECTRONICS,MANUFACTURING SYSTEMS DEVELOPER,PROGRAMMING (JAVA) NC III,With TR,LOW,3,5,150,PROGRAMMING (JAVA) NC III
4328,REGION_VII,CEBU,"Lapu-Lapu City, Lone District",MANUFACTURING,CONSTRUCTION,MASON,MASONRY NC I,With TR,HIGH,30,50,100,MASONRY NC I
4329,REGION_VII,CEBU,"Lapu-Lapu City, Lone District",MANUFACTURING,METALS AND ENGINEERING,MILLWRIGHT,NO CORRESPONDING TVET PROGRAM,New and Emerging,LOW,3,5,150,NO CORRESPONDING TVET PROGRAM
4330,REGION_VII,CEBU,"Lapu-Lapu City, Lone District",MANUFACTURING,METALS AND ENGINEERING,MILLWRIGHT FITTER,NO CORRESPONDING TVET PROGRAM,New and Emerging,LOW,3,5,150,NO CORRESPONDING TVET PROGRAM
4331,REGION_VII,CEBU,"Lapu-Lapu City, Lone District",MANUFACTURING,ELECTRICAL AND ELECTRONICS,PCB DESIGN TECHNICIAN,ELECTRONIC PRODUCTS ASSEMBLY AND SERVICING NC II,With TR,HIGH,30,50,100,ELECTRONIC PRODUCTS ASSEMBLY AND SERVICING NC II
4332,REGION_VII,CEBU,"Lapu-Lapu City, Lone District",MANUFACTURING,METALS AND ENGINEERING,PIPE FITTER,PIPEFITTING (METALLIC) NC II,With TR,LOW,3,5,150,PIPEFITTING (METALLIC) NC II
4333,REGION_VII,CEBU,"Lapu-Lapu City, Lone District",MANUFACTURING,METALS AND ENGINEERING,PIPE FITTER,PIPEFITTING (METALLIC) NC II,With TR,LOW,3,5,150,PIPEFITTING (METALLIC) NC II
4334,REGION_VII,CEBU,"Lapu-Lapu City, Lone District",MANUFACTURING,METALS AND ENGINEERING,PIPE WELDER (GMAW),GAS METAL ARC WELDING (GMAW) NC II,With TR,LOW,3,5,150,GAS METAL ARC WELDING (GMAW) NC II
4335,REGION_VII,CEBU,"Lapu-Lapu City, Lone District",MANUFACTURING,METALS AND ENGINEERING,PLATE WELDER (FCAW),FLUX-CORED ARC WELDING (FCAW) NC I,With TR,LOW,3,5,150,FLUX-CORED ARC WELDING (FCAW) NC I
4336,REGION_VII,CEBU,"Lapu-Lapu City, Lone District",MANUFACTURING,METALS AND ENGINEERING,PLATE WELDER (GMAW),GAS METAL ARC WELDING (GMAW) NC I,With TR,LOW,3,5,150,GAS METAL ARC WELDING (GMAW) NC I
4337,REGION_VII,CEBU,"Lapu-Lapu City, Lone District",MANUFACTURING,METALS AND ENGINEERING,PLATE WELDER (SAW),SUBMERGED ARC WELDING (SAW) NC I,With TR,LOW,3,5,150,SUBMERGED ARC WELDING (SAW) NC I
4338,REGION_VII,CEBU,"Lapu-Lapu City, Lone District",MANUFACTURING,METALS AND ENGINEERING,PRECISION GRINDING MACHINE OPERATOR,MACHINING NC III,With TR,LOW,3,5,150,MACHINING NC III
4339,REGION_VII,CEBU,"Lapu-Lapu City, Lone District",MANUFACTURING,"HEATING, VENTILATION, AIRCONDITIONING AND REFRIGERATION",RAC TECHNICIAN/ INSTALLERS,RAC SERVICING (DOMRAC) NC II,With TR,MEDIUM,10,15,30,RAC SERVICING (DOMRAC) NC II
4340,REGION_VII,CEBU,"Lapu-Lapu City, Lone District",MANUFACTURING,"HEATING, VENTILATION, AIRCONDITIONING AND REFRIGERATION",RAC TECHNICIAN/ INSTALLERS,COMMERCIAL AIR-CONDITIONING INSTALLATION AND SERVICING NC III,With TR,MEDIUM,10,15,30,COMMERCIAL AIR-CONDITIONING INSTALLATION AND SERVICING NC III
4341,REGION_VII,CEBU,"Lapu-Lapu City, Lone District",MANUFACTURING,ELECTRICAL AND ELECTRONICS,"SOLDERING, MICROSCOPE OPERATION",ELECTRONIC PRODUCTS ASSEMBLY AND SERVICING NC II,With TR,HIGH,30,50,100,ELECTRONIC PRODUCTS ASSEMBLY AND SERVICING NC II
4342,REGION_VII,CEBU,"Lapu-Lapu City, Lone District",MANUFACTURING,PROCESSED FOOD AND BEVERAGES,SOUS CHEF,FOOD PRODUCTION (PROFESSIONAL COOKERY) NC IV,With TR,LOW,3,5,150,FOOD PRODUCTION (PROFESSIONAL COOKERY) NC IV
4343,REGION_VII,CEBU,"Lapu-Lapu City, Lone District",MANUFACTURING,ELECTRICAL AND ELECTRONICS,SUPERVISING TECHNICIAN,ELECTRICAL INSTALLATION AND MAINTENANCE NC IV,With TR,LOW,3,5,150,ELECTRICAL INSTALLATION AND MAINTENANCE NC IV
4344,REGION_VII,CEBU,"Lapu-Lapu City, Lone District",MANUFACTURING,GARMENTS,TAILOR,TAILORING NC II,With TR,MEDIUM,10,15,30,TAILORING NC II
4345,REGION_VII,CEBU,"Lapu-Lapu City, Lone District",MANUFACTURING,METALS AND ENGINEERING,WELDER,MANUAL METAL ARC WELDING (MMAW) NC II,With TR,LOW,3,5,150,MANUAL METAL ARC WELDING (MMAW) NC II
4346,REGION_VII,CEBU,"Lapu-Lapu City, Lone District",MANUFACTURING,METALS AND ENGINEERING,WELDERS (SMAW),MANUAL METAL ARC WELDING (MMAW) NC II,With TR,LOW,3,5,150,MANUAL METAL ARC WELDING (MMAW) NC II
4374,REGION_VII,CEBU,"Lapu-Lapu City, Lone District",TOURISM (HOTEL AND RESTAURANT),ACCOMMODATION,AUTO TECHNICIANS,AUTOMOTIVE SERVICING NC I,With TR,MEDIUM,10,15,30,AUTOMOTIVE SERVICING NC I
4375,REGION_VII,CEBU,"Lapu-Lapu City, Lone District",TOURISM (HOTEL AND RESTAURANT),FOOD AND BEVERAGES,BARISTA,BARISTA NC II,With TR,HIGH,30,50,100,BARISTA NC II
4376,REGION_VII,CEBU,"Lapu-Lapu City, Lone District",TOURISM (HOTEL AND RESTAURANT),FOOD AND BEVERAGES,BARTENDING,BARTENDING NC II,With TR,HIGH,30,50,100,BARTENDING NC II
4377,REGION_VII,CEBU,"Lapu-Lapu City, Lone District",TOURISM (HOTEL AND RESTAURANT),ACCOMMODATION,BELL MAN,FRONT OFFICE SERVICES NC II,With TR,MEDIUM,10,15,30,FRONT OFFICE SERVICES NC II
4378,REGION_VII,CEBU,"Lapu-Lapu City, Lone District",TOURISM (HOTEL AND RESTAURANT),ACCOMMODATION,BOILER TECHNICIANS,NO CORRESPONDING TVET PROGRAM,New and Emerging,LOW,3,5,150,NO CORRESPONDING TVET PROGRAM
4379,REGION_VII,CEBU,"Lapu-Lapu City, Lone District",TOURISM (HOTEL AND RESTAURANT),FOOD AND BEVERAGES,BREAD AND PASTRIES ,FOOD AND BEVERAGE SERVICES NC II,With TR,HIGH,30,50,100,FOOD AND BEVERAGE SERVICES NC II
4380,REGION_VII,CEBU,"Lapu-Lapu City, Lone District",TOURISM (HOTEL AND RESTAURANT),ACCOMMODATION,BUSINESS CLERK,FRONT OFFICE SERVICES NC II,With TR,MEDIUM,10,15,30,FRONT OFFICE SERVICES NC II
4381,REGION_VII,CEBU,"Lapu-Lapu City, Lone District",TOURISM (HOTEL AND RESTAURANT),FOOD AND BEVERAGES,CAKE MAKING,TOURISM PROMOTION SERVICES NC II,With TR,MEDIUM,10,15,30,TOURISM PROMOTION SERVICES NC II
4382,REGION_VII,CEBU,"Lapu-Lapu City, Lone District",TOURISM (HOTEL AND RESTAURANT),ACCOMMODATION,CONCIERGE,FRONT OFFICE SERVICES NC II,With TR,MEDIUM,10,15,30,FRONT OFFICE SERVICES NC II
4383,REGION_VII,CEBU,"Lapu-Lapu City, Lone District",TOURISM (HOTEL AND RESTAURANT),FOOD AND BEVERAGES,"COOK OR COMMIS, ASSISTANT COOK",FOOD PRODUCTION (BREAD AND PATISSERIE) NC II,With TR,HIGH,30,50,100,FOOD PRODUCTION (BREAD AND PATISSERIE) NC II
4384,REGION_VII,CEBU,"Lapu-Lapu City, Lone District",TOURISM (HOTEL AND RESTAURANT),ACCOMMODATION,CUSTOMER SERVICE,HOUSEKEEPING NC II,With TR,HIGH,30,50,100,HOUSEKEEPING NC II
4385,REGION_VII,CEBU,"Lapu-Lapu City, Lone District",TOURISM (HOTEL AND RESTAURANT),ACCOMMODATION,DOOR MAN,FRONT OFFICE SERVICES NC II,With TR,MEDIUM,10,15,30,FRONT OFFICE SERVICES NC II
4386,REGION_VII,CEBU,"Lapu-Lapu City, Lone District",TOURISM (HOTEL AND RESTAURANT),FOOD AND BEVERAGES,FOOD SAFETY MANAGEMENT,NO CORRESPONDING TVET PROGRAM,New and Emerging,HIGH,30,50,100,NO CORRESPONDING TVET PROGRAM
4387,REGION_VII,CEBU,"Lapu-Lapu City, Lone District",TOURISM (HOTEL AND RESTAURANT),FOOD AND BEVERAGES,FRONT DESK /FRONT LINERS,FOOD AND BEVERAGE SERVICES NC II,With TR,HIGH,30,50,100,FOOD AND BEVERAGE SERVICES NC II
4388,REGION_VII,CEBU,"Lapu-Lapu City, Lone District",TOURISM (HOTEL AND RESTAURANT),ACCOMMODATION,FRONT OFFICE MANAGER,FRONT OFFICE SERVICES NC II,With TR,MEDIUM,10,15,30,FRONT OFFICE SERVICES NC II
4389,REGION_VII,CEBU,"Lapu-Lapu City, Lone District",TOURISM (HOTEL AND RESTAURANT),ACCOMMODATION,GUEST RELATION OFFICER,FRONT OFFICE SERVICES NC II,With TR,MEDIUM,10,15,30,FRONT OFFICE SERVICES NC II
4390,REGION_VII,CEBU,"Lapu-Lapu City, Lone District",TOURISM (HOTEL AND RESTAURANT),ACCOMMODATION,HANDYMAN,NO CORRESPONDING TVET PROGRAM,New and Emerging,LOW,3,5,150,NO CORRESPONDING TVET PROGRAM
4391,REGION_VII,CEBU,"Lapu-Lapu City, Lone District",TOURISM (HOTEL AND RESTAURANT),ACCOMMODATION,HOUSEKEEPER / SECTION HEAD,FRONT OFFICE SERVICES NC II,With TR,MEDIUM,10,15,30,FRONT OFFICE SERVICES NC II
4392,REGION_VII,CEBU,"Lapu-Lapu City, Lone District",TOURISM (HOTEL AND RESTAURANT),FOOD AND BEVERAGES,KITCHEN MECHANICS,COOKERY NC II,With TR,HIGH,30,50,100,COOKERY NC II
4393,REGION_VII,CEBU,"Lapu-Lapu City, Lone District",TOURISM (HOTEL AND RESTAURANT),FOOD AND BEVERAGES,"KITCHEN SUPERVISOR, HEAD CHEF, BANQUET HEAD COOK/CHEF",FOOD PRODUCTION (PROFESSIONAL COOKERY) NC III,With TR,LOW,3,5,150,FOOD PRODUCTION (PROFESSIONAL COOKERY) NC III
4394,REGION_VII,CEBU,"Lapu-Lapu City, Lone District",TOURISM (HOTEL AND RESTAURANT),ACCOMMODATION,LAUNDRY TECHNICIANS,HOUSEKEEPING NC II,With TR,HIGH,30,50,100,HOUSEKEEPING NC II
4395,REGION_VII,CEBU,"Lapu-Lapu City, Lone District",TOURISM (HOTEL AND RESTAURANT),ACCOMMODATION,LINEN ATTENDANT,HOUSEKEEPING NC II,With TR,HIGH,30,50,100,HOUSEKEEPING NC II
4396,REGION_VII,CEBU,"Lapu-Lapu City, Lone District",TOURISM (HOTEL AND RESTAURANT),ACCOMMODATION,RESERVATION CLERK,FRONT OFFICE SERVICES NC II,With TR,MEDIUM,10,15,30,FRONT OFFICE SERVICES NC II
4397,REGION_VII,CEBU,"Lapu-Lapu City, Lone District",TOURISM (HOTEL AND RESTAURANT),ACCOMMODATION,ROOM ATTENDANT/ HOUSEKEEPING SPECIALIST,HOUSEKEEPING NC II,With TR,HIGH,30,50,100,HOUSEKEEPING NC II
4398,REGION_VII,CEBU,"Lapu-Lapu City, Lone District",TOURISM (HOTEL AND RESTAURANT),FOOD AND BEVERAGES,SERVICE ATTENDANTS ,CUSTOMER SERVICES NC II,With TR,LOW,3,5,150,CUSTOMER SERVICES NC II
4399,REGION_VII,CEBU,"Lapu-Lapu City, Lone District",TOURISM (HOTEL AND RESTAURANT),FOOD AND BEVERAGES,SERVICE CREW / FOOD ATTENDANTS / FB PRODUCTION / WAITER / WAITRESS,COOKERY NC II,With TR,HIGH,30,50,100,COOKERY NC II
4400,REGION_VII,CEBU,"Lapu-Lapu City, Lone District",TOURISM (HOTEL AND RESTAURANT),FOOD AND BEVERAGES,"SOUS CHEF, EXECUTIVE SOUS CHEF",FOOD PRODUCTION (PROFESSIONAL COOKERY) NC IV,With TR,LOW,3,5,150,FOOD PRODUCTION (PROFESSIONAL COOKERY) NC IV
4401,REGION_VII,CEBU,"Lapu-Lapu City, Lone District",TOURISM (HOTEL AND RESTAURANT),ACCOMMODATION,STEWARDS ,FRONT OFFICE SERVICES NC II,With TR,MEDIUM,10,15,30,FRONT OFFICE SERVICES NC II
4402,REGION_VII,CEBU,"Lapu-Lapu City, Lone District",TOURISM (HOTEL AND RESTAURANT),ACCOMMODATION,TELEPHONE OPERATOR,CUSTOMER SERVICES NC II,With TR,LOW,3,5,150,CUSTOMER SERVICES NC II
4403,REGION_VII,CEBU,"Lapu-Lapu City, Lone District",TOURISM (HOTEL AND RESTAURANT),ACCOMMODATION,THERMAL CLEANER,NO CORRESPONDING TVET PROGRAM,With TR,LOW,3,5,150,NO CORRESPONDING TVET PROGRAM
4404,REGION_VII,CEBU,"Lapu-Lapu City, Lone District",TOURISM (HOTEL AND RESTAURANT),TRAVEL AND TOUR,TOUR GUIDING,TOUR GUIDING SERVICES NC III,With TR,LOW,3,5,150,TOUR GUIDING SERVICES NC III
4405,REGION_VII,CEBU,"Lapu-Lapu City, Lone District",TOURISM (HOTEL AND RESTAURANT),TRAVEL AND TOURS,TOUR PACKAGING STAFF,TOUR PACKAGING (FIT AD HOC DOMESTIC) SERVICES NC II,With TR,LOW,3,5,150,TOUR PACKAGING (FIT AD HOC DOMESTIC) SERVICES NC II
4406,REGION_VII,CEBU,"Lapu-Lapu City, Lone District",TOURISM (HOTEL AND RESTAURANT),ACCOMMODATION,UPHOLSTERY CLEANER,HOUSEKEEPING NC II,With TR,HIGH,30,50,100,HOUSEKEEPING NC II
4411,REGION_VII,CEBU,"Lapu-Lapu City, Lone District",MANUFACTURING,SHIPBUILDING,WELDERS (SMAW),MANUAL METAL ARC WELDING (MMAW) NC I,With TR,HIGH,30,50,100,MANUAL METAL ARC WELDING (MMAW) NC I
4412,REGION_VII,CEBU,"Lapu-Lapu City, Lone District",MANUFACTURING,SHIPBUILDING,WELDERS (SMAW),MANUAL METAL ARC WELDING (MMAW) NC II,With TR,HIGH,30,50,100,MANUAL METAL ARC WELDING (MMAW) NC II
4413,REGION_VII,CEBU,"Lapu-Lapu City, Lone District",CONSTRUCTION,"VERTICAL CONSTRUCTION
HORIZONTAL CONSTRUCTION
INDUSTRY/INDUSTRIAL CONSTRUCTION
RESIDENTIAL CONSTRUCTION",DRAFTSMAN,TECHNICAL DRAFTING NC II,With TR,LOW,3,5,150,TECHNICAL DRAFTING NC II
4414,REGION_VII,CEBU,"Lapu-Lapu City, Lone District",MANUFACTURING,ELECTRICAL AND ELECTRONICS," _x000D_
 	_x000D_
MECHATRONICS AND AUTOMATION TECHNICIAN",MECHATRONICS SERVICING NC II,With TR,LOW,3,5,150,MECHATRONICS SERVICING NC II
4497,REGION_VII,CEBU,"Lapu-Lapu City, Lone District",MANUFACTURING,METALS AND ENGINEERING,INSTRUMENTATION TECHNICIAN,DIPLOMA PROGRAM IN MECHANICAL ENGINEERING TECHNOLOGY,Diploma Programs,MEDIUM,10,15,30,DIPLOMA PROGRAM IN MECHANICAL ENGINEERING TECHNOLOGY
4498,REGION_VII,CEBU,"Lapu-Lapu City, Lone District",MANUFACTURING,ELECTRICAL AND ELECTRONICS,RESIDENTIAL/COMMERCIAL WIRING TECHNICIAN,DIPLOMA PROGRAM IN ELECTRICAL ENGINEERING TECHNOLOGY,Diploma Programs,MEDIUM,10,15,30,DIPLOMA PROGRAM IN ELECTRICAL ENGINEERING TECHNOLOGY
4499,REGION_VII,CEBU,"Lapu-Lapu City, Lone District",MANUFACTURING,ELECTRICAL AND ELECTRONICS,INDUSTRIAL ELECTRONIC TECHNICIAN,DIPLOMA PROGRAM IN ELECTRONICS ENGINEERING TECHNOLOGY,Diploma Programs,MEDIUM,10,15,30,DIPLOMA PROGRAM IN ELECTRONICS ENGINEERING TECHNOLOGY
4500,REGION_VII,CEBU,"Lapu-Lapu City, Lone District",TOURISM (HOTEL AND RESTAURANT),ACCOMMODATION,HOTEL MANAGER,DIPLOMA PROGRAM IN HOTEL AND RESTAURANT TECHNOLOGY,Diploma Programs,HIGH,30,50,100,DIPLOMA PROGRAM IN HOTEL AND RESTAURANT TECHNOLOGY
4502,REGION_VII,CEBU,"Lapu-Lapu City, Lone District",CONSTRUCTION,"HORIZONTAL CONSTRUCTION, INDUSTRIAL CONSTRUCTION, EQUIPMENT OPERATIONS AND MAINTENANCE",BULLDOZER OPERATOR,HEAVY EQUIPMENT OPERATION (BULLDOZER) NC II,With TR,MEDIUM,10,15,30,HEAVY EQUIPMENT OPERATION (BULLDOZER) NC II
4503,REGION_VII,CEBU,"Lapu-Lapu City, Lone District",CONSTRUCTION,"HORIZONTAL CONSTRUCTION, RESIDENTIAL CONSTRUCTION, INDUSTRIAL CONSTRUCTION"," _x000D_
 	_x000D_
PV SYSTEMS INSTALLATION TECHNICIAN",PV SYSTEMS INSTALLATION NC II,With TR,MEDIUM,10,15,30,PV SYSTEMS INSTALLATION NC II
4512,REGION_VII,CEBU,"Lapu-Lapu City, Lone District",TOURISM (HOTEL AND RESTAURANT),"MICE (MEETINGS, INCENTIVES, CONFERENCES, AND EXHIBITIONS)","SENIOR MICE COORDINATOR , SENIOR SPECIAL EVENTS COORDINATOR",EVENTS MANAGEMENT SERVICES NC III,With TR,MEDIUM,10,15,30,EVENTS MANAGEMENT SERVICES NC III
4513,REGION_VII,CEBU,"Lapu-Lapu City, Lone District",CONSTRUCTION,"HORIZONTAL CONSTRUCTION, INDUSTRIAL CONSTRUCTION, EQUIPMENT OPERATIONS AND MAINTENANCE","MASONRY TECHNICIAN, PLUMBING TECHNICIAN, TECHNICAL DRAFTSMAN, REINFORCING STEELWORKS TECHNICIAN, PAINTING TECHNICIAN, TILE SETTING TECHNICIAN, CARPENTRY, TECHNICIAN, SCAFFOLDING AND FORMWORKS TECHNICIAN, CIVIL ENGINEERING TECHNOLOGIST",DIPLOMA PROGRAM IN CIVIL ENGINEERING TECHNOLOGY,Diploma Programs,LOW,3,5,150,DIPLOMA PROGRAM IN CIVIL ENGINEERING TECHNOLOGY
4514,REGION_VII,CEBU,"Lapu-Lapu City, Lone District",CONSTRUCTION,"HORIZONTAL CONSTRUCTION, INDUSTRIAL CONSTRUCTION, EQUIPMENT OPERATIONS AND MAINTENANCE","▪ BUILDING INSPECTOR ▪ CIVIL ENGINEERING DESIGN TECHNOLOGIST ▪ MATERIALS TESTING TECHNOLOGIST. ▪ CONSTRUCTION COORDINATOR, FOREMAN, OR SUPERINTENDENT ▪ ESTIMATOR ▪ TECHNICAL REPRESENTATIVE ▪ FIELD TECHNICAL ASSISTANT ▪ DRAFTSMAN/CAD OPERATOR ▪ REBAR FIXER ▪ BUILDING ELECTRICIAN ▪ BRICK LAYER/MASON ▪ PLUMBER",DIPLOMA PROGRAM IN CIVIL ENGINEERING TECHNOLOGY,Diploma Programs,MEDIUM,10,15,30,DIPLOMA PROGRAM IN CIVIL ENGINEERING TECHNOLOGY
4519,REGION_VII,CEBU,"Lapu-Lapu City, Lone District",TOURISM (HOTEL AND RESTAURANT),TRAVEL AND TOURS,"1.TOURISM OPERATIONS COORDINATOR
2.TRAVEL CONSULTANT/TOUR PLANNER/TRAVEL SALES EXECUTIVE/TOUR COORDINATOR/TOUR OPERATIONS ASSISTANT                                                                  
3.TOUR GUIDE/TOUR LEADER/TOUR COORDINATOR
4.TOURISM MARKETING OFFICER/SALES EXECUTIVE FOR TOURISM/DESTINATION MARKETING COORDINATOR
5.EVENT COORDINATOR/CATERING MANAGER
6.ECO-TOURISM COORDINATOR/SUSTAINABLE TOURISM OFFICER/NATURE TOUR GUIDE/ENVIRONMENTAL EDUCATION 
7.MICE COORDINATOR/CONFERENCE ORGANIZER
8.CRUISE OPERATIONS COORDINATOR/ADVENTURE TOUR GUIDE/CRUISE MANAGER/OUTDOOR ACTIVITY 
",DIPLOMA PROGRAM IN TOURISM MANAGEMENT,Diploma Programs,LOW,3,5,150,DIPLOMA PROGRAM IN TOURISM MANAGEMENT
4520,REGION_VII,CEBU,"Lapu-Lapu City, Lone District",TOURISM (HOTEL AND RESTAURANT),ACCOMMODATION,"1.FOOD AND BEVERAGE ATTENDANT / SERVER / BARTENDER / BARISTA /WAITSTAFF /F&B DIRECTOR/F&B OUTLET MANAGER                                                    _x000D_
2.HOTEL RECEPTIONIST/FRONT DESK AGENT_x000D_
3.GUEST SERVICES ASSOCIATE /HOTEL RECEPTIONIST/FRONT DESK AGENT_x000D_
4.ROOM ATTENDANT / HOUSEKEEPING ATTENDANT/PUBLIC AREA CLEANER_x000D_
5.EVENT COORDINATOR/EVENT ASSISTANT_x000D_
                                                   _x000D_
",DIPLOMA PROGRAM IN HOSPITALITY MANAGEMENT,Diploma Programs,LOW,3,5,150,DIPLOMA PROGRAM IN HOSPITALITY MANAGEMENT
