2009 PSIC Code,Region Description,Job Subsector,Total Male,Total Female,Paid Male,Paid Female,Unpaid Male,Unpaid Female,Section Letter,Job Sector
,Philippines,,,,,,,,D,"Electricity, Gas, Steam and Air Conditioning Supply"
D351,Philippines,"Electric power generation, transmission and distribution",46407.0,10049.0,46330.0,10023.0,76.0,26.0,D,"Electricity, Gas, Steam and Air Conditioning Supply"
D352,Philippines,Manufacture of gas; distribution of gaseous fuels through mains,,,,,,,D,"Electricity, Gas, Steam and Air Conditioning Supply"
,National Capital Region (NCR),,,,,,,,D,"Electricity, Gas, Steam and Air Conditioning Supply"
D351,National Capital Region (NCR),"Electric power generation, transmission and distribution",9547.0,1193.0,9547.0,1193.0,0.0,0.0,D,"Electricity, Gas, Steam and Air Conditioning Supply"
D352,National Capital Region (NCR),Manufacture of gas; distribution of gaseous fuels through mains,,,,,,,D,"Electricity, Gas, Steam and Air Conditioning Supply"
,Cordillera Administrative Region (CAR),,,,,,,,D,"Electricity, Gas, Steam and Air Conditioning Supply"
D351,Cordillera Administrative Region (CAR),"Electric power generation, transmission and distribution",1009.0,278.0,966.0,277.0,44.0,1.0,D,"Electricity, Gas, Steam and Air Conditioning Supply"
,Region I (Ilocos Region),,,,,,,,D,"Electricity, Gas, Steam and Air Conditioning Supply"
D351,Region I (Ilocos Region),"Electric power generation, transmission and distribution",3067.0,628.0,3067.0,628.0,0.0,0.0,D,"Electricity, Gas, Steam and Air Conditioning Supply"
,Region II (Cagayan Valley),,,,,,,,D,"Electricity, Gas, Steam and Air Conditioning Supply"
D351,Region II (Cagayan Valley),"Electric power generation, transmission and distribution",1756.0,389.0,1756.0,389.0,0.0,0.0,D,"Electricity, Gas, Steam and Air Conditioning Supply"
,Region III (Central Luzon),,,,,,,,D,"Electricity, Gas, Steam and Air Conditioning Supply"
D351,Region III (Central Luzon),"Electric power generation, transmission and distribution",4882.0,1260.0,4856.0,1246.0,26.0,14.0,D,"Electricity, Gas, Steam and Air Conditioning Supply"
,Region IV-A (CALABARZON),,,,,,,,D,"Electricity, Gas, Steam and Air Conditioning Supply"
D351,Region IV-A (CALABARZON),"Electric power generation, transmission and distribution",3471.0,823.0,3467.0,823.0,4.0,0.0,D,"Electricity, Gas, Steam and Air Conditioning Supply"
,MIMAROPA Region,,,,,,,,D,"Electricity, Gas, Steam and Air Conditioning Supply"
D351,MIMAROPA Region,"Electric power generation, transmission and distribution",1736.0,397.0,1735.0,392.0,2.0,5.0,D,"Electricity, Gas, Steam and Air Conditioning Supply"
,Region V (Bicol Region),,,,,,,,D,"Electricity, Gas, Steam and Air Conditioning Supply"
D351,Region V (Bicol Region),"Electric power generation, transmission and distribution",2790.0,688.0,2790.0,688.0,0.0,0.0,D,"Electricity, Gas, Steam and Air Conditioning Supply"
,Region VI (Western Visayas),,,,,,,,D,"Electricity, Gas, Steam and Air Conditioning Supply"
D351,Region VI (Western Visayas),"Electric power generation, transmission and distribution",3399.0,991.0,3399.0,991.0,0.0,0.0,D,"Electricity, Gas, Steam and Air Conditioning Supply"
,Region VII (Central Visayas),,,,,,,,D,"Electricity, Gas, Steam and Air Conditioning Supply"
D351,Region VII (Central Visayas),"Electric power generation, transmission and distribution",3383.0,686.0,3383.0,686.0,0.0,0.0,D,"Electricity, Gas, Steam and Air Conditioning Supply"
,Region VIII (Eastern Visayas),,,,,,,,D,"Electricity, Gas, Steam and Air Conditioning Supply"
D351,Region VIII (Eastern Visayas),"Electric power generation, transmission and distribution",1862.0,422.0,1862.0,422.0,0.0,0.0,D,"Electricity, Gas, Steam and Air Conditioning Supply"
,Region IX (Zamboanga Peninsula),,,,,,,,D,"Electricity, Gas, Steam and Air Conditioning Supply"
D351,Region IX (Zamboanga Peninsula),"Electric power generation, transmission and distribution",1654.0,377.0,1654.0,377.0,0.0,0.0,D,"Electricity, Gas, Steam and Air Conditioning Supply"
,Region X (Northern Mindanao),,,,,,,,D,"Electricity, Gas, Steam and Air Conditioning Supply"
D351,Region X (Northern Mindanao),"Electric power generation, transmission and distribution",3395.0,864.0,3395.0,864.0,0.0,0.0,D,"Electricity, Gas, Steam and Air Conditioning Supply"
,Region XI (Davao Region),,,,,,,,D,"Electricity, Gas, Steam and Air Conditioning Supply"
D351,Region XI (Davao Region),"Electric power generation, transmission and distribution",1509.0,364.0,1509.0,364.0,0.0,0.0,D,"Electricity, Gas, Steam and Air Conditioning Supply"
,Region XII (SOCCSKSARGEN),,,,,,,,D,"Electricity, Gas, Steam and Air Conditioning Supply"
D351,Region XII (SOCCSKSARGEN),"Electric power generation, transmission and distribution",1120.0,299.0,1120.0,299.0,0.0,0.0,D,"Electricity, Gas, Steam and Air Conditioning Supply"
,Region XIII (Caraga),,,,,,,,D,"Electricity, Gas, Steam and Air Conditioning Supply"
D351,Region XIII (Caraga),"Electric power generation, transmission and distribution",1202.0,285.0,1201.0,279.0,1.0,6.0,D,"Electricity, Gas, Steam and Air Conditioning Supply"
,Bangsamoro Autonomous Region in Muslim Mindanao (BARMM),,,,,,,,D,"Electricity, Gas, Steam and Air Conditioning Supply"
D351,Bangsamoro Autonomous Region in Muslim Mindanao (BARMM),"Electric power generation, transmission and distribution",625.0,105.0,625.0,105.0,0.0,0.0,D,"Electricity, Gas, Steam and Air Conditioning Supply"
,Philippines,,,,,,,,S,Other Service Activities
S951,Philippines,Repair of computers and communications equipment,1152.0,634.0,1115.0,611.0,37.0,22.0,S,Other Service Activities
S952,Philippines,Repair of personal and household goods,5320.0,2122.0,5192.0,2056.0,128.0,67.0,S,Other Service Activities
S961,Philippines,"Personal services for wellness, except sports activities",10917.0,30873.0,10646.0,30578.0,271.0,295.0,S,Other Service Activities
S962,Philippines,Laundry services,1167.0,6763.0,1105.0,6548.0,62.0,215.0,S,Other Service Activities
S963,Philippines,Funeral and related activities,6706.0,2371.0,6551.0,2269.0,155.0,101.0,S,Other Service Activities
S969,Philippines,"Other personal service activities, n.e.c.",350.0,390.0,340.0,380.0,10.0,10.0,S,Other Service Activities
,National Capital Region (NCR),,,,,,,,S,Other Service Activities
S951,National Capital Region (NCR),Repair of computers and communications equipment,677.0,283.0,677.0,283.0,0.0,0.0,S,Other Service Activities
S952,National Capital Region (NCR),Repair of personal and household goods,2008.0,952.0,1980.0,952.0,29.0,0.0,S,Other Service Activities
S961,National Capital Region (NCR),"Personal services for wellness, except sports activities",4843.0,14800.0,4814.0,14800.0,28.0,0.0,S,Other Service Activities
S962,National Capital Region (NCR),Laundry services,452.0,1703.0,431.0,1582.0,20.0,122.0,S,Other Service Activities
S963,National Capital Region (NCR),Funeral and related activities,808.0,341.0,752.0,340.0,56.0,1.0,S,Other Service Activities
S969,National Capital Region (NCR),"Other personal service activities, n.e.c.",173.0,174.0,173.0,174.0,0.0,0.0,S,Other Service Activities
,Cordillera Administrative Region (CAR),,,,,,,,S,Other Service Activities
S951,Cordillera Administrative Region (CAR),Repair of computers and communications equipment,12.0,10.0,12.0,7.0,0.0,3.0,S,Other Service Activities
S952,Cordillera Administrative Region (CAR),Repair of personal and household goods,36.0,8.0,30.0,6.0,6.0,2.0,S,Other Service Activities
S961,Cordillera Administrative Region (CAR),"Personal services for wellness, except sports activities",139.0,220.0,139.0,220.0,0.0,0.0,S,Other Service Activities
S962,Cordillera Administrative Region (CAR),Laundry services,125.0,67.0,125.0,67.0,0.0,0.0,S,Other Service Activities
S963,Cordillera Administrative Region (CAR),Funeral and related activities,94.0,35.0,70.0,10.0,24.0,25.0,S,Other Service Activities
S969,Cordillera Administrative Region (CAR),"Other personal service activities, n.e.c.",3.0,27.0,3.0,27.0,0.0,0.0,S,Other Service Activities
,Region I (Ilocos Region),,,,,,,,S,Other Service Activities
S951,Region I (Ilocos Region),Repair of computers and communications equipment,30.0,28.0,25.0,25.0,5.0,3.0,S,Other Service Activities
S952,Region I (Ilocos Region),Repair of personal and household goods,244.0,58.0,236.0,53.0,8.0,5.0,S,Other Service Activities
S961,Region I (Ilocos Region),"Personal services for wellness, except sports activities",534.0,442.0,497.0,442.0,37.0,0.0,S,Other Service Activities
S962,Region I (Ilocos Region),Laundry services,0.0,315.0,0.0,298.0,0.0,18.0,S,Other Service Activities
S963,Region I (Ilocos Region),Funeral and related activities,364.0,98.0,364.0,87.0,0.0,11.0,S,Other Service Activities
S969,Region I (Ilocos Region),"Other personal service activities, n.e.c.",8.0,0.0,8.0,0.0,0.0,0.0,S,Other Service Activities
,Region II (Cagayan Valley),,,,,,,,S,Other Service Activities
S951,Region II (Cagayan Valley),Repair of computers and communications equipment,20.0,12.0,20.0,12.0,0.0,0.0,S,Other Service Activities
S952,Region II (Cagayan Valley),Repair of personal and household goods,112.0,38.0,110.0,37.0,2.0,1.0,S,Other Service Activities
S961,Region II (Cagayan Valley),"Personal services for wellness, except sports activities",164.0,219.0,164.0,199.0,0.0,20.0,S,Other Service Activities
S962,Region II (Cagayan Valley),Laundry services,0.0,131.0,0.0,131.0,0.0,0.0,S,Other Service Activities
S963,Region II (Cagayan Valley),Funeral and related activities,149.0,40.0,149.0,40.0,0.0,0.0,S,Other Service Activities
S969,Region II (Cagayan Valley),"Other personal service activities, n.e.c.",,,,,,,S,Other Service Activities
,Region III (Central Luzon),,,,,,,,S,Other Service Activities
S951,Region III (Central Luzon),Repair of computers and communications equipment,105.0,68.0,99.0,63.0,5.0,5.0,S,Other Service Activities
S952,Region III (Central Luzon),Repair of personal and household goods,357.0,114.0,340.0,113.0,17.0,1.0,S,Other Service Activities
S961,Region III (Central Luzon),"Personal services for wellness, except sports activities",775.0,2627.0,755.0,2607.0,19.0,20.0,S,Other Service Activities
S962,Region III (Central Luzon),Laundry services,181.0,675.0,181.0,673.0,0.0,2.0,S,Other Service Activities
S963,Region III (Central Luzon),Funeral and related activities,776.0,183.0,752.0,183.0,25.0,0.0,S,Other Service Activities
S969,Region III (Central Luzon),"Other personal service activities, n.e.c.",11.0,7.0,11.0,7.0,0.0,0.0,S,Other Service Activities
,Region IV-A (CALABARZON),,,,,,,,S,Other Service Activities
S951,Region IV-A (CALABARZON),Repair of computers and communications equipment,53.0,52.0,48.0,49.0,5.0,3.0,S,Other Service Activities
S952,Region IV-A (CALABARZON),Repair of personal and household goods,688.0,272.0,688.0,268.0,0.0,4.0,S,Other Service Activities
S961,Region IV-A (CALABARZON),"Personal services for wellness, except sports activities",1510.0,4978.0,1461.0,4855.0,49.0,123.0,S,Other Service Activities
S962,Region IV-A (CALABARZON),Laundry services,182.0,1212.0,182.0,1212.0,0.0,0.0,S,Other Service Activities
S963,Region IV-A (CALABARZON),Funeral and related activities,1840.0,444.0,1835.0,444.0,5.0,0.0,S,Other Service Activities
S969,Region IV-A (CALABARZON),"Other personal service activities, n.e.c.",59.0,70.0,59.0,70.0,0.0,0.0,S,Other Service Activities
,MIMAROPA Region,,,,,,,,S,Other Service Activities
S951,MIMAROPA Region,Repair of computers and communications equipment,4.0,7.0,4.0,7.0,0.0,0.0,S,Other Service Activities
S952,MIMAROPA Region,Repair of personal and household goods,31.0,8.0,31.0,7.0,0.0,1.0,S,Other Service Activities
S961,MIMAROPA Region,"Personal services for wellness, except sports activities",76.0,109.0,76.0,109.0,0.0,0.0,S,Other Service Activities
S962,MIMAROPA Region,Laundry services,0.0,28.0,0.0,28.0,0.0,0.0,S,Other Service Activities
S963,MIMAROPA Region,Funeral and related activities,142.0,67.0,142.0,66.0,0.0,1.0,S,Other Service Activities
S969,MIMAROPA Region,"Other personal service activities, n.e.c.",,,,,,,S,Other Service Activities
,Region V (Bicol Region),,,,,,,,S,Other Service Activities
S951,Region V (Bicol Region),Repair of computers and communications equipment,31.0,24.0,30.0,23.0,1.0,1.0,S,Other Service Activities
S952,Region V (Bicol Region),Repair of personal and household goods,116.0,69.0,111.0,57.0,6.0,12.0,S,Other Service Activities
S961,Region V (Bicol Region),"Personal services for wellness, except sports activities",214.0,586.0,194.0,544.0,20.0,42.0,S,Other Service Activities
S962,Region V (Bicol Region),Laundry services,0.0,116.0,0.0,116.0,0.0,0.0,S,Other Service Activities
S963,Region V (Bicol Region),Funeral and related activities,358.0,133.0,358.0,133.0,0.0,0.0,S,Other Service Activities
S969,Region V (Bicol Region),"Other personal service activities, n.e.c.",,,,,,,S,Other Service Activities
,Region VI (Western Visayas),,,,,,,,S,Other Service Activities
S951,Region VI (Western Visayas),Repair of computers and communications equipment,88.0,63.0,84.0,60.0,4.0,3.0,S,Other Service Activities
S952,Region VI (Western Visayas),Repair of personal and household goods,334.0,142.0,329.0,140.0,5.0,2.0,S,Other Service Activities
S961,Region VI (Western Visayas),"Personal services for wellness, except sports activities",454.0,1118.0,454.0,1101.0,0.0,17.0,S,Other Service Activities
S962,Region VI (Western Visayas),Laundry services,122.0,766.0,99.0,766.0,23.0,0.0,S,Other Service Activities
S963,Region VI (Western Visayas),Funeral and related activities,403.0,197.0,387.0,182.0,17.0,16.0,S,Other Service Activities
S969,Region VI (Western Visayas),"Other personal service activities, n.e.c.",17.0,25.0,17.0,25.0,0.0,0.0,S,Other Service Activities
,Region VII (Central Visayas),,,,,,,,S,Other Service Activities
S951,Region VII (Central Visayas),Repair of computers and communications equipment,30.0,21.0,30.0,20.0,0.0,1.0,S,Other Service Activities
S952,Region VII (Central Visayas),Repair of personal and household goods,486.0,171.0,465.0,152.0,21.0,20.0,S,Other Service Activities
S961,Region VII (Central Visayas),"Personal services for wellness, except sports activities",656.0,2706.0,656.0,2681.0,0.0,25.0,S,Other Service Activities
S962,Region VII (Central Visayas),Laundry services,19.0,533.0,18.0,533.0,1.0,0.0,S,Other Service Activities
S963,Region VII (Central Visayas),Funeral and related activities,538.0,242.0,538.0,242.0,0.0,0.0,S,Other Service Activities
S969,Region VII (Central Visayas),"Other personal service activities, n.e.c.",24.0,24.0,24.0,24.0,0.0,0.0,S,Other Service Activities
,Region VIII (Eastern Visayas),,,,,,,,S,Other Service Activities
S951,Region VIII (Eastern Visayas),Repair of computers and communications equipment,4.0,6.0,4.0,6.0,0.0,0.0,S,Other Service Activities
S952,Region VIII (Eastern Visayas),Repair of personal and household goods,76.0,26.0,74.0,26.0,2.0,0.0,S,Other Service Activities
S961,Region VIII (Eastern Visayas),"Personal services for wellness, except sports activities",147.0,186.0,147.0,186.0,0.0,0.0,S,Other Service Activities
S962,Region VIII (Eastern Visayas),Laundry services,41.0,197.0,41.0,179.0,0.0,19.0,S,Other Service Activities
S963,Region VIII (Eastern Visayas),Funeral and related activities,238.0,92.0,222.0,60.0,16.0,33.0,S,Other Service Activities
S969,Region VIII (Eastern Visayas),"Other personal service activities, n.e.c.",,,,,,,S,Other Service Activities
,Region IX (Zamboanga Peninsula),,,,,,,,S,Other Service Activities
S951,Region IX (Zamboanga Peninsula),Repair of computers and communications equipment,9.0,8.0,9.0,8.0,0.0,0.0,S,Other Service Activities
S952,Region IX (Zamboanga Peninsula),Repair of personal and household goods,121.0,37.0,115.0,37.0,6.0,0.0,S,Other Service Activities
S961,Region IX (Zamboanga Peninsula),"Personal services for wellness, except sports activities",230.0,444.0,217.0,419.0,12.0,25.0,S,Other Service Activities
S962,Region IX (Zamboanga Peninsula),Laundry services,0.0,61.0,0.0,48.0,0.0,13.0,S,Other Service Activities
S963,Region IX (Zamboanga Peninsula),Funeral and related activities,129.0,15.0,116.0,14.0,13.0,1.0,S,Other Service Activities
S969,Region IX (Zamboanga Peninsula),"Other personal service activities, n.e.c.",17.0,28.0,17.0,28.0,0.0,0.0,S,Other Service Activities
,Region X (Northern Mindanao),,,,,,,,S,Other Service Activities
S951,Region X (Northern Mindanao),Repair of computers and communications equipment,28.0,9.0,19.0,9.0,9.0,0.0,S,Other Service Activities
S952,Region X (Northern Mindanao),Repair of personal and household goods,207.0,81.0,201.0,72.0,6.0,9.0,S,Other Service Activities
S961,Region X (Northern Mindanao),"Personal services for wellness, except sports activities",271.0,896.0,271.0,896.0,0.0,0.0,S,Other Service Activities
S962,Region X (Northern Mindanao),Laundry services,26.0,161.0,7.0,141.0,19.0,21.0,S,Other Service Activities
S963,Region X (Northern Mindanao),Funeral and related activities,184.0,139.0,180.0,135.0,4.0,4.0,S,Other Service Activities
S969,Region X (Northern Mindanao),"Other personal service activities, n.e.c.",,,,,,,S,Other Service Activities
,Region XI (Davao Region),,,,,,,,S,Other Service Activities
S951,Region XI (Davao Region),Repair of computers and communications equipment,41.0,25.0,37.0,24.0,4.0,1.0,S,Other Service Activities
S952,Region XI (Davao Region),Repair of personal and household goods,250.0,80.0,237.0,75.0,13.0,5.0,S,Other Service Activities
S961,Region XI (Davao Region),"Personal services for wellness, except sports activities",419.0,746.0,419.0,723.0,0.0,23.0,S,Other Service Activities
S962,Region XI (Davao Region),Laundry services,3.0,593.0,3.0,571.0,0.0,22.0,S,Other Service Activities
S963,Region XI (Davao Region),Funeral and related activities,352.0,225.0,352.0,210.0,0.0,15.0,S,Other Service Activities
S969,Region XI (Davao Region),"Other personal service activities, n.e.c.",15.0,10.0,15.0,10.0,0.0,0.0,S,Other Service Activities
,Region XII (SOCCSKSARGEN),,,,,,,,S,Other Service Activities
S951,Region XII (SOCCSKSARGEN),Repair of computers and communications equipment,13.0,8.0,12.0,7.0,1.0,1.0,S,Other Service Activities
S952,Region XII (SOCCSKSARGEN),Repair of personal and household goods,120.0,40.0,114.0,35.0,6.0,5.0,S,Other Service Activities
S961,Region XII (SOCCSKSARGEN),"Personal services for wellness, except sports activities",314.0,442.0,314.0,442.0,0.0,0.0,S,Other Service Activities
S962,Region XII (SOCCSKSARGEN),Laundry services,18.0,89.0,18.0,89.0,0.0,0.0,S,Other Service Activities
S963,Region XII (SOCCSKSARGEN),Funeral and related activities,217.0,81.0,217.0,81.0,0.0,0.0,S,Other Service Activities
S969,Region XII (SOCCSKSARGEN),"Other personal service activities, n.e.c.",12.0,10.0,7.0,5.0,5.0,5.0,S,Other Service Activities
,Region XIII (Caraga),,,,,,,,S,Other Service Activities
S951,Region XIII (Caraga),Repair of computers and communications equipment,5.0,9.0,5.0,9.0,0.0,0.0,S,Other Service Activities
S952,Region XIII (Caraga),Repair of personal and household goods,103.0,20.0,102.0,20.0,2.0,0.0,S,Other Service Activities
S961,Region XIII (Caraga),"Personal services for wellness, except sports activities",48.0,320.0,48.0,320.0,0.0,0.0,S,Other Service Activities
S962,Region XIII (Caraga),Laundry services,0.0,103.0,0.0,103.0,0.0,0.0,S,Other Service Activities
S963,Region XIII (Caraga),Funeral and related activities,108.0,46.0,107.0,46.0,1.0,0.0,S,Other Service Activities
S969,Region XIII (Caraga),"Other personal service activities, n.e.c.",,,,,,,S,Other Service Activities
,Bangsamoro Autonomous Region in Muslim Mindanao (BARMM),,,,,,,,S,Other Service Activities
S951,Bangsamoro Autonomous Region in Muslim Mindanao (BARMM),Repair of computers and communications equipment,32.0,8.0,29.0,7.0,3.0,1.0,S,Other Service Activities
S952,Bangsamoro Autonomous Region in Muslim Mindanao (BARMM),Repair of personal and household goods,,,,,,,S,Other Service Activities
S961,Bangsamoro Autonomous Region in Muslim Mindanao (BARMM),"Personal services for wellness, except sports activities",124.0,34.0,20.0,34.0,105.0,0.0,S,Other Service Activities
S962,Bangsamoro Autonomous Region in Muslim Mindanao (BARMM),Laundry services,0.0,13.0,0.0,13.0,0.0,0.0,S,Other Service Activities
S963,Bangsamoro Autonomous Region in Muslim Mindanao (BARMM),Funeral and related activities,18.0,8.0,18.0,8.0,0.0,0.0,S,Other Service Activities
,Philippines,,,,,,,,H,Transportation and Storage
H491,Philippines,Transport via railways,3224.0,1495.0,3224.0,1495.0,0.0,0.0,H,Transportation and Storage
H492,Philippines,Transport via buses,22660.0,1963.0,22422.0,1937.0,238.0,26.0,H,Transportation and Storage
H493,Philippines,Other land transport,28526.0,4193.0,28062.0,4114.0,465.0,79.0,H,Transportation and Storage
H501,Philippines,Sea and coastal water transport,15297.0,3125.0,15067.0,3089.0,230.0,35.0,H,Transportation and Storage
H502,Philippines,Inland water transport,241.0,50.0,224.0,49.0,17.0,1.0,H,Transportation and Storage
H511,Philippines,Passenger air transport,5373.0,5313.0,5373.0,5313.0,0.0,0.0,H,Transportation and Storage
H512,Philippines,Freight air transport,,,,,,,H,Transportation and Storage
H521,Philippines,Warehousing and storage,11001.0,4113.0,10989.0,4103.0,12.0,10.0,H,Transportation and Storage
H522,Philippines,Support activities for transportation,56687.0,28786.0,56596.0,28756.0,90.0,30.0,H,Transportation and Storage
H531,Philippines,Postal activities,,,,,,,H,Transportation and Storage
H532,Philippines,Courier activities,16381.0,6121.0,16363.0,6095.0,18.0,27.0,H,Transportation and Storage
,National Capital Region (NCR),,,,,,,,H,Transportation and Storage
H491,National Capital Region (NCR),Transport via railways,3224.0,1495.0,3224.0,1495.0,0.0,0.0,H,Transportation and Storage
H492,National Capital Region (NCR),Transport via buses,6480.0,529.0,6326.0,529.0,154.0,0.0,H,Transportation and Storage
H493,National Capital Region (NCR),Other land transport,8104.0,1579.0,8099.0,1569.0,5.0,10.0,H,Transportation and Storage
H501,National Capital Region (NCR),Sea and coastal water transport,5610.0,1253.0,5600.0,1252.0,10.0,1.0,H,Transportation and Storage
H502,National Capital Region (NCR),Inland water transport,,,,,,,H,Transportation and Storage
H511,National Capital Region (NCR),Passenger air transport,5346.0,5303.0,5346.0,5303.0,0.0,0.0,H,Transportation and Storage
H512,National Capital Region (NCR),Freight air transport,,,,,,,H,Transportation and Storage
H521,National Capital Region (NCR),Warehousing and storage,2230.0,1010.0,2230.0,1002.0,0.0,8.0,H,Transportation and Storage
H522,National Capital Region (NCR),Support activities for transportation,38853.0,23607.0,38836.0,23595.0,16.0,12.0,H,Transportation and Storage
H531,National Capital Region (NCR),Postal activities,,,,,,,H,Transportation and Storage
H532,National Capital Region (NCR),Courier activities,15413.0,5789.0,15404.0,5771.0,9.0,18.0,H,Transportation and Storage
,Cordillera Administrative Region (CAR),,,,,,,,H,Transportation and Storage
H492,Cordillera Administrative Region (CAR),Transport via buses,65.0,11.0,62.0,10.0,3.0,1.0,H,Transportation and Storage
H493,Cordillera Administrative Region (CAR),Other land transport,43.0,9.0,42.0,8.0,1.0,1.0,H,Transportation and Storage
H522,Cordillera Administrative Region (CAR),Support activities for transportation,,,,,,,H,Transportation and Storage
H532,Cordillera Administrative Region (CAR),Courier activities,,,,,,,H,Transportation and Storage
,Region I (Ilocos Region),,,,,,,,H,Transportation and Storage
H492,Region I (Ilocos Region),Transport via buses,1198.0,88.0,1184.0,86.0,14.0,2.0,H,Transportation and Storage
H493,Region I (Ilocos Region),Other land transport,527.0,70.0,500.0,59.0,27.0,11.0,H,Transportation and Storage
H521,Region I (Ilocos Region),Warehousing and storage,90.0,29.0,80.0,29.0,10.0,0.0,H,Transportation and Storage
H522,Region I (Ilocos Region),Support activities for transportation,266.0,14.0,266.0,13.0,0.0,2.0,H,Transportation and Storage
H532,Region I (Ilocos Region),Courier activities,34.0,4.0,31.0,4.0,4.0,0.0,H,Transportation and Storage
,Region II (Cagayan Valley),,,,,,,,H,Transportation and Storage
H492,Region II (Cagayan Valley),Transport via buses,30.0,5.0,30.0,2.0,0.0,3.0,H,Transportation and Storage
H493,Region II (Cagayan Valley),Other land transport,,,,,,,H,Transportation and Storage
H501,Region II (Cagayan Valley),Sea and coastal water transport,205.0,41.0,198.0,36.0,7.0,5.0,H,Transportation and Storage
H511,Region II (Cagayan Valley),Passenger air transport,,,,,,,H,Transportation and Storage
H522,Region II (Cagayan Valley),Support activities for transportation,87.0,13.0,87.0,13.0,0.0,0.0,H,Transportation and Storage
,Region III (Central Luzon),,,,,,,,H,Transportation and Storage
H492,Region III (Central Luzon),Transport via buses,1959.0,299.0,1959.0,299.0,0.0,0.0,H,Transportation and Storage
H493,Region III (Central Luzon),Other land transport,3643.0,555.0,3634.0,545.0,10.0,10.0,H,Transportation and Storage
H521,Region III (Central Luzon),Warehousing and storage,1093.0,275.0,1091.0,275.0,2.0,0.0,H,Transportation and Storage
H522,Region III (Central Luzon),Support activities for transportation,1758.0,1042.0,1758.0,1042.0,0.0,0.0,H,Transportation and Storage
H532,Region III (Central Luzon),Courier activities,86.0,38.0,86.0,38.0,0.0,0.0,H,Transportation and Storage
,Region IV-A (CALABARZON),,,,,,,,H,Transportation and Storage
H492,Region IV-A (CALABARZON),Transport via buses,2846.0,200.0,2789.0,185.0,57.0,15.0,H,Transportation and Storage
H493,Region IV-A (CALABARZON),Other land transport,6352.0,605.0,6246.0,603.0,106.0,2.0,H,Transportation and Storage
H501,Region IV-A (CALABARZON),Sea and coastal water transport,1336.0,430.0,1336.0,430.0,0.0,0.0,H,Transportation and Storage
H521,Region IV-A (CALABARZON),Warehousing and storage,1354.0,380.0,1354.0,380.0,0.0,0.0,H,Transportation and Storage
H522,Region IV-A (CALABARZON),Support activities for transportation,3037.0,1499.0,3037.0,1499.0,0.0,0.0,H,Transportation and Storage
H532,Region IV-A (CALABARZON),Courier activities,448.0,50.0,443.0,45.0,6.0,6.0,H,Transportation and Storage
,MIMAROPA Region,,,,,,,,H,Transportation and Storage
H492,MIMAROPA Region,Transport via buses,,,,,,,H,Transportation and Storage
H493,MIMAROPA Region,Other land transport,210.0,20.0,188.0,20.0,22.0,0.0,H,Transportation and Storage
H501,MIMAROPA Region,Sea and coastal water transport,,,,,,,H,Transportation and Storage
H502,MIMAROPA Region,Inland water transport,38.0,2.0,38.0,2.0,0.0,0.0,H,Transportation and Storage
H521,MIMAROPA Region,Warehousing and storage,,,,,,,H,Transportation and Storage
H522,MIMAROPA Region,Support activities for transportation,238.0,36.0,238.0,36.0,0.0,0.0,H,Transportation and Storage
H532,MIMAROPA Region,Courier activities,,,,,,,H,Transportation and Storage
,Region V (Bicol Region),,,,,,,,H,Transportation and Storage
H492,Region V (Bicol Region),Transport via buses,318.0,63.0,318.0,63.0,0.0,0.0,H,Transportation and Storage
H493,Region V (Bicol Region),Other land transport,282.0,75.0,273.0,75.0,9.0,0.0,H,Transportation and Storage
H501,Region V (Bicol Region),Sea and coastal water transport,705.0,104.0,697.0,104.0,9.0,0.0,H,Transportation and Storage
H502,Region V (Bicol Region),Inland water transport,,,,,,,H,Transportation and Storage
H521,Region V (Bicol Region),Warehousing and storage,79.0,50.0,79.0,50.0,0.0,0.0,H,Transportation and Storage
H522,Region V (Bicol Region),Support activities for transportation,235.0,39.0,205.0,39.0,30.0,0.0,H,Transportation and Storage
H532,Region V (Bicol Region),Courier activities,,,,,,,H,Transportation and Storage
,Region VI (Western Visayas),,,,,,,,H,Transportation and Storage
H492,Region VI (Western Visayas),Transport via buses,1874.0,63.0,1874.0,63.0,0.0,0.0,H,Transportation and Storage
H493,Region VI (Western Visayas),Other land transport,1277.0,209.0,1272.0,203.0,5.0,6.0,H,Transportation and Storage
H501,Region VI (Western Visayas),Sea and coastal water transport,128.0,41.0,126.0,40.0,2.0,1.0,H,Transportation and Storage
H502,Region VI (Western Visayas),Inland water transport,14.0,10.0,14.0,10.0,0.0,0.0,H,Transportation and Storage
H521,Region VI (Western Visayas),Warehousing and storage,118.0,30.0,118.0,30.0,0.0,0.0,H,Transportation and Storage
H522,Region VI (Western Visayas),Support activities for transportation,779.0,152.0,779.0,152.0,0.0,0.0,H,Transportation and Storage
H532,Region VI (Western Visayas),Courier activities,35.0,52.0,35.0,52.0,0.0,0.0,H,Transportation and Storage
,Region VII (Central Visayas),,,,,,,,H,Transportation and Storage
H492,Region VII (Central Visayas),Transport via buses,743.0,163.0,743.0,163.0,0.0,0.0,H,Transportation and Storage
H493,Region VII (Central Visayas),Other land transport,1917.0,283.0,1892.0,276.0,24.0,8.0,H,Transportation and Storage
H501,Region VII (Central Visayas),Sea and coastal water transport,6495.0,1069.0,6295.0,1044.0,200.0,25.0,H,Transportation and Storage
H502,Region VII (Central Visayas),Inland water transport,,,,,,,H,Transportation and Storage
H511,Region VII (Central Visayas),Passenger air transport,,,,,,,H,Transportation and Storage
H521,Region VII (Central Visayas),Warehousing and storage,5583.0,2181.0,5583.0,2181.0,0.0,0.0,H,Transportation and Storage
H522,Region VII (Central Visayas),Support activities for transportation,4285.0,1421.0,4283.0,1421.0,2.0,0.0,H,Transportation and Storage
H532,Region VII (Central Visayas),Courier activities,25.0,14.0,25.0,14.0,0.0,0.0,H,Transportation and Storage
,Region VIII (Eastern Visayas),,,,,,,,H,Transportation and Storage
H492,Region VIII (Eastern Visayas),Transport via buses,224.0,22.0,215.0,17.0,9.0,5.0,H,Transportation and Storage
H493,Region VIII (Eastern Visayas),Other land transport,550.0,102.0,550.0,102.0,0.0,0.0,H,Transportation and Storage
H501,Region VIII (Eastern Visayas),Sea and coastal water transport,,,,,,,H,Transportation and Storage
H502,Region VIII (Eastern Visayas),Inland water transport,149.0,3.0,134.0,2.0,15.0,1.0,H,Transportation and Storage
H521,Region VIII (Eastern Visayas),Warehousing and storage,,,,,,,H,Transportation and Storage
H522,Region VIII (Eastern Visayas),Support activities for transportation,376.0,22.0,365.0,20.0,11.0,2.0,H,Transportation and Storage
H532,Region VIII (Eastern Visayas),Courier activities,,,,,,,H,Transportation and Storage
,Region IX (Zamboanga Peninsula),,,,,,,,H,Transportation and Storage
H492,Region IX (Zamboanga Peninsula),Transport via buses,47.0,3.0,47.0,3.0,0.0,0.0,H,Transportation and Storage
H493,Region IX (Zamboanga Peninsula),Other land transport,164.0,17.0,159.0,13.0,5.0,5.0,H,Transportation and Storage
H501,Region IX (Zamboanga Peninsula),Sea and coastal water transport,444.0,115.0,443.0,112.0,2.0,3.0,H,Transportation and Storage
H521,Region IX (Zamboanga Peninsula),Warehousing and storage,123.0,45.0,123.0,45.0,0.0,0.0,H,Transportation and Storage
H522,Region IX (Zamboanga Peninsula),Support activities for transportation,458.0,91.0,440.0,81.0,18.0,10.0,H,Transportation and Storage
,Region X (Northern Mindanao),,,,,,,,H,Transportation and Storage
H492,Region X (Northern Mindanao),Transport via buses,5162.0,319.0,5162.0,319.0,0.0,0.0,H,Transportation and Storage
H493,Region X (Northern Mindanao),Other land transport,596.0,129.0,581.0,115.0,15.0,15.0,H,Transportation and Storage
H501,Region X (Northern Mindanao),Sea and coastal water transport,,,,,,,H,Transportation and Storage
H521,Region X (Northern Mindanao),Warehousing and storage,94.0,44.0,94.0,42.0,0.0,2.0,H,Transportation and Storage
H522,Region X (Northern Mindanao),Support activities for transportation,1476.0,184.0,1473.0,180.0,3.0,4.0,H,Transportation and Storage
H532,Region X (Northern Mindanao),Courier activities,,,,,,,H,Transportation and Storage
,Region XI (Davao Region),,,,,,,,H,Transportation and Storage
H492,Region XI (Davao Region),Transport via buses,960.0,106.0,959.0,106.0,1.0,0.0,H,Transportation and Storage
H493,Region XI (Davao Region),Other land transport,3854.0,427.0,3619.0,420.0,235.0,7.0,H,Transportation and Storage
H501,Region XI (Davao Region),Sea and coastal water transport,116.0,28.0,116.0,28.0,0.0,0.0,H,Transportation and Storage
H511,Region XI (Davao Region),Passenger air transport,,,,,,,H,Transportation and Storage
H521,Region XI (Davao Region),Warehousing and storage,143.0,35.0,143.0,35.0,0.0,0.0,H,Transportation and Storage
H522,Region XI (Davao Region),Support activities for transportation,4015.0,514.0,4008.0,514.0,8.0,0.0,H,Transportation and Storage
H532,Region XI (Davao Region),Courier activities,,,,,,,H,Transportation and Storage
,Region XII (SOCCSKSARGEN),,,,,,,,H,Transportation and Storage
H492,Region XII (SOCCSKSARGEN),Transport via buses,743.0,93.0,743.0,93.0,0.0,0.0,H,Transportation and Storage
H493,Region XII (SOCCSKSARGEN),Other land transport,670.0,95.0,669.0,93.0,1.0,2.0,H,Transportation and Storage
H501,Region XII (SOCCSKSARGEN),Sea and coastal water transport,,,,,,,H,Transportation and Storage
H521,Region XII (SOCCSKSARGEN),Warehousing and storage,,,,,,,H,Transportation and Storage
H522,Region XII (SOCCSKSARGEN),Support activities for transportation,569.0,112.0,566.0,112.0,2.0,0.0,H,Transportation and Storage
H532,Region XII (SOCCSKSARGEN),Courier activities,,,,,,,H,Transportation and Storage
,Region XIII (Caraga),,,,,,,,H,Transportation and Storage
H493,Region XIII (Caraga),Other land transport,250.0,16.0,249.0,13.0,2.0,3.0,H,Transportation and Storage
H501,Region XIII (Caraga),Sea and coastal water transport,,,,,,,H,Transportation and Storage
H522,Region XIII (Caraga),Support activities for transportation,196.0,28.0,196.0,28.0,0.0,0.0,H,Transportation and Storage
H532,Region XIII (Caraga),Courier activities,,,,,,,H,Transportation and Storage
,Bangsamoro Autonomous Region in Muslim Mindanao (BARMM),,,,,,,,H,Transportation and Storage
H522,Bangsamoro Autonomous Region in Muslim Mindanao (BARMM),Support activities for transportation,50.0,8.0,50.0,8.0,0.0,0.0,H,Transportation and Storage
,Philippines,,,,,,,,G,Wholesale and Retail Trade; Repair of Motor Vehicles and Motorcycles
G451,Philippines,Sale of motor vehicles,25260.0,14763.0,25178.0,14736.0,82.0,27.0,G,Wholesale and Retail Trade; Repair of Motor Vehicles and Motorcycles
G452,Philippines,Maintenance and repair of motor vehicles,13751.0,3365.0,13322.0,3219.0,429.0,146.0,G,Wholesale and Retail Trade; Repair of Motor Vehicles and Motorcycles
G453,Philippines,Sale of motor vehicle parts and accessories,21721.0,10186.0,20985.0,10064.0,736.0,121.0,G,Wholesale and Retail Trade; Repair of Motor Vehicles and Motorcycles
G454,Philippines,"Sale, maintenance and repair of motorcycles and related parts and accessories",38551.0,23755.0,38188.0,23518.0,362.0,237.0,G,Wholesale and Retail Trade; Repair of Motor Vehicles and Motorcycles
G461,Philippines,Wholesale on a fee or contract basis,5922.0,3840.0,5907.0,3829.0,15.0,11.0,G,Wholesale and Retail Trade; Repair of Motor Vehicles and Motorcycles
G462,Philippines,Wholesale of agricultural raw materials and live animals,12193.0,5676.0,11928.0,5414.0,265.0,262.0,G,Wholesale and Retail Trade; Repair of Motor Vehicles and Motorcycles
G463,Philippines,"Wholesale of food, beverages and tobacco",51082.0,21362.0,50712.0,21164.0,370.0,198.0,G,Wholesale and Retail Trade; Repair of Motor Vehicles and Motorcycles
G464,Philippines,Wholesale of household goods,47650.0,41403.0,47515.0,41085.0,135.0,317.0,G,Wholesale and Retail Trade; Repair of Motor Vehicles and Motorcycles
G465,Philippines,"Wholesale of machinery, equipment and supplies",29287.0,16691.0,29202.0,16604.0,85.0,87.0,G,Wholesale and Retail Trade; Repair of Motor Vehicles and Motorcycles
G466,Philippines,Other specialized wholesale,49163.0,19872.0,48814.0,19403.0,349.0,469.0,G,Wholesale and Retail Trade; Repair of Motor Vehicles and Motorcycles
G469,Philippines,Non-specialized wholesale trade,365.0,273.0,365.0,273.0,0.0,0.0,G,Wholesale and Retail Trade; Repair of Motor Vehicles and Motorcycles
G471,Philippines,Retail sale in non-specialized stores,94134.0,127951.0,93159.0,125882.0,975.0,2070.0,G,Wholesale and Retail Trade; Repair of Motor Vehicles and Motorcycles
G472,Philippines,"Retail sale of food, beverages and tobacco in specialized stores",26600.0,23410.0,26114.0,22758.0,486.0,651.0,G,Wholesale and Retail Trade; Repair of Motor Vehicles and Motorcycles
G473,Philippines,Retail sale of automotive fuel in specialized stores,43905.0,22612.0,43807.0,22405.0,98.0,207.0,G,Wholesale and Retail Trade; Repair of Motor Vehicles and Motorcycles
G474,Philippines,Retail sale of information and communications equipment in specialized stores,15462.0,19299.0,15245.0,19207.0,217.0,91.0,G,Wholesale and Retail Trade; Repair of Motor Vehicles and Motorcycles
G475,Philippines,Retail sale of other household equipment in specialized stores,101035.0,62494.0,98295.0,60490.0,2740.0,2005.0,G,Wholesale and Retail Trade; Repair of Motor Vehicles and Motorcycles
G476,Philippines,Retail sale of cultural and recreation goods in specialized stores,7480.0,11292.0,7259.0,11093.0,222.0,199.0,G,Wholesale and Retail Trade; Repair of Motor Vehicles and Motorcycles
G477,Philippines,Retail sale of other goods in specialized stores,79672.0,113945.0,78332.0,112497.0,1340.0,1448.0,G,Wholesale and Retail Trade; Repair of Motor Vehicles and Motorcycles
G479,Philippines,"Retail trade not in stores, stalls or markets",2669.0,3265.0,2651.0,3215.0,18.0,50.0,G,Wholesale and Retail Trade; Repair of Motor Vehicles and Motorcycles
,National Capital Region (NCR),,,,,,,,G,Wholesale and Retail Trade; Repair of Motor Vehicles and Motorcycles
G451,National Capital Region (NCR),Sale of motor vehicles,8088.0,5289.0,8051.0,5287.0,38.0,1.0,G,Wholesale and Retail Trade; Repair of Motor Vehicles and Motorcycles
G452,National Capital Region (NCR),Maintenance and repair of motor vehicles,4529.0,819.0,4437.0,773.0,92.0,46.0,G,Wholesale and Retail Trade; Repair of Motor Vehicles and Motorcycles
G453,National Capital Region (NCR),Sale of motor vehicle parts and accessories,10384.0,4688.0,10384.0,4688.0,0.0,0.0,G,Wholesale and Retail Trade; Repair of Motor Vehicles and Motorcycles
G454,National Capital Region (NCR),"Sale, maintenance and repair of mo
torcycles and related parts and accessories",4520.0,2520.0,4520.0,2520.0,0.0,0.0,G,Wholesale and Retail Trade; Repair of Motor Vehicles and Motorcycles
G461,National Capital Region (NCR),Wholesale on a fee or contract basis,2657.0,2400.0,2657.0,2400.0,0.0,0.0,G,Wholesale and Retail Trade; Repair of Motor Vehicles and Motorcycles
G462,National Capital Region (NCR),Wholesale of agricultural raw materials and live animals,1328.0,902.0,1328.0,902.0,0.0,0.0,G,Wholesale and Retail Trade; Repair of Motor Vehicles and Motorcycles
G463,National Capital Region (NCR),"Wholesale of food, beverages and tobacco",13369.0,6067.0,13368.0,6064.0,1.0,2.0,G,Wholesale and Retail Trade; Repair of Motor Vehicles and Motorcycles
G464,National Capital Region (NCR),Wholesale of household goods,30254.0,28739.0,30175.0,28660.0,79.0,79.0,G,Wholesale and Retail Trade; Repair of Motor Vehicles and Motorcycles
G465,National Capital Region (NCR),"Wholesale of machinery, equipment and supplies",20254.0,11980.0,20229.0,11962.0,25.0,18.0,G,Wholesale and Retail Trade; Repair of Motor Vehicles and Motorcycles
G466,National Capital Region (NCR),Other specialized wholesale,25963.0,10051.0,25963.0,10051.0,0.0,0.0,G,Wholesale and Retail Trade; Repair of Motor Vehicles and Motorcycles
G469,National Capital Region (NCR),Non-specialized wholesale trade,196.0,80.0,196.0,80.0,0.0,0.0,G,Wholesale and Retail Trade; Repair of Motor Vehicles and Motorcycles
G471,National Capital Region (NCR),Retail sale in non-specialized stores,17309.0,24191.0,17308.0,24190.0,1.0,1.0,G,Wholesale and Retail Trade; Repair of Motor Vehicles and Motorcycles
G472,National Capital Region (NCR),"Retail sale of food, beverages and tobacco in specialized stores",4909.0,5007.0,4909.0,5007.0,0.0,0.0,G,Wholesale and Retail Trade; Repair of Motor Vehicles and Motorcycles
G473,National Capital Region (NCR),Retail sale of automotive fuel in specialized stores,7547.0,3345.0,7547.0,3345.0,0.0,0.0,G,Wholesale and Retail Trade; Repair of Motor Vehicles and Motorcycles
G474,National Capital Region (NCR),Retail sale of information and communications equipment in specialized stores,6061.0,6008.0,6061.0,6008.0,0.0,0.0,G,Wholesale and Retail Trade; Repair of Motor Vehicles and Motorcycles
G475,National Capital Region (NCR),Retail sale of other household equipment in specialized stores,19060.0,13893.0,18809.0,13675.0,251.0,217.0,G,Wholesale and Retail Trade; Repair of Motor Vehicles and Motorcycles
G476,National Capital Region (NCR),Retail sale of cultural and recreation goods in specialized stores,2576.0,4305.0,2576.0,4305.0,0.0,0.0,G,Wholesale and Retail Trade; Repair of Motor Vehicles and Motorcycles
G477,National Capital Region (NCR),Retail sale of other goods in specialized stores,23418.0,32292.0,23307.0,32215.0,112.0,77.0,G,Wholesale and Retail Trade; Repair of Motor Vehicles and Motorcycles
G479,National Capital Region (NCR),"Retail trade not in stores, stalls or markets",2327.0,2825.0,2327.0,2825.0,0.0,0.0,G,Wholesale and Retail Trade; Repair of Motor Vehicles and Motorcycles
,Cordillera Administrative Region (CAR),,,,,,,,G,Wholesale and Retail Trade; Repair of Motor Vehicles and Motorcycles
G451,Cordillera Administrative Region (CAR),Sale of motor vehicles,197.0,100.0,195.0,99.0,2.0,1.0,G,Wholesale and Retail Trade; Repair of Motor Vehicles and Motorcycles
G452,Cordillera Administrative Region (CAR),Maintenance and repair of motor vehicles,281.0,36.0,281.0,36.0,0.0,0.0,G,Wholesale and Retail Trade; Repair of Motor Vehicles and Motorcycles
G453,Cordillera Administrative Region (CAR),Sale of motor vehicle parts and accessories,283.0,104.0,258.0,104.0,25.0,0.0,G,Wholesale and Retail Trade; Repair of Motor Vehicles and Motorcycles
G454,Cordillera Administrative Region (CAR),"Sale, maintenance and repair of motorcycles and related parts and accessories",217.0,117.0,217.0,117.0,0.0,0.0,G,Wholesale and Retail Trade; Repair of Motor Vehicles and Motorcycles
G461,Cordillera Administrative Region (CAR),Wholesale on a fee or contract basis,,,,,,,G,Wholesale and Retail Trade; Repair of Motor Vehicles and Motorcycles
G462,Cordillera Administrative Region (CAR),Wholesale of agricultural raw materials and live animals,149.0,61.0,145.0,54.0,4.0,7.0,G,Wholesale and Retail Trade; Repair of Motor Vehicles and Motorcycles
G463,Cordillera Administrative Region (CAR),"Wholesale of food, beverages and tobacco",531.0,174.0,531.0,174.0,0.0,0.0,G,Wholesale and Retail Trade; Repair of Motor Vehicles and Motorcycles
G464,Cordillera Administrative Region (CAR),Wholesale of household goods,444.0,397.0,444.0,374.0,0.0,23.0,G,Wholesale and Retail Trade; Repair of Motor Vehicles and Motorcycles
G465,Cordillera Administrative Region (CAR),"Wholesale of machinery, equipment and supplies",65.0,28.0,65.0,28.0,0.0,0.0,G,Wholesale and Retail Trade; Repair of Motor Vehicles and Motorcycles
G466,Cordillera Administrative Region (CAR),Other specialized wholesale,302.0,228.0,299.0,225.0,3.0,3.0,G,Wholesale and Retail Trade; Repair of Motor Vehicles and Motorcycles
G471,Cordillera Administrative Region (CAR),Retail sale in non-specialized stores,1617.0,2128.0,1616.0,2099.0,1.0,29.0,G,Wholesale and Retail Trade; Repair of Motor Vehicles and Motorcycles
G472,Cordillera Administrative Region (CAR),"Retail sale of food, beverages and tobacco in specialized stores",286.0,455.0,286.0,409.0,0.0,45.0,G,Wholesale and Retail Trade; Repair of Motor Vehicles and Motorcycles
G473,Cordillera Administrative Region (CAR),Retail sale of automotive fuel in specialized stores,376.0,150.0,376.0,150.0,0.0,0.0,G,Wholesale and Retail Trade; Repair of Motor Vehicles and Motorcycles
G474,Cordillera Administrative Region (CAR),Retail sale of information and communications equipment in specialized stores,262.0,215.0,261.0,214.0,1.0,1.0,G,Wholesale and Retail Trade; Repair of Motor Vehicles and Motorcycles
G475,Cordillera Administrative Region (CAR),Retail sale of other household equipment in specialized stores,1379.0,509.0,1354.0,459.0,25.0,51.0,G,Wholesale and Retail Trade; Repair of Motor Vehicles and Motorcycles
G476,Cordillera Administrative Region (CAR),Retail sale of cultural and recreation goods in specialized stores,102.0,138.0,102.0,138.0,0.0,0.0,G,Wholesale and Retail Trade; Repair of Motor Vehicles and Motorcycles
G477,Cordillera Administrative Region (CAR),Retail sale of other goods in specialized stores,1449.0,2452.0,1449.0,2290.0,0.0,163.0,G,Wholesale and Retail Trade; Repair of Motor Vehicles and Motorcycles
G479,Cordillera Administrative Region (CAR),"Retail trade not in stores, stalls or markets",,,,,,,G,Wholesale and Retail Trade; Repair of Motor Vehicles and Motorcycles
,Region I (Ilocos Region),,,,,,,,G,Wholesale and Retail Trade; Repair of Motor Vehicles and Motorcycles
G451,Region I (Ilocos Region),Sale of motor vehicles,1008.0,637.0,997.0,614.0,12.0,23.0,G,Wholesale and Retail Trade; Repair of Motor Vehicles and Motorcycles
G452,Region I (Ilocos Region),Maintenance and repair of motor vehicles,689.0,184.0,689.0,184.0,0.0,0.0,G,Wholesale and Retail Trade; Repair of Motor Vehicles and Motorcycles
G453,Region I (Ilocos Region),Sale of motor vehicle parts and accessories,522.0,210.0,517.0,205.0,6.0,6.0,G,Wholesale and Retail Trade; Repair of Motor Vehicles and Motorcycles
G454,Region I (Ilocos Region),"Sale, maintenance and repair of motorcycles and related parts and accessories",2661.0,1319.0,2629.0,1256.0,32.0,63.0,G,Wholesale and Retail Trade; Repair of Motor Vehicles and Motorcycles
G461,Region I (Ilocos Region),Wholesale on a fee or contract basis,109.0,43.0,107.0,40.0,2.0,3.0,G,Wholesale and Retail Trade; Repair of Motor Vehicles and Motorcycles
G462,Region I (Ilocos Region),Wholesale of agricultural raw materials and live animals,571.0,180.0,548.0,180.0,24.0,0.0,G,Wholesale and Retail Trade; Repair of Motor Vehicles and Motorcycles
G463,Region I (Ilocos Region),"Wholesale of food, beverages and tobacco",3378.0,839.0,3378.0,839.0,0.0,0.0,G,Wholesale and Retail Trade; Repair of Motor Vehicles and Motorcycles
G464,Region I (Ilocos Region),Wholesale of household goods,866.0,934.0,818.0,934.0,47.0,0.0,G,Wholesale and Retail Trade; Repair of Motor Vehicles and Motorcycles
G465,Region I (Ilocos Region),"Wholesale of machinery, equipment and supplies",111.0,58.0,98.0,48.0,13.0,11.0,G,Wholesale and Retail Trade; Repair of Motor Vehicles and Motorcycles
G466,Region I (Ilocos Region),Other specialized wholesale,1646.0,534.0,1646.0,515.0,0.0,19.0,G,Wholesale and Retail Trade; Repair of Motor Vehicles and Motorcycles
G469,Region I (Ilocos Region),Non-specialized wholesale trade,,,,,,,G,Wholesale and Retail Trade; Repair of Motor Vehicles and Motorcycles
G471,Region I (Ilocos Region),Retail sale in non-specialized stores,4196.0,4965.0,4168.0,4937.0,28.0,28.0,G,Wholesale and Retail Trade; Repair of Motor Vehicles and Motorcycles
G472,Region I (Ilocos Region),"Retail sale of food, beverages and tobacco in specialized stores",688.0,564.0,688.0,518.0,0.0,46.0,G,Wholesale and Retail Trade; Repair of Motor Vehicles and Motorcycles
G473,Region I (Ilocos Region),Retail sale of automotive fuel in specialized stores,3050.0,825.0,3050.0,793.0,0.0,31.0,G,Wholesale and Retail Trade; Repair of Motor Vehicles and Motorcycles
G474,Region I (Ilocos Region),Retail sale of information and communications equipment in specialized stores,358.0,515.0,313.0,493.0,44.0,22.0,G,Wholesale and Retail Trade; Repair of Motor Vehicles and Motorcycles
G475,Region I (Ilocos Region),Retail sale of other household equipment in specialized stores,5285.0,2851.0,5066.0,2662.0,219.0,189.0,G,Wholesale and Retail Trade; Repair of Motor Vehicles and Motorcycles
G476,Region I (Ilocos Region),Retail sale of cultural and recreation goods in specialized stores,584.0,506.0,584.0,506.0,0.0,0.0,G,Wholesale and Retail Trade; Repair of Motor Vehicles and Motorcycles
G477,Region I (Ilocos Region),Retail sale of other goods in specialized stores,3053.0,5156.0,2986.0,5055.0,67.0,101.0,G,Wholesale and Retail Trade; Repair of Motor Vehicles and Motorcycles
G479,Region I (Ilocos Region),"Retail trade not in stores, stalls or markets",,,,,,,G,Wholesale and Retail Trade; Repair of Motor Vehicles and Motorcycles
,Region II (Cagayan Valley),,,,,,,,G,Wholesale and Retail Trade; Repair of Motor Vehicles and Motorcycles
G451,Region II (Cagayan Valley),Sale of motor vehicles,393.0,275.0,393.0,275.0,0.0,0.0,G,Wholesale and Retail Trade; Repair of Motor Vehicles and Motorcycles
G452,Region II (Cagayan Valley),Maintenance and repair of motor vehicles,160.0,94.0,160.0,94.0,0.0,0.0,G,Wholesale and Retail Trade; Repair of Motor Vehicles and Motorcycles
G453,Region II (Cagayan Valley),Sale of motor vehicle parts and accessories,302.0,116.0,302.0,116.0,0.0,0.0,G,Wholesale and Retail Trade; Repair of Motor Vehicles and Motorcycles
G454,Region II (Cagayan Valley),"Sale, maintenance and repair of motorcycles and related parts and accessories",1515.0,579.0,1515.0,579.0,0.0,0.0,G,Wholesale and Retail Trade; Repair of Motor Vehicles and Motorcycles
G461,Region II (Cagayan Valley),Wholesale on a fee or contract basis,,,,,,,G,Wholesale and Retail Trade; Repair of Motor Vehicles and Motorcycles
G462,Region II (Cagayan Valley),Wholesale of agricultural raw materials and live animals,2322.0,796.0,2322.0,692.0,0.0,104.0,G,Wholesale and Retail Trade; Repair of Motor Vehicles and Motorcycles
G463,Region II (Cagayan Valley),"Wholesale of food, beverages and tobacco",2199.0,987.0,2198.0,982.0,1.0,5.0,G,Wholesale and Retail Trade; Repair of Motor Vehicles and Motorcycles
G464,Region II (Cagayan Valley),Wholesale of household goods,115.0,219.0,115.0,208.0,0.0,12.0,G,Wholesale and Retail Trade; Repair of Motor Vehicles and Motorcycles
G465,Region II (Cagayan Valley),"Wholesale of machinery, equipment and supplies",458.0,259.0,458.0,259.0,0.0,0.0,G,Wholesale and Retail Trade; Repair of Motor Vehicles and Motorcycles
G466,Region II (Cagayan Valley),Other specialized wholesale,588.0,216.0,588.0,216.0,0.0,0.0,G,Wholesale and Retail Trade; Repair of Motor Vehicles and Motorcycles
G471,Region II (Cagayan Valley),Retail sale in non-specialized stores,1186.0,2749.0,1186.0,2628.0,0.0,121.0,G,Wholesale and Retail Trade; Repair of Motor Vehicles and Motorcycles
G472,Region II (Cagayan Valley),"Retail sale of food, beverages and tobacco in specialized stores",514.0,439.0,514.0,439.0,0.0,0.0,G,Wholesale and Retail Trade; Repair of Motor Vehicles and Motorcycles
G473,Region II (Cagayan Valley),Retail sale of automotive fuel in specialized stores,1323.0,1143.0,1323.0,1106.0,0.0,37.0,G,Wholesale and Retail Trade; Repair of Motor Vehicles and Motorcycles
G474,Region II (Cagayan Valley),Retail sale of information and communications equipment in specialized stores,307.0,547.0,283.0,523.0,23.0,23.0,G,Wholesale and Retail Trade; Repair of Motor Vehicles and Motorcycles
G475,Region II (Cagayan Valley),Retail sale of other household equipment in specialized stores,3283.0,1862.0,3252.0,1805.0,31.0,57.0,G,Wholesale and Retail Trade; Repair of Motor Vehicles and Motorcycles
G476,Region II (Cagayan Valley),Retail sale of cultural and recreation goods in specialized stores,255.0,240.0,255.0,240.0,0.0,0.0,G,Wholesale and Retail Trade; Repair of Motor Vehicles and Motorcycles
G477,Region II (Cagayan Valley),Retail sale of other goods in specialized stores,1588.0,2245.0,1458.0,2218.0,130.0,27.0,G,Wholesale and Retail Trade; Repair of Motor Vehicles and Motorcycles
G479,Region II (Cagayan Valley),"Retail trade not in stores, stalls or markets",,,,,,,G,Wholesale and Retail Trade; Repair of Motor Vehicles and Motorcycles
,Region III (Central Luzon),,,,,,,,G,Wholesale and Retail Trade; Repair of Motor Vehicles and Motorcycles
G451,Region III (Central Luzon),Sale of motor vehicles,2827.0,1576.0,2827.0,1576.0,0.0,0.0,G,Wholesale and Retail Trade; Repair of Motor Vehicles and Motorcycles
G452,Region III (Central Luzon),Maintenance and repair of motor vehicles,1027.0,515.0,938.0,513.0,89.0,2.0,G,Wholesale and Retail Trade; Repair of Motor Vehicles and Motorcycles
G453,Region III (Central Luzon),Sale of motor vehicle parts and accessories,1694.0,634.0,1552.0,634.0,142.0,0.0,G,Wholesale and Retail Trade; Repair of Motor Vehicles and Motorcycles
G454,Region III (Central Luzon),"Sale, maintenance and repair of motorcycles and related parts and accessories",4864.0,3197.0,4864.0,3197.0,0.0,0.0,G,Wholesale and Retail Trade; Repair of Motor Vehicles and Motorcycles
G461,Region III (Central Luzon),Wholesale on a fee or contract basis,88.0,31.0,88.0,31.0,0.0,0.0,G,Wholesale and Retail Trade; Repair of Motor Vehicles and Motorcycles
G462,Region III (Central Luzon),Wholesale of agricultural raw materials and live animals,1277.0,715.0,1277.0,715.0,0.0,0.0,G,Wholesale and Retail Trade; Repair of Motor Vehicles and Motorcycles
G463,Region III (Central Luzon),"Wholesale of food, beverages and tobacco",3987.0,1638.0,3860.0,1638.0,127.0,0.0,G,Wholesale and Retail Trade; Repair of Motor Vehicles and Motorcycles
G464,Region III (Central Luzon),Wholesale of household goods,1894.0,1237.0,1894.0,1237.0,0.0,0.0,G,Wholesale and Retail Trade; Repair of Motor Vehicles and Motorcycles
G465,Region III (Central Luzon),"Wholesale of machinery, equipment and supplies",753.0,415.0,753.0,414.0,0.0,1.0,G,Wholesale and Retail Trade; Repair of Motor Vehicles and Motorcycles
G466,Region III (Central Luzon),Other specialized wholesale,2723.0,1549.0,2670.0,1459.0,53.0,90.0,G,Wholesale and Retail Trade; Repair of Motor Vehicles and Motorcycles
G469,Region III (Central Luzon),Non-specialized wholesale trade,44.0,31.0,44.0,31.0,0.0,0.0,G,Wholesale and Retail Trade; Repair of Motor Vehicles and Motorcycles
G471,Region III (Central Luzon),Retail sale in non-specialized stores,12086.0,14145.0,12056.0,14114.0,30.0,31.0,G,Wholesale and Retail Trade; Repair of Motor Vehicles and Motorcycles
G472,Region III (Central Luzon),"Retail sale of food, beverages and tobacco in specialized stores",2964.0,3030.0,2927.0,2954.0,38.0,75.0,G,Wholesale and Retail Trade; Repair of Motor Vehicles and Motorcycles
G473,Region III (Central Luzon),Retail sale of automotive fuel in specialized stores,6043.0,3182.0,6014.0,3152.0,29.0,30.0,G,Wholesale and Retail Trade; Repair of Motor Vehicles and Motorcycles
G474,Region III (Central Luzon),Retail sale of information and communications equipment in specialized stores,994.0,1269.0,964.0,1269.0,30.0,0.0,G,Wholesale and Retail Trade; Repair of Motor Vehicles and Motorcycles
G475,Region III (Central Luzon),Retail sale of other household equipment in specialized stores,10231.0,6688.0,9727.0,6422.0,504.0,266.0,G,Wholesale and Retail Trade; Repair of Motor Vehicles and Motorcycles
G476,Region III (Central Luzon),Retail sale of cultural and recreation goods in specialized stores,948.0,1311.0,909.0,1309.0,39.0,2.0,G,Wholesale and Retail Trade; Repair of Motor Vehicles and Motorcycles
G477,Region III (Central Luzon),Retail sale of other goods in specialized stores,6580.0,10055.0,6547.0,9957.0,33.0,98.0,G,Wholesale and Retail Trade; Repair of Motor Vehicles and Motorcycles
G479,Region III (Central Luzon),"Retail trade not in stores, stalls or markets",86.0,117.0,86.0,117.0,0.0,0.0,G,Wholesale and Retail Trade; Repair of Motor Vehicles and Motorcycles
,Region IV-A (CALABARZON),,,,,,,,G,Wholesale and Retail Trade; Repair of Motor Vehicles and Motorcycles
G451,Region IV-A (CALABARZON),Sale of motor vehicles,3450.0,2030.0,3448.0,2029.0,3.0,1.0,G,Wholesale and Retail Trade; Repair of Motor Vehicles and Motorcycles
G452,Region IV-A (CALABARZON),Maintenance and repair of motor vehicles,2341.0,419.0,2232.0,419.0,109.0,0.0,G,Wholesale and Retail Trade; Repair of Motor Vehicles and Motorcycles
G453,Region IV-A (CALABARZON),Sale of motor vehicle parts and accessories,1820.0,632.0,1778.0,591.0,42.0,41.0,G,Wholesale and Retail Trade; Repair of Motor Vehicles and Motorcycles
G454,Region IV-A (CALABARZON),"Sale, maintenance and repair of motorcycles and related parts and accessories",4173.0,3461.0,4133.0,3382.0,39.0,79.0,G,Wholesale and Retail Trade; Repair of Motor Vehicles and Motorcycles
G461,Region IV-A (CALABARZON),Wholesale on a fee or contract basis,565.0,174.0,565.0,171.0,0.0,3.0,G,Wholesale and Retail Trade; Repair of Motor Vehicles and Motorcycles
G462,Region IV-A (CALABARZON),Wholesale of agricultural raw materials and live animals,768.0,343.0,750.0,325.0,18.0,18.0,G,Wholesale and Retail Trade; Repair of Motor Vehicles and Motorcycles
G463,Region IV-A (CALABARZON),"Wholesale of food, beverages and tobacco",8595.0,2534.0,8569.0,2458.0,26.0,76.0,G,Wholesale and Retail Trade; Repair of Motor Vehicles and Motorcycles
G464,Region IV-A (CALABARZON),Wholesale of household goods,2740.0,2757.0,2740.0,2598.0,0.0,159.0,G,Wholesale and Retail Trade; Repair of Motor Vehicles and Motorcycles
G465,Region IV-A (CALABARZON),"Wholesale of machinery, equipment and supplies",2497.0,1118.0,2497.0,1116.0,0.0,2.0,G,Wholesale and Retail Trade; Repair of Motor Vehicles and Motorcycles
G466,Region IV-A (CALABARZON),Other specialized wholesale,4938.0,1880.0,4876.0,1786.0,62.0,94.0,G,Wholesale and Retail Trade; Repair of Motor Vehicles and Motorcycles
G469,Region IV-A (CALABARZON),Non-specialized wholesale trade,,,,,,,G,Wholesale and Retail Trade; Repair of Motor Vehicles and Motorcycles
G471,Region IV-A (CALABARZON),Retail sale in non-specialized stores,14587.0,20211.0,14436.0,20095.0,151.0,116.0,G,Wholesale and Retail Trade; Repair of Motor Vehicles and Motorcycles
G472,Region IV-A (CALABARZON),"Retail sale of food, beverages and tobacco in specialized stores",5220.0,3562.0,5167.0,3562.0,54.0,0.0,G,Wholesale and Retail Trade; Repair of Motor Vehicles and Motorcycles
G473,Region IV-A (CALABARZON),Retail sale of automotive fuel in specialized stores,7712.0,4127.0,7671.0,4127.0,41.0,0.0,G,Wholesale and Retail Trade; Repair of Motor Vehicles and Motorcycles
G474,Region IV-A (CALABARZON),Retail sale of information and communications equipment in specialized stores,1609.0,2212.0,1608.0,2212.0,1.0,0.0,G,Wholesale and Retail Trade; Repair of Motor Vehicles and Motorcycles
G475,Region IV-A (CALABARZON),Retail sale of other household equipment in specialized stores,14309.0,10658.0,13439.0,10157.0,869.0,501.0,G,Wholesale and Retail Trade; Repair of Motor Vehicles and Motorcycles
G476,Region IV-A (CALABARZON),Retail sale of cultural and recreation goods in specialized stores,746.0,1297.0,667.0,1179.0,79.0,118.0,G,Wholesale and Retail Trade; Repair of Motor Vehicles and Motorcycles
G477,Region IV-A (CALABARZON),Retail sale of other goods in specialized stores,8353.0,13854.0,8312.0,13769.0,41.0,85.0,G,Wholesale and Retail Trade; Repair of Motor Vehicles and Motorcycles
G479,Region IV-A (CALABARZON),"Retail trade not in stores, stalls or markets",,,,,,,G,Wholesale and Retail Trade; Repair of Motor Vehicles and Motorcycles
,MIMAROPA Region,,,,,,,,G,Wholesale and Retail Trade; Repair of Motor Vehicles and Motorcycles
G451,MIMAROPA Region,Sale of motor vehicles,222.0,133.0,222.0,133.0,0.0,0.0,G,Wholesale and Retail Trade; Repair of Motor Vehicles and Motorcycles
G452,MIMAROPA Region,Maintenance and repair of motor vehicles,86.0,28.0,86.0,27.0,0.0,1.0,G,Wholesale and Retail Trade; Repair of Motor Vehicles and Motorcycles
G453,MIMAROPA Region,Sale of motor vehicle parts and accessories,164.0,105.0,162.0,103.0,2.0,2.0,G,Wholesale and Retail Trade; Repair of Motor Vehicles and Motorcycles
G454,MIMAROPA Region,"Sale, maintenance and repair of motorcycles and related parts and accessories",1602.0,1114.0,1540.0,1084.0,62.0,31.0,G,Wholesale and Retail Trade; Repair of Motor Vehicles and Motorcycles
G461,MIMAROPA Region,Wholesale on a fee or contract basis,,,,,,,G,Wholesale and Retail Trade; Repair of Motor Vehicles and Motorcycles
G462,MIMAROPA Region,Wholesale of agricultural raw materials and live animals,369.0,172.0,347.0,145.0,22.0,28.0,G,Wholesale and Retail Trade; Repair of Motor Vehicles and Motorcycles
G463,MIMAROPA Region,"Wholesale of food, beverages and tobacco",783.0,510.0,783.0,499.0,0.0,11.0,G,Wholesale and Retail Trade; Repair of Motor Vehicles and Motorcycles
G464,MIMAROPA Region,Wholesale of household goods,222.0,132.0,220.0,123.0,2.0,9.0,G,Wholesale and Retail Trade; Repair of Motor Vehicles and Motorcycles
G465,MIMAROPA Region,"Wholesale of machinery, equipment and supplies",95.0,77.0,95.0,77.0,0.0,0.0,G,Wholesale and Retail Trade; Repair of Motor Vehicles and Motorcycles
G466,MIMAROPA Region,Other specialized wholesale,325.0,87.0,311.0,75.0,14.0,13.0,G,Wholesale and Retail Trade; Repair of Motor Vehicles and Motorcycles
G471,MIMAROPA Region,Retail sale in non-specialized stores,1666.0,2080.0,1641.0,2051.0,24.0,29.0,G,Wholesale and Retail Trade; Repair of Motor Vehicles and Motorcycles
G472,MIMAROPA Region,"Retail sale of food, beverages and tobacco in specialized stores",182.0,223.0,182.0,223.0,0.0,0.0,G,Wholesale and Retail Trade; Repair of Motor Vehicles and Motorcycles
G473,MIMAROPA Region,Retail sale of automotive fuel in specialized stores,1080.0,332.0,1080.0,332.0,0.0,0.0,G,Wholesale and Retail Trade; Repair of Motor Vehicles and Motorcycles
G474,MIMAROPA Region,Retail sale of information and communications equipment in specialized stores,173.0,203.0,173.0,203.0,0.0,0.0,G,Wholesale and Retail Trade; Repair of Motor Vehicles and Motorcycles
G475,MIMAROPA Region,Retail sale of other household equipment in specialized stores,2549.0,1302.0,2515.0,1201.0,34.0,101.0,G,Wholesale and Retail Trade; Repair of Motor Vehicles and Motorcycles
G476,MIMAROPA Region,Retail sale of cultural and recreation goods in specialized stores,186.0,312.0,186.0,312.0,0.0,0.0,G,Wholesale and Retail Trade; Repair of Motor Vehicles and Motorcycles
G477,MIMAROPA Region,Retail sale of other goods in specialized stores,1503.0,1989.0,1211.0,1989.0,292.0,0.0,G,Wholesale and Retail Trade; Repair of Motor Vehicles and Motorcycles
G479,MIMAROPA Region,"Retail trade not in stores, stalls or markets",,,,,,,G,Wholesale and Retail Trade; Repair of Motor Vehicles and Motorcycles
,Region V (Bicol Region),,,,,,,,G,Wholesale and Retail Trade; Repair of Motor Vehicles and Motorcycles
G451,Region V (Bicol Region),Sale of motor vehicles,344.0,181.0,344.0,181.0,0.0,0.0,G,Wholesale and Retail Trade; Repair of Motor Vehicles and Motorcycles
G452,Region V (Bicol Region),Maintenance and repair of motor vehicles,277.0,49.0,267.0,28.0,10.0,22.0,G,Wholesale and Retail Trade; Repair of Motor Vehicles and Motorcycles
G453,Region V (Bicol Region),Sale of motor vehicle parts and accessories,315.0,170.0,315.0,170.0,0.0,0.0,G,Wholesale and Retail Trade; Repair of Motor Vehicles and Motorcycles
G454,Region V (Bicol Region),"Sale, maintenance and repair of motorcycles and related parts and accessories",1333.0,1206.0,1278.0,1187.0,56.0,19.0,G,Wholesale and Retail Trade; Repair of Motor Vehicles and Motorcycles
G461,Region V (Bicol Region),Wholesale on a fee or contract basis,36.0,21.0,36.0,21.0,0.0,0.0,G,Wholesale and Retail Trade; Repair of Motor Vehicles and Motorcycles
G462,Region V (Bicol Region),Wholesale of agricultural raw materials and live animals,460.0,649.0,406.0,614.0,54.0,34.0,G,Wholesale and Retail Trade; Repair of Motor Vehicles and Motorcycles
G463,Region V (Bicol Region),"Wholesale of food, beverages and tobacco",2539.0,1334.0,2539.0,1334.0,0.0,0.0,G,Wholesale and Retail Trade; Repair of Motor Vehicles and Motorcycles
G464,Region V (Bicol Region),Wholesale of household goods,1169.0,799.0,1169.0,799.0,0.0,0.0,G,Wholesale and Retail Trade; Repair of Motor Vehicles and Motorcycles
G465,Region V (Bicol Region),"Wholesale of machinery, equipment and supplies",131.0,57.0,125.0,56.0,6.0,1.0,G,Wholesale and Retail Trade; Repair of Motor Vehicles and Motorcycles
G466,Region V (Bicol Region),Other specialized wholesale,951.0,230.0,922.0,188.0,28.0,42.0,G,Wholesale and Retail Trade; Repair of Motor Vehicles and Motorcycles
G469,Region V (Bicol Region),Non-specialized wholesale trade,27.0,53.0,27.0,53.0,0.0,0.0,G,Wholesale and Retail Trade; Repair of Motor Vehicles and Motorcycles
G471,Region V (Bicol Region),Retail sale in non-specialized stores,3253.0,5087.0,3226.0,5060.0,27.0,27.0,G,Wholesale and Retail Trade; Repair of Motor Vehicles and Motorcycles
G472,Region V (Bicol Region),"Retail sale of food, beverages and tobacco in specialized stores",567.0,496.0,492.0,321.0,75.0,175.0,G,Wholesale and Retail Trade; Repair of Motor Vehicles and Motorcycles
G473,Region V (Bicol Region),Retail sale of automotive fuel in specialized stores,1418.0,579.0,1418.0,470.0,0.0,109.0,G,Wholesale and Retail Trade; Repair of Motor Vehicles and Motorcycles
G474,Region V (Bicol Region),Retail sale of information and communications equipment in specialized stores,296.0,697.0,272.0,673.0,24.0,24.0,G,Wholesale and Retail Trade; Repair of Motor Vehicles and Motorcycles
G475,Region V (Bicol Region),Retail sale of other household equipment in specialized stores,1912.0,1161.0,1912.0,1133.0,0.0,28.0,G,Wholesale and Retail Trade; Repair of Motor Vehicles and Motorcycles
G476,Region V (Bicol Region),Retail sale of cultural and recreation goods in specialized stores,168.0,273.0,120.0,247.0,48.0,27.0,G,Wholesale and Retail Trade; Repair of Motor Vehicles and Motorcycles
G477,Region V (Bicol Region),Retail sale of other goods in specialized stores,3963.0,3856.0,3863.0,3789.0,99.0,66.0,G,Wholesale and Retail Trade; Repair of Motor Vehicles and Motorcycles
,Region VI (Western Visayas),,,,,,,,G,Wholesale and Retail Trade; Repair of Motor Vehicles and Motorcycles
G451,Region VI (Western Visayas),Sale of motor vehicles,1233.0,667.0,1233.0,667.0,0.0,0.0,G,Wholesale and Retail Trade; Repair of Motor Vehicles and Motorcycles
G452,Region VI (Western Visayas),Maintenance and repair of motor vehicles,440.0,93.0,440.0,93.0,0.0,0.0,G,Wholesale and Retail Trade; Repair of Motor Vehicles and Motorcycles
G453,Region VI (Western Visayas),Sale of motor vehicle parts and accessories,1194.0,668.0,1164.0,668.0,30.0,0.0,G,Wholesale and Retail Trade; Repair of Motor Vehicles and Motorcycles
G454,Region VI (Western Visayas),"Sale, maintenance and repair of motorcycles and related parts and accessories",3592.0,2148.0,3546.0,2103.0,45.0,45.0,G,Wholesale and Retail Trade; Repair of Motor Vehicles and Motorcycles
G461,Region VI (Western Visayas),Wholesale on a fee or contract basis,488.0,126.0,488.0,126.0,0.0,0.0,G,Wholesale and Retail Trade; Repair of Motor Vehicles and Motorcycles
G462,Region VI (Western Visayas),Wholesale of agricultural raw materials and live animals,338.0,212.0,338.0,212.0,0.0,0.0,G,Wholesale and Retail Trade; Repair of Motor Vehicles and Motorcycles
G463,Region VI (Western Visayas),"Wholesale of food, beverages and tobacco",4116.0,2201.0,4116.0,2201.0,0.0,0.0,G,Wholesale and Retail Trade; Repair of Motor Vehicles and Motorcycles
G464,Region VI (Western Visayas),Wholesale of household goods,2010.0,1117.0,2003.0,1113.0,7.0,4.0,G,Wholesale and Retail Trade; Repair of Motor Vehicles and Motorcycles
G465,Region VI (Western Visayas),"Wholesale of machinery, equipment and supplies",767.0,330.0,763.0,326.0,4.0,4.0,G,Wholesale and Retail Trade; Repair of Motor Vehicles and Motorcycles
G466,Region VI (Western Visayas),Other specialized wholesale,1495.0,751.0,1495.0,751.0,0.0,0.0,G,Wholesale and Retail Trade; Repair of Motor Vehicles and Motorcycles
G469,Region VI (Western Visayas),Non-specialized wholesale trade,,,,,,,G,Wholesale and Retail Trade; Repair of Motor Vehicles and Motorcycles
G471,Region VI (Western Visayas),Retail sale in non-specialized stores,7609.0,9246.0,7609.0,9246.0,0.0,0.0,G,Wholesale and Retail Trade; Repair of Motor Vehicles and Motorcycles
G472,Region VI (Western Visayas),"Retail sale of food, beverages and tobacco in specialized stores",1662.0,1766.0,1662.0,1731.0,0.0,35.0,G,Wholesale and Retail Trade; Repair of Motor Vehicles and Motorcycles
G473,Region VI (Western Visayas),Retail sale of automotive fuel in specialized stores,2137.0,1351.0,2137.0,1351.0,0.0,0.0,G,Wholesale and Retail Trade; Repair of Motor Vehicles and Motorcycles
G474,Region VI (Western Visayas),Retail sale of information and communications equipment in specialized stores,922.0,1394.0,919.0,1391.0,3.0,3.0,G,Wholesale and Retail Trade; Repair of Motor Vehicles and Motorcycles
G475,Region VI (Western Visayas),Retail sale of other household equipment in specialized stores,8546.0,4287.0,8515.0,4196.0,30.0,91.0,G,Wholesale and Retail Trade; Repair of Motor Vehicles and Motorcycles
G476,Region VI (Western Visayas),Retail sale of cultural and recreation goods in specialized stores,320.0,445.0,320.0,445.0,0.0,0.0,G,Wholesale and Retail Trade; Repair of Motor Vehicles and Motorcycles
G477,Region VI (Western Visayas),Retail sale of other goods in specialized stores,6389.0,9226.0,6299.0,9066.0,90.0,160.0,G,Wholesale and Retail Trade; Repair of Motor Vehicles and Motorcycles
G479,Region VI (Western Visayas),"Retail trade not in stores, stalls or markets",,,,,,,G,Wholesale and Retail Trade; Repair of Motor Vehicles and Motorcycles
,Region VII (Central Visayas),,,,,,,,G,Wholesale and Retail Trade; Repair of Motor Vehicles and Motorcycles
G451,Region VII (Central Visayas),Sale of motor vehicles,3225.0,1414.0,3222.0,1413.0,3.0,1.0,G,Wholesale and Retail Trade; Repair of Motor Vehicles and Motorcycles
G452,Region VII (Central Visayas),Maintenance and repair of motor vehicles,761.0,192.0,761.0,159.0,0.0,33.0,G,Wholesale and Retail Trade; Repair of Motor Vehicles and Motorcycles
G453,Region VII (Central Visayas),Sale of motor vehicle parts and accessories,1120.0,803.0,1099.0,803.0,21.0,0.0,G,Wholesale and Retail Trade; Repair of Motor Vehicles and Motorcycles
G454,Region VII (Central Visayas),"Sale, maintenance and repair of motorcycles and related parts and accessories",4072.0,2218.0,4043.0,2218.0,30.0,0.0,G,Wholesale and Retail Trade; Repair of Motor Vehicles and Motorcycles
G461,Region VII (Central Visayas),Wholesale on a fee or contract basis,251.0,168.0,251.0,165.0,0.0,3.0,G,Wholesale and Retail Trade; Repair of Motor Vehicles and Motorcycles
G462,Region VII (Central Visayas),Wholesale of agricultural raw materials and live animals,397.0,215.0,397.0,215.0,0.0,0.0,G,Wholesale and Retail Trade; Repair of Motor Vehicles and Motorcycles
G463,Region VII (Central Visayas),"Wholesale of food, beverages and tobacco",2997.0,1135.0,2997.0,1135.0,0.0,0.0,G,Wholesale and Retail Trade; Repair of Motor Vehicles and Motorcycles
G464,Region VII (Central Visayas),Wholesale of household goods,1262.0,1126.0,1262.0,1126.0,0.0,0.0,G,Wholesale and Retail Trade; Repair of Motor Vehicles and Motorcycles
G465,Region VII (Central Visayas),"Wholesale of machinery, equipment and supplies",1786.0,861.0,1786.0,835.0,0.0,26.0,G,Wholesale and Retail Trade; Repair of Motor Vehicles and Motorcycles
G466,Region VII (Central Visayas),Other specialized wholesale,2726.0,1289.0,2591.0,1154.0,135.0,135.0,G,Wholesale and Retail Trade; Repair of Motor Vehicles and Motorcycles
G469,Region VII (Central Visayas),Non-specialized wholesale trade,,,,,,,G,Wholesale and Retail Trade; Repair of Motor Vehicles and Motorcycles
G471,Region VII (Central Visayas),Retail sale in non-specialized stores,8356.0,13999.0,8356.0,13949.0,0.0,50.0,G,Wholesale and Retail Trade; Repair of Motor Vehicles and Motorcycles
G472,Region VII (Central Visayas),"Retail sale of food, beverages and tobacco in specialized stores",1611.0,1854.0,1611.0,1854.0,0.0,0.0,G,Wholesale and Retail Trade; Repair of Motor Vehicles and Motorcycles
G473,Region VII (Central Visayas),Retail sale of automotive fuel in specialized stores,3565.0,1806.0,3565.0,1806.0,0.0,0.0,G,Wholesale and Retail Trade; Repair of Motor Vehicles and Motorcycles
G474,Region VII (Central Visayas),Retail sale of information and communications equipment in specialized stores,1585.0,1886.0,1585.0,1886.0,0.0,0.0,G,Wholesale and Retail Trade; Repair of Motor Vehicles and Motorcycles
G475,Region VII (Central Visayas),Retail sale of other household equipment in specialized stores,11957.0,5801.0,11955.0,5799.0,2.0,2.0,G,Wholesale and Retail Trade; Repair of Motor Vehicles and Motorcycles
G476,Region VII (Central Visayas),Retail sale of cultural and recreation goods in specialized stores,361.0,751.0,361.0,751.0,0.0,0.0,G,Wholesale and Retail Trade; Repair of Motor Vehicles and Motorcycles
G477,Region VII (Central Visayas),Retail sale of other goods in specialized stores,6511.0,9751.0,6433.0,9693.0,78.0,58.0,G,Wholesale and Retail Trade; Repair of Motor Vehicles and Motorcycles
G479,Region VII (Central Visayas),"Retail trade not in stores, stalls or markets",,,,,,,G,Wholesale and Retail Trade; Repair of Motor Vehicles and Motorcycles
,Region VIII (Eastern Visayas),,,,,,,,G,Wholesale and Retail Trade; Repair of Motor Vehicles and Motorcycles
G451,Region VIII (Eastern Visayas),Sale of motor vehicles,503.0,210.0,503.0,210.0,0.0,0.0,G,Wholesale and Retail Trade; Repair of Motor Vehicles and Motorcycles
G452,Region VIII (Eastern Visayas),Maintenance and repair of motor vehicles,259.0,30.0,245.0,30.0,14.0,0.0,G,Wholesale and Retail Trade; Repair of Motor Vehicles and Motorcycles
G453,Region VIII (Eastern Visayas),Sale of motor vehicle parts and accessories,639.0,372.0,385.0,372.0,254.0,0.0,G,Wholesale and Retail Trade; Repair of Motor Vehicles and Motorcycles
G454,Region VIII (Eastern Visayas),"Sale, maintenance and repair of motorcycles and related parts and accessories",1729.0,1002.0,1729.0,1002.0,0.0,0.0,G,Wholesale and Retail Trade; Repair of Motor Vehicles and Motorcycles
G461,Region VIII (Eastern Visayas),Wholesale on a fee or contract basis,,,,,,,G,Wholesale and Retail Trade; Repair of Motor Vehicles and Motorcycles
G462,Region VIII (Eastern Visayas),Wholesale of agricultural raw materials and live animals,574.0,158.0,557.0,124.0,17.0,33.0,G,Wholesale and Retail Trade; Repair of Motor Vehicles and Motorcycles
G463,Region VIII (Eastern Visayas),"Wholesale of food, beverages and tobacco",1149.0,531.0,1009.0,447.0,140.0,84.0,G,Wholesale and Retail Trade; Repair of Motor Vehicles and Motorcycles
G464,Region VIII (Eastern Visayas),Wholesale of household goods,519.0,364.0,519.0,364.0,0.0,0.0,G,Wholesale and Retail Trade; Repair of Motor Vehicles and Motorcycles
G465,Region VIII (Eastern Visayas),"Wholesale of machinery, equipment and supplies",159.0,57.0,158.0,57.0,1.0,0.0,G,Wholesale and Retail Trade; Repair of Motor Vehicles and Motorcycles
G466,Region VIII (Eastern Visayas),Other specialized wholesale,796.0,132.0,796.0,132.0,0.0,0.0,G,Wholesale and Retail Trade; Repair of Motor Vehicles and Motorcycles
G471,Region VIII (Eastern Visayas),Retail sale in non-specialized stores,2346.0,3668.0,2258.0,3640.0,88.0,28.0,G,Wholesale and Retail Trade; Repair of Motor Vehicles and Motorcycles
G472,Region VIII (Eastern Visayas),"Retail sale of food, beverages and tobacco in specialized stores",1748.0,668.0,1663.0,584.0,84.0,84.0,G,Wholesale and Retail Trade; Repair of Motor Vehicles and Motorcycles
G473,Region VIII (Eastern Visayas),Retail sale of automotive fuel in specialized stores,1207.0,504.0,1207.0,504.0,0.0,0.0,G,Wholesale and Retail Trade; Repair of Motor Vehicles and Motorcycles
G474,Region VIII (Eastern Visayas),Retail sale of information and communications equipment in specialized stores,366.0,442.0,346.0,442.0,21.0,0.0,G,Wholesale and Retail Trade; Repair of Motor Vehicles and Motorcycles
G475,Region VIII (Eastern Visayas),Retail sale of other household equipment in specialized stores,4417.0,2389.0,4159.0,2323.0,257.0,66.0,G,Wholesale and Retail Trade; Repair of Motor Vehicles and Motorcycles
G476,Region VIII (Eastern Visayas),Retail sale of cultural and recreation goods in specialized stores,333.0,308.0,333.0,308.0,0.0,0.0,G,Wholesale and Retail Trade; Repair of Motor Vehicles and Motorcycles
G477,Region VIII (Eastern Visayas),Retail sale of other goods in specialized stores,3130.0,2495.0,3042.0,2347.0,89.0,148.0,G,Wholesale and Retail Trade; Repair of Motor Vehicles and Motorcycles
G479,Region VIII (Eastern Visayas),"Retail trade not in stores, stalls or markets",,,,,,,G,Wholesale and Retail Trade; Repair of Motor Vehicles and Motorcycles
,Region IX (Zamboanga Peninsula),,,,,,,,G,Wholesale and Retail Trade; Repair of Motor Vehicles and Motorcycles
G451,Region IX (Zamboanga Peninsula),Sale of motor vehicles,286.0,168.0,286.0,168.0,0.0,0.0,G,Wholesale and Retail Trade; Repair of Motor Vehicles and Motorcycles
G452,Region IX (Zamboanga Peninsula),Maintenance and repair of motor vehicles,328.0,104.0,299.0,95.0,29.0,9.0,G,Wholesale and Retail Trade; Repair of Motor Vehicles and Motorcycles
G453,Region IX (Zamboanga Peninsula),Sale of motor vehicle parts and accessories,312.0,102.0,289.0,55.0,24.0,47.0,G,Wholesale and Retail Trade; Repair of Motor Vehicles and Motorcycles
G454,Region IX (Zamboanga Peninsula),"Sale, maintenance and repair of motorcycles and related parts and accessories",1514.0,690.0,1488.0,690.0,26.0,0.0,G,Wholesale and Retail Trade; Repair of Motor Vehicles and Motorcycles
G461,Region IX (Zamboanga Peninsula),Wholesale on a fee or contract basis,102.0,73.0,102.0,73.0,0.0,0.0,G,Wholesale and Retail Trade; Repair of Motor Vehicles and Motorcycles
G462,Region IX (Zamboanga Peninsula),Wholesale of agricultural raw materials and live animals,767.0,210.0,729.0,187.0,38.0,23.0,G,Wholesale and Retail Trade; Repair of Motor Vehicles and Motorcycles
G463,Region IX (Zamboanga Peninsula),"Wholesale of food, beverages and tobacco",1335.0,194.0,1279.0,193.0,56.0,1.0,G,Wholesale and Retail Trade; Repair of Motor Vehicles and Motorcycles
G464,Region IX (Zamboanga Peninsula),Wholesale of household goods,1333.0,458.0,1333.0,458.0,0.0,0.0,G,Wholesale and Retail Trade; Repair of Motor Vehicles and Motorcycles
G465,Region IX (Zamboanga Peninsula),"Wholesale of machinery, equipment and supplies",180.0,104.0,180.0,102.0,0.0,2.0,G,Wholesale and Retail Trade; Repair of Motor Vehicles and Motorcycles
G466,Region IX (Zamboanga Peninsula),Other specialized wholesale,1015.0,343.0,977.0,305.0,38.0,38.0,G,Wholesale and Retail Trade; Repair of Motor Vehicles and Motorcycles
G471,Region IX (Zamboanga Peninsula),Retail sale in non-specialized stores,1481.0,4221.0,1209.0,3027.0,272.0,1195.0,G,Wholesale and Retail Trade; Repair of Motor Vehicles and Motorcycles
G472,Region IX (Zamboanga Peninsula),"Retail sale of food, beverages and tobacco in specialized stores",910.0,1251.0,870.0,1251.0,40.0,0.0,G,Wholesale and Retail Trade; Repair of Motor Vehicles and Motorcycles
G473,Region IX (Zamboanga Peninsula),Retail sale of automotive fuel in specialized stores,1212.0,513.0,1212.0,513.0,0.0,0.0,G,Wholesale and Retail Trade; Repair of Motor Vehicles and Motorcycles
G474,Region IX (Zamboanga Peninsula),Retail sale of information and communications equipment in specialized stores,220.0,509.0,185.0,509.0,35.0,0.0,G,Wholesale and Retail Trade; Repair of Motor Vehicles and Motorcycles
G475,Region IX (Zamboanga Peninsula),Retail sale of other household equipment in specialized stores,2598.0,1884.0,2422.0,1697.0,176.0,187.0,G,Wholesale and Retail Trade; Repair of Motor Vehicles and Motorcycles
G476,Region IX (Zamboanga Peninsula),Retail sale of cultural and recreation goods in specialized stores,160.0,213.0,153.0,211.0,7.0,2.0,G,Wholesale and Retail Trade; Repair of Motor Vehicles and Motorcycles
G477,Region IX (Zamboanga Peninsula),Retail sale of other goods in specialized stores,2001.0,3463.0,1957.0,3245.0,44.0,217.0,G,Wholesale and Retail Trade; Repair of Motor Vehicles and Motorcycles
G479,Region IX (Zamboanga Peninsula),"Retail trade not in stores, stalls or markets",4.0,2.0,2.0,2.0,2.0,0.0,G,Wholesale and Retail Trade; Repair of Motor Vehicles and Motorcycles
,Region X (Northern Mindanao),,,,,,,,G,Wholesale and Retail Trade; Repair of Motor Vehicles and Motorcycles
G451,Region X (Northern Mindanao),Sale of motor vehicles,956.0,677.0,936.0,677.0,20.0,0.0,G,Wholesale and Retail Trade; Repair of Motor Vehicles and Motorcycles
G452,Region X (Northern Mindanao),Maintenance and repair of motor vehicles,741.0,140.0,740.0,139.0,1.0,1.0,G,Wholesale and Retail Trade; Repair of Motor Vehicles and Motorcycles
G453,Region X (Northern Mindanao),Sale of motor vehicle parts and accessories,740.0,448.0,740.0,448.0,0.0,0.0,G,Wholesale and Retail Trade; Repair of Motor Vehicles and Motorcycles
G454,Region X (Northern Mindanao),"Sale, maintenance and repair of motorcycles and related parts and accessories",2140.0,1313.0,2067.0,1313.0,73.0,0.0,G,Wholesale and Retail Trade; Repair of Motor Vehicles and Motorcycles
G461,Region X (Northern Mindanao),Wholesale on a fee or contract basis,334.0,203.0,334.0,203.0,0.0,0.0,G,Wholesale and Retail Trade; Repair of Motor Vehicles and Motorcycles
G462,Region X (Northern Mindanao),Wholesale of agricultural raw materials and live animals,298.0,149.0,298.0,149.0,0.0,0.0,G,Wholesale and Retail Trade; Repair of Motor Vehicles and Motorcycles
G463,Region X (Northern Mindanao),"Wholesale of food, beverages and tobacco",1899.0,1112.0,1899.0,1112.0,0.0,0.0,G,Wholesale and Retail Trade; Repair of Motor Vehicles and Motorcycles
G464,Region X (Northern Mindanao),Wholesale of household goods,1056.0,504.0,1056.0,504.0,0.0,0.0,G,Wholesale and Retail Trade; Repair of Motor Vehicles and Motorcycles
G465,Region X (Northern Mindanao),"Wholesale of machinery, equipment and supplies",433.0,276.0,433.0,276.0,0.0,0.0,G,Wholesale and Retail Trade; Repair of Motor Vehicles and Motorcycles
G466,Region X (Northern Mindanao),Other specialized wholesale,2148.0,853.0,2143.0,853.0,5.0,0.0,G,Wholesale and Retail Trade; Repair of Motor Vehicles and Motorcycles
G469,Region X (Northern Mindanao),Non-specialized wholesale trade,20.0,19.0,20.0,19.0,0.0,0.0,G,Wholesale and Retail Trade; Repair of Motor Vehicles and Motorcycles
G471,Region X (Northern Mindanao),Retail sale in non-specialized stores,4334.0,5045.0,4246.0,4981.0,88.0,64.0,G,Wholesale and Retail Trade; Repair of Motor Vehicles and Motorcycles
G472,Region X (Northern Mindanao),"Retail sale of food, beverages and tobacco in specialized stores",1619.0,1042.0,1463.0,963.0,156.0,79.0,G,Wholesale and Retail Trade; Repair of Motor Vehicles and Motorcycles
G473,Region X (Northern Mindanao),Retail sale of automotive fuel in specialized stores,1926.0,1485.0,1926.0,1485.0,0.0,0.0,G,Wholesale and Retail Trade; Repair of Motor Vehicles and Motorcycles
G474,Region X (Northern Mindanao),Retail sale of information and communications equipment in specialized stores,446.0,705.0,411.0,687.0,35.0,17.0,G,Wholesale and Retail Trade; Repair of Motor Vehicles and Motorcycles
G475,Region X (Northern Mindanao),Retail sale of other household equipment in specialized stores,4492.0,2549.0,4382.0,2494.0,110.0,55.0,G,Wholesale and Retail Trade; Repair of Motor Vehicles and Motorcycles
G476,Region X (Northern Mindanao),Retail sale of cultural and recreation goods in specialized stores,306.0,482.0,258.0,435.0,48.0,48.0,G,Wholesale and Retail Trade; Repair of Motor Vehicles and Motorcycles
G477,Region X (Northern Mindanao),Retail sale of other goods in specialized stores,2847.0,5009.0,2722.0,4939.0,125.0,70.0,G,Wholesale and Retail Trade; Repair of Motor Vehicles and Motorcycles
G479,Region X (Northern Mindanao),"Retail trade not in stores, stalls or markets",10.0,6.0,10.0,6.0,0.0,0.0,G,Wholesale and Retail Trade; Repair of Motor Vehicles and Motorcycles
,Region XI (Davao Region),,,,,,,,G,Wholesale and Retail Trade; Repair of Motor Vehicles and Motorcycles
G451,Region XI (Davao Region),Sale of motor vehicles,1645.0,833.0,1645.0,833.0,0.0,0.0,G,Wholesale and Retail Trade; Repair of Motor Vehicles and Motorcycles
G452,Region XI (Davao Region),Maintenance and repair of motor vehicles,819.0,266.0,757.0,249.0,62.0,17.0,G,Wholesale and Retail Trade; Repair of Motor Vehicles and Motorcycles
G453,Region XI (Davao Region),Sale of motor vehicle parts and accessories,1155.0,569.0,1008.0,569.0,147.0,0.0,G,Wholesale and Retail Trade; Repair of Motor Vehicles and Motorcycles
G454,Region XI (Davao Region),"Sale, maintenance and repair of motorcycles and related parts and accessories",1985.0,1244.0,1985.0,1244.0,0.0,0.0,G,Wholesale and Retail Trade; Repair of Motor Vehicles and Motorcycles
G461,Region XI (Davao Region),Wholesale on a fee or contract basis,1110.0,506.0,1110.0,506.0,0.0,0.0,G,Wholesale and Retail Trade; Repair of Motor Vehicles and Motorcycles
G462,Region XI (Davao Region),Wholesale of agricultural raw materials and live animals,411.0,255.0,411.0,255.0,0.0,0.0,G,Wholesale and Retail Trade; Repair of Motor Vehicles and Motorcycles
G463,Region XI (Davao Region),"Wholesale of food, beverages and tobacco",2299.0,1191.0,2299.0,1191.0,0.0,0.0,G,Wholesale and Retail Trade; Repair of Motor Vehicles and Motorcycles
G464,Region XI (Davao Region),Wholesale of household goods,2546.0,1696.0,2546.0,1696.0,0.0,0.0,G,Wholesale and Retail Trade; Repair of Motor Vehicles and Motorcycles
G465,Region XI (Davao Region),"Wholesale of machinery, equipment and supplies",764.0,477.0,743.0,458.0,21.0,19.0,G,Wholesale and Retail Trade; Repair of Motor Vehicles and Motorcycles
G466,Region XI (Davao Region),Other specialized wholesale,2521.0,1221.0,2521.0,1221.0,0.0,0.0,G,Wholesale and Retail Trade; Repair of Motor Vehicles and Motorcycles
G469,Region XI (Davao Region),Non-specialized wholesale trade,13.0,15.0,13.0,15.0,0.0,0.0,G,Wholesale and Retail Trade; Repair of Motor Vehicles and Motorcycles
G471,Region XI (Davao Region),Retail sale in non-specialized stores,9263.0,7054.0,9142.0,6933.0,121.0,121.0,G,Wholesale and Retail Trade; Repair of Motor Vehicles and Motorcycles
G472,Region XI (Davao Region),"Retail sale of food, beverages and tobacco in specialized stores",1238.0,899.0,1238.0,899.0,0.0,0.0,G,Wholesale and Retail Trade; Repair of Motor Vehicles and Motorcycles
G473,Region XI (Davao Region),Retail sale of automotive fuel in specialized stores,2214.0,1530.0,2214.0,1530.0,0.0,0.0,G,Wholesale and Retail Trade; Repair of Motor Vehicles and Motorcycles
G474,Region XI (Davao Region),Retail sale of information and communications equipment in specialized stores,613.0,1196.0,613.0,1196.0,0.0,0.0,G,Wholesale and Retail Trade; Repair of Motor Vehicles and Motorcycles
G475,Region XI (Davao Region),Retail sale of other household equipment in specialized stores,5847.0,3049.0,5689.0,2876.0,158.0,173.0,G,Wholesale and Retail Trade; Repair of Motor Vehicles and Motorcycles
G476,Region XI (Davao Region),Retail sale of cultural and recreation goods in specialized stores,86.0,196.0,86.0,196.0,0.0,0.0,G,Wholesale and Retail Trade; Repair of Motor Vehicles and Motorcycles
G477,Region XI (Davao Region),Retail sale of other goods in specialized stores,3854.0,4835.0,3790.0,4771.0,64.0,64.0,G,Wholesale and Retail Trade; Repair of Motor Vehicles and Motorcycles
G479,Region XI (Davao Region),"Retail trade not in stores, stalls or markets",37.0,57.0,37.0,36.0,0.0,21.0,G,Wholesale and Retail Trade; Repair of Motor Vehicles and Motorcycles
,Region XII (SOCCSKSARGEN),,,,,,,,G,Wholesale and Retail Trade; Repair of Motor Vehicles and Motorcycles
G451,Region XII (SOCCSKSARGEN),Sale of motor vehicles,552.0,362.0,552.0,362.0,0.0,0.0,G,Wholesale and Retail Trade; Repair of Motor Vehicles and Motorcycles
G452,Region XII (SOCCSKSARGEN),Maintenance and repair of motor vehicles,672.0,301.0,649.0,289.0,23.0,12.0,G,Wholesale and Retail Trade; Repair of Motor Vehicles and Motorcycles
G453,Region XII (SOCCSKSARGEN),Sale of motor vehicle parts and accessories,735.0,310.0,735.0,310.0,0.0,0.0,G,Wholesale and Retail Trade; Repair of Motor Vehicles and Motorcycles
G454,Region XII (SOCCSKSARGEN),"Sale, maintenance and repair of motorcycles and related parts and accessories",1413.0,1008.0,1413.0,1008.0,0.0,0.0,G,Wholesale and Retail Trade; Repair of Motor Vehicles and Motorcycles
G461,Region XII (SOCCSKSARGEN),Wholesale on a fee or contract basis,125.0,28.0,121.0,28.0,4.0,0.0,G,Wholesale and Retail Trade; Repair of Motor Vehicles and Motorcycles
G462,Region XII (SOCCSKSARGEN),Wholesale of agricultural raw materials and live animals,1769.0,510.0,1764.0,508.0,5.0,2.0,G,Wholesale and Retail Trade; Repair of Motor Vehicles and Motorcycles
G463,Region XII (SOCCSKSARGEN),"Wholesale of food, beverages and tobacco",900.0,599.0,886.0,586.0,14.0,14.0,G,Wholesale and Retail Trade; Repair of Motor Vehicles and Motorcycles
G464,Region XII (SOCCSKSARGEN),Wholesale of household goods,842.0,542.0,842.0,514.0,0.0,28.0,G,Wholesale and Retail Trade; Repair of Motor Vehicles and Motorcycles
G465,Region XII (SOCCSKSARGEN),"Wholesale of machinery, equipment and supplies",449.0,203.0,433.0,198.0,16.0,5.0,G,Wholesale and Retail Trade; Repair of Motor Vehicles and Motorcycles
G466,Region XII (SOCCSKSARGEN),Other specialized wholesale,496.0,263.0,496.0,248.0,0.0,15.0,G,Wholesale and Retail Trade; Repair of Motor Vehicles and Motorcycles
G471,Region XII (SOCCSKSARGEN),Retail sale in non-specialized stores,2976.0,4685.0,2939.0,4612.0,36.0,73.0,G,Wholesale and Retail Trade; Repair of Motor Vehicles and Motorcycles
G472,Region XII (SOCCSKSARGEN),"Retail sale of food, beverages and tobacco in specialized stores",1628.0,1678.0,1611.0,1612.0,17.0,66.0,G,Wholesale and Retail Trade; Repair of Motor Vehicles and Motorcycles
G473,Region XII (SOCCSKSARGEN),Retail sale of automotive fuel in specialized stores,1361.0,761.0,1332.0,761.0,29.0,0.0,G,Wholesale and Retail Trade; Repair of Motor Vehicles and Motorcycles
G474,Region XII (SOCCSKSARGEN),Retail sale of information and communications equipment in specialized stores,547.0,653.0,547.0,653.0,0.0,0.0,G,Wholesale and Retail Trade; Repair of Motor Vehicles and Motorcycles
G475,Region XII (SOCCSKSARGEN),Retail sale of other household equipment in specialized stores,2806.0,2469.0,2806.0,2469.0,0.0,0.0,G,Wholesale and Retail Trade; Repair of Motor Vehicles and Motorcycles
G476,Region XII (SOCCSKSARGEN),Retail sale of cultural and recreation goods in specialized stores,223.0,330.0,223.0,330.0,0.0,0.0,G,Wholesale and Retail Trade; Repair of Motor Vehicles and Motorcycles
G477,Region XII (SOCCSKSARGEN),Retail sale of other goods in specialized stores,2118.0,3484.0,2052.0,3484.0,66.0,0.0,G,Wholesale and Retail Trade; Repair of Motor Vehicles and Motorcycles
G479,Region XII (SOCCSKSARGEN),"Retail trade not in stores, stalls or markets",19.0,19.0,5.0,5.0,14.0,15.0,G,Wholesale and Retail Trade; Repair of Motor Vehicles and Motorcycles
,Region XIII (Caraga),,,,,,,,G,Wholesale and Retail Trade; Repair of Motor Vehicles and Motorcycles
G451,Region XIII (Caraga),Sale of motor vehicles,316.0,207.0,316.0,207.0,0.0,0.0,G,Wholesale and Retail Trade; Repair of Motor Vehicles and Motorcycles
G452,Region XIII (Caraga),Maintenance and repair of motor vehicles,300.0,80.0,300.0,77.0,0.0,4.0,G,Wholesale and Retail Trade; Repair of Motor Vehicles and Motorcycles
G453,Region XIII (Caraga),Sale of motor vehicle parts and accessories,182.0,183.0,182.0,164.0,0.0,19.0,G,Wholesale and Retail Trade; Repair of Motor Vehicles and Motorcycles
G454,Region XIII (Caraga),"Sale, maintenance and repair of motorcycles and related parts and accessories",1008.0,556.0,1008.0,556.0,0.0,0.0,G,Wholesale and Retail Trade; Repair of Motor Vehicles and Motorcycles
G461,Region XIII (Caraga),Wholesale on a fee or contract basis,,,,,,,G,Wholesale and Retail Trade; Repair of Motor Vehicles and Motorcycles
G462,Region XIII (Caraga),Wholesale of agricultural raw materials and live animals,198.0,133.0,191.0,126.0,7.0,7.0,G,Wholesale and Retail Trade; Repair of Motor Vehicles and Motorcycles
G463,Region XIII (Caraga),"Wholesale of food, beverages and tobacco",765.0,145.0,765.0,145.0,0.0,0.0,G,Wholesale and Retail Trade; Repair of Motor Vehicles and Motorcycles
G464,Region XIII (Caraga),Wholesale of household goods,325.0,351.0,325.0,351.0,0.0,0.0,G,Wholesale and Retail Trade; Repair of Motor Vehicles and Motorcycles
G465,Region XIII (Caraga),"Wholesale of machinery, equipment and supplies",362.0,381.0,362.0,381.0,0.0,0.0,G,Wholesale and Retail Trade; Repair of Motor Vehicles and Motorcycles
G466,Region XIII (Caraga),Other specialized wholesale,492.0,205.0,483.0,188.0,8.0,17.0,G,Wholesale and Retail Trade; Repair of Motor Vehicles and Motorcycles
G469,Region XIII (Caraga),Non-specialized wholesale trade,,,,,,,G,Wholesale and Retail Trade; Repair of Motor Vehicles and Motorcycles
G471,Region XIII (Caraga),Retail sale in non-specialized stores,1515.0,3937.0,1465.0,3838.0,50.0,98.0,G,Wholesale and Retail Trade; Repair of Motor Vehicles and Motorcycles
G472,Region XIII (Caraga),"Retail sale of food, beverages and tobacco in specialized stores",764.0,360.0,764.0,360.0,0.0,0.0,G,Wholesale and Retail Trade; Repair of Motor Vehicles and Motorcycles
G473,Region XIII (Caraga),Retail sale of automotive fuel in specialized stores,1445.0,868.0,1445.0,868.0,0.0,0.0,G,Wholesale and Retail Trade; Repair of Motor Vehicles and Motorcycles
G474,Region XIII (Caraga),Retail sale of information and communications equipment in specialized stores,631.0,822.0,631.0,822.0,0.0,0.0,G,Wholesale and Retail Trade; Repair of Motor Vehicles and Motorcycles
G475,Region XIII (Caraga),Retail sale of other household equipment in specialized stores,2101.0,823.0,2040.0,822.0,61.0,1.0,G,Wholesale and Retail Trade; Repair of Motor Vehicles and Motorcycles
G476,Region XIII (Caraga),Retail sale of cultural and recreation goods in specialized stores,100.0,144.0,98.0,142.0,2.0,2.0,G,Wholesale and Retail Trade; Repair of Motor Vehicles and Motorcycles
G477,Region XIII (Caraga),Retail sale of other goods in specialized stores,2345.0,2685.0,2345.0,2649.0,0.0,37.0,G,Wholesale and Retail Trade; Repair of Motor Vehicles and Motorcycles
G479,Region XIII (Caraga),"Retail trade not in stores, stalls or markets",,,,,,,G,Wholesale and Retail Trade; Repair of Motor Vehicles and Motorcycles
,Bangsamoro Autonomous Region in Muslim Mindanao (BARMM),,,,,,,,G,Wholesale and Retail Trade; Repair of Motor Vehicles and Motorcycles
G451,Bangsamoro Autonomous Region in Muslim Mindanao (BARMM),Sale of motor vehicles,14.0,4.0,8.0,4.0,6.0,0.0,G,Wholesale and Retail Trade; Repair of Motor Vehicles and Motorcycles
G452,Bangsamoro Autonomous Region in Muslim Mindanao (BARMM),Maintenance and repair of motor vehicles,42.0,15.0,42.0,15.0,0.0,0.0,G,Wholesale and Retail Trade; Repair of Motor Vehicles and Motorcycles
G453,Bangsamoro Autonomous Region in Muslim Mindanao (BARMM),Sale of motor vehicle parts and accessories,159.0,73.0,116.0,66.0,43.0,7.0,G,Wholesale and Retail Trade; Repair of Motor Vehicles and Motorcycles
G454,Bangsamoro Autonomous Region in Muslim Mindanao (BARMM),"Sale, maintenance and repair of motorcycles and related parts and accessories",213.0,61.0,213.0,61.0,0.0,0.0,G,Wholesale and Retail Trade; Repair of Motor Vehicles and Motorcycles
G462,Bangsamoro Autonomous Region in Muslim Mindanao (BARMM),Wholesale of agricultural raw materials and live animals,195.0,16.0,119.0,11.0,77.0,5.0,G,Wholesale and Retail Trade; Repair of Motor Vehicles and Motorcycles
G463,Bangsamoro Autonomous Region in Muslim Mindanao (BARMM),"Wholesale of food, beverages and tobacco",242.0,171.0,237.0,166.0,5.0,5.0,G,Wholesale and Retail Trade; Repair of Motor Vehicles and Motorcycles
G464,Bangsamoro Autonomous Region in Muslim Mindanao (BARMM),Wholesale of household goods,53.0,32.0,53.0,28.0,0.0,5.0,G,Wholesale and Retail Trade; Repair of Motor Vehicles and Motorcycles
G465,Bangsamoro Autonomous Region in Muslim Mindanao (BARMM),"Wholesale of machinery, equipment and supplies",25.0,11.0,25.0,11.0,0.0,0.0,G,Wholesale and Retail Trade; Repair of Motor Vehicles and Motorcycles
G466,Bangsamoro Autonomous Region in Muslim Mindanao (BARMM),Other specialized wholesale,37.0,39.0,35.0,36.0,2.0,3.0,G,Wholesale and Retail Trade; Repair of Motor Vehicles and Motorcycles
G471,Bangsamoro Autonomous Region in Muslim Mindanao (BARMM),Retail sale in non-specialized stores,355.0,539.0,298.0,482.0,57.0,57.0,G,Wholesale and Retail Trade; Repair of Motor Vehicles and Motorcycles
G472,Bangsamoro Autonomous Region in Muslim Mindanao (BARMM),"Retail sale of food, beverages and tobacco in specialized stores",90.0,116.0,67.0,71.0,23.0,46.0,G,Wholesale and Retail Trade; Repair of Motor Vehicles and Motorcycles
G473,Bangsamoro Autonomous Region in Muslim Mindanao (BARMM),Retail sale of automotive fuel in specialized stores,290.0,113.0,290.0,113.0,0.0,0.0,G,Wholesale and Retail Trade; Repair of Motor Vehicles and Motorcycles
G474,Bangsamoro Autonomous Region in Muslim Mindanao (BARMM),Retail sale of information and communications equipment in specialized stores,72.0,27.0,72.0,27.0,0.0,0.0,G,Wholesale and Retail Trade; Repair of Motor Vehicles and Motorcycles
G475,Bangsamoro Autonomous Region in Muslim Mindanao (BARMM),Retail sale of other household equipment in specialized stores,263.0,319.0,250.0,300.0,12.0,19.0,G,Wholesale and Retail Trade; Repair of Motor Vehicles and Motorcycles
G476,Bangsamoro Autonomous Region in Muslim Mindanao (BARMM),Retail sale of cultural and recreation goods in specialized stores,26.0,41.0,26.0,41.0,0.0,0.0,G,Wholesale and Retail Trade; Repair of Motor Vehicles and Motorcycles
G477,Bangsamoro Autonomous Region in Muslim Mindanao (BARMM),Retail sale of other goods in specialized stores,569.0,1097.0,559.0,1019.0,10.0,78.0,G,Wholesale and Retail Trade; Repair of Motor Vehicles and Motorcycles
G479,Bangsamoro Autonomous Region in Muslim Mindanao (BARMM),"Retail trade not in stores, stalls or markets",1.0,3.0,1.0,1.0,0.0,2.0,G,Wholesale and Retail Trade; Repair of Motor Vehicles and Motorcycles
,Philippines,,,,,,,,P,Education
P851,Philippines,Pre-primary/pre-school education ,2337.0,8090.0,2133.0,7852.0,204.0,238.0,P,Education
P852,Philippines,Primary/elementary education,7443.0,23988.0,7221.0,23555.0,221.0,433.0,P,Education
P853,Philippines,Secondary/high school education,29830.0,58814.0,29139.0,58145.0,692.0,669.0,P,Education
P854,Philippines,Higher education,64778.0,85752.0,64442.0,85453.0,336.0,299.0,P,Education
P855,Philippines,Other education services,6955.0,10153.0,6872.0,10093.0,83.0,60.0,P,Education
P856,Philippines,Educational support services,79.0,151.0,77.0,149.0,2.0,2.0,P,Education
,National Capital Region (NCR),,,,,,,,P,Education
P851,National Capital Region (NCR),Pre-primary/pre-school education ,558.0,2165.0,539.0,2096.0,19.0,68.0,P,Education
P852,National Capital Region (NCR),Primary/elementary education,1655.0,4164.0,1655.0,4164.0,0.0,0.0,P,Education
P853,National Capital Region (NCR),Secondary/high school education,6369.0,11672.0,6317.0,11621.0,52.0,51.0,P,Education
P854,National Capital Region (NCR),Higher education,17333.0,19725.0,17241.0,19685.0,91.0,40.0,P,Education
P855,National Capital Region (NCR),Other education services,3574.0,3716.0,3574.0,3716.0,0.0,0.0,P,Education
P856,National Capital Region (NCR),Educational support services,75.0,115.0,74.0,114.0,1.0,1.0,P,Education
,Cordillera Administrative Region (CAR),,,,,,,,P,Education
P851,Cordillera Administrative Region (CAR),Pre-primary/pre-school education ,38.0,51.0,13.0,43.0,26.0,9.0,P,Education
P852,Cordillera Administrative Region (CAR),Primary/elementary education,94.0,387.0,85.0,345.0,9.0,42.0,P,Education
P853,Cordillera Administrative Region (CAR),Secondary/high school education,660.0,1505.0,651.0,1500.0,9.0,5.0,P,Education
P854,Cordillera Administrative Region (CAR),Higher education,1501.0,2556.0,1455.0,2517.0,46.0,39.0,P,Education
P855,Cordillera Administrative Region (CAR),Other education services,259.0,566.0,242.0,566.0,17.0,0.0,P,Education
P856,Cordillera Administrative Region (CAR),Educational support services,,,,,,,P,Education
,Region I (Ilocos Region),,,,,,,,P,Education
P851,Region I (Ilocos Region),Pre-primary/pre-school education ,66.0,237.0,54.0,225.0,12.0,12.0,P,Education
P852,Region I (Ilocos Region),Primary/elementary education,590.0,1724.0,574.0,1691.0,16.0,34.0,P,Education
P853,Region I (Ilocos Region),Secondary/high school education,1085.0,2374.0,1085.0,2374.0,0.0,0.0,P,Education
P854,Region I (Ilocos Region),Higher education,2662.0,3277.0,2654.0,3271.0,8.0,6.0,P,Education
P855,Region I (Ilocos Region),Other education services,108.0,91.0,80.0,62.0,28.0,29.0,P,Education
,Region II (Cagayan Valley),,,,,,,,P,Education
P851,Region II (Cagayan Valley),Pre-primary/pre-school education ,92.0,382.0,75.0,367.0,17.0,14.0,P,Education
P852,Region II (Cagayan Valley),Primary/elementary education,252.0,518.0,252.0,503.0,0.0,15.0,P,Education
P853,Region II (Cagayan Valley),Secondary/high school education,763.0,1653.0,756.0,1653.0,6.0,0.0,P,Education
P854,Region II (Cagayan Valley),Higher education,2265.0,2903.0,2252.0,2901.0,13.0,2.0,P,Education
P855,Region II (Cagayan Valley),Other education services,58.0,29.0,58.0,29.0,0.0,0.0,P,Education
,Region III (Central Luzon),,,,,,,,P,Education
P851,Region III (Central Luzon),Pre-primary/pre-school education ,138.0,325.0,137.0,304.0,1.0,20.0,P,Education
P852,Region III (Central Luzon),Primary/elementary education,1104.0,3721.0,1069.0,3613.0,35.0,108.0,P,Education
P853,Region III (Central Luzon),Secondary/high school education,4282.0,8220.0,4274.0,8203.0,8.0,16.0,P,Education
P854,Region III (Central Luzon),Higher education,6746.0,7750.0,6743.0,7747.0,3.0,3.0,P,Education
P855,Region III (Central Luzon),Other education services,340.0,514.0,340.0,513.0,0.0,1.0,P,Education
P856,Region III (Central Luzon),Educational support services,,,,,,,P,Education
,Region IV-A (CALABARZON),,,,,,,,P,Education
P851,Region IV-A (CALABARZON),Pre-primary/pre-school education ,540.0,973.0,486.0,934.0,53.0,39.0,P,Education
P852,Region IV-A (CALABARZON),Primary/elementary education,1570.0,5685.0,1551.0,5638.0,19.0,48.0,P,Education
P853,Region IV-A (CALABARZON),Secondary/high school education,5788.0,10385.0,5417.0,10020.0,370.0,366.0,P,Education
P854,Region IV-A (CALABARZON),Higher education,7427.0,11198.0,7391.0,11155.0,36.0,43.0,P,Education
P855,Region IV-A (CALABARZON),Other education services,530.0,490.0,526.0,488.0,4.0,2.0,P,Education
,MIMAROPA Region,,,,,,,,P,Education
P851,MIMAROPA Region,Pre-primary/pre-school education ,88.0,207.0,74.0,207.0,13.0,0.0,P,Education
P852,MIMAROPA Region,Primary/elementary education,428.0,799.0,386.0,759.0,42.0,40.0,P,Education
P853,MIMAROPA Region,Secondary/high school education,518.0,818.0,437.0,765.0,81.0,52.0,P,Education
P854,MIMAROPA Region,Higher education,818.0,1356.0,815.0,1354.0,3.0,3.0,P,Education
P855,MIMAROPA Region,Other education services,44.0,106.0,44.0,106.0,0.0,0.0,P,Education
,Region V (Bicol Region),,,,,,,,P,Education
P851,Region V (Bicol Region),Pre-primary/pre-school education ,69.0,380.0,69.0,368.0,0.0,13.0,P,Education
P852,Region V (Bicol Region),Primary/elementary education,232.0,936.0,232.0,917.0,0.0,19.0,P,Education
P853,Region V (Bicol Region),Secondary/high school education,1116.0,2316.0,1086.0,2259.0,31.0,57.0,P,Education
P854,Region V (Bicol Region),Higher education,3316.0,4561.0,3286.0,4524.0,30.0,37.0,P,Education
P855,Region V (Bicol Region),Other education services,63.0,190.0,63.0,190.0,0.0,0.0,P,Education
,Region VI (Western Visayas),,,,,,,,P,Education
P851,Region VI (Western Visayas),Pre-primary/pre-school education ,246.0,1525.0,226.0,1515.0,20.0,10.0,P,Education
P852,Region VI (Western Visayas),Primary/elementary education,194.0,1092.0,167.0,1065.0,27.0,27.0,P,Education
P853,Region VI (Western Visayas),Secondary/high school education,1673.0,4494.0,1662.0,4450.0,11.0,44.0,P,Education
P854,Region VI (Western Visayas),Higher education,3949.0,6085.0,3918.0,6060.0,31.0,25.0,P,Education
P855,Region VI (Western Visayas),Other education services,490.0,644.0,484.0,632.0,6.0,11.0,P,Education
,Region VII (Central Visayas),,,,,,,,P,Education
P851,Region VII (Central Visayas),Pre-primary/pre-school education ,105.0,365.0,99.0,339.0,7.0,27.0,P,Education
P852,Region VII (Central Visayas),Primary/elementary education,166.0,738.0,166.0,722.0,0.0,16.0,P,Education
P853,Region VII (Central Visayas),Secondary/high school education,2296.0,5093.0,2227.0,5031.0,69.0,63.0,P,Education
P854,Region VII (Central Visayas),Higher education,5860.0,7839.0,5831.0,7820.0,29.0,19.0,P,Education
P855,Region VII (Central Visayas),Other education services,1033.0,3219.0,1033.0,3219.0,0.0,0.0,P,Education
P856,Region VII (Central Visayas),Educational support services,4.0,19.0,3.0,19.0,1.0,0.0,P,Education
,Region VIII (Eastern Visayas),,,,,,,,P,Education
P851,Region VIII (Eastern Visayas),Pre-primary/pre-school education ,7.0,144.0,7.0,142.0,0.0,2.0,P,Education
P852,Region VIII (Eastern Visayas),Primary/elementary education,174.0,653.0,167.0,645.0,7.0,8.0,P,Education
P853,Region VIII (Eastern Visayas),Secondary/high school education,622.0,1025.0,594.0,1012.0,28.0,14.0,P,Education
P854,Region VIII (Eastern Visayas),Higher education,1503.0,1789.0,1503.0,1747.0,0.0,42.0,P,Education
P855,Region VIII (Eastern Visayas),Other education services,55.0,38.0,55.0,38.0,0.0,0.0,P,Education
,Region IX (Zamboanga Peninsula),,,,,,,,P,Education
P851,Region IX (Zamboanga Peninsula),Pre-primary/pre-school education ,62.0,261.0,55.0,255.0,7.0,7.0,P,Education
P852,Region IX (Zamboanga Peninsula),Primary/elementary education,102.0,341.0,76.0,320.0,25.0,21.0,P,Education
P853,Region IX (Zamboanga Peninsula),Secondary/high school education,359.0,1020.0,358.0,1020.0,1.0,0.0,P,Education
P854,Region IX (Zamboanga Peninsula),Higher education,1623.0,2244.0,1619.0,2240.0,4.0,4.0,P,Education
P855,Region IX (Zamboanga Peninsula),Other education services,26.0,54.0,25.0,53.0,1.0,1.0,P,Education
,Region X (Northern Mindanao),,,,,,,,P,Education
P851,Region X (Northern Mindanao),Pre-primary/pre-school education ,115.0,243.0,115.0,243.0,0.0,0.0,P,Education
P852,Region X (Northern Mindanao),Primary/elementary education,243.0,925.0,205.0,873.0,38.0,52.0,P,Education
P853,Region X (Northern Mindanao),Secondary/high school education,1038.0,1926.0,1035.0,1925.0,3.0,1.0,P,Education
P854,Region X (Northern Mindanao),Higher education,2154.0,3237.0,2135.0,3222.0,18.0,15.0,P,Education
P855,Region X (Northern Mindanao),Other education services,116.0,174.0,108.0,157.0,8.0,17.0,P,Education
,Region XI (Davao Region),,,,,,,,P,Education
P851,Region XI (Davao Region),Pre-primary/pre-school education ,71.0,273.0,71.0,273.0,0.0,0.0,P,Education
P852,Region XI (Davao Region),Primary/elementary education,249.0,1272.0,249.0,1272.0,0.0,0.0,P,Education
P853,Region XI (Davao Region),Secondary/high school education,1597.0,2806.0,1597.0,2806.0,0.0,0.0,P,Education
P854,Region XI (Davao Region),Higher education,3747.0,5447.0,3726.0,5440.0,21.0,7.0,P,Education
P855,Region XI (Davao Region),Other education services,148.0,201.0,148.0,201.0,0.0,0.0,P,Education
P856,Region XI (Davao Region),Educational support services,,,,,,,P,Education
,Region XII (SOCCSKSARGEN),,,,,,,,P,Education
P851,Region XII (SOCCSKSARGEN),Pre-primary/pre-school education ,57.0,208.0,55.0,205.0,2.0,3.0,P,Education
P852,Region XII (SOCCSKSARGEN),Primary/elementary education,171.0,654.0,171.0,654.0,0.0,0.0,P,Education
P853,Region XII (SOCCSKSARGEN),Secondary/high school education,903.0,1565.0,881.0,1565.0,23.0,0.0,P,Education
P854,Region XII (SOCCSKSARGEN),Higher education,1919.0,3039.0,1916.0,3025.0,4.0,14.0,P,Education
P855,Region XII (SOCCSKSARGEN),Other education services,76.0,94.0,56.0,94.0,19.0,0.0,P,Education
,Region XIII (Caraga),,,,,,,,P,Education
P851,Region XIII (Caraga),Pre-primary/pre-school education ,29.0,260.0,29.0,260.0,0.0,0.0,P,Education
P852,Region XIII (Caraga),Primary/elementary education,81.0,178.0,81.0,178.0,0.0,0.0,P,Education
P853,Region XIII (Caraga),Secondary/high school education,256.0,506.0,255.0,505.0,1.0,1.0,P,Education
P854,Region XIII (Caraga),Higher education,1295.0,1704.0,1295.0,1704.0,0.0,0.0,P,Education
P855,Region XIII (Caraga),Other education services,16.0,29.0,16.0,29.0,0.0,0.0,P,Education
,Bangsamoro Autonomous Region in Muslim Mindanao (BARMM),,,,,,,,P,Education
P851,Bangsamoro Autonomous Region in Muslim Mindanao (BARMM),Pre-primary/pre-school education ,58.0,91.0,31.0,77.0,27.0,14.0,P,Education
P852,Bangsamoro Autonomous Region in Muslim Mindanao (BARMM),Primary/elementary education,137.0,202.0,134.0,198.0,4.0,4.0,P,Education
P853,Bangsamoro Autonomous Region in Muslim Mindanao (BARMM),Secondary/high school education,507.0,1437.0,507.0,1437.0,0.0,0.0,P,Education
P854,Bangsamoro Autonomous Region in Muslim Mindanao (BARMM),Higher education,663.0,1043.0,663.0,1043.0,0.0,0.0,P,Education
P855,Bangsamoro Autonomous Region in Muslim Mindanao (BARMM),Other education services,21.0,17.0,21.0,17.0,0.0,0.0,P,Education
,Philippines,,,,,,,,N,Administrative and Support Service Activities Sector
N771,Philippines,Renting and leasing of motor vehicles,29.0,5.0,29.0,5.0,0.0,0.0,N,Administrative and Support Service Activities Sector
N772,Philippines,Renting and leasing of personal and household goods,252.0,308.0,246.0,297.0,6.0,11.0,N,Administrative and Support Service Activities Sector
N773,Philippines,"Renting and leasing of other machinery, equipment and tangible goods, n.e.c.",2793.0,1141.0,2747.0,1129.0,47.0,13.0,N,Administrative and Support Service Activities Sector
N774,Philippines,"Leasing of intellectual property and 
similar products, except copyrighted works",60.0,101.0,60.0,101.0,0.0,0.0,N,Administrative and Support Service Activities Sector
N781,Philippines,Activities of employment placement agencies,73798.0,45881.0,73768.0,45803.0,30.0,78.0,N,Administrative and Support Service Activities Sector
N782,Philippines,Temporary employment agency activities,150744.0,96959.0,150631.0,96899.0,114.0,60.0,N,Administrative and Support Service Activities Sector
N783,Philippines,Other human resources provision,2209.0,2711.0,2207.0,2711.0,2.0,0.0,N,Administrative and Support Service Activities Sector
N791,Philippines,Travel agency and tour operator activities,1696.0,2506.0,1686.0,2487.0,10.0,19.0,N,Administrative and Support Service Activities Sector
N799,Philippines,Other reservation service and related activities,1149.0,1565.0,1134.0,1525.0,16.0,40.0,N,Administrative and Support Service Activities Sector
N801,Philippines,Private security activities,136292.0,26616.0,136010.0,26576.0,282.0,41.0,N,Administrative and Support Service Activities Sector
N802,Philippines,Security systems service activities,1331.0,295.0,1331.0,295.0,0.0,0.0,N,Administrative and Support Service Activities Sector
N803,Philippines,Investigation activities,402.0,239.0,402.0,239.0,0.0,0.0,N,Administrative and Support Service Activities Sector
N811,Philippines,Combined facilities support activities,2613.0,890.0,2613.0,890.0,0.0,0.0,N,Administrative and Support Service Activities Sector
N812,Philippines,Cleaning activities,25326.0,12522.0,25326.0,12522.0,0.0,0.0,N,Administrative and Support Service Activities Sector
N813,Philippines,Landscape care and maintenance service activities,816.0,238.0,816.0,238.0,0.0,0.0,N,Administrative and Support Service Activities Sector
N821,Philippines,Office administrative and support activities,3352.0,3388.0,3326.0,3365.0,26.0,24.0,N,Administrative and Support Service Activities Sector
N822,Philippines,Call centers and other related activities,337385.0,414760.0,337103.0,414345.0,282.0,415.0,N,Administrative and Support Service Activities Sector
N823,Philippines,Organization of conventions and trade shows,230.0,111.0,230.0,111.0,0.0,0.0,N,Administrative and Support Service Activities Sector
N829,Philippines,"Business support service activities, n.e.c.",6958.0,7030.0,6904.0,7013.0,55.0,17.0,N,Administrative and Support Service Activities Sector
,National Capital Region (NCR),,,,,,,,N,Administrative and Support Service Activities Sector
N771,National Capital Region (NCR),Renting and leasing of motor vehicles,,,,,,,N,Administrative and Support Service Activities Sector
N772,National Capital Region (NCR),Renting and leasing of personal and household goods,153.0,52.0,153.0,52.0,0.0,0.0,N,Administrative and Support Service Activities Sector
N773,National Capital Region (NCR),"Renting and leasing of other machinery, equipment and tangible goods, n.e.c.",1160.0,494.0,1160.0,485.0,0.0,9.0,N,Administrative and Support Service Activities Sector
N774,National Capital Region (NCR),"Leasing of intellectual property and 
similar products, except copyrighted works",30.0,29.0,30.0,29.0,0.0,0.0,N,Administrative and Support Service Activities Sector
N781,National Capital Region (NCR),Activities of employment placement agencies,49751.0,32379.0,49724.0,32310.0,27.0,69.0,N,Administrative and Support Service Activities Sector
N782,National Capital Region (NCR),Temporary employment agency activities,64333.0,38290.0,64333.0,38289.0,0.0,1.0,N,Administrative and Support Service Activities Sector
N783,National Capital Region (NCR),Other human resources provision,938.0,1740.0,938.0,1740.0,0.0,0.0,N,Administrative and Support Service Activities Sector
N791,National Capital Region (NCR),Travel agency and tour operator activities,1095.0,1907.0,1095.0,1907.0,0.0,0.0,N,Administrative and Support Service Activities Sector
N799,National Capital Region (NCR),Other reservation service and related activities,714.0,954.0,714.0,954.0,0.0,0.0,N,Administrative and Support Service Activities Sector
N801,National Capital Region (NCR),Private security activities,78301.0,16187.0,78029.0,16154.0,272.0,33.0,N,Administrative and Support Service Activities Sector
N802,National Capital Region (NCR),Security systems service activities,727.0,216.0,727.0,216.0,0.0,0.0,N,Administrative and Support Service Activities Sector
N803,National Capital Region (NCR),Investigation activities,,,,,,,N,Administrative and Support Service Activities Sector
N811,National Capital Region (NCR),Combined facilities support activities,,,,,,,N,Administrative and Support Service Activities Sector
N812,National Capital Region (NCR),Cleaning activities,10456.0,5044.0,10456.0,5044.0,0.0,0.0,N,Administrative and Support Service Activities Sector
N813,National Capital Region (NCR),Landscape care and maintenance service activities,358.0,143.0,358.0,143.0,0.0,0.0,N,Administrative and Support Service Activities Sector
N821,National Capital Region (NCR),Office administrative and support activities,1790.0,1347.0,1790.0,1334.0,0.0,13.0,N,Administrative and Support Service Activities Sector
N822,National Capital Region (NCR),Call centers and other related activities,213483.0,258670.0,213226.0,258289.0,257.0,382.0,N,Administrative and Support Service Activities Sector
N823,National Capital Region (NCR),Organization of conventions and trade shows,,,,,,,N,Administrative and Support Service Activities Sector
N829,National Capital Region (NCR),"Business support service activities, n.e.c.",5091.0,5248.0,5075.0,5231.0,16.0,17.0,N,Administrative and Support Service Activities Sector
,Cordillera Administrative Region (CAR),,,,,,,,N,Administrative and Support Service Activities Sector
N772,Cordillera Administrative Region (CAR),Renting and leasing of personal and household goods,4.0,6.0,2.0,5.0,2.0,1.0,N,Administrative and Support Service Activities Sector
N773,Cordillera Administrative Region (CAR),"Renting and leasing of other machinery, equipment and tangible goods, n.e.c.",,,,,,,N,Administrative and Support Service Activities Sector
N781,Cordillera Administrative Region (CAR),Activities of employment placement agencies,2.0,18.0,2.0,18.0,0.0,0.0,N,Administrative and Support Service Activities Sector
N782,Cordillera Administrative Region (CAR),Temporary employment agency activities,,,,,,,N,Administrative and Support Service Activities Sector
N783,Cordillera Administrative Region (CAR),Other human resources provision,,,,,,,N,Administrative and Support Service Activities Sector
N791,Cordillera Administrative Region (CAR),Travel agency and tour operator activities,15.0,39.0,13.0,37.0,3.0,3.0,N,Administrative and Support Service Activities Sector
N799,Cordillera Administrative Region (CAR),Other reservation service and related activities,,,,,,,N,Administrative and Support Service Activities Sector
N801,Cordillera Administrative Region (CAR),Private security activities,1622.0,359.0,1620.0,355.0,2.0,4.0,N,Administrative and Support Service Activities Sector
N812,Cordillera Administrative Region (CAR),Cleaning activities,,,,,,,N,Administrative and Support Service Activities Sector
N813,Cordillera Administrative Region (CAR),Landscape care and maintenance service activities,,,,,,,N,Administrative and Support Service Activities Sector
N821,Cordillera Administrative Region (CAR),Office administrative and support activities,3.0,3.0,1.0,3.0,1.0,0.0,N,Administrative and Support Service Activities Sector
N822,Cordillera Administrative Region (CAR),Call centers and other related activities,3983.0,5420.0,3983.0,5420.0,0.0,0.0,N,Administrative and Support Service Activities Sector
N829,Cordillera Administrative Region (CAR),"Business support service activities, n.e.c.",48.0,39.0,48.0,39.0,0.0,0.0,N,Administrative and Support Service Activities Sector
,Region I (Ilocos Region),,,,,,,,N,Administrative and Support Service Activities Sector
N772,Region I (Ilocos Region),Renting and leasing of personal and household goods,1.0,20.0,0.0,20.0,1.0,0.0,N,Administrative and Support Service Activities Sector
N773,Region I (Ilocos Region),"Renting and leasing of other machinery, equipment and tangible goods, n.e.c.",,,,,,,N,Administrative and Support Service Activities Sector
N781,Region I (Ilocos Region),Activities of employment placement agencies,441.0,47.0,441.0,47.0,0.0,0.0,N,Administrative and Support Service Activities Sector
N782,Region I (Ilocos Region),Temporary employment agency activities,2678.0,1526.0,2678.0,1526.0,0.0,0.0,N,Administrative and Support Service Activities Sector
N783,Region I (Ilocos Region),Other human resources provision,,,,,,,N,Administrative and Support Service Activities Sector
N791,Region I (Ilocos Region),Travel agency and tour operator activities,27.0,34.0,23.0,27.0,4.0,7.0,N,Administrative and Support Service Activities Sector
N801,Region I (Ilocos Region),Private security activities,1061.0,737.0,1061.0,737.0,0.0,0.0,N,Administrative and Support Service Activities Sector
N802,Region I (Ilocos Region),Security systems service activities,,,,,,,N,Administrative and Support Service Activities Sector
N812,Region I (Ilocos Region),Cleaning activities,777.0,686.0,777.0,686.0,0.0,0.0,N,Administrative and Support Service Activities Sector
N821,Region I (Ilocos Region),Office administrative and support activities,15.0,38.0,15.0,38.0,0.0,0.0,N,Administrative and Support Service Activities Sector
N822,Region I (Ilocos Region),Call centers and other related activities,1220.0,900.0,1220.0,900.0,0.0,0.0,N,Administrative and Support Service Activities Sector
N829,Region I (Ilocos Region),"Business support service activities, n.e.c.",,,,,,,N,Administrative and Support Service Activities Sector
,Region II (Cagayan Valley),,,,,,,,N,Administrative and Support Service Activities Sector
N773,Region II (Cagayan Valley),"Renting and leasing of other machinery, equipment and tangible goods, n.e.c.",,,,,,,N,Administrative and Support Service Activities Sector
N781,Region II (Cagayan Valley),Activities of employment placement agencies,116.0,96.0,116.0,96.0,0.0,0.0,N,Administrative and Support Service Activities Sector
N782,Region II (Cagayan Valley),Temporary employment agency activities,,,,,,,N,Administrative and Support Service Activities Sector
N783,Region II (Cagayan Valley),Other human resources provision,,,,,,,N,Administrative and Support Service Activities Sector
N791,Region II (Cagayan Valley),Travel agency and tour operator activities,,,,,,,N,Administrative and Support Service Activities Sector
N801,Region II (Cagayan Valley),Private security activities,1970.0,421.0,1967.0,421.0,3.0,0.0,N,Administrative and Support Service Activities Sector
N812,Region II (Cagayan Valley),Cleaning activities,,,,,,,N,Administrative and Support Service Activities Sector
N821,Region II (Cagayan Valley),Office administrative and support activities,30.0,16.0,30.0,16.0,0.0,0.0,N,Administrative and Support Service Activities Sector
N822,Region II (Cagayan Valley),Call centers and other related activities,,,,,,,N,Administrative and Support Service Activities Sector
,Region III (Central Luzon),,,,,,,,N,Administrative and Support Service Activities Sector
N772,Region III (Central Luzon),Renting and leasing of personal and household goods,0.0,26.0,0.0,26.0,0.0,0.0,N,Administrative and Support Service Activities Sector
N773,Region III (Central Luzon),"Renting and leasing of other machinery, equipment and tangible goods, n.e.c.",142.0,83.0,142.0,83.0,0.0,0.0,N,Administrative and Support Service Activities Sector
N781,Region III (Central Luzon),Activities of employment placement agencies,2992.0,2099.0,2992.0,2098.0,0.0,1.0,N,Administrative and Support Service Activities Sector
N782,Region III (Central Luzon),Temporary employment agency activities,16511.0,12608.0,16511.0,12608.0,0.0,0.0,N,Administrative and Support Service Activities Sector
N783,Region III (Central Luzon),Other human resources provision,178.0,224.0,178.0,224.0,0.0,0.0,N,Administrative and Support Service Activities Sector
N791,Region III (Central Luzon),Travel agency and tour operator activities,71.0,63.0,71.0,63.0,0.0,0.0,N,Administrative and Support Service Activities Sector
N799,Region III (Central Luzon),Other reservation service and related activities,42.0,35.0,40.0,35.0,2.0,0.0,N,Administrative and Support Service Activities Sector
N801,Region III (Central Luzon),Private security activities,4410.0,987.0,4410.0,987.0,0.0,0.0,N,Administrative and Support Service Activities Sector
N802,Region III (Central Luzon),Security systems service activities,,,,,,,N,Administrative and Support Service Activities Sector
N803,Region III (Central Luzon),Investigation activities,,,,,,,N,Administrative and Support Service Activities Sector
N811,Region III (Central Luzon),Combined facilities support activities,,,,,,,N,Administrative and Support Service Activities Sector
N812,Region III (Central Luzon),Cleaning activities,2557.0,1549.0,2557.0,1549.0,0.0,0.0,N,Administrative and Support Service Activities Sector
N813,Region III (Central Luzon),Landscape care and maintenance service activities,,,,,,,N,Administrative and Support Service Activities Sector
N821,Region III (Central Luzon),Office administrative and support activities,874.0,1207.0,874.0,1207.0,0.0,0.0,N,Administrative and Support Service Activities Sector
N822,Region III (Central Luzon),Call centers and other related activities,18380.0,21266.0,18373.0,21258.0,7.0,8.0,N,Administrative and Support Service Activities Sector
N829,Region III (Central Luzon),"Business support service activities, n.e.c.",189.0,77.0,189.0,77.0,0.0,0.0,N,Administrative and Support Service Activities Sector
,Region IV-A (CALABARZON),,,,,,,,N,Administrative and Support Service Activities Sector
N772,Region IV-A (CALABARZON),Renting and leasing of personal and household goods,50.0,47.0,50.0,43.0,0.0,4.0,N,Administrative and Support Service Activities Sector
N773,Region IV-A (CALABARZON),"Renting and leasing of other machinery, equipment and tangible goods, n.e.c.",596.0,187.0,596.0,187.0,0.0,0.0,N,Administrative and Support Service Activities Sector
N781,Region IV-A (CALABARZON),Activities of employment placement agencies,948.0,596.0,948.0,596.0,0.0,0.0,N,Administrative and Support Service Activities Sector
N782,Region IV-A (CALABARZON),Temporary employment agency activities,15605.0,10357.0,15596.0,10344.0,10.0,13.0,N,Administrative and Support Service Activities Sector
N783,Region IV-A (CALABARZON),Other human resources provision,214.0,358.0,214.0,358.0,0.0,0.0,N,Administrative and Support Service Activities Sector
N791,Region IV-A (CALABARZON),Travel agency and tour operator activities,25.0,42.0,25.0,42.0,0.0,0.0,N,Administrative and Support Service Activities Sector
N799,Region IV-A (CALABARZON),Other reservation service and related activities,19.0,36.0,19.0,34.0,0.0,2.0,N,Administrative and Support Service Activities Sector
N801,Region IV-A (CALABARZON),Private security activities,10441.0,2356.0,10441.0,2356.0,0.0,0.0,N,Administrative and Support Service Activities Sector
N802,Region IV-A (CALABARZON),Security systems service activities,,,,,,,N,Administrative and Support Service Activities Sector
N811,Region IV-A (CALABARZON),Combined facilities support activities,,,,,,,N,Administrative and Support Service Activities Sector
N812,Region IV-A (CALABARZON),Cleaning activities,5897.0,2375.0,5897.0,2375.0,0.0,0.0,N,Administrative and Support Service Activities Sector
N813,Region IV-A (CALABARZON),Landscape care and maintenance service activities,301.0,30.0,301.0,30.0,0.0,0.0,N,Administrative and Support Service Activities Sector
N821,Region IV-A (CALABARZON),Office administrative and support activities,115.0,112.0,115.0,112.0,0.0,0.0,N,Administrative and Support Service Activities Sector
N822,Region IV-A (CALABARZON),Call centers and other related activities,11985.0,16376.0,11982.0,16375.0,3.0,1.0,N,Administrative and Support Service Activities Sector
N823,Region IV-A (CALABARZON),Organization of conventions and trade shows,,,,,,,N,Administrative and Support Service Activities Sector
N829,Region IV-A (CALABARZON),"Business support service activities, n.e.c.",733.0,340.0,701.0,340.0,32.0,0.0,N,Administrative and Support Service Activities Sector
,MIMAROPA Region,,,,,,,,N,Administrative and Support Service Activities Sector
N772,MIMAROPA Region,Renting and leasing of personal and household goods,63.0,19.0,63.0,18.0,0.0,1.0,N,Administrative and Support Service Activities Sector
N773,MIMAROPA Region,"Renting and leasing of other machinery, equipment and tangible goods, n.e.c.",,,,,,,N,Administrative and Support Service Activities Sector
N781,MIMAROPA Region,Activities of employment placement agencies,29.0,36.0,29.0,36.0,0.0,0.0,N,Administrative and Support Service Activities Sector
N782,MIMAROPA Region,Temporary employment agency activities,765.0,251.0,763.0,250.0,2.0,1.0,N,Administrative and Support Service Activities Sector
N783,MIMAROPA Region,Other human resources provision,,,,,,,N,Administrative and Support Service Activities Sector
N791,MIMAROPA Region,Travel agency and tour operator activities,,,,,,,N,Administrative and Support Service Activities Sector
N799,MIMAROPA Region,Other reservation service and related activities,29.0,24.0,29.0,24.0,0.0,0.0,N,Administrative and Support Service Activities Sector
N801,MIMAROPA Region,Private security activities,78.0,15.0,78.0,15.0,0.0,0.0,N,Administrative and Support Service Activities Sector
N812,MIMAROPA Region,Cleaning activities,,,,,,,N,Administrative and Support Service Activities Sector
N813,MIMAROPA Region,Landscape care and maintenance service activities,,,,,,,N,Administrative and Support Service Activities Sector
N821,MIMAROPA Region,Office administrative and support activities,17.0,30.0,17.0,30.0,0.0,0.0,N,Administrative and Support Service Activities Sector
N822,MIMAROPA Region,Call centers and other related activities,1188.0,1300.0,1188.0,1300.0,0.0,0.0,N,Administrative and Support Service Activities Sector
N829,MIMAROPA Region,"Business support service activities, n.e.c.",,,,,,,N,Administrative and Support Service Activities Sector
,Region V (Bicol Region),,,,,,,,N,Administrative and Support Service Activities Sector
N772,Region V (Bicol Region),Renting and leasing of personal and household goods,10.0,54.0,10.0,49.0,0.0,5.0,N,Administrative and Support Service Activities Sector
N773,Region V (Bicol Region),"Renting and leasing of other machinery, equipment and tangible goods, n.e.c.",,,,,,,N,Administrative and Support Service Activities Sector
N781,Region V (Bicol Region),Activities of employment placement agencies,566.0,278.0,565.0,276.0,1.0,2.0,N,Administrative and Support Service Activities Sector
N782,Region V (Bicol Region),Temporary employment agency activities,,,,,,,N,Administrative and Support Service Activities Sector
N783,Region V (Bicol Region),Other human resources provision,,,,,,,N,Administrative and Support Service Activities Sector
N791,Region V (Bicol Region),Travel agency and tour operator activities,40.0,5.0,40.0,5.0,0.0,0.0,N,Administrative and Support Service Activities Sector
N799,Region V (Bicol Region),Other reservation service and related activities,23.0,28.0,23.0,24.0,0.0,4.0,N,Administrative and Support Service Activities Sector
N801,Region V (Bicol Region),Private security activities,2052.0,386.0,2052.0,386.0,0.0,0.0,N,Administrative and Support Service Activities Sector
N803,Region V (Bicol Region),Investigation activities,,,,,,,N,Administrative and Support Service Activities Sector
N812,Region V (Bicol Region),Cleaning activities,,,,,,,N,Administrative and Support Service Activities Sector
N813,Region V (Bicol Region),Landscape care and maintenance service activities,,,,,,,N,Administrative and Support Service Activities Sector
N821,Region V (Bicol Region),Office administrative and support activities,11.0,11.0,4.0,11.0,7.0,0.0,N,Administrative and Support Service Activities Sector
N822,Region V (Bicol Region),Call centers and other related activities,4518.0,6396.0,4518.0,6396.0,0.0,0.0,N,Administrative and Support Service Activities Sector
N823,Region V (Bicol Region),Organization of conventions and trade shows,,,,,,,N,Administrative and Support Service Activities Sector
N829,Region V (Bicol Region),"Business support service activities, n.e.c.",69.0,71.0,63.0,71.0,6.0,0.0,N,Administrative and Support Service Activities Sector
,Region VI (Western Visayas),,,,,,,,N,Administrative and Support Service Activities Sector
N772,Region VI (Western Visayas),Renting and leasing of personal and household goods,9.0,6.0,6.0,6.0,3.0,0.0,N,Administrative and Support Service Activities Sector
N773,Region VI (Western Visayas),"Renting and leasing of other machinery, equipment and tangible goods, n.e.c.",28.0,27.0,28.0,27.0,0.0,0.0,N,Administrative and Support Service Activities Sector
N781,Region VI (Western Visayas),Activities of employment placement agencies,352.0,310.0,352.0,310.0,0.0,0.0,N,Administrative and Support Service Activities Sector
N782,Region VI (Western Visayas),Temporary employment agency activities,3918.0,1492.0,3918.0,1492.0,0.0,0.0,N,Administrative and Support Service Activities Sector
N783,Region VI (Western Visayas),Other human resources provision,,,,,,,N,Administrative and Support Service Activities Sector
N791,Region VI (Western Visayas),Travel agency and tour operator activities,184.0,46.0,184.0,46.0,0.0,0.0,N,Administrative and Support Service Activities Sector
N799,Region VI (Western Visayas),Other reservation service and related activities,28.0,60.0,28.0,60.0,0.0,0.0,N,Administrative and Support Service Activities Sector
N801,Region VI (Western Visayas),Private security activities,7394.0,944.0,7394.0,943.0,0.0,1.0,N,Administrative and Support Service Activities Sector
N802,Region VI (Western Visayas),Security systems service activities,,,,,,,N,Administrative and Support Service Activities Sector
N812,Region VI (Western Visayas),Cleaning activities,1146.0,399.0,1146.0,399.0,0.0,0.0,N,Administrative and Support Service Activities Sector
N821,Region VI (Western Visayas),Office administrative and support activities,35.0,28.0,35.0,28.0,0.0,0.0,N,Administrative and Support Service Activities Sector
N822,Region VI (Western Visayas),Call centers and other related activities,17031.0,21110.0,17031.0,21110.0,0.0,0.0,N,Administrative and Support Service Activities Sector
N829,Region VI (Western Visayas),"Business support service activities, n.e.c.",31.0,69.0,31.0,69.0,0.0,0.0,N,Administrative and Support Service Activities Sector
,Region VII (Central Visayas),,,,,,,,N,Administrative and Support Service Activities Sector
N771,Region VII (Central Visayas),Renting and leasing of motor vehicles,,,,,,,N,Administrative and Support Service Activities Sector
N772,Region VII (Central Visayas),Renting and leasing of personal and household goods,7.0,45.0,7.0,45.0,0.0,0.0,N,Administrative and Support Service Activities Sector
N773,Region VII (Central Visayas),"Renting and leasing of other machinery, equipment and tangible goods, n.e.c.",176.0,77.0,176.0,77.0,0.0,0.0,N,Administrative and Support Service Activities Sector
N774,Region VII (Central Visayas),"Leasing of intellectual property and 
similar products, except copyrighted works",30.0,72.0,30.0,72.0,0.0,0.0,N,Administrative and Support Service Activities Sector
N781,Region VII (Central Visayas),Activities of employment placement agencies,1113.0,513.0,1113.0,513.0,0.0,0.0,N,Administrative and Support Service Activities Sector
N782,Region VII (Central Visayas),Temporary employment agency activities,23599.0,17977.0,23523.0,17958.0,76.0,19.0,N,Administrative and Support Service Activities Sector
N783,Region VII (Central Visayas),Other human resources provision,,,,,,,N,Administrative and Support Service Activities Sector
N791,Region VII (Central Visayas),Travel agency and tour operator activities,202.0,284.0,202.0,277.0,0.0,6.0,N,Administrative and Support Service Activities Sector
N799,Region VII (Central Visayas),Other reservation service and related activities,29.0,96.0,24.0,80.0,5.0,16.0,N,Administrative and Support Service Activities Sector
N801,Region VII (Central Visayas),Private security activities,8721.0,1411.0,8721.0,1411.0,0.0,0.0,N,Administrative and Support Service Activities Sector
N802,Region VII (Central Visayas),Security systems service activities,,,,,,,N,Administrative and Support Service Activities Sector
N803,Region VII (Central Visayas),Investigation activities,,,,,,,N,Administrative and Support Service Activities Sector
N811,Region VII (Central Visayas),Combined facilities support activities,,,,,,,N,Administrative and Support Service Activities Sector
N812,Region VII (Central Visayas),Cleaning activities,2518.0,1889.0,2518.0,1889.0,0.0,0.0,N,Administrative and Support Service Activities Sector
N813,Region VII (Central Visayas),Landscape care and maintenance service activities,,,,,,,N,Administrative and Support Service Activities Sector
N821,Region VII (Central Visayas),Office administrative and support activities,267.0,358.0,255.0,352.0,12.0,6.0,N,Administrative and Support Service Activities Sector
N822,Region VII (Central Visayas),Call centers and other related activities,53203.0,68748.0,53198.0,68739.0,5.0,9.0,N,Administrative and Support Service Activities Sector
N829,Region VII (Central Visayas),"Business support service activities, n.e.c.",407.0,626.0,407.0,626.0,0.0,0.0,N,Administrative and Support Service Activities Sector
,Region VIII (Eastern Visayas),,,,,,,,N,Administrative and Support Service Activities Sector
N772,Region VIII (Eastern Visayas),Renting and leasing of personal and household goods,,,,,,,N,Administrative and Support Service Activities Sector
N773,Region VIII (Eastern Visayas),"Renting and leasing of other machinery, equipment and tangible goods, n.e.c.",227.0,121.0,185.0,120.0,42.0,1.0,N,Administrative and Support Service Activities Sector
N781,Region VIII (Eastern Visayas),Activities of employment placement agencies,197.0,50.0,197.0,49.0,0.0,1.0,N,Administrative and Support Service Activities Sector
N782,Region VIII (Eastern Visayas),Temporary employment agency activities,1659.0,134.0,1657.0,134.0,2.0,0.0,N,Administrative and Support Service Activities Sector
N783,Region VIII (Eastern Visayas),Other human resources provision,,,,,,,N,Administrative and Support Service Activities Sector
N791,Region VIII (Eastern Visayas),Travel agency and tour operator activities,0.0,10.0,0.0,6.0,0.0,3.0,N,Administrative and Support Service Activities Sector
N799,Region VIII (Eastern Visayas),Other reservation service and related activities,128.0,74.0,122.0,67.0,6.0,6.0,N,Administrative and Support Service Activities Sector
N801,Region VIII (Eastern Visayas),Private security activities,464.0,73.0,462.0,71.0,2.0,2.0,N,Administrative and Support Service Activities Sector
N812,Region VIII (Eastern Visayas),Cleaning activities,,,,,,,N,Administrative and Support Service Activities Sector
N821,Region VIII (Eastern Visayas),Office administrative and support activities,47.0,40.0,47.0,35.0,0.0,5.0,N,Administrative and Support Service Activities Sector
N822,Region VIII (Eastern Visayas),Call centers and other related activities,1113.0,677.0,1113.0,677.0,0.0,0.0,N,Administrative and Support Service Activities Sector
N829,Region VIII (Eastern Visayas),"Business support service activities, n.e.c.",,,,,,,N,Administrative and Support Service Activities Sector
,Region IX (Zamboanga Peninsula),,,,,,,,N,Administrative and Support Service Activities Sector
N772,Region IX (Zamboanga Peninsula),Renting and leasing of personal and household goods,,,,,,,N,Administrative and Support Service Activities Sector
N781,Region IX (Zamboanga Peninsula),Activities of employment placement agencies,119.0,107.0,119.0,107.0,0.0,0.0,N,Administrative and Support Service Activities Sector
N782,Region IX (Zamboanga Peninsula),Temporary employment agency activities,172.0,66.0,172.0,66.0,0.0,0.0,N,Administrative and Support Service Activities Sector
N791,Region IX (Zamboanga Peninsula),Travel agency and tour operator activities,,,,,,,N,Administrative and Support Service Activities Sector
N799,Region IX (Zamboanga Peninsula),Other reservation service and related activities,30.0,71.0,30.0,68.0,0.0,3.0,N,Administrative and Support Service Activities Sector
N801,Region IX (Zamboanga Peninsula),Private security activities,2666.0,251.0,2664.0,251.0,2.0,0.0,N,Administrative and Support Service Activities Sector
N812,Region IX (Zamboanga Peninsula),Cleaning activities,,,,,,,N,Administrative and Support Service Activities Sector
N813,Region IX (Zamboanga Peninsula),Landscape care and maintenance service activities,,,,,,,N,Administrative and Support Service Activities Sector
N821,Region IX (Zamboanga Peninsula),Office administrative and support activities,52.0,28.0,52.0,28.0,0.0,0.0,N,Administrative and Support Service Activities Sector
N822,Region IX (Zamboanga Peninsula),Call centers and other related activities,45.0,54.0,40.0,53.0,5.0,1.0,N,Administrative and Support Service Activities Sector
N829,Region IX (Zamboanga Peninsula),"Business support service activities, n.e.c.",25.0,53.0,24.0,53.0,1.0,0.0,N,Administrative and Support Service Activities Sector
,Region X (Northern Mindanao),,,,,,,,N,Administrative and Support Service Activities Sector
N772,Region X (Northern Mindanao),Renting and leasing of personal and household goods,5.0,16.0,5.0,16.0,0.0,0.0,N,Administrative and Support Service Activities Sector
N773,Region X (Northern Mindanao),"Renting and leasing of other machinery, equipment and tangible goods, n.e.c.",231.0,27.0,228.0,26.0,3.0,2.0,N,Administrative and Support Service Activities Sector
N781,Region X (Northern Mindanao),Activities of employment placement agencies,6339.0,3238.0,6339.0,3238.0,0.0,0.0,N,Administrative and Support Service Activities Sector
N782,Region X (Northern Mindanao),Temporary employment agency activities,5929.0,4222.0,5903.0,4197.0,26.0,25.0,N,Administrative and Support Service Activities Sector
N783,Region X (Northern Mindanao),Other human resources provision,,,,,,,N,Administrative and Support Service Activities Sector
N791,Region X (Northern Mindanao),Travel agency and tour operator activities,4.0,11.0,1.0,11.0,3.0,0.0,N,Administrative and Support Service Activities Sector
N799,Region X (Northern Mindanao),Other reservation service and related activities,39.0,82.0,39.0,82.0,0.0,0.0,N,Administrative and Support Service Activities Sector
N801,Region X (Northern Mindanao),Private security activities,2859.0,618.0,2858.0,617.0,1.0,1.0,N,Administrative and Support Service Activities Sector
N802,Region X (Northern Mindanao),Security systems service activities,,,,,,,N,Administrative and Support Service Activities Sector
N812,Region X (Northern Mindanao),Cleaning activities,126.0,51.0,126.0,51.0,0.0,0.0,N,Administrative and Support Service Activities Sector
N821,Region X (Northern Mindanao),Office administrative and support activities,38.0,53.0,33.0,53.0,5.0,0.0,N,Administrative and Support Service Activities Sector
N822,Region X (Northern Mindanao),Call centers and other related activities,1168.0,1180.0,1168.0,1180.0,0.0,0.0,N,Administrative and Support Service Activities Sector
N829,Region X (Northern Mindanao),"Business support service activities, n.e.c.",68.0,54.0,68.0,54.0,0.0,0.0,N,Administrative and Support Service Activities Sector
,Region XI (Davao Region),,,,,,,,N,Administrative and Support Service Activities Sector
N772,Region XI (Davao Region),Renting and leasing of personal and household goods,,,,,,,N,Administrative and Support Service Activities Sector
N773,Region XI (Davao Region),"Renting and leasing of other machinery, equipment and tangible goods, n.e.c.",128.0,90.0,128.0,90.0,0.0,0.0,N,Administrative and Support Service Activities Sector
N781,Region XI (Davao Region),Activities of employment placement agencies,5621.0,1939.0,5621.0,1939.0,0.0,0.0,N,Administrative and Support Service Activities Sector
N782,Region XI (Davao Region),Temporary employment agency activities,3053.0,2297.0,3053.0,2297.0,0.0,0.0,N,Administrative and Support Service Activities Sector
N783,Region XI (Davao Region),Other human resources provision,,,,,,,N,Administrative and Support Service Activities Sector
N791,Region XI (Davao Region),Travel agency and tour operator activities,14.0,37.0,14.0,37.0,0.0,0.0,N,Administrative and Support Service Activities Sector
N799,Region XI (Davao Region),Other reservation service and related activities,8.0,20.0,8.0,20.0,0.0,0.0,N,Administrative and Support Service Activities Sector
N801,Region XI (Davao Region),Private security activities,10307.0,1509.0,10307.0,1509.0,0.0,0.0,N,Administrative and Support Service Activities Sector
N803,Region XI (Davao Region),Investigation activities,,,,,,,N,Administrative and Support Service Activities Sector
N811,Region XI (Davao Region),Combined facilities support activities,,,,,,,N,Administrative and Support Service Activities Sector
N812,Region XI (Davao Region),Cleaning activities,1333.0,417.0,1333.0,417.0,0.0,0.0,N,Administrative and Support Service Activities Sector
N813,Region XI (Davao Region),Landscape care and maintenance service activities,,,,,,,N,Administrative and Support Service Activities Sector
N821,Region XI (Davao Region),Office administrative and support activities,51.0,79.0,51.0,79.0,0.0,0.0,N,Administrative and Support Service Activities Sector
N822,Region XI (Davao Region),Call centers and other related activities,9880.0,12503.0,9879.0,12499.0,1.0,4.0,N,Administrative and Support Service Activities Sector
N823,Region XI (Davao Region),Organization of conventions and trade shows,,,,,,,N,Administrative and Support Service Activities Sector
N829,Region XI (Davao Region),"Business support service activities, n.e.c.",276.0,409.0,276.0,409.0,0.0,0.0,N,Administrative and Support Service Activities Sector
,Region XII (SOCCSKSARGEN),,,,,,,,N,Administrative and Support Service Activities Sector
N772,Region XII (SOCCSKSARGEN),Renting and leasing of personal and household goods,2.0,17.0,2.0,17.0,0.0,0.0,N,Administrative and Support Service Activities Sector
N773,Region XII (SOCCSKSARGEN),"Renting and leasing of other machinery, equipment and tangible goods, n.e.c.",,,,,,,N,Administrative and Support Service Activities Sector
N781,Region XII (SOCCSKSARGEN),Activities of employment placement agencies,3748.0,3812.0,3746.0,3807.0,2.0,5.0,N,Administrative and Support Service Activities Sector
N782,Region XII (SOCCSKSARGEN),Temporary employment agency activities,11266.0,7081.0,11266.0,7081.0,0.0,0.0,N,Administrative and Support Service Activities Sector
N791,Region XII (SOCCSKSARGEN),Travel agency and tour operator activities,3.0,14.0,3.0,14.0,0.0,0.0,N,Administrative and Support Service Activities Sector
N799,Region XII (SOCCSKSARGEN),Other reservation service and related activities,26.0,43.0,26.0,39.0,0.0,4.0,N,Administrative and Support Service Activities Sector
N801,Region XII (SOCCSKSARGEN),Private security activities,2119.0,248.0,2119.0,248.0,0.0,0.0,N,Administrative and Support Service Activities Sector
N802,Region XII (SOCCSKSARGEN),Security systems service activities,,,,,,,N,Administrative and Support Service Activities Sector
N812,Region XII (SOCCSKSARGEN),Cleaning activities,13.0,8.0,13.0,8.0,0.0,0.0,N,Administrative and Support Service Activities Sector
N813,Region XII (SOCCSKSARGEN),Landscape care and maintenance service activities,,,,,,,N,Administrative and Support Service Activities Sector
N821,Region XII (SOCCSKSARGEN),Office administrative and support activities,8.0,9.0,8.0,9.0,0.0,0.0,N,Administrative and Support Service Activities Sector
N822,Region XII (SOCCSKSARGEN),Call centers and other related activities,118.0,170.0,117.0,170.0,1.0,0.0,N,Administrative and Support Service Activities Sector
N829,Region XII (SOCCSKSARGEN),"Business support service activities, n.e.c.",,,,,,,N,Administrative and Support Service Activities Sector
,Region XIII (Caraga),,,,,,,,N,Administrative and Support Service Activities Sector
N772,Region XIII (Caraga),Renting and leasing of personal and household goods,,,,,,,N,Administrative and Support Service Activities Sector
N773,Region XIII (Caraga),"Renting and leasing of other machinery, equipment and tangible goods, n.e.c.",,,,,,,N,Administrative and Support Service Activities Sector
N781,Region XIII (Caraga),Activities of employment placement agencies,1466.0,359.0,1466.0,359.0,0.0,0.0,N,Administrative and Support Service Activities Sector
N782,Region XIII (Caraga),Temporary employment agency activities,1148.0,465.0,1148.0,465.0,0.0,0.0,N,Administrative and Support Service Activities Sector
N791,Region XIII (Caraga),Travel agency and tour operator activities,,,,,,,N,Administrative and Support Service Activities Sector
N799,Region XIII (Caraga),Other reservation service and related activities,40.0,35.0,38.0,33.0,2.0,2.0,N,Administrative and Support Service Activities Sector
N801,Region XIII (Caraga),Private security activities,2472.0,186.0,2472.0,186.0,0.0,0.0,N,Administrative and Support Service Activities Sector
N802,Region XIII (Caraga),Security systems service activities,,,,,,,N,Administrative and Support Service Activities Sector
N812,Region XIII (Caraga),Cleaning activities,,,,,,,N,Administrative and Support Service Activities Sector
N821,Region XIII (Caraga),Office administrative and support activities,23.0,35.0,23.0,35.0,0.0,0.0,N,Administrative and Support Service Activities Sector
N822,Region XIII (Caraga),Call centers and other related activities,56.0,21.0,53.0,11.0,3.0,10.0,N,Administrative and Support Service Activities Sector
N823,Region XIII (Caraga),Organization of conventions and trade shows,,,,,,,N,Administrative and Support Service Activities Sector
N829,Region XIII (Caraga),"Business support service activities, n.e.c.",13.0,14.0,13.0,14.0,0.0,0.0,N,Administrative and Support Service Activities Sector
,Bangsamoro Autonomous Region in Muslim Mindanao (BARMM),,,,,,,,N,Administrative and Support Service Activities Sector
N781,Bangsamoro Autonomous Region in Muslim Mindanao (BARMM),Activities of employment placement agencies,,,,,,,N,Administrative and Support Service Activities Sector
N799,Bangsamoro Autonomous Region in Muslim Mindanao (BARMM),Other reservation service and related activities,,,,,,,N,Administrative and Support Service Activities Sector
N801,Bangsamoro Autonomous Region in Muslim Mindanao (BARMM),Private security activities,,,,,,,N,Administrative and Support Service Activities Sector
N812,Bangsamoro Autonomous Region in Muslim Mindanao (BARMM),Cleaning activities,,,,,,,N,Administrative and Support Service Activities Sector
N821,Bangsamoro Autonomous Region in Muslim Mindanao (BARMM),Office administrative and support activities,,,,,,,N,Administrative and Support Service Activities Sector
N822,Bangsamoro Autonomous Region in Muslim Mindanao (BARMM),Call centers and other related activities,,,,,,,N,Administrative and Support Service Activities Sector
N829,Bangsamoro Autonomous Region in Muslim Mindanao (BARMM),"Business support service activities, n.e.c.",,,,,,,N,Administrative and Support Service Activities Sector
,Bangsamoro Autonomous Region in Muslim Mindanao (BARMM),,,,,,,,N,Administrative and Support Service Activities Sector
- zero value,Bangsamoro Autonomous Region in Muslim Mindanao (BARMM),,,,,,,,N,Administrative and Support Service Activities Sector
,Philippines,,,,,,,,K,Financial and Insurance Activities
K641,Philippines,Monetary intermediation,56135.0,110508.0,56135.0,110321.0,0.0,186.0,K,Financial and Insurance Activities
K642,Philippines,Activities of holding companies,3954.0,4488.0,3848.0,4349.0,106.0,138.0,K,Financial and Insurance Activities
K643,Philippines,"Trusts, funds and other financial vehicles",765.0,1007.0,759.0,1007.0,6.0,0.0,K,Financial and Insurance Activities
K649,Philippines,"Other financial service activities, except insurance and pension funding activities",68942.0,90113.0,68278.0,89160.0,664.0,953.0,K,Financial and Insurance Activities
K651,Philippines,Insurance,9478.0,14905.0,9342.0,14585.0,136.0,320.0,K,Financial and Insurance Activities
K652,Philippines,Reinsurance,10.0,15.0,10.0,15.0,0.0,0.0,K,Financial and Insurance Activities
K653,Philippines,Pension funding,19.0,39.0,19.0,39.0,0.0,0.0,K,Financial and Insurance Activities
K661,Philippines,"Activities auxiliary to financial service, except insurance and pension funding",1692.0,2142.0,1692.0,2142.0,0.0,0.0,K,Financial and Insurance Activities
K662,Philippines,Activities auxiliary to insurance and pension funding ,3788.0,5867.0,3788.0,5867.0,0.0,0.0,K,Financial and Insurance Activities
K663,Philippines,Fund management activities,,,,,,,K,Financial and Insurance Activities
,National Capital Region (NCR),,,,,,,,K,Financial and Insurance Activities
K641,National Capital Region (NCR),Monetary intermediation,27079.0,55461.0,27079.0,55461.0,0.0,0.0,K,Financial and Insurance Activities
K642,National Capital Region (NCR),Activities of holding companies,3666.0,4183.0,3560.0,4058.0,106.0,124.0,K,Financial and Insurance Activities
K643,National Capital Region (NCR),"Trusts, funds and other financial vehicles",695.0,893.0,695.0,893.0,0.0,0.0,K,Financial and Insurance Activities
K649,National Capital Region (NCR),"Other financial service activities, except insurance and pension funding activities",9030.0,13626.0,9029.0,13626.0,2.0,0.0,K,Financial and Insurance Activities
K651,National Capital Region (NCR),Insurance,7041.0,10423.0,6971.0,10282.0,70.0,141.0,K,Financial and Insurance Activities
K652,National Capital Region (NCR),Reinsurance,,,,,,,K,Financial and Insurance Activities
K653,National Capital Region (NCR),Pension funding,,,,,,,K,Financial and Insurance Activities
K661,National Capital Region (NCR),"Activities auxiliary to financial service, except insurance and pension funding",1452.0,1877.0,1452.0,1877.0,0.0,0.0,K,Financial and Insurance Activities
K662,National Capital Region (NCR),Activities auxiliary to insurance and pension funding ,2719.0,4300.0,2719.0,4300.0,0.0,0.0,K,Financial and Insurance Activities
K663,National Capital Region (NCR),Fund management activities,,,,,,,K,Financial and Insurance Activities
,Cordillera Administrative Region (CAR),,,,,,,,K,Financial and Insurance Activities
K641,Cordillera Administrative Region (CAR),Monetary intermediation,375.0,954.0,375.0,954.0,0.0,0.0,K,Financial and Insurance Activities
K643,Cordillera Administrative Region (CAR),"Trusts, funds and other financial vehicles",,,,,,,K,Financial and Insurance Activities
K649,Cordillera Administrative Region (CAR),"Other financial service activities, except insurance and pension funding activities",1381.0,2155.0,1370.0,2006.0,11.0,150.0,K,Financial and Insurance Activities
K651,Cordillera Administrative Region (CAR),Insurance,55.0,90.0,55.0,90.0,0.0,0.0,K,Financial and Insurance Activities
K661,Cordillera Administrative Region (CAR),"Activities auxiliary to financial service, except insurance and pension funding",,,,,,,K,Financial and Insurance Activities
K662,Cordillera Administrative Region (CAR),Activities auxiliary to insurance and pension funding ,33.0,30.0,33.0,30.0,0.0,0.0,K,Financial and Insurance Activities
,Region I (Ilocos Region),,,,,,,,K,Financial and Insurance Activities
K641,Region I (Ilocos Region),Monetary intermediation,1564.0,2827.0,1564.0,2827.0,0.0,0.0,K,Financial and Insurance Activities
K642,Region I (Ilocos Region),Activities of holding companies,,,,,,,K,Financial and Insurance Activities
K649,Region I (Ilocos Region),"Other financial service activities, except insurance and pension funding activities",4205.0,4933.0,4204.0,4927.0,1.0,6.0,K,Financial and Insurance Activities
K651,Region I (Ilocos Region),Insurance,103.0,199.0,103.0,199.0,0.0,0.0,K,Financial and Insurance Activities
K661,Region I (Ilocos Region),"Activities auxiliary to financial service, except insurance and pension funding",,,,,,,K,Financial and Insurance Activities
K662,Region I (Ilocos Region),Activities auxiliary to insurance and pension funding ,22.0,22.0,22.0,22.0,0.0,0.0,K,Financial and Insurance Activities
,Region II (Cagayan Valley),,,,,,,,K,Financial and Insurance Activities
K641,Region II (Cagayan Valley),Monetary intermediation,1409.0,2101.0,1409.0,2101.0,0.0,0.0,K,Financial and Insurance Activities
K649,Region II (Cagayan Valley),"Other financial service activities, except insurance and pension funding activities",2261.0,3326.0,2220.0,3326.0,42.0,0.0,K,Financial and Insurance Activities
K651,Region II (Cagayan Valley),Insurance,49.0,127.0,49.0,112.0,0.0,15.0,K,Financial and Insurance Activities
K662,Region II (Cagayan Valley),Activities auxiliary to insurance and pension funding ,126.0,201.0,126.0,201.0,0.0,0.0,K,Financial and Insurance Activities
,Region III (Central Luzon),,,,,,,,K,Financial and Insurance Activities
K641,Region III (Central Luzon),Monetary intermediation,3297.0,7352.0,3297.0,7352.0,0.0,0.0,K,Financial and Insurance Activities
K642,Region III (Central Luzon),Activities of holding companies,,,,,,,K,Financial and Insurance Activities
K643,Region III (Central Luzon),"Trusts, funds and other financial vehicles",23.0,32.0,23.0,32.0,0.0,0.0,K,Financial and Insurance Activities
K649,Region III (Central Luzon),"Other financial service activities, except insurance and pension funding activities",4757.0,7920.0,4709.0,7918.0,48.0,2.0,K,Financial and Insurance Activities
K651,Region III (Central Luzon),Insurance,507.0,443.0,507.0,443.0,0.0,0.0,K,Financial and Insurance Activities
K653,Region III (Central Luzon),Pension funding,,,,,,,K,Financial and Insurance Activities
K661,Region III (Central Luzon),"Activities auxiliary to financial service, except insurance and pension funding",66.0,36.0,66.0,36.0,0.0,0.0,K,Financial and Insurance Activities
K662,Region III (Central Luzon),Activities auxiliary to insurance and pension funding ,99.0,165.0,99.0,165.0,0.0,0.0,K,Financial and Insurance Activities
,Region IV-A (CALABARZON),,,,,,,,K,Financial and Insurance Activities
K641,Region IV-A (CALABARZON),Monetary intermediation,5861.0,11214.0,5861.0,11214.0,0.0,0.0,K,Financial and Insurance Activities
K642,Region IV-A (CALABARZON),Activities of holding companies,,,,,,,K,Financial and Insurance Activities
K643,Region IV-A (CALABARZON),"Trusts, funds and other financial vehicles",,,,,,,K,Financial and Insurance Activities
K649,Region IV-A (CALABARZON),"Other financial service activities, except insurance and pension funding activities",5780.0,8822.0,5717.0,8761.0,63.0,62.0,K,Financial and Insurance Activities
K651,Region IV-A (CALABARZON),Insurance,320.0,878.0,320.0,878.0,0.0,0.0,K,Financial and Insurance Activities
K652,Region IV-A (CALABARZON),Reinsurance,,,,,,,K,Financial and Insurance Activities
K661,Region IV-A (CALABARZON),"Activities auxiliary to financial service, except insurance and pension funding",,,,,,,K,Financial and Insurance Activities
K662,Region IV-A (CALABARZON),Activities auxiliary to insurance and pension funding ,198.0,176.0,198.0,176.0,0.0,0.0,K,Financial and Insurance Activities
,MIMAROPA Region,,,,,,,,K,Financial and Insurance Activities
K641,MIMAROPA Region,Monetary intermediation,1203.0,1264.0,1203.0,1264.0,0.0,0.0,K,Financial and Insurance Activities
K642,MIMAROPA Region,Activities of holding companies,,,,,,,K,Financial and Insurance Activities
K649,MIMAROPA Region,"Other financial service activities, except insurance and pension funding activities",1484.0,2740.0,1065.0,2415.0,418.0,325.0,K,Financial and Insurance Activities
K651,MIMAROPA Region,Insurance,68.0,120.0,68.0,120.0,0.0,0.0,K,Financial and Insurance Activities
K662,MIMAROPA Region,Activities auxiliary to insurance and pension funding ,,,,,,,K,Financial and Insurance Activities
,Region V (Bicol Region),,,,,,,,K,Financial and Insurance Activities
K641,Region V (Bicol Region),Monetary intermediation,2614.0,6839.0,2614.0,6839.0,0.0,0.0,K,Financial and Insurance Activities
K649,Region V (Bicol Region),"Other financial service activities, except insurance and pension funding activities",3585.0,3180.0,3585.0,3180.0,0.0,0.0,K,Financial and Insurance Activities
K651,Region V (Bicol Region),Insurance,82.0,194.0,82.0,194.0,0.0,0.0,K,Financial and Insurance Activities
K661,Region V (Bicol Region),"Activities auxiliary to financial service, except insurance and pension funding",0.0,26.0,0.0,26.0,0.0,0.0,K,Financial and Insurance Activities
K662,Region V (Bicol Region),Activities auxiliary to insurance and pension funding ,53.0,44.0,53.0,44.0,0.0,0.0,K,Financial and Insurance Activities
,Region VI (Western Visayas),,,,,,,,K,Financial and Insurance Activities
K641,Region VI (Western Visayas),Monetary intermediation,2377.0,4311.0,2377.0,4310.0,0.0,1.0,K,Financial and Insurance Activities
K642,Region VI (Western Visayas),Activities of holding companies,,,,,,,K,Financial and Insurance Activities
K643,Region VI (Western Visayas),"Trusts, funds and other financial vehicles",,,,,,,K,Financial and Insurance Activities
K649,Region VI (Western Visayas),"Other financial service activities, except insurance and pension funding activities",5896.0,8815.0,5896.0,8813.0,0.0,2.0,K,Financial and Insurance Activities
K651,Region VI (Western Visayas),Insurance,202.0,383.0,202.0,383.0,0.0,0.0,K,Financial and Insurance Activities
K653,Region VI (Western Visayas),Pension funding,,,,,,,K,Financial and Insurance Activities
K661,Region VI (Western Visayas),"Activities auxiliary to financial service, except insurance and pension funding",22.0,23.0,22.0,23.0,0.0,0.0,K,Financial and Insurance Activities
K662,Region VI (Western Visayas),Activities auxiliary to insurance and pension funding ,64.0,141.0,64.0,141.0,0.0,0.0,K,Financial and Insurance Activities
,Region VII (Central Visayas),,,,,,,,K,Financial and Insurance Activities
K641,Region VII (Central Visayas),Monetary intermediation,2026.0,6653.0,2026.0,6468.0,0.0,185.0,K,Financial and Insurance Activities
K642,Region VII (Central Visayas),Activities of holding companies,151.0,186.0,151.0,172.0,0.0,14.0,K,Financial and Insurance Activities
K643,Region VII (Central Visayas),"Trusts, funds and other financial vehicles",5.0,7.0,5.0,7.0,0.0,0.0,K,Financial and Insurance Activities
K649,Region VII (Central Visayas),"Other financial service activities, except insurance and pension funding activities",8998.0,10032.0,8978.0,10023.0,20.0,9.0,K,Financial and Insurance Activities
K651,Region VII (Central Visayas),Insurance,257.0,461.0,257.0,461.0,0.0,0.0,K,Financial and Insurance Activities
K661,Region VII (Central Visayas),"Activities auxiliary to financial service, except insurance and pension funding",15.0,18.0,15.0,18.0,0.0,0.0,K,Financial and Insurance Activities
K662,Region VII (Central Visayas),Activities auxiliary to insurance and pension funding ,124.0,240.0,124.0,240.0,0.0,0.0,K,Financial and Insurance Activities
,Region VIII (Eastern Visayas),,,,,,,,K,Financial and Insurance Activities
K641,Region VIII (Eastern Visayas),Monetary intermediation,692.0,1135.0,692.0,1135.0,0.0,0.0,K,Financial and Insurance Activities
K642,Region VIII (Eastern Visayas),Activities of holding companies,,,,,,,K,Financial and Insurance Activities
K643,Region VIII (Eastern Visayas),"Trusts, funds and other financial vehicles",,,,,,,K,Financial and Insurance Activities
K649,Region VIII (Eastern Visayas),"Other financial service activities, except insurance and pension funding activities",3574.0,3176.0,3574.0,3176.0,0.0,0.0,K,Financial and Insurance Activities
K651,Region VIII (Eastern Visayas),Insurance,35.0,140.0,35.0,140.0,0.0,0.0,K,Financial and Insurance Activities
K662,Region VIII (Eastern Visayas),Activities auxiliary to insurance and pension funding ,39.0,22.0,39.0,22.0,0.0,0.0,K,Financial and Insurance Activities
,Region IX (Zamboanga Peninsula),,,,,,,,K,Financial and Insurance Activities
K641,Region IX (Zamboanga Peninsula),Monetary intermediation,964.0,1144.0,964.0,1144.0,0.0,0.0,K,Financial and Insurance Activities
K643,Region IX (Zamboanga Peninsula),"Trusts, funds and other financial vehicles",,,,,,,K,Financial and Insurance Activities
K649,Region IX (Zamboanga Peninsula),"Other financial service activities, except insurance and pension funding activities",2762.0,3254.0,2762.0,3160.0,0.0,94.0,K,Financial and Insurance Activities
K651,Region IX (Zamboanga Peninsula),Insurance,95.0,490.0,29.0,326.0,66.0,164.0,K,Financial and Insurance Activities
K661,Region IX (Zamboanga Peninsula),"Activities auxiliary to financial service, except insurance and pension funding",,,,,,,K,Financial and Insurance Activities
K662,Region IX (Zamboanga Peninsula),Activities auxiliary to insurance and pension funding ,35.0,40.0,35.0,40.0,0.0,0.0,K,Financial and Insurance Activities
,Region X (Northern Mindanao),,,,,,,,K,Financial and Insurance Activities
K641,Region X (Northern Mindanao),Monetary intermediation,3480.0,3831.0,3480.0,3831.0,0.0,0.0,K,Financial and Insurance Activities
K643,Region X (Northern Mindanao),"Trusts, funds and other financial vehicles",,,,,,,K,Financial and Insurance Activities
K649,Region X (Northern Mindanao),"Other financial service activities, except insurance and pension funding activities",3698.0,4598.0,3696.0,4588.0,2.0,10.0,K,Financial and Insurance Activities
K651,Region X (Northern Mindanao),Insurance,337.0,370.0,337.0,370.0,0.0,0.0,K,Financial and Insurance Activities
K661,Region X (Northern Mindanao),"Activities auxiliary to financial service, except insurance and pension funding",,,,,,,K,Financial and Insurance Activities
K662,Region X (Northern Mindanao),Activities auxiliary to insurance and pension funding ,56.0,71.0,56.0,71.0,0.0,0.0,K,Financial and Insurance Activities
,Region XI (Davao Region),,,,,,,,K,Financial and Insurance Activities
K641,Region XI (Davao Region),Monetary intermediation,1513.0,3024.0,1513.0,3024.0,0.0,0.0,K,Financial and Insurance Activities
K643,Region XI (Davao Region),"Trusts, funds and other financial vehicles",,,,,,,K,Financial and Insurance Activities
K649,Region XI (Davao Region),"Other financial service activities, except insurance and pension funding activities",4276.0,4991.0,4276.0,4991.0,0.0,0.0,K,Financial and Insurance Activities
K651,Region XI (Davao Region),Insurance,186.0,392.0,186.0,392.0,0.0,0.0,K,Financial and Insurance Activities
K661,Region XI (Davao Region),"Activities auxiliary to financial service, except insurance and pension funding",,,,,,,K,Financial and Insurance Activities
K662,Region XI (Davao Region),Activities auxiliary to insurance and pension funding ,83.0,265.0,83.0,265.0,0.0,0.0,K,Financial and Insurance Activities
,Region XII (SOCCSKSARGEN),,,,,,,,K,Financial and Insurance Activities
K641,Region XII (SOCCSKSARGEN),Monetary intermediation,695.0,1222.0,695.0,1222.0,0.0,0.0,K,Financial and Insurance Activities
K643,Region XII (SOCCSKSARGEN),"Trusts, funds and other financial vehicles",,,,,,,K,Financial and Insurance Activities
K649,Region XII (SOCCSKSARGEN),"Other financial service activities, except insurance and pension funding activities",4034.0,3925.0,3975.0,3632.0,59.0,293.0,K,Financial and Insurance Activities
K651,Region XII (SOCCSKSARGEN),Insurance,96.0,111.0,96.0,111.0,0.0,0.0,K,Financial and Insurance Activities
K661,Region XII (SOCCSKSARGEN),"Activities auxiliary to financial service, except insurance and pension funding",,,,,,,K,Financial and Insurance Activities
K662,Region XII (SOCCSKSARGEN),Activities auxiliary to insurance and pension funding ,105.0,101.0,105.0,101.0,0.0,0.0,K,Financial and Insurance Activities
,Region XIII (Caraga),,,,,,,,K,Financial and Insurance Activities
K641,Region XIII (Caraga),Monetary intermediation,762.0,834.0,762.0,834.0,0.0,0.0,K,Financial and Insurance Activities
K642,Region XIII (Caraga),Activities of holding companies,,,,,,,K,Financial and Insurance Activities
K643,Region XIII (Caraga),"Trusts, funds and other financial vehicles",,,,,,,K,Financial and Insurance Activities
K649,Region XIII (Caraga),"Other financial service activities, except insurance and pension funding activities",2108.0,3271.0,2108.0,3271.0,0.0,0.0,K,Financial and Insurance Activities
K651,Region XIII (Caraga),Insurance,28.0,44.0,28.0,44.0,0.0,0.0,K,Financial and Insurance Activities
K653,Region XIII (Caraga),Pension funding,,,,,,,K,Financial and Insurance Activities
K661,Region XIII (Caraga),"Activities auxiliary to financial service, except insurance and pension funding",2.0,7.0,2.0,7.0,0.0,0.0,K,Financial and Insurance Activities
K662,Region XIII (Caraga),Activities auxiliary to insurance and pension funding ,15.0,11.0,15.0,11.0,0.0,0.0,K,Financial and Insurance Activities
,Bangsamoro Autonomous Region in Muslim Mindanao (BARMM),,,,,,,,K,Financial and Insurance Activities
K641,Bangsamoro Autonomous Region in Muslim Mindanao (BARMM),Monetary intermediation,225.0,344.0,225.0,344.0,0.0,0.0,K,Financial and Insurance Activities
K649,Bangsamoro Autonomous Region in Muslim Mindanao (BARMM),"Other financial service activities, except insurance and pension funding activities",1114.0,1348.0,1114.0,1348.0,0.0,0.0,K,Financial and Insurance Activities
K651,Bangsamoro Autonomous Region in Muslim Mindanao (BARMM),Insurance,17.0,41.0,17.0,41.0,0.0,0.0,K,Financial and Insurance Activities
K662,Bangsamoro Autonomous Region in Muslim Mindanao (BARMM),Activities auxiliary to insurance and pension funding ,5.0,8.0,5.0,8.0,0.0,0.0,K,Financial and Insurance Activities
,Bangsamoro Autonomous Region in Muslim Mindanao (BARMM),,,,,,,,K,Financial and Insurance Activities
,Philippines,,,,,,,,J,Information and Communication
J581,Philippines,"Publishing of books, periodicals and other publishing activities",3519.0,2691.0,3488.0,2676.0,31.0,14.0,J,Information and Communication
J582,Philippines,Software publishing,1103.0,856.0,1103.0,856.0,0.0,0.0,J,Information and Communication
J591,Philippines,"Motion picture, video and television programme activities",1784.0,1520.0,1783.0,1519.0,1.0,1.0,J,Information and Communication
J592,Philippines,Sound recording and music publishing activities,280.0,208.0,280.0,208.0,0.0,0.0,J,Information and Communication
J601,Philippines,Radio broadcasting,3702.0,2004.0,3674.0,1990.0,28.0,15.0,J,Information and Communication
J602,Philippines,Television programming and broadcasting activities,4938.0,3146.0,4931.0,3144.0,7.0,2.0,J,Information and Communication
J611,Philippines,Wired telecommunications activities,9365.0,3818.0,9342.0,3817.0,23.0,1.0,J,Information and Communication
J612,Philippines,"Wireless telecommunicatio
ns activities",8899.0,7075.0,8896.0,7075.0,3.0,0.0,J,Information and Communication
J613,Philippines,Satellite telecommunications activities,4593.0,1859.0,4579.0,1852.0,13.0,7.0,J,Information and Communication
J619,Philippines,Other telecommunications activities,6157.0,3231.0,6121.0,3189.0,36.0,42.0,J,Information and Communication
J620,Philippines,"Computer programming, consultancy and related activities",50744.0,34957.0,50705.0,34939.0,39.0,18.0,J,Information and Communication
J631,Philippines,"Data processing, hosting and related activities; web portals",5785.0,6538.0,5785.0,6538.0,0.0,0.0,J,Information and Communication
J639,Philippines,Other information service activities,266.0,292.0,266.0,292.0,0.0,0.0,J,Information and Communication
,National Capital Region (NCR),,,,,,,,J,Information and Communication
J581,National Capital Region (NCR),"Publishing of books, periodicals and other publishing activities",2826.0,2175.0,2807.0,2164.0,19.0,11.0,J,Information and Communication
J582,National Capital Region (NCR),Software publishing,1086.0,847.0,1086.0,847.0,0.0,0.0,J,Information and Communication
J591,National Capital Region (NCR),"Motion picture, video and television programme activities",1580.0,1316.0,1579.0,1315.0,1.0,1.0,J,Information and Communication
J592,National Capital Region (NCR),Sound recording and music publishing activities,280.0,208.0,280.0,208.0,0.0,0.0,J,Information and Communication
J601,National Capital Region (NCR),Radio broadcasting,986.0,740.0,986.0,740.0,0.0,0.0,J,Information and Communication
J602,National Capital Region (NCR),Television programming and broadcasting activities,4556.0,2954.0,4549.0,2952.0,7.0,2.0,J,Information and Communication
J611,National Capital Region (NCR),Wired telecommunications activities,8348.0,3326.0,8348.0,3326.0,0.0,0.0,J,Information and Communication
J612,National Capital Region (NCR),"Wireless telecommunicatio
ns activities",8726.0,6981.0,8726.0,6981.0,0.0,0.0,J,Information and Communication
J613,National Capital Region (NCR),Satellite telecommunications activities,762.0,342.0,762.0,342.0,0.0,0.0,J,Information and Communication
J619,National Capital Region (NCR),Other telecommunications activities,4643.0,2174.0,4638.0,2166.0,5.0,7.0,J,Information and Communication
J620,National Capital Region (NCR),"Computer programming, consultancy and related activities",41977.0,30117.0,41948.0,30100.0,29.0,17.0,J,Information and Communication
J631,National Capital Region (NCR),"Data processing, hosting and related activities; web portals",3441.0,3856.0,3441.0,3856.0,0.0,0.0,J,Information and Communication
J639,National Capital Region (NCR),Other information service activities,224.0,261.0,224.0,261.0,0.0,0.0,J,Information and Communication
,Cordillera Administrative Region (CAR),,,,,,,,J,Information and Communication
J581,Cordillera Administrative Region (CAR),"Publishing of books, periodicals and other publishing activities",,,,,,,J,Information and Communication
J591,Cordillera Administrative Region (CAR),"Motion picture, video and television programme activities",,,,,,,J,Information and Communication
J601,Cordillera Administrative Region (CAR),Radio broadcasting,97.0,44.0,95.0,44.0,2.0,0.0,J,Information and Communication
J602,Cordillera Administrative Region (CAR),Television programming and broadcasting activities,,,,,,,J,Information and Communication
J612,Cordillera Administrative Region (CAR),"Wireless telecommunicatio
ns activities",74.0,18.0,74.0,18.0,0.0,0.0,J,Information and Communication
J613,Cordillera Administrative Region (CAR),Satellite telecommunications activities,,,,,,,J,Information and Communication
J619,Cordillera Administrative Region (CAR),Other telecommunications activities,4.0,21.0,4.0,17.0,0.0,4.0,J,Information and Communication
J620,Cordillera Administrative Region (CAR),"Computer programming, consultancy and related activities",168.0,148.0,168.0,148.0,0.0,0.0,J,Information and Communication
J631,Cordillera Administrative Region (CAR),"Data processing, hosting and related activities; web portals",,,,,,,J,Information and Communication
,Region I (Ilocos Region),,,,,,,,J,Information and Communication
J581,Region I (Ilocos Region),"Publishing of books, periodicals and other publishing activities",,,,,,,J,Information and Communication
J591,Region I (Ilocos Region),"Motion picture, video and television programme activities",,,,,,,J,Information and Communication
J601,Region I (Ilocos Region),Radio broadcasting,184.0,79.0,184.0,79.0,0.0,0.0,J,Information and Communication
J602,Region I (Ilocos Region),Television programming and broadcasting activities,58.0,31.0,58.0,31.0,0.0,0.0,J,Information and Communication
J611,Region I (Ilocos Region),Wired telecommunications activities,,,,,,,J,Information and Communication
J613,Region I (Ilocos Region),Satellite telecommunications activities,114.0,83.0,114.0,83.0,0.0,0.0,J,Information and Communication
J619,Region I (Ilocos Region),Other telecommunications activities,269.0,28.0,261.0,26.0,7.0,2.0,J,Information and Communication
J620,Region I (Ilocos Region),"Computer programming, consultancy and related activities",636.0,83.0,636.0,83.0,0.0,0.0,J,Information and Communication
J631,Region I (Ilocos Region),"Data processing, hosting and related activities; web portals",,,,,,,J,Information and Communication
,Region II (Cagayan Valley),,,,,,,,J,Information and Communication
J591,Region II (Cagayan Valley),"Motion picture, video and television programme activities",,,,,,,J,Information and Communication
J601,Region II (Cagayan Valley),Radio broadcasting,93.0,70.0,91.0,67.0,2.0,4.0,J,Information and Communication
J602,Region II (Cagayan Valley),Television programming and broadcasting activities,,,,,,,J,Information and Communication
J611,Region II (Cagayan Valley),Wired telecommunications activities,,,,,,,J,Information and Communication
J612,Region II (Cagayan Valley),"Wireless telecommunicatio
ns activities",,,,,,,J,Information and Communication
J613,Region II (Cagayan Valley),Satellite telecommunications activities,192.0,65.0,192.0,65.0,0.0,0.0,J,Information and Communication
J619,Region II (Cagayan Valley),Other telecommunications activities,,,,,,,J,Information and Communication
J620,Region II (Cagayan Valley),"Computer programming, consultancy and related activities",,,,,,,J,Information and Communication
,Region III (Central Luzon),,,,,,,,J,Information and Communication
J581,Region III (Central Luzon),"Publishing of books, periodicals and other publishing activities",56.0,35.0,56.0,35.0,0.0,0.0,J,Information and Communication
J591,Region III (Central Luzon),"Motion picture, video and television programme activities",24.0,21.0,24.0,21.0,0.0,0.0,J,Information and Communication
J601,Region III (Central Luzon),Radio broadcasting,148.0,77.0,148.0,77.0,0.0,0.0,J,Information and Communication
J612,Region III (Central Luzon),"Wireless telecommunicatio
ns activities",32.0,19.0,32.0,19.0,0.0,0.0,J,Information and Communication
J613,Region III (Central Luzon),Satellite telecommunications activities,318.0,168.0,318.0,166.0,0.0,2.0,J,Information and Communication
J619,Region III (Central Luzon),Other telecommunications activities,124.0,35.0,124.0,35.0,0.0,0.0,J,Information and Communication
J620,Region III (Central Luzon),"Computer programming, consultancy and related activities",413.0,191.0,413.0,191.0,0.0,0.0,J,Information and Communication
J631,Region III (Central Luzon),"Data processing, hosting and related activities; web portals",382.0,358.0,382.0,358.0,0.0,0.0,J,Information and Communication
,Region IV-A (CALABARZON),,,,,,,,J,Information and Communication
J581,Region IV-A (CALABARZON),"Publishing of books, periodicals and other publishing activities",30.0,12.0,25.0,10.0,5.0,2.0,J,Information and Communication
J591,Region IV-A (CALABARZON),"Motion picture, video and television programme activities",59.0,77.0,59.0,77.0,0.0,0.0,J,Information and Communication
J601,Region IV-A (CALABARZON),Radio broadcasting,112.0,36.0,112.0,36.0,0.0,0.0,J,Information and Communication
J602,Region IV-A (CALABARZON),Television programming and broadcasting activities,,,,,,,J,Information and Communication
J611,Region IV-A (CALABARZON),Wired telecommunications activities,169.0,86.0,169.0,86.0,0.0,0.0,J,Information and Communication
J612,Region IV-A (CALABARZON),"Wireless telecommunicatio
ns activities",48.0,32.0,48.0,32.0,0.0,0.0,J,Information and Communication
J613,Region IV-A (CALABARZON),Satellite telecommunications activities,1053.0,447.0,1053.0,447.0,0.0,0.0,J,Information and Communication
J619,Region IV-A (CALABARZON),Other telecommunications activities,808.0,701.0,798.0,691.0,10.0,10.0,J,Information and Communication
J620,Region IV-A (CALABARZON),"Computer programming, consultancy and related activities",213.0,109.0,213.0,109.0,0.0,0.0,J,Information and Communication
J631,Region IV-A (CALABARZON),"Data processing, hosting and related activities; web portals",,,,,,,J,Information and Communication
,MIMAROPA Region,,,,,,,,J,Information and Communication
J601,MIMAROPA Region,Radio broadcasting,35.0,24.0,35.0,24.0,0.0,0.0,J,Information and Communication
J602,MIMAROPA Region,Television programming and broadcasting activities,,,,,,,J,Information and Communication
J611,MIMAROPA Region,Wired telecommunications activities,91.0,25.0,70.0,25.0,21.0,0.0,J,Information and Communication
J613,MIMAROPA Region,Satellite telecommunications activities,157.0,56.0,157.0,56.0,0.0,0.0,J,Information and Communication
J619,MIMAROPA Region,Other telecommunications activities,,,,,,,J,Information and Communication
,Region V (Bicol Region),,,,,,,,J,Information and Communication
J591,Region V (Bicol Region),"Motion picture, video and television programme activities",,,,,,,J,Information and Communication
J601,Region V (Bicol Region),Radio broadcasting,365.0,176.0,365.0,174.0,0.0,2.0,J,Information and Communication
J602,Region V (Bicol Region),Television programming and broadcasting activities,,,,,,,J,Information and Communication
J611,Region V (Bicol Region),Wired telecommunications activities,119.0,52.0,117.0,52.0,2.0,0.0,J,Information and Communication
J613,Region V (Bicol Region),Satellite telecommunications activities,177.0,62.0,177.0,62.0,0.0,0.0,J,Information and Communication
J619,Region V (Bicol Region),Other telecommunications activities,26.0,57.0,22.0,51.0,3.0,6.0,J,Information and Communication
J620,Region V (Bicol Region),"Computer programming, consultancy and related activities",74.0,45.0,74.0,45.0,0.0,0.0,J,Information and Communication
,Region VI (Western Visayas),,,,,,,,J,Information and Communication
J581,Region VI (Western Visayas),"Publishing of books, periodicals and other publishing activities",56.0,35.0,56.0,35.0,0.0,0.0,J,Information and Communication
J591,Region VI (Western Visayas),"Motion picture, video and television programme activities",5.0,8.0,5.0,8.0,0.0,0.0,J,Information and Communication
J601,Region VI (Western Visayas),Radio broadcasting,359.0,202.0,355.0,199.0,4.0,3.0,J,Information and Communication
J602,Region VI (Western Visayas),Television programming and broadcasting activities,57.0,27.0,57.0,27.0,0.0,0.0,J,Information and Communication
J611,Region VI (Western Visayas),Wired telecommunications activities,79.0,38.0,79.0,37.0,0.0,1.0,J,Information and Communication
J612,Region VI (Western Visayas),"Wireless telecommunicatio
ns activities",,,,,,,J,Information and Communication
J613,Region VI (Western Visayas),Satellite telecommunications activities,480.0,160.0,475.0,156.0,5.0,4.0,J,Information and Communication
J619,Region VI (Western Visayas),Other telecommunications activities,17.0,14.0,15.0,14.0,2.0,0.0,J,Information and Communication
J620,Region VI (Western Visayas),"Computer programming, consultancy and related activities",86.0,73.0,86.0,73.0,0.0,0.0,J,Information and Communication
,Region VII (Central Visayas),,,,,,,,J,Information and Communication
J581,Region VII (Central Visayas),"Publishing of books, periodicals and other publishing activities",436.0,349.0,436.0,349.0,0.0,0.0,J,Information and Communication
J582,Region VII (Central Visayas),Software publishing,17.0,9.0,17.0,9.0,0.0,0.0,J,Information and Communication
J591,Region VII (Central Visayas),"Motion picture, video and television programme activities",31.0,26.0,31.0,26.0,0.0,0.0,J,Information and Communication
J601,Region VII (Central Visayas),Radio broadcasting,453.0,166.0,453.0,166.0,0.0,0.0,J,Information and Communication
J602,Region VII (Central Visayas),Television programming and broadcasting activities,,,,,,,J,Information and Communication
J611,Region VII (Central Visayas),Wired telecommunications activities,,,,,,,J,Information and Communication
J613,Region VII (Central Visayas),Satellite telecommunications activities,335.0,143.0,335.0,143.0,0.0,0.0,J,Information and Communication
J619,Region VII (Central Visayas),Other telecommunications activities,67.0,34.0,67.0,34.0,0.0,0.0,J,Information and Communication
J620,Region VII (Central Visayas),"Computer programming, consultancy and related activities",6777.0,3853.0,6777.0,3853.0,0.0,0.0,J,Information and Communication
J631,Region VII (Central Visayas),"Data processing, hosting and related activities; web portals",469.0,620.0,469.0,620.0,0.0,0.0,J,Information and Communication
J639,Region VII (Central Visayas),Other information service activities,42.0,31.0,42.0,31.0,0.0,0.0,J,Information and Communication
,Region VIII (Eastern Visayas),,,,,,,,J,Information and Communication
J581,Region VIII (Eastern Visayas),"Publishing of books, periodicals and other publishing activities",5.0,5.0,4.0,5.0,1.0,0.0,J,Information and Communication
J591,Region VIII (Eastern Visayas),"Motion picture, video and television programme activities",,,,,,,J,Information and Communication
J601,Region VIII (Eastern Visayas),Radio broadcasting,66.0,19.0,57.0,16.0,9.0,3.0,J,Information and Communication
J602,Region VIII (Eastern Visayas),Television programming and broadcasting activities,,,,,,,J,Information and Communication
J611,Region VIII (Eastern Visayas),Wired telecommunications activities,28.0,10.0,25.0,10.0,3.0,0.0,J,Information and Communication
J612,Region VIII (Eastern Visayas),"Wireless telecommunicatio
ns activities",,,,,,,J,Information and Communication
J613,Region VIII (Eastern Visayas),Satellite telecommunications activities,293.0,68.0,288.0,68.0,4.0,0.0,J,Information and Communication
J619,Region VIII (Eastern Visayas),Other telecommunications activities,15.0,43.0,15.0,43.0,0.0,0.0,J,Information and Communication
J620,Region VIII (Eastern Visayas),"Computer programming, consultancy and related activities",,,,,,,J,Information and Communication
J631,Region VIII (Eastern Visayas),"Data processing, hosting and related activities; web portals",,,,,,,J,Information and Communication
,Region IX (Zamboanga Peninsula),,,,,,,,J,Information and Communication
J581,Region IX (Zamboanga Peninsula),"Publishing of books, periodicals and other publishing activities",,,,,,,J,Information and Communication
J591,Region IX (Zamboanga Peninsula),"Motion picture, video and television programme activities",19.0,14.0,19.0,14.0,0.0,0.0,J,Information and Communication
J601,Region IX (Zamboanga Peninsula),Radio broadcasting,120.0,58.0,112.0,55.0,8.0,3.0,J,Information and Communication
J602,Region IX (Zamboanga Peninsula),Television programming and broadcasting activities,32.0,9.0,32.0,9.0,0.0,0.0,J,Information and Communication
J613,Region IX (Zamboanga Peninsula),Satellite telecommunications activities,85.0,26.0,81.0,24.0,4.0,2.0,J,Information and Communication
J619,Region IX (Zamboanga Peninsula),Other telecommunications activities,,,,,,,J,Information and Communication
J620,Region IX (Zamboanga Peninsula),"Computer programming, consultancy and related activities",43.0,74.0,42.0,74.0,1.0,0.0,J,Information and Communication
,Region X (Northern Mindanao),,,,,,,,J,Information and Communication
J581,Region X (Northern Mindanao),"Publishing of books, periodicals and other publishing activities",19.0,12.0,19.0,12.0,0.0,0.0,J,Information and Communication
J591,Region X (Northern Mindanao),"Motion picture, video and television programme activities",,,,,,,J,Information and Communication
J601,Region X (Northern Mindanao),Radio broadcasting,217.0,99.0,217.0,99.0,0.0,0.0,J,Information and Communication
J602,Region X (Northern Mindanao),Television programming and broadcasting activities,,,,,,,J,Information and Communication
J611,Region X (Northern Mindanao),Wired telecommunications activities,75.0,27.0,75.0,27.0,0.0,0.0,J,Information and Communication
J612,Region X (Northern Mindanao),"Wireless telecommunicatio
ns activities",,,,,,,J,Information and Communication
J613,Region X (Northern Mindanao),Satellite telecommunications activities,201.0,88.0,201.0,88.0,0.0,0.0,J,Information and Communication
J619,Region X (Northern Mindanao),Other telecommunications activities,,,,,,,J,Information and Communication
J620,Region X (Northern Mindanao),"Computer programming, consultancy and related activities",146.0,74.0,145.0,74.0,1.0,0.0,J,Information and Communication
,Region XI (Davao Region),,,,,,,,J,Information and Communication
J581,Region XI (Davao Region),"Publishing of books, periodicals and other publishing activities",40.0,36.0,40.0,36.0,0.0,0.0,J,Information and Communication
J591,Region XI (Davao Region),"Motion picture, video and television programme activities",,,,,,,J,Information and Communication
J601,Region XI (Davao Region),Radio broadcasting,125.0,71.0,123.0,71.0,2.0,0.0,J,Information and Communication
J602,Region XI (Davao Region),Television programming and broadcasting activities,23.0,10.0,23.0,10.0,0.0,0.0,J,Information and Communication
J611,Region XI (Davao Region),Wired telecommunications activities,,,,,,,J,Information and Communication
J613,Region XI (Davao Region),Satellite telecommunications activities,99.0,40.0,99.0,40.0,0.0,0.0,J,Information and Communication
J619,Region XI (Davao Region),Other telecommunications activities,30.0,32.0,30.0,32.0,0.0,0.0,J,Information and Communication
J620,Region XI (Davao Region),"Computer programming, consultancy and related activities",156.0,143.0,149.0,141.0,8.0,2.0,J,Information and Communication
J631,Region XI (Davao Region),"Data processing, hosting and related activities; web portals",,,,,,,J,Information and Communication
,Region XII (SOCCSKSARGEN),,,,,,,,J,Information and Communication
J591,Region XII (SOCCSKSARGEN),"Motion picture, video and television programme activities",,,,,,,J,Information and Communication
J601,Region XII (SOCCSKSARGEN),Radio broadcasting,170.0,85.0,170.0,85.0,0.0,0.0,J,Information and Communication
J602,Region XII (SOCCSKSARGEN),Television programming and broadcasting activities,78.0,54.0,78.0,54.0,0.0,0.0,J,Information and Communication
J611,Region XII (SOCCSKSARGEN),Wired telecommunications activities,435.0,210.0,435.0,210.0,0.0,0.0,J,Information and Communication
J613,Region XII (SOCCSKSARGEN),Satellite telecommunications activities,83.0,30.0,83.0,30.0,0.0,0.0,J,Information and Communication
J619,Region XII (SOCCSKSARGEN),Other telecommunications activities,,,,,,,J,Information and Communication
J620,Region XII (SOCCSKSARGEN),"Computer programming, consultancy and related activities",,,,,,,J,Information and Communication
,Region XIII (Caraga),,,,,,,,J,Information and Communication
J601,Region XIII (Caraga),Radio broadcasting,139.0,40.0,139.0,40.0,0.0,0.0,J,Information and Communication
J602,Region XIII (Caraga),Television programming and broadcasting activities,,,,,,,J,Information and Communication
J611,Region XIII (Caraga),Wired telecommunications activities,,,,,,,J,Information and Communication
J612,Region XIII (Caraga),"Wireless telecommunicatio
ns activities",,,,,,,J,Information and Communication
J613,Region XIII (Caraga),Satellite telecommunications activities,,,,,,,J,Information and Communication
J619,Region XIII (Caraga),Other telecommunications activities,2.0,12.0,2.0,12.0,0.0,0.0,J,Information and Communication
J620,Region XIII (Caraga),"Computer programming, consultancy and related activities",,,,,,,J,Information and Communication
,Bangsamoro Autonomous Region in Muslim Mindanao (BARMM),,,,,,,,J,Information and Communication
J601,Bangsamoro Autonomous Region in Muslim Mindanao (BARMM),Radio broadcasting,34.0,20.0,33.0,20.0,1.0,0.0,J,Information and Communication
J613,Bangsamoro Autonomous Region in Muslim Mindanao (BARMM),Satellite telecommunications activities,41.0,20.0,41.0,20.0,0.0,0.0,J,Information and Communication
J619,Bangsamoro Autonomous Region in Muslim Mindanao (BARMM),Other telecommunications activities,,,,,,,J,Information and Communication
J620,Bangsamoro Autonomous Region in Muslim Mindanao (BARMM),"Computer programming, consultancy and related activities",,,,,,,J,Information and Communication
,Bangsamoro Autonomous Region in Muslim Mindanao (BARMM),,,,,,,,J,Information and Communication
,Philippines,,,,,,,,L,Real Estate Activities
L681,Philippines,Real estate activities with own or leased property,51075.0,39960.0,50888.0,39858.0,187.0,102.0,L,Real Estate Activities
L682,Philippines,Real estate activities on a fee or contract basis,6843.0,6217.0,6810.0,6166.0,33.0,52.0,L,Real Estate Activities
,National Capital Region (NCR),,,,,,,,L,Real Estate Activities
L681,National Capital Region (NCR),Real estate activities with own or leased property,30218.0,26746.0,30190.0,26745.0,28.0,1.0,L,Real Estate Activities
L682,National Capital Region (NCR),Real estate activities on a fee or contract basis,6068.0,5329.0,6068.0,5329.0,0.0,0.0,L,Real Estate Activities
,Cordillera Administrative Region (CAR),,,,,,,,L,Real Estate Activities
L681,Cordillera Administrative Region (CAR),Real estate activities with own or leased property,679.0,834.0,679.0,834.0,0.0,0.0,L,Real Estate Activities
L682,Cordillera Administrative Region (CAR),Real estate activities on a fee or contract basis,10.0,16.0,10.0,16.0,0.0,0.0,L,Real Estate Activities
,Region I (Ilocos Region),,,,,,,,L,Real Estate Activities
L681,Region I (Ilocos Region),Real estate activities with own or leased property,667.0,319.0,631.0,310.0,37.0,9.0,L,Real Estate Activities
L682,Region I (Ilocos Region),Real estate activities on a fee or contract basis,108.0,59.0,108.0,56.0,0.0,2.0,L,Real Estate Activities
,Region II (Cagayan Valley),,,,,,,,L,Real Estate Activities
L681,Region II (Cagayan Valley),Real estate activities with own or leased property,79.0,52.0,77.0,50.0,2.0,2.0,L,Real Estate Activities
,Region III (Central Luzon),,,,,,,,L,Real Estate Activities
L681,Region III (Central Luzon),Real estate activities with own or leased property,4264.0,2370.0,4264.0,2370.0,0.0,0.0,L,Real Estate Activities
L682,Region III (Central Luzon),Real estate activities on a fee or contract basis,45.0,61.0,45.0,61.0,0.0,0.0,L,Real Estate Activities
,Region IV-A (CALABARZON),,,,,,,,L,Real Estate Activities
L681,Region IV-A (CALABARZON),Real estate activities with own or leased property,6138.0,3307.0,6092.0,3301.0,46.0,6.0,L,Real Estate Activities
L682,Region IV-A (CALABARZON),Real estate activities on a fee or contract basis,388.0,552.0,355.0,503.0,33.0,49.0,L,Real Estate Activities
,MIMAROPA Region,,,,,,,,L,Real Estate Activities
L681,MIMAROPA Region,Real estate activities with own or leased property,207.0,113.0,204.0,112.0,3.0,2.0,L,Real Estate Activities
L682,MIMAROPA Region,Real estate activities on a fee or contract basis,,,,,,,L,Real Estate Activities
,Region V (Bicol Region),,,,,,,,L,Real Estate Activities
L681,Region V (Bicol Region),Real estate activities with own or leased property,276.0,200.0,270.0,200.0,6.0,0.0,L,Real Estate Activities
L682,Region V (Bicol Region),Real estate activities on a fee or contract basis,,,,,,,L,Real Estate Activities
,Region VI (Western Visayas),,,,,,,,L,Real Estate Activities
L681,Region VI (Western Visayas),Real estate activities with own or leased property,1482.0,576.0,1482.0,576.0,0.0,0.0,L,Real Estate Activities
L682,Region VI (Western Visayas),Real estate activities on a fee or contract basis,44.0,45.0,44.0,45.0,0.0,0.0,L,Real Estate Activities
,Region VII (Central Visayas),,,,,,,,L,Real Estate Activities
L681,Region VII (Central Visayas),Real estate activities with own or leased property,3489.0,3163.0,3463.0,3112.0,26.0,51.0,L,Real Estate Activities
L682,Region VII (Central Visayas),Real estate activities on a fee or contract basis,110.0,73.0,110.0,73.0,0.0,0.0,L,Real Estate Activities
,Region VIII (Eastern Visayas),,,,,,,,L,Real Estate Activities
L681,Region VIII (Eastern Visayas),Real estate activities with own or leased property,429.0,184.0,429.0,184.0,0.0,0.0,L,Real Estate Activities
,Region IX (Zamboanga Peninsula),,,,,,,,L,Real Estate Activities
L681,Region IX (Zamboanga Peninsula),Real estate activities with own or leased property,274.0,226.0,265.0,226.0,9.0,0.0,L,Real Estate Activities
L682,Region IX (Zamboanga Peninsula),Real estate activities on a fee or contract basis,,,,,,,L,Real Estate Activities
,Region X (Northern Mindanao),,,,,,,,L,Real Estate Activities
L681,Region X (Northern Mindanao),Real estate activities with own or leased property,518.0,336.0,518.0,321.0,0.0,15.0,L,Real Estate Activities
L682,Region X (Northern Mindanao),Real estate activities on a fee or contract basis,7.0,10.0,7.0,10.0,0.0,0.0,L,Real Estate Activities
,Region XI (Davao Region),,,,,,,,L,Real Estate Activities
L681,Region XI (Davao Region),Real estate activities with own or leased property,1592.0,1031.0,1592.0,1031.0,0.0,0.0,L,Real Estate Activities
L682,Region XI (Davao Region),Real estate activities on a fee or contract basis,33.0,31.0,33.0,31.0,0.0,0.0,L,Real Estate Activities
,Region XII (SOCCSKSARGEN),,,,,,,,L,Real Estate Activities
L681,Region XII (SOCCSKSARGEN),Real estate activities with own or leased property,373.0,311.0,345.0,297.0,28.0,14.0,L,Real Estate Activities
L682,Region XII (SOCCSKSARGEN),Real estate activities on a fee or contract basis,24.0,27.0,24.0,27.0,0.0,0.0,L,Real Estate Activities
,Region XIII (Caraga),,,,,,,,L,Real Estate Activities
L681,Region XIII (Caraga),Real estate activities with own or leased property,347.0,176.0,345.0,174.0,2.0,2.0,L,Real Estate Activities
,Bangsamoro Autonomous Region in Muslim Mindanao (BARMM),,,,,,,,L,Real Estate Activities
L681,Bangsamoro Autonomous Region in Muslim Mindanao (BARMM),Real estate activities with own or leased property,50.0,31.0,50.0,31.0,0.0,0.0,L,Real Estate Activities
,Philippines,,,,,,,,Q,Human Health and Social Work Activities
Q861,Philippines,Hospital activities,52962.0,97507.0,52840.0,97247.0,122.0,261.0,Q,Human Health and Social Work Activities
Q862,Philippines,Medical and dental practice activities,15345.0,35961.0,14967.0,35143.0,379.0,818.0,Q,Human Health and Social Work Activities
Q869,Philippines,Other human health activities,1450.0,2573.0,1412.0,2507.0,38.0,66.0,Q,Human Health and Social Work Activities
Q871,Philippines,Residential nursing care facilities,32.0,90.0,32.0,90.0,0.0,0.0,Q,Human Health and Social Work Activities
Q872,Philippines,"Residential care activities for mental retardation, mental health and substance abuse",516.0,863.0,460.0,806.0,56.0,57.0,Q,Human Health and Social Work Activities
Q873,Philippines,Residential care activities for the elderly and disabled,32.0,65.0,32.0,57.0,0.0,8.0,Q,Human Health and Social Work Activities
Q879,Philippines,"Other residential care activities, n.e.c.",575.0,1640.0,534.0,1500.0,41.0,140.0,Q,Human Health and Social Work Activities
Q881,Philippines,Social work activities without accommodation for the elderly and disabled,34.0,60.0,33.0,59.0,1.0,1.0,Q,Human Health and Social Work Activities
Q889,Philippines,"Other social work activities without accommodation, n.e.c.",2424.0,3597.0,2336.0,3454.0,88.0,143.0,Q,Human Health and Social Work Activities
,National Capital Region (NCR),,,,,,,,Q,Human Health and Social Work Activities
Q861,National Capital Region (NCR),Hospital activities,16374.0,22432.0,16368.0,22422.0,6.0,10.0,Q,Human Health and Social Work Activities
Q862,National Capital Region (NCR),Medical and dental practice activities,7773.0,16528.0,7700.0,16379.0,73.0,149.0,Q,Human Health and Social Work Activities
Q869,National Capital Region (NCR),Other human health activities,1029.0,1362.0,1029.0,1343.0,0.0,18.0,Q,Human Health and Social Work Activities
Q871,National Capital Region (NCR),Residential nursing care facilities,327.0,597.0,309.0,592.0,19.0,5.0,Q,Human Health and Social Work Activities
Q872,National Capital Region (NCR),"Residential care activities for mental retardation, mental health and substance abuse",,,,,,,Q,Human Health and Social Work Activities
Q879,National Capital Region (NCR),"Other residential care activities, n.e.c.",208.0,661.0,194.0,591.0,14.0,69.0,Q,Human Health and Social Work Activities
Q881,National Capital Region (NCR),Social work activities without accommodation for the elderly and disabled,1553.0,2123.0,1524.0,2040.0,28.0,83.0,Q,Human Health and Social Work Activities
Q889,National Capital Region (NCR),"Other social work activities without accommodation, n.e.c.",,,,,,,Q,Human Health and Social Work Activities
,Cordillera Administrative Region (CAR),,,,,,,,Q,Human Health and Social Work Activities
Q861,Cordillera Administrative Region (CAR),Hospital activities,415.0,1441.0,413.0,1437.0,2.0,4.0,Q,Human Health and Social Work Activities
Q862,Cordillera Administrative Region (CAR),Medical and dental practice activities,117.0,606.0,108.0,550.0,9.0,56.0,Q,Human Health and Social Work Activities
Q869,Cordillera Administrative Region (CAR),Other human health activities,7.0,29.0,7.0,29.0,0.0,0.0,Q,Human Health and Social Work Activities
Q872,Cordillera Administrative Region (CAR),"Residential care activities for mental retardation, mental health and substance abuse",,,,,,,Q,Human Health and Social Work Activities
Q879,Cordillera Administrative Region (CAR),"Other residential care activities, n.e.c.",,,,,,,Q,Human Health and Social Work Activities
Q881,Cordillera Administrative Region (CAR),Social work activities without accommodation for the elderly and disabled,,,,,,,Q,Human Health and Social Work Activities
Q889,Cordillera Administrative Region (CAR),"Other social work activities without accommodation, n.e.c.",21.0,49.0,18.0,46.0,3.0,3.0,Q,Human Health and Social Work Activities
,Region I (Ilocos Region),,,,,,,,Q,Human Health and Social Work Activities
Q861,Region I (Ilocos Region),Hospital activities,1836.0,3440.0,1836.0,3439.0,0.0,1.0,Q,Human Health and Social Work Activities
Q862,Region I (Ilocos Region),Medical and dental practice activities,391.0,1042.0,360.0,980.0,31.0,62.0,Q,Human Health and Social Work Activities
Q869,Region I (Ilocos Region),Other human health activities,75.0,95.0,73.0,93.0,2.0,2.0,Q,Human Health and Social Work Activities
Q872,Region I (Ilocos Region),"Residential care activities for mental retardation, mental health and substance abuse",24.0,25.0,24.0,25.0,0.0,0.0,Q,Human Health and Social Work Activities
Q873,Region I (Ilocos Region),Residential care activities for the elderly and disabled,,,,,,,Q,Human Health and Social Work Activities
Q889,Region I (Ilocos Region),"Other social work activities without accommodation, n.e.c.",17.0,31.0,11.0,18.0,6.0,13.0,Q,Human Health and Social Work Activities
,Region II (Cagayan Valley),,,,,,,,Q,Human Health and Social Work Activities
Q861,Region II (Cagayan Valley),Hospital activities,1127.0,2865.0,1091.0,2773.0,36.0,92.0,Q,Human Health and Social Work Activities
Q862,Region II (Cagayan Valley),Medical and dental practice activities,486.0,769.0,472.0,751.0,14.0,18.0,Q,Human Health and Social Work Activities
Q869,Region II (Cagayan Valley),Other human health activities,5.0,29.0,5.0,28.0,0.0,1.0,Q,Human Health and Social Work Activities
Q879,Region II (Cagayan Valley),"Other residential care activities, n.e.c.",,,,,,,Q,Human Health and Social Work Activities
Q889,Region II (Cagayan Valley),"Other social work activities without accommodation, n.e.c.",,,,,,,Q,Human Health and Social Work Activities
,Region III (Central Luzon),,,,,,,,Q,Human Health and Social Work Activities
Q861,Region III (Central Luzon),Hospital activities,5921.0,10748.0,5901.0,10719.0,20.0,29.0,Q,Human Health and Social Work Activities
Q862,Region III (Central Luzon),Medical and dental practice activities,1104.0,3148.0,1087.0,3064.0,17.0,84.0,Q,Human Health and Social Work Activities
Q869,Region III (Central Luzon),Other human health activities,87.0,188.0,62.0,186.0,25.0,2.0,Q,Human Health and Social Work Activities
Q872,Region III (Central Luzon),"Residential care activities for mental retardation, mental health and substance abuse",15.0,23.0,14.0,21.0,2.0,2.0,Q,Human Health and Social Work Activities
Q879,Region III (Central Luzon),"Other residential care activities, n.e.c.",57.0,124.0,54.0,106.0,3.0,18.0,Q,Human Health and Social Work Activities
Q889,Region III (Central Luzon),"Other social work activities without accommodation, n.e.c.",58.0,55.0,56.0,45.0,2.0,11.0,Q,Human Health and Social Work Activities
,Region IV-A (CALABARZON),,,,,,,,Q,Human Health and Social Work Activities
Q861,Region IV-A (CALABARZON),Hospital activities,8058.0,16809.0,8035.0,16784.0,24.0,24.0,Q,Human Health and Social Work Activities
Q862,Region IV-A (CALABARZON),Medical and dental practice activities,1770.0,4493.0,1674.0,4304.0,95.0,189.0,Q,Human Health and Social Work Activities
Q869,Region IV-A (CALABARZON),Other human health activities,62.0,254.0,56.0,236.0,6.0,18.0,Q,Human Health and Social Work Activities
Q871,Region IV-A (CALABARZON),Residential nursing care facilities,,,,,,,Q,Human Health and Social Work Activities
Q872,Region IV-A (CALABARZON),"Residential care activities for mental retardation, mental health and substance abuse",63.0,69.0,63.0,69.0,0.0,0.0,Q,Human Health and Social Work Activities
Q873,Region IV-A (CALABARZON),Residential care activities for the elderly and disabled,,,,,,,Q,Human Health and Social Work Activities
Q879,Region IV-A (CALABARZON),"Other residential care activities, n.e.c.",,,,,,,Q,Human Health and Social Work Activities
Q881,Region IV-A (CALABARZON),Social work activities without accommodation for the elderly and disabled,32.0,219.0,25.0,212.0,6.0,7.0,Q,Human Health and Social Work Activities
Q889,Region IV-A (CALABARZON),"Other social work activities without accommodation, n.e.c.",,,,,,,Q,Human Health and Social Work Activities
,MIMAROPA Region,,,,,,,,Q,Human Health and Social Work Activities
Q861,MIMAROPA Region,Hospital activities,589.0,1600.0,589.0,1595.0,0.0,5.0,Q,Human Health and Social Work Activities
Q862,MIMAROPA Region,Medical and dental practice activities,77.0,225.0,77.0,182.0,0.0,43.0,Q,Human Health and Social Work Activities
Q869,MIMAROPA Region,Other human health activities,13.0,52.0,13.0,51.0,0.0,1.0,Q,Human Health and Social Work Activities
Q879,MIMAROPA Region,"Other residential care activities, n.e.c.",15.0,29.0,15.0,28.0,0.0,1.0,Q,Human Health and Social Work Activities
Q889,MIMAROPA Region,"Other social work activities without accommodation, n.e.c.",23.0,27.0,23.0,27.0,0.0,0.0,Q,Human Health and Social Work Activities
,Region V (Bicol Region),,,,,,,,Q,Human Health and Social Work Activities
Q861,Region V (Bicol Region),Hospital activities,1698.0,3253.0,1692.0,3247.0,6.0,6.0,Q,Human Health and Social Work Activities
Q862,Region V (Bicol Region),Medical and dental practice activities,341.0,832.0,300.0,783.0,41.0,50.0,Q,Human Health and Social Work Activities
Q869,Region V (Bicol Region),Other human health activities,9.0,65.0,6.0,65.0,3.0,0.0,Q,Human Health and Social Work Activities
Q872,Region V (Bicol Region),"Residential care activities for mental retardation, mental health and substance abuse",57.0,58.0,22.0,10.0,35.0,48.0,Q,Human Health and Social Work Activities
Q873,Region V (Bicol Region),Residential care activities for the elderly and disabled,,,,,,,Q,Human Health and Social Work Activities
Q879,Region V (Bicol Region),"Other residential care activities, n.e.c.",17.0,36.0,7.0,29.0,11.0,7.0,Q,Human Health and Social Work Activities
Q881,Region V (Bicol Region),Social work activities without accommodation for the elderly and disabled,141.0,323.0,141.0,311.0,0.0,12.0,Q,Human Health and Social Work Activities
Q889,Region V (Bicol Region),"Other social work activities without accommodation, n.e.c.",,,,,,,Q,Human Health and Social Work Activities
,Region VI (Western Visayas),,,,,,,,Q,Human Health and Social Work Activities
Q861,Region VI (Western Visayas),Hospital activities,3020.0,6369.0,3019.0,6365.0,1.0,4.0,Q,Human Health and Social Work Activities
Q862,Region VI (Western Visayas),Medical and dental practice activities,763.0,2055.0,752.0,2044.0,11.0,11.0,Q,Human Health and Social Work Activities
Q869,Region VI (Western Visayas),Other human health activities,21.0,70.0,21.0,70.0,0.0,0.0,Q,Human Health and Social Work Activities
Q872,Region VI (Western Visayas),"Residential care activities for mental retardation, mental health and substance abuse",65.0,192.0,63.0,177.0,2.0,15.0,Q,Human Health and Social Work Activities
Q873,Region VI (Western Visayas),Residential care activities for the elderly and disabled,,,,,,,Q,Human Health and Social Work Activities
Q879,Region VI (Western Visayas),"Other residential care activities, n.e.c.",,,,,,,Q,Human Health and Social Work Activities
Q881,Region VI (Western Visayas),Social work activities without accommodation for the elderly and disabled,6.0,9.0,6.0,9.0,0.0,0.0,Q,Human Health and Social Work Activities
Q889,Region VI (Western Visayas),"Other social work activities without accommodation, n.e.c.",110.0,113.0,110.0,113.0,0.0,0.0,Q,Human Health and Social Work Activities
,Region VII (Central Visayas),,,,,,,,Q,Human Health and Social Work Activities
Q861,Region VII (Central Visayas),Hospital activities,4525.0,8599.0,4521.0,8596.0,4.0,3.0,Q,Human Health and Social Work Activities
Q862,Region VII (Central Visayas),Medical and dental practice activities,892.0,2033.0,876.0,1988.0,17.0,45.0,Q,Human Health and Social Work Activities
Q869,Region VII (Central Visayas),Other human health activities,33.0,154.0,33.0,154.0,0.0,0.0,Q,Human Health and Social Work Activities
Q871,Region VII (Central Visayas),Residential nursing care facilities,24.0,85.0,24.0,85.0,0.0,0.0,Q,Human Health and Social Work Activities
Q872,Region VII (Central Visayas),"Residential care activities for mental retardation, mental health and substance abuse",,,,,,,Q,Human Health and Social Work Activities
Q873,Region VII (Central Visayas),Residential care activities for the elderly and disabled,,,,,,,Q,Human Health and Social Work Activities
Q879,Region VII (Central Visayas),"Other residential care activities, n.e.c.",94.0,320.0,94.0,310.0,0.0,10.0,Q,Human Health and Social Work Activities
Q881,Region VII (Central Visayas),Social work activities without accommodation for the elderly and disabled,90.0,212.0,90.0,212.0,0.0,0.0,Q,Human Health and Social Work Activities
Q889,Region VII (Central Visayas),"Other social work activities without accommodation, n.e.c.",,,,,,,Q,Human Health and Social Work Activities
,Region VIII (Eastern Visayas),,,,,,,,Q,Human Health and Social Work Activities
Q861,Region VIII (Eastern Visayas),Hospital activities,1231.0,2589.0,1230.0,2584.0,1.0,5.0,Q,Human Health and Social Work Activities
Q862,Region VIII (Eastern Visayas),Medical and dental practice activities,202.0,577.0,173.0,563.0,29.0,14.0,Q,Human Health and Social Work Activities
Q869,Region VIII (Eastern Visayas),Other human health activities,39.0,41.0,39.0,41.0,0.0,0.0,Q,Human Health and Social Work Activities
Q889,Region VIII (Eastern Visayas),"Other social work activities without accommodation, n.e.c.",11.0,19.0,11.0,19.0,0.0,0.0,Q,Human Health and Social Work Activities
,Region IX (Zamboanga Peninsula),,,,,,,,Q,Human Health and Social Work Activities
Q861,Region IX (Zamboanga Peninsula),Hospital activities,1169.0,2644.0,1164.0,2639.0,5.0,5.0,Q,Human Health and Social Work Activities
Q862,Region IX (Zamboanga Peninsula),Medical and dental practice activities,82.0,331.0,78.0,312.0,4.0,18.0,Q,Human Health and Social Work Activities
Q869,Region IX (Zamboanga Peninsula),Other human health activities,7.0,13.0,7.0,13.0,0.0,0.0,Q,Human Health and Social Work Activities
Q872,Region IX (Zamboanga Peninsula),"Residential care activities for mental retardation, mental health and substance abuse",11.0,35.0,11.0,35.0,0.0,0.0,Q,Human Health and Social Work Activities
Q879,Region IX (Zamboanga Peninsula),"Other residential care activities, n.e.c.",,,,,,,Q,Human Health and Social Work Activities
Q889,Region IX (Zamboanga Peninsula),"Other social work activities without accommodation, n.e.c.",22.0,20.0,11.0,14.0,11.0,6.0,Q,Human Health and Social Work Activities
,Region X (Northern Mindanao),,,,,,,,Q,Human Health and Social Work Activities
Q861,Region X (Northern Mindanao),Hospital activities,1744.0,3941.0,1736.0,3932.0,8.0,9.0,Q,Human Health and Social Work Activities
Q862,Region X (Northern Mindanao),Medical and dental practice activities,376.0,728.0,376.0,717.0,0.0,11.0,Q,Human Health and Social Work Activities
Q869,Region X (Northern Mindanao),Other human health activities,4.0,24.0,4.0,24.0,0.0,0.0,Q,Human Health and Social Work Activities
Q879,Region X (Northern Mindanao),"Other residential care activities, n.e.c.",,,,,,,Q,Human Health and Social Work Activities
Q881,Region X (Northern Mindanao),Social work activities without accommodation for the elderly and disabled,,,,,,,Q,Human Health and Social Work Activities
Q889,Region X (Northern Mindanao),"Other social work activities without accommodation, n.e.c.",61.0,75.0,52.0,73.0,9.0,2.0,Q,Human Health and Social Work Activities
,Region XI (Davao Region),,,,,,,,Q,Human Health and Social Work Activities
Q861,Region XI (Davao Region),Hospital activities,2108.0,4284.0,2101.0,4245.0,7.0,39.0,Q,Human Health and Social Work Activities
Q862,Region XI (Davao Region),Medical and dental practice activities,559.0,1318.0,539.0,1305.0,19.0,13.0,Q,Human Health and Social Work Activities
Q869,Region XI (Davao Region),Other human health activities,40.0,111.0,40.0,111.0,0.0,0.0,Q,Human Health and Social Work Activities
Q871,Region XI (Davao Region),Residential nursing care facilities,23.0,65.0,23.0,65.0,0.0,0.0,Q,Human Health and Social Work Activities
Q872,Region XI (Davao Region),"Residential care activities for mental retardation, mental health and substance abuse",,,,,,,Q,Human Health and Social Work Activities
Q879,Region XI (Davao Region),"Other residential care activities, n.e.c.",48.0,69.0,39.0,59.0,8.0,10.0,Q,Human Health and Social Work Activities
Q889,Region XI (Davao Region),"Other social work activities without accommodation, n.e.c.",64.0,136.0,64.0,136.0,0.0,0.0,Q,Human Health and Social Work Activities
,Region XII (SOCCSKSARGEN),,,,,,,,Q,Human Health and Social Work Activities
Q861,Region XII (SOCCSKSARGEN),Hospital activities,2182.0,4598.0,2182.0,4590.0,0.0,8.0,Q,Human Health and Social Work Activities
Q862,Region XII (SOCCSKSARGEN),Medical and dental practice activities,165.0,572.0,153.0,523.0,12.0,49.0,Q,Human Health and Social Work Activities
Q869,Region XII (SOCCSKSARGEN),Other human health activities,5.0,45.0,2.0,23.0,2.0,23.0,Q,Human Health and Social Work Activities
Q872,Region XII (SOCCSKSARGEN),"Residential care activities for mental retardation, mental health and substance abuse",,,,,,,Q,Human Health and Social Work Activities
Q879,Region XII (SOCCSKSARGEN),"Other residential care activities, n.e.c.",,,,,,,Q,Human Health and Social Work Activities
Q889,Region XII (SOCCSKSARGEN),"Other social work activities without accommodation, n.e.c.",237.0,214.0,214.0,208.0,22.0,6.0,Q,Human Health and Social Work Activities
,Region XIII (Caraga),,,,,,,,Q,Human Health and Social Work Activities
Q861,Region XIII (Caraga),Hospital activities,430.0,934.0,427.0,926.0,3.0,8.0,Q,Human Health and Social Work Activities
Q862,Region XIII (Caraga),Medical and dental practice activities,161.0,404.0,154.0,397.0,7.0,7.0,Q,Human Health and Social Work Activities
Q869,Region XIII (Caraga),Other human health activities,12.0,34.0,12.0,33.0,0.0,1.0,Q,Human Health and Social Work Activities
Q871,Region XIII (Caraga),Residential nursing care facilities,,,,,,,Q,Human Health and Social Work Activities
Q872,Region XIII (Caraga),"Residential care activities for mental retardation, mental health and substance abuse",,,,,,,Q,Human Health and Social Work Activities
Q879,Region XIII (Caraga),"Other residential care activities, n.e.c.",,,,,,,Q,Human Health and Social Work Activities
Q889,Region XIII (Caraga),"Other social work activities without accommodation, n.e.c.",,,,,,,Q,Human Health and Social Work Activities
,Bangsamoro Autonomous Region in Muslim Mindanao (BARMM),,,,,,,,Q,Human Health and Social Work Activities
Q861,Bangsamoro Autonomous Region in Muslim Mindanao (BARMM),Hospital activities,535.0,963.0,535.0,955.0,0.0,8.0,Q,Human Health and Social Work Activities
Q862,Bangsamoro Autonomous Region in Muslim Mindanao (BARMM),Medical and dental practice activities,87.0,302.0,87.0,302.0,0.0,0.0,Q,Human Health and Social Work Activities
Q869,Bangsamoro Autonomous Region in Muslim Mindanao (BARMM),Other human health activities,,,,,,,Q,Human Health and Social Work Activities
Q872,Bangsamoro Autonomous Region in Muslim Mindanao (BARMM),"Residential care activities for mental retardation, mental health and substance abuse",,,,,,,Q,Human Health and Social Work Activities
Q879,Bangsamoro Autonomous Region in Muslim Mindanao (BARMM),"Other residential care activities, n.e.c.",,,,,,,Q,Human Health and Social Work Activities
Q889,Bangsamoro Autonomous Region in Muslim Mindanao (BARMM),"Other social work activities without accommodation, n.e.c.",,,,,,,Q,Human Health and Social Work Activities
,Bangsamoro Autonomous Region in Muslim Mindanao (BARMM),,,,,,,,Q,Human Health and Social Work Activities
- zero value,Bangsamoro Autonomous Region in Muslim Mindanao (BARMM),,,,,,,,Q,Human Health and Social Work Activities
,Philippines,,,,,,,,I,Accommodation and Food Service Activities
I551,Philippines,Short term accommodation activities,43870.0,32393.0,43739.0,32206.0,131.0,187.0,I,Accommodation and Food Service Activities
I559,Philippines,Other accommodation,796.0,665.0,719.0,634.0,76.0,32.0,I,Accommodation and Food Service Activities
I561,Philippines,Restaurants and mobile food service activities,146141.0,112043.0,145370.0,110916.0,771.0,1127.0,I,Accommodation and Food Service Activities
I562,Philippines,Event catering and other food service activities,2616.0,2489.0,2449.0,2266.0,167.0,224.0,I,Accommodation and Food Service Activities
I563,Philippines,Beverage serving activities,10653.0,12303.0,10428.0,12130.0,225.0,173.0,I,Accommodation and Food Service Activities
,National Capital Region (NCR),,,,,,,,I,Accommodation and Food Service Activities
I551,National Capital Region (NCR),Short term accommodation activities,12859.0,7184.0,12842.0,7184.0,17.0,0.0,I,Accommodation and Food Service Activities
I559,National Capital Region (NCR),Other accommodation,509.0,287.0,509.0,282.0,0.0,5.0,I,Accommodation and Food Service Activities
I561,National Capital Region (NCR),Restaurants and mobile food service activities,53642.0,37573.0,53600.0,37548.0,42.0,25.0,I,Accommodation and Food Service Activities
I562,National Capital Region (NCR),Event catering and other food service activities,826.0,414.0,800.0,388.0,26.0,26.0,I,Accommodation and Food Service Activities
I563,National Capital Region (NCR),Beverage serving activities,3294.0,4916.0,3276.0,4879.0,18.0,36.0,I,Accommodation and Food Service Activities
,Cordillera Administrative Region (CAR),,,,,,,,I,Accommodation and Food Service Activities
I551,Cordillera Administrative Region (CAR),Short term accommodation activities,1887.0,1790.0,1887.0,1790.0,0.0,0.0,I,Accommodation and Food Service Activities
I559,Cordillera Administrative Region (CAR),Other accommodation,12.0,6.0,6.0,6.0,6.0,0.0,I,Accommodation and Food Service Activities
I561,Cordillera Administrative Region (CAR),Restaurants and mobile food service activities,2283.0,1448.0,2261.0,1418.0,22.0,29.0,I,Accommodation and Food Service Activities
I562,Cordillera Administrative Region (CAR),Event catering and other food service activities,5.0,41.0,5.0,31.0,0.0,11.0,I,Accommodation and Food Service Activities
I563,Cordillera Administrative Region (CAR),Beverage serving activities,682.0,417.0,673.0,417.0,9.0,0.0,I,Accommodation and Food Service Activities
,Region I (Ilocos Region),,,,,,,,I,Accommodation and Food Service Activities
I551,Region I (Ilocos Region),Short term accommodation activities,2108.0,1257.0,2106.0,1241.0,2.0,16.0,I,Accommodation and Food Service Activities
I559,Region I (Ilocos Region),Other accommodation,14.0,20.0,14.0,20.0,0.0,0.0,I,Accommodation and Food Service Activities
I561,Region I (Ilocos Region),Restaurants and mobile food service activities,4548.0,4630.0,4518.0,4613.0,30.0,18.0,I,Accommodation and Food Service Activities
I562,Region I (Ilocos Region),Event catering and other food service activities,125.0,109.0,122.0,106.0,3.0,3.0,I,Accommodation and Food Service Activities
I563,Region I (Ilocos Region),Beverage serving activities,230.0,336.0,218.0,336.0,12.0,0.0,I,Accommodation and Food Service Activities
,Region II (Cagayan Valley),,,,,,,,I,Accommodation and Food Service Activities
I551,Region II (Cagayan Valley),Short term accommodation activities,591.0,684.0,591.0,683.0,0.0,1.0,I,Accommodation and Food Service Activities
I561,Region II (Cagayan Valley),Restaurants and mobile food service activities,1747.0,1785.0,1734.0,1738.0,13.0,47.0,I,Accommodation and Food Service Activities
I562,Region II (Cagayan Valley),Event catering and other food service activities,0.0,8.0,0.0,7.0,0.0,1.0,I,Accommodation and Food Service Activities
I563,Region II (Cagayan Valley),Beverage serving activities,193.0,98.0,103.0,89.0,90.0,9.0,I,Accommodation and Food Service Activities
,Region III (Central Luzon),,,,,,,,I,Accommodation and Food Service Activities
I551,Region III (Central Luzon),Short term accommodation activities,4003.0,2851.0,4001.0,2848.0,2.0,3.0,I,Accommodation and Food Service Activities
I559,Region III (Central Luzon),Other accommodation,10.0,11.0,10.0,11.0,0.0,0.0,I,Accommodation and Food Service Activities
I561,Region III (Central Luzon),Restaurants and mobile food service activities,16430.0,12543.0,16327.0,12372.0,103.0,171.0,I,Accommodation and Food Service Activities
I562,Region III (Central Luzon),Event catering and other food service activities,114.0,158.0,108.0,158.0,6.0,0.0,I,Accommodation and Food Service Activities
I563,Region III (Central Luzon),Beverage serving activities,1621.0,1718.0,1606.0,1689.0,16.0,29.0,I,Accommodation and Food Service Activities
,Region IV-A (CALABARZON),,,,,,,,I,Accommodation and Food Service Activities
I551,Region IV-A (CALABARZON),Short term accommodation activities,4874.0,3961.0,4854.0,3941.0,21.0,21.0,I,Accommodation and Food Service Activities
I559,Region IV-A (CALABARZON),Other accommodation,8.0,18.0,8.0,18.0,0.0,0.0,I,Accommodation and Food Service Activities
I561,Region IV-A (CALABARZON),Restaurants and mobile food service activities,22914.0,17441.0,22733.0,17193.0,182.0,248.0,I,Accommodation and Food Service Activities
I562,Region IV-A (CALABARZON),Event catering and other food service activities,482.0,560.0,457.0,500.0,25.0,60.0,I,Accommodation and Food Service Activities
I563,Region IV-A (CALABARZON),Beverage serving activities,1414.0,1689.0,1414.0,1654.0,0.0,35.0,I,Accommodation and Food Service Activities
,MIMAROPA Region,,,,,,,,I,Accommodation and Food Service Activities
I551,MIMAROPA Region,Short term accommodation activities,1226.0,950.0,1186.0,897.0,40.0,54.0,I,Accommodation and Food Service Activities
I559,MIMAROPA Region,Other accommodation,,,,,,,I,Accommodation and Food Service Activities
I561,MIMAROPA Region,Restaurants and mobile food service activities,1358.0,989.0,1358.0,969.0,0.0,19.0,I,Accommodation and Food Service Activities
I562,MIMAROPA Region,Event catering and other food service activities,14.0,18.0,14.0,17.0,0.0,1.0,I,Accommodation and Food Service Activities
I563,MIMAROPA Region,Beverage serving activities,85.0,199.0,85.0,199.0,0.0,0.0,I,Accommodation and Food Service Activities
,Region V (Bicol Region),,,,,,,,I,Accommodation and Food Service Activities
I551,Region V (Bicol Region),Short term accommodation activities,1222.0,1208.0,1221.0,1178.0,1.0,30.0,I,Accommodation and Food Service Activities
I559,Region V (Bicol Region),Other accommodation,20.0,27.0,20.0,24.0,0.0,4.0,I,Accommodation and Food Service Activities
I561,Region V (Bicol Region),Restaurants and mobile food service activities,3443.0,3546.0,3403.0,3546.0,39.0,0.0,I,Accommodation and Food Service Activities
I562,Region V (Bicol Region),Event catering and other food service activities,90.0,83.0,81.0,81.0,9.0,2.0,I,Accommodation and Food Service Activities
I563,Region V (Bicol Region),Beverage serving activities,187.0,175.0,172.0,145.0,15.0,31.0,I,Accommodation and Food Service Activities
,Region VI (Western Visayas),,,,,,,,I,Accommodation and Food Service Activities
I551,Region VI (Western Visayas),Short term accommodation activities,3575.0,2591.0,3560.0,2578.0,15.0,13.0,I,Accommodation and Food Service Activities
I559,Region VI (Western Visayas),Other accommodation,64.0,59.0,41.0,58.0,23.0,1.0,I,Accommodation and Food Service Activities
I561,Region VI (Western Visayas),Restaurants and mobile food service activities,8719.0,6722.0,8615.0,6618.0,103.0,105.0,I,Accommodation and Food Service Activities
I562,Region VI (Western Visayas),Event catering and other food service activities,47.0,58.0,45.0,57.0,1.0,1.0,I,Accommodation and Food Service Activities
I563,Region VI (Western Visayas),Beverage serving activities,696.0,707.0,696.0,707.0,0.0,0.0,I,Accommodation and Food Service Activities
,Region VII (Central Visayas),,,,,,,,I,Accommodation and Food Service Activities
I551,Region VII (Central Visayas),Short term accommodation activities,6328.0,5395.0,6328.0,5382.0,0.0,13.0,I,Accommodation and Food Service Activities
I559,Region VII (Central Visayas),Other accommodation,65.0,82.0,54.0,82.0,11.0,0.0,I,Accommodation and Food Service Activities
I561,Region VII (Central Visayas),Restaurants and mobile food service activities,11732.0,9345.0,11718.0,9299.0,15.0,46.0,I,Accommodation and Food Service Activities
I562,Region VII (Central Visayas),Event catering and other food service activities,207.0,267.0,207.0,267.0,0.0,0.0,I,Accommodation and Food Service Activities
I563,Region VII (Central Visayas),Beverage serving activities,749.0,758.0,717.0,758.0,32.0,0.0,I,Accommodation and Food Service Activities
,Region VIII (Eastern Visayas),,,,,,,,I,Accommodation and Food Service Activities
I551,Region VIII (Eastern Visayas),Short term accommodation activities,742.0,753.0,740.0,740.0,2.0,13.0,I,Accommodation and Food Service Activities
I559,Region VIII (Eastern Visayas),Other accommodation,6.0,3.0,6.0,3.0,0.0,0.0,I,Accommodation and Food Service Activities
I561,Region VIII (Eastern Visayas),Restaurants and mobile food service activities,2757.0,2260.0,2735.0,2180.0,22.0,80.0,I,Accommodation and Food Service Activities
I562,Region VIII (Eastern Visayas),Event catering and other food service activities,168.0,103.0,166.0,93.0,2.0,10.0,I,Accommodation and Food Service Activities
I563,Region VIII (Eastern Visayas),Beverage serving activities,143.0,86.0,143.0,86.0,0.0,0.0,I,Accommodation and Food Service Activities
,Region IX (Zamboanga Peninsula),,,,,,,,I,Accommodation and Food Service Activities
I551,Region IX (Zamboanga Peninsula),Short term accommodation activities,731.0,812.0,711.0,792.0,20.0,20.0,I,Accommodation and Food Service Activities
I559,Region IX (Zamboanga Peninsula),Other accommodation,14.0,35.0,0.0,14.0,14.0,21.0,I,Accommodation and Food Service Activities
I561,Region IX (Zamboanga Peninsula),Restaurants and mobile food service activities,2727.0,2275.0,2712.0,2152.0,15.0,123.0,I,Accommodation and Food Service Activities
I562,Region IX (Zamboanga Peninsula),Event catering and other food service activities,140.0,116.0,136.0,110.0,4.0,6.0,I,Accommodation and Food Service Activities
I563,Region IX (Zamboanga Peninsula),Beverage serving activities,133.0,115.0,133.0,115.0,0.0,0.0,I,Accommodation and Food Service Activities
,Region X (Northern Mindanao),,,,,,,,I,Accommodation and Food Service Activities
I551,Region X (Northern Mindanao),Short term accommodation activities,943.0,1043.0,943.0,1043.0,0.0,0.0,I,Accommodation and Food Service Activities
I559,Region X (Northern Mindanao),Other accommodation,2.0,4.0,2.0,4.0,0.0,0.0,I,Accommodation and Food Service Activities
I561,Region X (Northern Mindanao),Restaurants and mobile food service activities,3531.0,2507.0,3485.0,2476.0,46.0,31.0,I,Accommodation and Food Service Activities
I562,Region X (Northern Mindanao),Event catering and other food service activities,123.0,201.0,123.0,201.0,0.0,0.0,I,Accommodation and Food Service Activities
I563,Region X (Northern Mindanao),Beverage serving activities,255.0,218.0,248.0,218.0,7.0,0.0,I,Accommodation and Food Service Activities
,Region XI (Davao Region),,,,,,,,I,Accommodation and Food Service Activities
I551,Region XI (Davao Region),Short term accommodation activities,1373.0,1028.0,1373.0,1028.0,0.0,0.0,I,Accommodation and Food Service Activities
I559,Region XI (Davao Region),Other accommodation,57.0,98.0,42.0,98.0,15.0,0.0,I,Accommodation and Food Service Activities
I561,Region XI (Davao Region),Restaurants and mobile food service activities,4936.0,4903.0,4874.0,4810.0,62.0,93.0,I,Accommodation and Food Service Activities
I562,Region XI (Davao Region),Event catering and other food service activities,100.0,119.0,100.0,119.0,0.0,0.0,I,Accommodation and Food Service Activities
I563,Region XI (Davao Region),Beverage serving activities,682.0,524.0,664.0,518.0,18.0,6.0,I,Accommodation and Food Service Activities
,Region XII (SOCCSKSARGEN),,,,,,,,I,Accommodation and Food Service Activities
I551,Region XII (SOCCSKSARGEN),Short term accommodation activities,912.0,607.0,912.0,607.0,0.0,0.0,I,Accommodation and Food Service Activities
I559,Region XII (SOCCSKSARGEN),Other accommodation,10.0,10.0,7.0,10.0,3.0,0.0,I,Accommodation and Food Service Activities
I561,Region XII (SOCCSKSARGEN),Restaurants and mobile food service activities,3048.0,2178.0,2988.0,2137.0,60.0,41.0,I,Accommodation and Food Service Activities
I562,Region XII (SOCCSKSARGEN),Event catering and other food service activities,37.0,111.0,18.0,81.0,19.0,30.0,I,Accommodation and Food Service Activities
I563,Region XII (SOCCSKSARGEN),Beverage serving activities,130.0,148.0,122.0,129.0,8.0,19.0,I,Accommodation and Food Service Activities
,Region XIII (Caraga),,,,,,,,I,Accommodation and Food Service Activities
I551,Region XIII (Caraga),Short term accommodation activities,425.0,181.0,424.0,181.0,1.0,0.0,I,Accommodation and Food Service Activities
I559,Region XIII (Caraga),Other accommodation,,,,,,,I,Accommodation and Food Service Activities
I561,Region XIII (Caraga),Restaurants and mobile food service activities,1478.0,1164.0,1461.0,1113.0,17.0,51.0,I,Accommodation and Food Service Activities
I562,Region XIII (Caraga),Event catering and other food service activities,38.0,70.0,32.0,36.0,6.0,34.0,I,Accommodation and Food Service Activities
I563,Region XIII (Caraga),Beverage serving activities,125.0,136.0,125.0,136.0,0.0,0.0,I,Accommodation and Food Service Activities
,Bangsamoro Autonomous Region in Muslim Mindanao (BARMM),,,,,,,,I,Accommodation and Food Service Activities
I551,Bangsamoro Autonomous Region in Muslim Mindanao (BARMM),Short term accommodation activities,74.0,102.0,63.0,96.0,10.0,5.0,I,Accommodation and Food Service Activities
I559,Bangsamoro Autonomous Region in Muslim Mindanao (BARMM),Other accommodation,3.0,0.0,0.0,0.0,3.0,0.0,I,Accommodation and Food Service Activities
I561,Bangsamoro Autonomous Region in Muslim Mindanao (BARMM),Restaurants and mobile food service activities,848.0,734.0,848.0,734.0,0.0,0.0,I,Accommodation and Food Service Activities
I562,Bangsamoro Autonomous Region in Muslim Mindanao (BARMM),Event catering and other food service activities,102.0,53.0,36.0,14.0,66.0,38.0,I,Accommodation and Food Service Activities
I563,Bangsamoro Autonomous Region in Muslim Mindanao (BARMM),Beverage serving activities,35.0,63.0,35.0,55.0,0.0,8.0,I,Accommodation and Food Service Activities
,Philippines,,,,,,,,R,"Arts, Entertainment and Recreation"
R900,Philippines,"Creative, arts and entertainment activities",62.0,657.0,412.0,655.0,412.0,2.0,R,"Arts, Entertainment and Recreation"
R910,Philippines,"Libraries, archives, museums and other cultural activities",45.0,814.0,528.0,807.0,524.0,7.0,R,"Arts, Entertainment and Recreation"
R920,Philippines,Gambling and betting activities,1420.0,16949.0,14091.0,16901.0,14040.0,47.0,R,"Arts, Entertainment and Recreation"
R931,Philippines,Sports activities,274.0,3467.0,1705.0,3344.0,1488.0,123.0,R,"Arts, Entertainment and Recreation"
R932,Philippines,Other amusement and recreation activities,1141.0,10130.0,8112.0,9902.0,7857.0,228.0,R,"Arts, Entertainment and Recreation"
,National Capital Region (NCR),,,,,,,,R,"Arts, Entertainment and Recreation"
R900,National Capital Region (NCR),"Creative, arts and entertainment activities",41.0,260.0,213.0,260.0,213.0,0.0,R,"Arts, Entertainment and Recreation"
R910,National Capital Region (NCR),"Libraries, archives, museums and other cultural activities",5.0,69.0,92.0,69.0,92.0,0.0,R,"Arts, Entertainment and Recreation"
R920,National Capital Region (NCR),Gambling and betting activities,207.0,10729.0,8688.0,10729.0,8679.0,0.0,R,"Arts, Entertainment and Recreation"
R931,National Capital Region (NCR),Sports activities,62.0,834.0,579.0,830.0,373.0,4.0,R,"Arts, Entertainment and Recreation"
R932,National Capital Region (NCR),Other amusement and recreation activities,109.0,651.0,991.0,651.0,991.0,0.0,R,"Arts, Entertainment and Recreation"
,Cordillera Administrative Region (CAR),,,,,,,,R,"Arts, Entertainment and Recreation"
R910,Cordillera Administrative Region (CAR),"Libraries, archives, museums and other cultural activities",5.0,12.0,21.0,12.0,21.0,0.0,R,"Arts, Entertainment and Recreation"
R920,Cordillera Administrative Region (CAR),Gambling and betting activities,16.0,41.0,31.0,41.0,31.0,0.0,R,"Arts, Entertainment and Recreation"
R931,Cordillera Administrative Region (CAR),Sports activities,5.0,17.0,2.0,17.0,2.0,0.0,R,"Arts, Entertainment and Recreation"
R932,Cordillera Administrative Region (CAR),Other amusement and recreation activities,11.0,73.0,58.0,69.0,55.0,4.0,R,"Arts, Entertainment and Recreation"
,Region I (Ilocos Region),,,,,,,,R,"Arts, Entertainment and Recreation"
R900,Region I (Ilocos Region),"Creative, arts and entertainment activities",,,,,,,R,"Arts, Entertainment and Recreation"
R920,Region I (Ilocos Region),Gambling and betting activities,37.0,647.0,227.0,647.0,227.0,0.0,R,"Arts, Entertainment and Recreation"
R931,Region I (Ilocos Region),Sports activities,,,,,,,R,"Arts, Entertainment and Recreation"
R932,Region I (Ilocos Region),Other amusement and recreation activities,46.0,402.0,304.0,397.0,300.0,4.0,R,"Arts, Entertainment and Recreation"
,Region II (Cagayan Valley),,,,,,,,R,"Arts, Entertainment and Recreation"
R920,Region II (Cagayan Valley),Gambling and betting activities,24.0,341.0,826.0,341.0,826.0,0.0,R,"Arts, Entertainment and Recreation"
R931,Region II (Cagayan Valley),Sports activities,2.0,74.0,47.0,74.0,47.0,0.0,R,"Arts, Entertainment and Recreation"
R932,Region II (Cagayan Valley),Other amusement and recreation activities,17.0,60.0,47.0,60.0,47.0,0.0,R,"Arts, Entertainment and Recreation"
,Region III (Central Luzon),,,,,,,,R,"Arts, Entertainment and Recreation"
R900,Region III (Central Luzon),"Creative, arts and entertainment activities",3.0,57.0,20.0,57.0,20.0,0.0,R,"Arts, Entertainment and Recreation"
R910,Region III (Central Luzon),"Libraries, archives, museums and other cultural activities",2.0,31.0,17.0,31.0,17.0,0.0,R,"Arts, Entertainment and Recreation"
R920,Region III (Central Luzon),Gambling and betting activities,108.0,1925.0,1177.0,1925.0,1177.0,0.0,R,"Arts, Entertainment and Recreation"
R931,Region III (Central Luzon),Sports activities,32.0,334.0,167.0,334.0,167.0,0.0,R,"Arts, Entertainment and Recreation"
R932,Region III (Central Luzon),Other amusement and recreation activities,151.0,1784.0,862.0,1755.0,794.0,29.0,R,"Arts, Entertainment and Recreation"
,Region IV-A (CALABARZON),,,,,,,,R,"Arts, Entertainment and Recreation"
R900,Region IV-A (CALABARZON),"Creative, arts and entertainment activities",7.0,315.0,159.0,315.0,159.0,0.0,R,"Arts, Entertainment and Recreation"
R910,Region IV-A (CALABARZON),"Libraries, archives, museums and other cultural activities",8.0,175.0,86.0,172.0,83.0,3.0,R,"Arts, Entertainment and Recreation"
R920,Region IV-A (CALABARZON),Gambling and betting activities,182.0,1364.0,935.0,1354.0,915.0,10.0,R,"Arts, Entertainment and Recreation"
R931,Region IV-A (CALABARZON),Sports activities,53.0,942.0,418.0,942.0,418.0,0.0,R,"Arts, Entertainment and Recreation"
R932,Region IV-A (CALABARZON),Other amusement and recreation activities,264.0,2488.0,2050.0,2464.0,2043.0,25.0,R,"Arts, Entertainment and Recreation"
,MIMAROPA Region,,,,,,,,R,"Arts, Entertainment and Recreation"
R910,MIMAROPA Region,"Libraries, archives, museums and other cultural activities",,,,,,,R,"Arts, Entertainment and Recreation"
R920,MIMAROPA Region,Gambling and betting activities,29.0,79.0,115.0,79.0,115.0,0.0,R,"Arts, Entertainment and Recreation"
R931,MIMAROPA Region,Sports activities,,,,,,,R,"Arts, Entertainment and Recreation"
R932,MIMAROPA Region,Other amusement and recreation activities,39.0,260.0,212.0,260.0,208.0,0.0,R,"Arts, Entertainment and Recreation"
,Region V (Bicol Region),,,,,,,,R,"Arts, Entertainment and Recreation"
R900,Region V (Bicol Region),"Creative, arts and entertainment activities",3.0,7.0,2.0,6.0,2.0,1.0,R,"Arts, Entertainment and Recreation"
R910,Region V (Bicol Region),"Libraries, archives, museums and other cultural activities",,,,,,,R,"Arts, Entertainment and Recreation"
R920,Region V (Bicol Region),Gambling and betting activities,47.0,97.0,130.0,91.0,130.0,5.0,R,"Arts, Entertainment and Recreation"
R931,Region V (Bicol Region),Sports activities,,,,,,,R,"Arts, Entertainment and Recreation"
R932,Region V (Bicol Region),Other amusement and recreation activities,41.0,494.0,308.0,436.0,277.0,58.0,R,"Arts, Entertainment and Recreation"
,Region VI (Western Visayas),,,,,,,,R,"Arts, Entertainment and Recreation"
R900,Region VI (Western Visayas),"Creative, arts and entertainment activities",2.0,32.0,19.0,29.0,19.0,3.0,R,"Arts, Entertainment and Recreation"
R910,Region VI (Western Visayas),"Libraries, archives, museums and other cultural activities",4.0,29.0,13.0,27.0,13.0,2.0,R,"Arts, Entertainment and Recreation"
R920,Region VI (Western Visayas),Gambling and betting activities,38.0,168.0,384.0,168.0,384.0,0.0,R,"Arts, Entertainment and Recreation"
R931,Region VI (Western Visayas),Sports activities,17.0,284.0,93.0,239.0,90.0,45.0,R,"Arts, Entertainment and Recreation"
R932,Region VI (Western Visayas),Other amusement and recreation activities,88.0,798.0,674.0,775.0,614.0,23.0,R,"Arts, Entertainment and Recreation"
,Region VII (Central Visayas),,,,,,,,R,"Arts, Entertainment and Recreation"
R900,Region VII (Central Visayas),"Creative, arts and entertainment activities",1.0,207.0,140.0,207.0,140.0,0.0,R,"Arts, Entertainment and Recreation"
R910,Region VII (Central Visayas),"Libraries, archives, museums and other cultural activities",11.0,207.0,139.0,207.0,139.0,0.0,R,"Arts, Entertainment and Recreation"
R920,Region VII (Central Visayas),Gambling and betting activities,68.0,777.0,475.0,777.0,475.0,0.0,R,"Arts, Entertainment and Recreation"
R931,Region VII (Central Visayas),Sports activities,24.0,340.0,130.0,314.0,130.0,26.0,R,"Arts, Entertainment and Recreation"
R932,Region VII (Central Visayas),Other amusement and recreation activities,118.0,846.0,830.0,829.0,809.0,17.0,R,"Arts, Entertainment and Recreation"
,Region VIII (Eastern Visayas),,,,,,,,R,"Arts, Entertainment and Recreation"
R920,Region VIII (Eastern Visayas),Gambling and betting activities,54.0,72.0,116.0,45.0,104.0,27.0,R,"Arts, Entertainment and Recreation"
R931,Region VIII (Eastern Visayas),Sports activities,9.0,30.0,16.0,28.0,15.0,2.0,R,"Arts, Entertainment and Recreation"
R932,Region VIII (Eastern Visayas),Other amusement and recreation activities,37.0,212.0,169.0,212.0,169.0,0.0,R,"Arts, Entertainment and Recreation"
,Region IX (Zamboanga Peninsula),,,,,,,,R,"Arts, Entertainment and Recreation"
R910,Region IX (Zamboanga Peninsula),"Libraries, archives, museums and other cultural activities",,,,,,,R,"Arts, Entertainment and Recreation"
R920,Region IX (Zamboanga Peninsula),Gambling and betting activities,89.0,22.0,112.0,22.0,112.0,0.0,R,"Arts, Entertainment and Recreation"
R931,Region IX (Zamboanga Peninsula),Sports activities,,,,,,,R,"Arts, Entertainment and Recreation"
R932,Region IX (Zamboanga Peninsula),Other amusement and recreation activities,27.0,279.0,209.0,269.0,195.0,10.0,R,"Arts, Entertainment and Recreation"
,Region X (Northern Mindanao),,,,,,,,R,"Arts, Entertainment and Recreation"
R910,Region X (Northern Mindanao),"Libraries, archives, museums and other cultural activities",,,,,,,R,"Arts, Entertainment and Recreation"
R920,Region X (Northern Mindanao),Gambling and betting activities,203.0,182.0,369.0,177.0,364.0,5.0,R,"Arts, Entertainment and Recreation"
R931,Region X (Northern Mindanao),Sports activities,,,,,,,R,"Arts, Entertainment and Recreation"
R932,Region X (Northern Mindanao),Other amusement and recreation activities,45.0,373.0,224.0,365.0,216.0,8.0,R,"Arts, Entertainment and Recreation"
,Region XI (Davao Region),,,,,,,,R,"Arts, Entertainment and Recreation"
R900,Region XI (Davao Region),"Creative, arts and entertainment activities",2.0,144.0,104.0,144.0,104.0,0.0,R,"Arts, Entertainment and Recreation"
R910,Region XI (Davao Region),"Libraries, archives, museums and other cultural activities",5.0,134.0,98.0,134.0,98.0,0.0,R,"Arts, Entertainment and Recreation"
R920,Region XI (Davao Region),Gambling and betting activities,246.0,334.0,381.0,334.0,381.0,0.0,R,"Arts, Entertainment and Recreation"
R931,Region XI (Davao Region),Sports activities,20.0,235.0,67.0,235.0,67.0,0.0,R,"Arts, Entertainment and Recreation"
R932,Region XI (Davao Region),Other amusement and recreation activities,85.0,930.0,808.0,924.0,807.0,6.0,R,"Arts, Entertainment and Recreation"
,Region XII (SOCCSKSARGEN),,,,,,,,R,"Arts, Entertainment and Recreation"
R920,Region XII (SOCCSKSARGEN),Gambling and betting activities,63.0,147.0,94.0,147.0,94.0,0.0,R,"Arts, Entertainment and Recreation"
R931,Region XII (SOCCSKSARGEN),Sports activities,6.0,41.0,27.0,40.0,27.0,1.0,R,"Arts, Entertainment and Recreation"
R932,Region XII (SOCCSKSARGEN),Other amusement and recreation activities,36.0,264.0,159.0,236.0,143.0,28.0,R,"Arts, Entertainment and Recreation"
,Region XIII (Caraga),,,,,,,,R,"Arts, Entertainment and Recreation"
R900,Region XIII (Caraga),"Creative, arts and entertainment activities",,,,,,,R,"Arts, Entertainment and Recreation"
R920,Region XIII (Caraga),Gambling and betting activities,8.0,2.0,19.0,2.0,15.0,0.0,R,"Arts, Entertainment and Recreation"
R931,Region XIII (Caraga),Sports activities,,,,,,,R,"Arts, Entertainment and Recreation"
R932,Region XIII (Caraga),Other amusement and recreation activities,24.0,203.0,197.0,188.0,182.0,15.0,R,"Arts, Entertainment and Recreation"
,Bangsamoro Autonomous Region in Muslim Mindanao (BARMM),,,,,,,,R,"Arts, Entertainment and Recreation"
R920,Bangsamoro Autonomous Region in Muslim Mindanao (BARMM),Gambling and betting activities,3.0,22.0,12.0,22.0,12.0,0.0,R,"Arts, Entertainment and Recreation"
R931,Bangsamoro Autonomous Region in Muslim Mindanao (BARMM),Sports activities,1.0,28.0,9.0,12.0,8.0,16.0,R,"Arts, Entertainment and Recreation"
R932,Bangsamoro Autonomous Region in Muslim Mindanao (BARMM),Other amusement and recreation activities,3.0,13.0,8.0,12.0,7.0,1.0,R,"Arts, Entertainment and Recreation"
,Philippines,,,,,,,,M,"Professional, Scientific and Technical Activities"
M691,Philippines,Legal activities,4071.0,5114.0,3951.0,5012.0,121.0,102.0,M,"Professional, Scientific and Technical Activities"
M692,Philippines,"Accounting, bookkeeping and auditing activities; tax consultancy",8257.0,15422.0,8242.0,15390.0,14.0,32.0,M,"Professional, Scientific and Technical Activities"
M701,Philippines,Activities of head offices,711.0,1046.0,711.0,1046.0,0.0,0.0,M,"Professional, Scientific and Technical Activities"
M702,Philippines,Management consultancy activities,11709.0,11585.0,11678.0,11575.0,30.0,10.0,M,"Professional, Scientific and Technical Activities"
M711,Philippines,Architectural and engineering activities and related technical consultancy,22213.0,15268.0,22187.0,15226.0,27.0,42.0,M,"Professional, Scientific and Technical Activities"
M712,Philippines,Technical testing and analysis,5977.0,3602.0,5971.0,3596.0,6.0,7.0,M,"Professional, Scientific and Technical Activities"
M721,Philippines,Research and experimental development on natural sciences and engineering,2792.0,2752.0,2789.0,2752.0,4.0,0.0,M,"Professional, Scientific and Technical Activities"
M722,Philippines,Research and experimental development on social sciences and humanities,214.0,213.0,214.0,213.0,0.0,0.0,M,"Professional, Scientific and Technical Activities"
M723,Philippines,Research and experimental development in information technology,1861.0,2710.0,1861.0,2710.0,0.0,0.0,M,"Professional, Scientific and Technical Activities"
M731,Philippines,Advertising,6112.0,4414.0,6082.0,4387.0,30.0,27.0,M,"Professional, Scientific and Technical Activities"
M732,Philippines,Market research and public opinion polling,1759.0,1954.0,1759.0,1954.0,0.0,0.0,M,"Professional, Scientific and Technical Activities"
M741,Philippines,Specialized design activities,515.0,580.0,513.0,577.0,2.0,3.0,M,"Professional, Scientific and Technical Activities"
M742,Philippines,Photographic activities,1899.0,1962.0,1848.0,1919.0,51.0,43.0,M,"Professional, Scientific and Technical Activities"
M749,Philippines,"Other professional, scientific and technical activities, n.e.c.",976.0,520.0,972.0,519.0,4.0,1.0,M,"Professional, Scientific and Technical Activities"
M750,Philippines,Veterinary activities,1864.0,1661.0,1834.0,1618.0,30.0,43.0,M,"Professional, Scientific and Technical Activities"
,National Capital Region (NCR),,,,,,,,M,"Professional, Scientific and Technical Activities"
M691,National Capital Region (NCR),Legal activities,3323.0,3873.0,3285.0,3855.0,38.0,18.0,M,"Professional, Scientific and Technical Activities"
M692,National Capital Region (NCR),"Accounting, bookkeeping and auditing activities; tax consultancy",6875.0,12211.0,6874.0,12200.0,1.0,11.0,M,"Professional, Scientific and Technical Activities"
M701,National Capital Region (NCR),Activities of head offices,11249.0,11191.0,11221.0,11182.0,28.0,9.0,M,"Professional, Scientific and Technical Activities"
M702,National Capital Region (NCR),Management consultancy activities,,,,,,,M,"Professional, Scientific and Technical Activities"
M711,National Capital Region (NCR),Architectural and engineering activities and related technical consultancy,15800.0,10337.0,15791.0,10320.0,9.0,17.0,M,"Professional, Scientific and Technical Activities"
M712,National Capital Region (NCR),Technical testing and analysis,2271.0,1053.0,2271.0,1053.0,0.0,0.0,M,"Professional, Scientific and Technical Activities"
M721,National Capital Region (NCR),Research and experimental development on natural sciences and engineering,1757.0,1860.0,1754.0,1860.0,4.0,0.0,M,"Professional, Scientific and Technical Activities"
M722,National Capital Region (NCR),Research and experimental development on social sciences and humanities,1162.0,1838.0,1162.0,1838.0,0.0,0.0,M,"Professional, Scientific and Technical Activities"
M723,National Capital Region (NCR),Research and experimental development in information technology,,,,,,,M,"Professional, Scientific and Technical Activities"
M731,National Capital Region (NCR),Advertising,4068.0,3077.0,4068.0,3077.0,0.0,0.0,M,"Professional, Scientific and Technical Activities"
M732,National Capital Region (NCR),Market research and public opinion polling,522.0,763.0,522.0,763.0,0.0,0.0,M,"Professional, Scientific and Technical Activities"
M741,National Capital Region (NCR),Specialized design activities,167.0,281.0,167.0,281.0,0.0,0.0,M,"Professional, Scientific and Technical Activities"
M742,National Capital Region (NCR),Photographic activities,697.0,515.0,693.0,515.0,4.0,0.0,M,"Professional, Scientific and Technical Activities"
M749,National Capital Region (NCR),"Other professional, scientific and technical activities, n.e.c.",511.0,410.0,511.0,410.0,0.0,0.0,M,"Professional, Scientific and Technical Activities"
M750,National Capital Region (NCR),Veterinary activities,720.0,642.0,719.0,639.0,1.0,3.0,M,"Professional, Scientific and Technical Activities"
,Cordillera Administrative Region (CAR),,,,,,,,M,"Professional, Scientific and Technical Activities"
M691,Cordillera Administrative Region (CAR),Legal activities,0.0,33.0,0.0,25.0,0.0,8.0,M,"Professional, Scientific and Technical Activities"
M692,Cordillera Administrative Region (CAR),"Accounting, bookkeeping and auditing activities; tax consultancy",13.0,39.0,13.0,34.0,0.0,5.0,M,"Professional, Scientific and Technical Activities"
M702,Cordillera Administrative Region (CAR),Management consultancy activities,16.0,19.0,15.0,19.0,1.0,0.0,M,"Professional, Scientific and Technical Activities"
M711,Cordillera Administrative Region (CAR),Architectural and engineering activities and related technical consultancy,87.0,75.0,87.0,75.0,0.0,0.0,M,"Professional, Scientific and Technical Activities"
M712,Cordillera Administrative Region (CAR),Technical testing and analysis,16.0,10.0,15.0,9.0,1.0,1.0,M,"Professional, Scientific and Technical Activities"
M722,Cordillera Administrative Region (CAR),Research and experimental development on social sciences and humanities,,,,,,,M,"Professional, Scientific and Technical Activities"
M731,Cordillera Administrative Region (CAR),Advertising,,,,,,,M,"Professional, Scientific and Technical Activities"
M742,Cordillera Administrative Region (CAR),Photographic activities,30.0,15.0,24.0,4.0,6.0,11.0,M,"Professional, Scientific and Technical Activities"
M749,Cordillera Administrative Region (CAR),"Other professional, scientific and technical activities, n.e.c.",,,,,,,M,"Professional, Scientific and Technical Activities"
M750,Cordillera Administrative Region (CAR),Veterinary activities,35.0,43.0,30.0,43.0,4.0,0.0,M,"Professional, Scientific and Technical Activities"
,Region I (Ilocos Region),,,,,,,,M,"Professional, Scientific and Technical Activities"
M691,Region I (Ilocos Region),Legal activities,40.0,40.0,40.0,40.0,0.0,0.0,M,"Professional, Scientific and Technical Activities"
M692,Region I (Ilocos Region),"Accounting, bookkeeping and auditing activities; tax consultancy",39.0,58.0,38.0,55.0,1.0,3.0,M,"Professional, Scientific and Technical Activities"
M702,Region I (Ilocos Region),Management consultancy activities,116.0,140.0,116.0,140.0,0.0,0.0,M,"Professional, Scientific and Technical Activities"
M711,Region I (Ilocos Region),Architectural and engineering activities and related technical consultancy,114.0,73.0,114.0,73.0,0.0,0.0,M,"Professional, Scientific and Technical Activities"
M712,Region I (Ilocos Region),Technical testing and analysis,83.0,58.0,79.0,53.0,4.0,5.0,M,"Professional, Scientific and Technical Activities"
M731,Region I (Ilocos Region),Advertising,11.0,3.0,11.0,3.0,0.0,0.0,M,"Professional, Scientific and Technical Activities"
M742,Region I (Ilocos Region),Photographic activities,76.0,96.0,75.0,93.0,1.0,3.0,M,"Professional, Scientific and Technical Activities"
M750,Region I (Ilocos Region),Veterinary activities,55.0,49.0,55.0,49.0,0.0,0.0,M,"Professional, Scientific and Technical Activities"
,Region II (Cagayan Valley),,,,,,,,M,"Professional, Scientific and Technical Activities"
M691,Region II (Cagayan Valley),Legal activities,26.0,10.0,15.0,10.0,10.0,0.0,M,"Professional, Scientific and Technical Activities"
M692,Region II (Cagayan Valley),"Accounting, bookkeeping and auditing activities; tax consultancy",8.0,4.0,8.0,4.0,0.0,0.0,M,"Professional, Scientific and Technical Activities"
M712,Region II (Cagayan Valley),Technical testing and analysis,54.0,23.0,54.0,23.0,0.0,0.0,M,"Professional, Scientific and Technical Activities"
M731,Region II (Cagayan Valley),Advertising,14.0,3.0,12.0,2.0,2.0,2.0,M,"Professional, Scientific and Technical Activities"
M742,Region II (Cagayan Valley),Photographic activities,32.0,64.0,26.0,58.0,6.0,6.0,M,"Professional, Scientific and Technical Activities"
M750,Region II (Cagayan Valley),Veterinary activities,39.0,33.0,39.0,26.0,0.0,7.0,M,"Professional, Scientific and Technical Activities"
,Region III (Central Luzon),,,,,,,,M,"Professional, Scientific and Technical Activities"
M691,Region III (Central Luzon),Legal activities,47.0,143.0,38.0,134.0,9.0,9.0,M,"Professional, Scientific and Technical Activities"
M692,Region III (Central Luzon),"Accounting, bookkeeping and auditing activities; tax consultancy",88.0,241.0,82.0,241.0,6.0,0.0,M,"Professional, Scientific and Technical Activities"
M702,Region III (Central Luzon),Management consultancy activities,68.0,68.0,68.0,68.0,0.0,0.0,M,"Professional, Scientific and Technical Activities"
M711,Region III (Central Luzon),Architectural and engineering activities and related technical consultancy,612.0,328.0,612.0,321.0,0.0,6.0,M,"Professional, Scientific and Technical Activities"
M712,Region III (Central Luzon),Technical testing and analysis,229.0,80.0,228.0,79.0,1.0,1.0,M,"Professional, Scientific and Technical Activities"
M721,Region III (Central Luzon),Research and experimental development on natural sciences and engineering,114.0,82.0,114.0,82.0,0.0,0.0,M,"Professional, Scientific and Technical Activities"
M731,Region III (Central Luzon),Advertising,231.0,151.0,229.0,149.0,2.0,2.0,M,"Professional, Scientific and Technical Activities"
M741,Region III (Central Luzon),Specialized design activities,,,,,,,M,"Professional, Scientific and Technical Activities"
M742,Region III (Central Luzon),Photographic activities,125.0,215.0,119.0,215.0,6.0,0.0,M,"Professional, Scientific and Technical Activities"
M749,Region III (Central Luzon),"Other professional, scientific and technical activities, n.e.c.",,,,,,,M,"Professional, Scientific and Technical Activities"
M750,Region III (Central Luzon),Veterinary activities,243.0,184.0,243.0,184.0,0.0,0.0,M,"Professional, Scientific and Technical Activities"
,Region IV-A (CALABARZON),,,,,,,,M,"Professional, Scientific and Technical Activities"
M691,Region IV-A (CALABARZON),Legal activities,76.0,144.0,65.0,121.0,11.0,23.0,M,"Professional, Scientific and Technical Activities"
M692,Region IV-A (CALABARZON),"Accounting, bookkeeping and auditing activities; tax consultancy",240.0,450.0,240.0,450.0,0.0,0.0,M,"Professional, Scientific and Technical Activities"
M701,Region IV-A (CALABARZON),Activities of head offices,,,,,,,M,"Professional, Scientific and Technical Activities"
M702,Region IV-A (CALABARZON),Management consultancy activities,147.0,244.0,147.0,244.0,0.0,0.0,M,"Professional, Scientific and Technical Activities"
M711,Region IV-A (CALABARZON),Architectural and engineering activities and related technical consultancy,3242.0,3536.0,3242.0,3536.0,0.0,0.0,M,"Professional, Scientific and Technical Activities"
M712,Region IV-A (CALABARZON),Technical testing and analysis,1682.0,1492.0,1682.0,1492.0,0.0,0.0,M,"Professional, Scientific and Technical Activities"
M721,Region IV-A (CALABARZON),Research and experimental development on natural sciences and engineering,804.0,684.0,804.0,684.0,0.0,0.0,M,"Professional, Scientific and Technical Activities"
M731,Region IV-A (CALABARZON),Advertising,1023.0,823.0,1015.0,815.0,8.0,8.0,M,"Professional, Scientific and Technical Activities"
M732,Region IV-A (CALABARZON),Market research and public opinion polling,,,,,,,M,"Professional, Scientific and Technical Activities"
M741,Region IV-A (CALABARZON),Specialized design activities,11.0,11.0,11.0,11.0,0.0,0.0,M,"Professional, Scientific and Technical Activities"
M742,Region IV-A (CALABARZON),Photographic activities,230.0,340.0,230.0,340.0,0.0,0.0,M,"Professional, Scientific and Technical Activities"
M749,Region IV-A (CALABARZON),"Other professional, scientific and technical activities, n.e.c.",256.0,26.0,252.0,26.0,4.0,0.0,M,"Professional, Scientific and Technical Activities"
M750,Region IV-A (CALABARZON),Veterinary activities,331.0,314.0,327.0,288.0,4.0,26.0,M,"Professional, Scientific and Technical Activities"
,MIMAROPA Region,,,,,,,,M,"Professional, Scientific and Technical Activities"
M691,MIMAROPA Region,Legal activities,14.0,24.0,14.0,24.0,0.0,0.0,M,"Professional, Scientific and Technical Activities"
M692,MIMAROPA Region,"Accounting, bookkeeping and auditing activities; tax consultancy",25.0,51.0,22.0,48.0,3.0,3.0,M,"Professional, Scientific and Technical Activities"
M702,MIMAROPA Region,Management consultancy activities,,,,,,,M,"Professional, Scientific and Technical Activities"
M711,MIMAROPA Region,Architectural and engineering activities and related technical consultancy,21.0,17.0,21.0,17.0,0.0,0.0,M,"Professional, Scientific and Technical Activities"
M712,MIMAROPA Region,Technical testing and analysis,36.0,22.0,36.0,22.0,0.0,0.0,M,"Professional, Scientific and Technical Activities"
M742,MIMAROPA Region,Photographic activities,12.0,55.0,2.0,55.0,10.0,0.0,M,"Professional, Scientific and Technical Activities"
M750,MIMAROPA Region,Veterinary activities,,,,,,,M,"Professional, Scientific and Technical Activities"
,Region V (Bicol Region),,,,,,,,M,"Professional, Scientific and Technical Activities"
M691,Region V (Bicol Region),Legal activities,16.0,68.0,16.0,68.0,0.0,0.0,M,"Professional, Scientific and Technical Activities"
M692,Region V (Bicol Region),"Accounting, bookkeeping and auditing activities; tax consultancy",12.0,21.0,10.0,20.0,1.0,1.0,M,"Professional, Scientific and Technical Activities"
M702,Region V (Bicol Region),Management consultancy activities,,,,,,,M,"Professional, Scientific and Technical Activities"
M711,Region V (Bicol Region),Architectural and engineering activities and related technical consultancy,41.0,15.0,40.0,14.0,1.0,1.0,M,"Professional, Scientific and Technical Activities"
M712,Region V (Bicol Region),Technical testing and analysis,96.0,30.0,96.0,30.0,0.0,0.0,M,"Professional, Scientific and Technical Activities"
M731,Region V (Bicol Region),Advertising,54.0,22.0,53.0,21.0,1.0,1.0,M,"Professional, Scientific and Technical Activities"
M742,Region V (Bicol Region),Photographic activities,31.0,47.0,31.0,47.0,0.0,0.0,M,"Professional, Scientific and Technical Activities"
M749,Region V (Bicol Region),"Other professional, scientific and technical activities, n.e.c.",,,,,,,M,"Professional, Scientific and Technical Activities"
M750,Region V (Bicol Region),Veterinary activities,22.0,11.0,22.0,11.0,0.0,0.0,M,"Professional, Scientific and Technical Activities"
,Region VI (Western Visayas),,,,,,,,M,"Professional, Scientific and Technical Activities"
M691,Region VI (Western Visayas),Legal activities,69.0,109.0,64.0,99.0,5.0,10.0,M,"Professional, Scientific and Technical Activities"
M692,Region VI (Western Visayas),"Accounting, bookkeeping and auditing activities; tax consultancy",97.0,431.0,97.0,431.0,0.0,0.0,M,"Professional, Scientific and Technical Activities"
M702,Region VI (Western Visayas),Management consultancy activities,41.0,40.0,41.0,40.0,0.0,0.0,M,"Professional, Scientific and Technical Activities"
M711,Region VI (Western Visayas),Architectural and engineering activities and related technical consultancy,188.0,67.0,185.0,64.0,3.0,3.0,M,"Professional, Scientific and Technical Activities"
M712,Region VI (Western Visayas),Technical testing and analysis,37.0,22.0,37.0,22.0,0.0,0.0,M,"Professional, Scientific and Technical Activities"
M721,Region VI (Western Visayas),Research and experimental development on natural sciences and engineering,,,,,,,M,"Professional, Scientific and Technical Activities"
M731,Region VI (Western Visayas),Advertising,75.0,31.0,75.0,31.0,0.0,0.0,M,"Professional, Scientific and Technical Activities"
M732,Region VI (Western Visayas),Market research and public opinion polling,,,,,,,M,"Professional, Scientific and Technical Activities"
M741,Region VI (Western Visayas),Specialized design activities,,,,,,,M,"Professional, Scientific and Technical Activities"
M742,Region VI (Western Visayas),Photographic activities,89.0,114.0,88.0,114.0,1.0,0.0,M,"Professional, Scientific and Technical Activities"
M749,Region VI (Western Visayas),"Other professional, scientific and technical activities, n.e.c.",9.0,10.0,9.0,10.0,0.0,0.0,M,"Professional, Scientific and Technical Activities"
M750,Region VI (Western Visayas),Veterinary activities,83.0,69.0,80.0,67.0,3.0,2.0,M,"Professional, Scientific and Technical Activities"
,Region VII (Central Visayas),,,,,,,,M,"Professional, Scientific and Technical Activities"
M691,Region VII (Central Visayas),Legal activities,169.0,214.0,169.0,214.0,0.0,0.0,M,"Professional, Scientific and Technical Activities"
M692,Region VII (Central Visayas),"Accounting, bookkeeping and auditing activities; tax consultancy",524.0,1313.0,524.0,1306.0,0.0,7.0,M,"Professional, Scientific and Technical Activities"
M702,Region VII (Central Visayas),Management consultancy activities,419.0,506.0,419.0,506.0,0.0,0.0,M,"Professional, Scientific and Technical Activities"
M711,Region VII (Central Visayas),Architectural and engineering activities and related technical consultancy,1124.0,482.0,1118.0,478.0,6.0,4.0,M,"Professional, Scientific and Technical Activities"
M712,Region VII (Central Visayas),Technical testing and analysis,1000.0,546.0,1000.0,546.0,0.0,0.0,M,"Professional, Scientific and Technical Activities"
M721,Region VII (Central Visayas),Research and experimental development on natural sciences and engineering,890.0,1045.0,890.0,1045.0,0.0,0.0,M,"Professional, Scientific and Technical Activities"
M722,Region VII (Central Visayas),Research and experimental development on social sciences and humanities,,,,,,,M,"Professional, Scientific and Technical Activities"
M723,Region VII (Central Visayas),Research and experimental development in information technology,,,,,,,M,"Professional, Scientific and Technical Activities"
M731,Region VII (Central Visayas),Advertising,215.0,142.0,215.0,142.0,0.0,0.0,M,"Professional, Scientific and Technical Activities"
M732,Region VII (Central Visayas),Market research and public opinion polling,1160.0,752.0,1160.0,752.0,0.0,0.0,M,"Professional, Scientific and Technical Activities"
M741,Region VII (Central Visayas),Specialized design activities,240.0,203.0,239.0,200.0,2.0,3.0,M,"Professional, Scientific and Technical Activities"
M742,Region VII (Central Visayas),Photographic activities,308.0,268.0,308.0,268.0,0.0,0.0,M,"Professional, Scientific and Technical Activities"
M749,Region VII (Central Visayas),"Other professional, scientific and technical activities, n.e.c.",13.0,7.0,13.0,6.0,0.0,1.0,M,"Professional, Scientific and Technical Activities"
M750,Region VII (Central Visayas),Veterinary activities,142.0,131.0,137.0,131.0,5.0,0.0,M,"Professional, Scientific and Technical Activities"
,Region VIII (Eastern Visayas),,,,,,,,M,"Professional, Scientific and Technical Activities"
M691,Region VIII (Eastern Visayas),Legal activities,14.0,37.0,9.0,28.0,5.0,9.0,M,"Professional, Scientific and Technical Activities"
M692,Region VIII (Eastern Visayas),"Accounting, bookkeeping and auditing activities; tax consultancy",37.0,61.0,37.0,61.0,0.0,0.0,M,"Professional, Scientific and Technical Activities"
M702,Region VIII (Eastern Visayas),Management consultancy activities,,,,,,,M,"Professional, Scientific and Technical Activities"
M711,Region VIII (Eastern Visayas),Architectural and engineering activities and related technical consultancy,60.0,20.0,59.0,19.0,2.0,1.0,M,"Professional, Scientific and Technical Activities"
M712,Region VIII (Eastern Visayas),Technical testing and analysis,69.0,33.0,69.0,33.0,0.0,0.0,M,"Professional, Scientific and Technical Activities"
M731,Region VIII (Eastern Visayas),Advertising,61.0,22.0,61.0,22.0,0.0,0.0,M,"Professional, Scientific and Technical Activities"
M742,Region VIII (Eastern Visayas),Photographic activities,,,,,,,M,"Professional, Scientific and Technical Activities"
M750,Region VIII (Eastern Visayas),Veterinary activities,17.0,8.0,17.0,5.0,0.0,3.0,M,"Professional, Scientific and Technical Activities"
,Region IX (Zamboanga Peninsula),,,,,,,,M,"Professional, Scientific and Technical Activities"
M691,Region IX (Zamboanga Peninsula),Legal activities,52.0,31.0,34.0,17.0,17.0,14.0,M,"Professional, Scientific and Technical Activities"
M692,Region IX (Zamboanga Peninsula),"Accounting, bookkeeping and auditing activities; tax consultancy",18.0,39.0,18.0,39.0,0.0,0.0,M,"Professional, Scientific and Technical Activities"
M711,Region IX (Zamboanga Peninsula),Architectural and engineering activities and related technical consultancy,26.0,7.0,25.0,6.0,1.0,1.0,M,"Professional, Scientific and Technical Activities"
M712,Region IX (Zamboanga Peninsula),Technical testing and analysis,33.0,18.0,33.0,18.0,0.0,0.0,M,"Professional, Scientific and Technical Activities"
M731,Region IX (Zamboanga Peninsula),Advertising,89.0,19.0,89.0,19.0,0.0,0.0,M,"Professional, Scientific and Technical Activities"
M742,Region IX (Zamboanga Peninsula),Photographic activities,23.0,48.0,23.0,48.0,0.0,0.0,M,"Professional, Scientific and Technical Activities"
M750,Region IX (Zamboanga Peninsula),Veterinary activities,13.0,9.0,13.0,9.0,0.0,0.0,M,"Professional, Scientific and Technical Activities"
,Region X (Northern Mindanao),,,,,,,,M,"Professional, Scientific and Technical Activities"
M691,Region X (Northern Mindanao),Legal activities,56.0,66.0,36.0,66.0,20.0,0.0,M,"Professional, Scientific and Technical Activities"
M692,Region X (Northern Mindanao),"Accounting, bookkeeping and auditing activities; tax consultancy",41.0,105.0,41.0,103.0,0.0,1.0,M,"Professional, Scientific and Technical Activities"
M702,Region X (Northern Mindanao),Management consultancy activities,61.0,76.0,61.0,75.0,0.0,1.0,M,"Professional, Scientific and Technical Activities"
M711,Region X (Northern Mindanao),Architectural and engineering activities and related technical consultancy,148.0,37.0,146.0,34.0,2.0,2.0,M,"Professional, Scientific and Technical Activities"
M712,Region X (Northern Mindanao),Technical testing and analysis,115.0,88.0,115.0,88.0,0.0,0.0,M,"Professional, Scientific and Technical Activities"
M731,Region X (Northern Mindanao),Advertising,,,,,,,M,"Professional, Scientific and Technical Activities"
M742,Region X (Northern Mindanao),Photographic activities,55.0,37.0,43.0,31.0,12.0,7.0,M,"Professional, Scientific and Technical Activities"
M749,Region X (Northern Mindanao),"Other professional, scientific and technical activities, n.e.c.",,,,,,,M,"Professional, Scientific and Technical Activities"
M750,Region X (Northern Mindanao),Veterinary activities,70.0,52.0,65.0,52.0,5.0,0.0,M,"Professional, Scientific and Technical Activities"
,Region XI (Davao Region),,,,,,,,M,"Professional, Scientific and Technical Activities"
M691,Region XI (Davao Region),Legal activities,88.0,198.0,88.0,198.0,0.0,0.0,M,"Professional, Scientific and Technical Activities"
M692,Region XI (Davao Region),"Accounting, bookkeeping and auditing activities; tax consultancy",180.0,261.0,180.0,261.0,0.0,0.0,M,"Professional, Scientific and Technical Activities"
M702,Region XI (Davao Region),Management consultancy activities,190.0,223.0,190.0,223.0,0.0,0.0,M,"Professional, Scientific and Technical Activities"
M711,Region XI (Davao Region),Architectural and engineering activities and related technical consultancy,585.0,226.0,585.0,220.0,0.0,6.0,M,"Professional, Scientific and Technical Activities"
M712,Region XI (Davao Region),Technical testing and analysis,95.0,66.0,95.0,66.0,0.0,0.0,M,"Professional, Scientific and Technical Activities"
M721,Region XI (Davao Region),Research and experimental development on natural sciences and engineering,,,,,,,M,"Professional, Scientific and Technical Activities"
M722,Region XI (Davao Region),Research and experimental development on social sciences and humanities,,,,,,,M,"Professional, Scientific and Technical Activities"
M731,Region XI (Davao Region),Advertising,146.0,75.0,135.0,64.0,12.0,12.0,M,"Professional, Scientific and Technical Activities"
M732,Region XI (Davao Region),Market research and public opinion polling,,,,,,,M,"Professional, Scientific and Technical Activities"
M742,Region XI (Davao Region),Photographic activities,42.0,56.0,42.0,56.0,0.0,0.0,M,"Professional, Scientific and Technical Activities"
M749,Region XI (Davao Region),"Other professional, scientific and technical activities, n.e.c.",21.0,19.0,21.0,19.0,0.0,0.0,M,"Professional, Scientific and Technical Activities"
M750,Region XI (Davao Region),Veterinary activities,,,,,,,M,"Professional, Scientific and Technical Activities"
,Region XII (SOCCSKSARGEN),,,,,,,,M,"Professional, Scientific and Technical Activities"
M691,Region XII (SOCCSKSARGEN),Legal activities,39.0,88.0,33.0,77.0,5.0,11.0,M,"Professional, Scientific and Technical Activities"
M692,Region XII (SOCCSKSARGEN),"Accounting, bookkeeping and auditing activities; tax consultancy",47.0,99.0,45.0,98.0,2.0,1.0,M,"Professional, Scientific and Technical Activities"
M702,Region XII (SOCCSKSARGEN),Management consultancy activities,30.0,37.0,29.0,37.0,1.0,0.0,M,"Professional, Scientific and Technical Activities"
M711,Region XII (SOCCSKSARGEN),Architectural and engineering activities and related technical consultancy,163.0,44.0,160.0,44.0,3.0,0.0,M,"Professional, Scientific and Technical Activities"
M712,Region XII (SOCCSKSARGEN),Technical testing and analysis,116.0,38.0,116.0,38.0,0.0,0.0,M,"Professional, Scientific and Technical Activities"
M731,Region XII (SOCCSKSARGEN),Advertising,35.0,11.0,32.0,10.0,3.0,1.0,M,"Professional, Scientific and Technical Activities"
M742,Region XII (SOCCSKSARGEN),Photographic activities,84.0,50.0,78.0,34.0,6.0,17.0,M,"Professional, Scientific and Technical Activities"
M750,Region XII (SOCCSKSARGEN),Veterinary activities,5.0,14.0,5.0,14.0,0.0,0.0,M,"Professional, Scientific and Technical Activities"
,Region XIII (Caraga),,,,,,,,M,"Professional, Scientific and Technical Activities"
M691,Region XIII (Caraga),Legal activities,42.0,30.0,42.0,30.0,0.0,0.0,M,"Professional, Scientific and Technical Activities"
M692,Region XIII (Caraga),"Accounting, bookkeeping and auditing activities; tax consultancy",12.0,37.0,12.0,37.0,0.0,0.0,M,"Professional, Scientific and Technical Activities"
M702,Region XIII (Caraga),Management consultancy activities,,,,,,,M,"Professional, Scientific and Technical Activities"
M711,Region XIII (Caraga),Architectural and engineering activities and related technical consultancy,,,,,,,M,"Professional, Scientific and Technical Activities"
M712,Region XIII (Caraga),Technical testing and analysis,32.0,12.0,32.0,12.0,0.0,0.0,M,"Professional, Scientific and Technical Activities"
M731,Region XIII (Caraga),Advertising,23.0,16.0,22.0,16.0,1.0,0.0,M,"Professional, Scientific and Technical Activities"
M742,Region XIII (Caraga),Photographic activities,32.0,13.0,32.0,13.0,0.0,0.0,M,"Professional, Scientific and Technical Activities"
M750,Region XIII (Caraga),Veterinary activities,24.0,17.0,24.0,17.0,0.0,0.0,M,"Professional, Scientific and Technical Activities"
,Bangsamoro Autonomous Region in Muslim Mindanao (BARMM),,,,,,,,M,"Professional, Scientific and Technical Activities"
M691,Bangsamoro Autonomous Region in Muslim Mindanao (BARMM),Legal activities,2.0,6.0,2.0,6.0,0.0,0.0,M,"Professional, Scientific and Technical Activities"
M711,Bangsamoro Autonomous Region in Muslim Mindanao (BARMM),Architectural and engineering activities and related technical consultancy,,,,,,,M,"Professional, Scientific and Technical Activities"
M712,Bangsamoro Autonomous Region in Muslim Mindanao (BARMM),Technical testing and analysis,14.0,12.0,14.0,12.0,0.0,0.0,M,"Professional, Scientific and Technical Activities"
M722,Bangsamoro Autonomous Region in Muslim Mindanao (BARMM),Research and experimental development on social sciences and humanities,,,,,,,M,"Professional, Scientific and Technical Activities"
M731,Bangsamoro Autonomous Region in Muslim Mindanao (BARMM),Advertising,,,,,,,M,"Professional, Scientific and Technical Activities"
M742,Bangsamoro Autonomous Region in Muslim Mindanao (BARMM),Photographic activities,,,,,,,M,"Professional, Scientific and Technical Activities"
M750,Bangsamoro Autonomous Region in Muslim Mindanao (BARMM),Veterinary activities,4.0,12.0,4.0,10.0,0.0,2.0,M,"Professional, Scientific and Technical Activities"
,Bangsamoro Autonomous Region in Muslim Mindanao (BARMM),,,,,,,,M,"Professional, Scientific and Technical Activities"
,Philippines,,,,,,,,E,"Water Supply; Sewerage, Waste Management and Remediation"
E360,Philippines,"Water collection, treatment and supply",27328.0,9561.0,27213.0,9468.0,115.0,94.0,E,"Water Supply; Sewerage, Waste Management and Remediation"
E370,Philippines,Sewerage,1374.0,288.0,1374.0,288.0,0.0,0.0,E,"Water Supply; Sewerage, Waste Management and Remediation"
E381,Philippines,Waste collection,1880.0,415.0,1879.0,415.0,1.0,0.0,E,"Water Supply; Sewerage, Waste Management and Remediation"
E382,Philippines,Waste treatment and disposal,621.0,152.0,621.0,152.0,0.0,0.0,E,"Water Supply; Sewerage, Waste Management and Remediation"
E383,Philippines,Materials recovery,1301.0,402.0,1294.0,396.0,8.0,6.0,E,"Water Supply; Sewerage, Waste Management and Remediation"
E390,Philippines,Remediation activities and other waste management services,55.0,9.0,55.0,9.0,0.0,0.0,E,"Water Supply; Sewerage, Waste Management and Remediation"
,National Capital Region (NCR),,,,,,,,E,"Water Supply; Sewerage, Waste Management and Remediation"
E360,National Capital Region (NCR),"Water collection, treatment and supply",2547.0,1123.0,2547.0,1123.0,0.0,0.0,E,"Water Supply; Sewerage, Waste Management and Remediation"
E370,National Capital Region (NCR),Sewerage,811.0,149.0,811.0,149.0,0.0,0.0,E,"Water Supply; Sewerage, Waste Management and Remediation"
E381,National Capital Region (NCR),Waste collection,1250.0,281.0,1249.0,281.0,1.0,0.0,E,"Water Supply; Sewerage, Waste Management and Remediation"
E382,National Capital Region (NCR),Waste treatment and disposal,,,,,,,E,"Water Supply; Sewerage, Waste Management and Remediation"
E383,National Capital Region (NCR),Materials recovery,337.0,180.0,335.0,175.0,2.0,5.0,E,"Water Supply; Sewerage, Waste Management and Remediation"
E390,National Capital Region (NCR),Remediation activities and other waste management services,,,,,,,E,"Water Supply; Sewerage, Waste Management and Remediation"
,Cordillera Administrative Region (CAR),,,,,,,,E,"Water Supply; Sewerage, Waste Management and Remediation"
E360,Cordillera Administrative Region (CAR),"Water collection, treatment and supply",508.0,151.0,508.0,151.0,0.0,0.0,E,"Water Supply; Sewerage, Waste Management and Remediation"
E370,Cordillera Administrative Region (CAR),Sewerage,,151.0,508.0,151.0,0.0,0.0,E,"Water Supply; Sewerage, Waste Management and Remediation"
E383,Cordillera Administrative Region (CAR),Materials recovery,,151.0,508.0,151.0,0.0,0.0,E,"Water Supply; Sewerage, Waste Management and Remediation"
,Region I (Ilocos Region),,,,,,,,E,"Water Supply; Sewerage, Waste Management and Remediation"
E360,Region I (Ilocos Region),"Water collection, treatment and supply",983.0,384.0,966.0,381.0,17.0,3.0,E,"Water Supply; Sewerage, Waste Management and Remediation"
E370,Region I (Ilocos Region),Sewerage,,384.0,966.0,381.0,17.0,3.0,E,"Water Supply; Sewerage, Waste Management and Remediation"
,Region II (Cagayan Valley),,,,,,,,E,"Water Supply; Sewerage, Waste Management and Remediation"
E360,Region II (Cagayan Valley),"Water collection, treatment and supply",778.0,314.0,778.0,314.0,0.0,0.0,E,"Water Supply; Sewerage, Waste Management and Remediation"
,Region III (Central Luzon),,,,,,,,E,"Water Supply; Sewerage, Waste Management and Remediation"
E360,Region III (Central Luzon),"Water collection, treatment and supply",3846.0,1386.0,3834.0,1385.0,12.0,1.0,E,"Water Supply; Sewerage, Waste Management and Remediation"
E370,Region III (Central Luzon),Sewerage,,,,,,,E,"Water Supply; Sewerage, Waste Management and Remediation"
E381,Region III (Central Luzon),Waste collection,430.0,86.0,430.0,86.0,0.0,0.0,E,"Water Supply; Sewerage, Waste Management and Remediation"
E382,Region III (Central Luzon),Waste treatment and disposal,65.0,12.0,65.0,12.0,0.0,0.0,E,"Water Supply; Sewerage, Waste Management and Remediation"
E383,Region III (Central Luzon),Materials recovery,187.0,62.0,187.0,62.0,0.0,0.0,E,"Water Supply; Sewerage, Waste Management and Remediation"
E390,Region III (Central Luzon),Remediation activities and other waste management services,,,,,,,E,"Water Supply; Sewerage, Waste Management and Remediation"
,Region IV-A (CALABARZON),,,,,,,,E,"Water Supply; Sewerage, Waste Management and Remediation"
E360,Region IV-A (CALABARZON),"Water collection, treatment and supply",3863.0,1314.0,3861.0,1314.0,3.0,0.0,E,"Water Supply; Sewerage, Waste Management and Remediation"
E370,Region IV-A (CALABARZON),Sewerage,297.0,78.0,297.0,78.0,0.0,0.0,E,"Water Supply; Sewerage, Waste Management and Remediation"
E381,Region IV-A (CALABARZON),Waste collection,161.0,48.0,161.0,48.0,0.0,0.0,E,"Water Supply; Sewerage, Waste Management and Remediation"
E382,Region IV-A (CALABARZON),Waste treatment and disposal,,,,,,,E,"Water Supply; Sewerage, Waste Management and Remediation"
E383,Region IV-A (CALABARZON),Materials recovery,694.0,131.0,692.0,131.0,2.0,0.0,E,"Water Supply; Sewerage, Waste Management and Remediation"
E390,Region IV-A (CALABARZON),Remediation activities and other waste management services,,,,,,,E,"Water Supply; Sewerage, Waste Management and Remediation"
,MIMAROPA Region,,,,,,,,E,"Water Supply; Sewerage, Waste Management and Remediation"
E360,MIMAROPA Region,"Water collection, treatment and supply",515.0,237.0,512.0,233.0,4.0,4.0,E,"Water Supply; Sewerage, Waste Management and Remediation"
,Region V (Bicol Region),,,,,,,,E,"Water Supply; Sewerage, Waste Management and Remediation"
E360,Region V (Bicol Region),"Water collection, treatment and supply",1411.0,499.0,1402.0,486.0,9.0,14.0,E,"Water Supply; Sewerage, Waste Management and Remediation"
E382,Region V (Bicol Region),Waste treatment and disposal,,499.0,1402.0,486.0,9.0,14.0,E,"Water Supply; Sewerage, Waste Management and Remediation"
,Region VI (Western Visayas),,,,,,,,E,"Water Supply; Sewerage, Waste Management and Remediation"
E360,Region VI (Western Visayas),"Water collection, treatment and supply",2148.0,782.0,2146.0,782.0,3.0,0.0,E,"Water Supply; Sewerage, Waste Management and Remediation"
E383,Region VI (Western Visayas),Materials recovery,2148.0,782.0,2146.0,782.0,3.0,0.0,E,"Water Supply; Sewerage, Waste Management and Remediation"
,Region VII (Central Visayas),,,,,,,,E,"Water Supply; Sewerage, Waste Management and Remediation"
E360,Region VII (Central Visayas),"Water collection, treatment and supply",3076.0,834.0,3068.0,830.0,8.0,4.0,E,"Water Supply; Sewerage, Waste Management and Remediation"
E370,Region VII (Central Visayas),Sewerage,57.0,20.0,57.0,20.0,0.0,0.0,E,"Water Supply; Sewerage, Waste Management and Remediation"
E381,Region VII (Central Visayas),Waste collection,64.0,5.0,64.0,5.0,0.0,0.0,E,"Water Supply; Sewerage, Waste Management and Remediation"
E382,Region VII (Central Visayas),Waste treatment and disposal,,5.0,64.0,5.0,0.0,0.0,E,"Water Supply; Sewerage, Waste Management and Remediation"
E383,Region VII (Central Visayas),Materials recovery,36.0,14.0,33.0,12.0,3.0,2.0,E,"Water Supply; Sewerage, Waste Management and Remediation"
,Region VIII (Eastern Visayas),,,,,,,,E,"Water Supply; Sewerage, Waste Management and Remediation"
E360,Region VIII (Eastern Visayas),"Water collection, treatment and supply",808.0,221.0,808.0,221.0,0.0,0.0,E,"Water Supply; Sewerage, Waste Management and Remediation"
E390,Region VIII (Eastern Visayas),Remediation activities and other waste management services,808.0,221.0,808.0,221.0,0.0,0.0,E,"Water Supply; Sewerage, Waste Management and Remediation"
,Region IX (Zamboanga Peninsula),,,,,,,,E,"Water Supply; Sewerage, Waste Management and Remediation"
E360,Region IX (Zamboanga Peninsula),"Water collection, treatment and supply",1005.0,226.0,1005.0,223.0,0.0,3.0,E,"Water Supply; Sewerage, Waste Management and Remediation"
E381,Region IX (Zamboanga Peninsula),Waste collection,1005.0,226.0,1005.0,223.0,0.0,3.0,E,"Water Supply; Sewerage, Waste Management and Remediation"
,Region X (Northern Mindanao),,,,,,,,E,"Water Supply; Sewerage, Waste Management and Remediation"
E360,Region X (Northern Mindanao),"Water collection, treatment and supply",1352.0,536.0,1347.0,531.0,5.0,5.0,E,"Water Supply; Sewerage, Waste Management and Remediation"
E370,Region X (Northern Mindanao),Sewerage,,536.0,1347.0,531.0,5.0,5.0,E,"Water Supply; Sewerage, Waste Management and Remediation"
E382,Region X (Northern Mindanao),Waste treatment and disposal,,536.0,1347.0,531.0,5.0,5.0,E,"Water Supply; Sewerage, Waste Management and Remediation"
,Region XI (Davao Region),,,,,,,,E,"Water Supply; Sewerage, Waste Management and Remediation"
E360,Region XI (Davao Region),"Water collection, treatment and supply",2336.0,742.0,2313.0,733.0,23.0,9.0,E,"Water Supply; Sewerage, Waste Management and Remediation"
E382,Region XI (Davao Region),Waste treatment and disposal,2336.0,742.0,2313.0,733.0,23.0,9.0,E,"Water Supply; Sewerage, Waste Management and Remediation"
E383,Region XI (Davao Region),Materials recovery,2336.0,742.0,2313.0,733.0,23.0,9.0,E,"Water Supply; Sewerage, Waste Management and Remediation"
,Region XII (SOCCSKSARGEN),,,,,,,,E,"Water Supply; Sewerage, Waste Management and Remediation"
E360,Region XII (SOCCSKSARGEN),"Water collection, treatment and supply",1062.0,459.0,1031.0,406.0,31.0,53.0,E,"Water Supply; Sewerage, Waste Management and Remediation"
E382,Region XII (SOCCSKSARGEN),Waste treatment and disposal,1062.0,459.0,1031.0,406.0,31.0,53.0,E,"Water Supply; Sewerage, Waste Management and Remediation"
,Region XIII (Caraga),,,,,,,,E,"Water Supply; Sewerage, Waste Management and Remediation"
E360,Region XIII (Caraga),"Water collection, treatment and supply",800.0,256.0,800.0,256.0,0.0,0.0,E,"Water Supply; Sewerage, Waste Management and Remediation"
,Bangsamoro Autonomous Region in Muslim Mindanao (BARMM),,,,,,,,E,"Water Supply; Sewerage, Waste Management and Remediation"
E360,Bangsamoro Autonomous Region in Muslim Mindanao (BARMM),"Water collection, treatment and supply",447.0,137.0,447.0,137.0,0.0,0.0,E,"Water Supply; Sewerage, Waste Management and Remediation"
,Bangsamoro Autonomous Region in Muslim Mindanao (BARMM),,,,,,,,E,"Water Supply; Sewerage, Waste Management and Remediation"
