Qualification Code,Qualification Title,Competency Type,Unit Code,Unit Title
-,-,-,-,-
ICT2DA318,2D Animation NC III,BASIC,500311110,Lead small teams
ICT2DA318,2D Animation NC III,BASIC,500311111,Develop and practice negotiation skills
ICT2DA318,2D Animation NC III,BASIC,500311112,Solve problems related to work activities
ICT2DA318,2D Animation NC III,BASIC,500311113,Use mathematical concepts and techniques
ICT2DA318,2D Animation NC III,BASIC,500311114,Use relevant technologies
ICT2DA318,2D Animation NC III,BASIC,500311142,Apply critical thinking and problem solving techniques in the workplace
ICT2DA318,2D Animation NC III,BASIC,500311144,Use information creatively and critically
ICT2DA318,2D Animation NC III,BASIC,500311145,Work in a diverse environment
ICT2DA318,2D Animation NC III,COMMON,ICT315202,Apply quality standards
ICT2DA318,2D Animation NC III,COMMON,ICT311203,Operate a personal computer
ICT2DA318,2D Animation NC III,CORE,ICT216306,Create 2D digital cut-out animation
ICT2DA318,2D Animation NC III,CORE,ICT216305,Produce traditional key poses/drawings for animation
ICT2DA318,2D Animation NC III,CORE,ICT216319,Create tradigital animation
ICT2DA318,2D Animation NC III,CORE,ICT216307,Export animation to video file format
ICT2DA318,2D Animation NC III,BASIC,500311109,Lead workplace communication
ICT2DA307,2D Animation NC III (Superseded),BASIC,500311109,Lead workplace communication
ICT2DA307,2D Animation NC III (Superseded),BASIC,500311110,Lead small teams
ICT2DA307,2D Animation NC III (Superseded),BASIC,500311111,Develop and practice negotiation skills
ICT2DA307,2D Animation NC III (Superseded),BASIC,500311112,Solve problems related to work activities
ICT2DA307,2D Animation NC III (Superseded),BASIC,500311113,Use mathematical concepts and techniques
ICT2DA307,2D Animation NC III (Superseded),BASIC,500311114,Use relevant technologies
ICT2DA307,2D Animation NC III (Superseded),COMMON,ICT315202,Apply quality standards
ICT2DA307,2D Animation NC III (Superseded),COMMON,ICT311203,Operate a personal computer
ICT2DA307,2D Animation NC III (Superseded),CORE,ICT313314,Create 2D digital animation
ICT2DA307,2D Animation NC III (Superseded),CORE,ICT313316,Produce key drawings for animation
ICT2DA307,2D Animation NC III (Superseded),CORE,ICT313313,Produce cleaned-up & in-betweened drawings
ICT2DA307,2D Animation NC III (Superseded),CORE,ICT313323,Use an authoring tool to create an interactive sequence
ICT2GA312,2D Game Art Development NC III,BASIC,500311109,Lead workplace communication
ICT2GA312,2D Game Art Development NC III,BASIC,500311110,Lead small teams
ICT2GA312,2D Game Art Development NC III,BASIC,500311111,Develop and practice negotiation skills
ICT2GA312,2D Game Art Development NC III,BASIC,500311112,Solve problems related to work activities
ICT2GA312,2D Game Art Development NC III,BASIC,500311113,Use mathematical concepts and techniques
ICT2GA312,2D Game Art Development NC III,BASIC,500311114,Use relevant technologies
ICT2GA312,2D Game Art Development NC III,COMMON,ICT315203,Apply critical thinking and thought organization
ICT2GA312,2D Game Art Development NC III,COMMON,ICT315202,Apply quality standards
ICT2GA312,2D Game Art Development NC III,COMMON,ICT311203,Perform computer operations
ICT2GA312,2D Game Art Development NC III,CORE,ICT313344,Develop and conceptualize art style
ICT2GA312,2D Game Art Development NC III,CORE,ICT313345,Create storyboard and asset list
ICT2GA312,2D Game Art Development NC III,CORE,ICT313346,Prepare art document
ICT2GA312,2D Game Art Development NC III,CORE,ICT313347,Develop final artwork using graphic application
ICT2GA312,2D Game Art Development NC III,CORE,ICT313348,Apply in-game animation
ICT3DA318,3D Animation NC III,BASIC,500311109,Lead workplace communication
ICT3DA318,3D Animation NC III,BASIC,500311110,Lead small teams
ICT3DA318,3D Animation NC III,BASIC,500311111,Develop and practice negotiation skills
ICT3DA318,3D Animation NC III,BASIC,500311112,Solve problems related to work activities
ICT3DA318,3D Animation NC III,BASIC,500311113,Use mathematical concepts and techniques
ICT3DA318,3D Animation NC III,BASIC,500311114,Use relevant technologies
ICT3DA318,3D Animation NC III,BASIC,500311142,Apply critical thinking and problem solving techniques in the workplace
ICT3DA318,3D Animation NC III,BASIC,500311144,Use information creatively and critically
ICT3DA318,3D Animation NC III,BASIC,500311145,Work in a diverse environment
ICT3DA318,3D Animation NC III,COMMON,ICT315202,Apply quality standards
ICT3DA318,3D Animation NC III,COMMON,ICT311203,Operate a personal computer
ICT3DA318,3D Animation NC III,CORE,ICT216308,Create 3D models for animation
ICT3DA318,3D Animation NC III,CORE,ICT216309,Apply shader and texture on 3D models
ICT3DA318,3D Animation NC III,CORE,ICT216310,Set character rigging
ICT3DA318,3D Animation NC III,CORE,ICT216311,Animate character
ICT3DA318,3D Animation NC III,CORE,ICT216312,Light and render animation scene
ICT3DA307,3D Animation NC III (Superseded),BASIC,500311109,Lead workplace communication
ICT3DA307,3D Animation NC III (Superseded),BASIC,500311110,Lead small teams
ICT3DA307,3D Animation NC III (Superseded),BASIC,500311111,Develop and practice negotiation skills
ICT3DA307,3D Animation NC III (Superseded),BASIC,500311112,Solve problems related to work activities
ICT3DA307,3D Animation NC III (Superseded),BASIC,500311113,Use mathematical concepts and techniques
ICT3DA307,3D Animation NC III (Superseded),COMMON,ICT315202,Apply quality standards
ICT3DA307,3D Animation NC III (Superseded),COMMON,ICT311203,Operate a personal computer
ICT3DA307,3D Animation NC III (Superseded),CORE,ICT313320,Create 3D digital animation
ICT3DA307,3D Animation NC III (Superseded),CORE,ICT313316,Produce key drawings for animation
ICT3DA307,3D Animation NC III (Superseded),CORE,ICT313323,Use an authoring tool to create an interactive sequence
ICT3DA307,3D Animation NC III (Superseded),BASIC,500311114,Use relevant technologies
ICT3GA312,3D Game Art Development NC III,BASIC,500311109,Lead workplace communication
ICT3GA312,3D Game Art Development NC III,BASIC,500311110,Lead small teams
ICT3GA312,3D Game Art Development NC III,BASIC,500311111,Develop and practice negotiation skills
ICT3GA312,3D Game Art Development NC III,BASIC,500311112,Solve problems related to work activities
ICT3GA312,3D Game Art Development NC III,BASIC,500311113,Use mathematical concepts and techniques
ICT3GA312,3D Game Art Development NC III,BASIC,500311114,Use relevant technologies
ICT3GA312,3D Game Art Development NC III,COMMON,ICT315203,Apply critical thinking and thought organization
ICT3GA312,3D Game Art Development NC III,COMMON,ICT315202,Apply quality standards
ICT3GA312,3D Game Art Development NC III,COMMON,ICT311203,Perform computer operations
ICT3GA312,3D Game Art Development NC III,CORE,ICT313349,Develop 3D model using 3D graphic application
ICT3GA312,3D Game Art Development NC III,CORE,ICT313350,Develop 3D textures using graphic application
ICT3GA312,3D Game Art Development NC III,CORE,ICT313344,Develop and conceptualize art style
ICT3GA312,3D Game Art Development NC III,CORE,ICT313346,Create storyboard and asset list
ICT3GA312,3D Game Art Development NC III,CORE,ICT313346,Prepare art document
ICT3GA312,3D Game Art Development NC III,CORE,ICT313351,Apply rigged in-game animation
MEEAMO319,5-Axis CNC Machine Operation NC III,BASIC,400311319,Lead in workplace communication
MEEAMO319,5-Axis CNC Machine Operation NC III,BASIC,400311320,Lead small teams
MEEAMO319,5-Axis CNC Machine Operation NC III,BASIC,400311321,Apply critical thinking and problem solving techniques in the workplace
MEEAMO319,5-Axis CNC Machine Operation NC III,BASIC,400311322,Work in a diverse environment
MEEAMO319,5-Axis CNC Machine Operation NC III,BASIC,400311323,Propose methods of applying learning and innovation in the organization
MEEAMO319,5-Axis CNC Machine Operation NC III,BASIC,400311324,Use information systematically
MEEAMO319,5-Axis CNC Machine Operation NC III,BASIC,400311325,Evaluate occupational safety and health work practices
MEEAMO319,5-Axis CNC Machine Operation NC III,BASIC,400311326,Evaluate environmental work practices
MEEAMO319,5-Axis CNC Machine Operation NC III,BASIC,400311327,Facilitate entrepreneurial skills for micro-small-medium enterprises (MSMEs)
MEEAMO319,5-Axis CNC Machine Operation NC III,COMMON,MEE722204,Perform shop computations (basic)
MEEAMO319,5-Axis CNC Machine Operation NC III,COMMON,MEE722205,Measure workpiece (basic)
MEEAMO319,5-Axis CNC Machine Operation NC III,COMMON,MEE722207,Perform shop computations (intermediate)
MEEAMO319,5-Axis CNC Machine Operation NC III,COMMON,MEE722201,Apply safety practices
MEEAMO319,5-Axis CNC Machine Operation NC III,COMMON,MEE722202,Interpret working drawings and sketches
MEEAMO319,5-Axis CNC Machine Operation NC III,COMMON,MEE722203,Select/ cut workshop materials
MEEAMO319,5-Axis CNC Machine Operation NC III,COMMON,MEE722206,Perform routine housekeeping
MEEAMO319,5-Axis CNC Machine Operation NC III,COMMON,MEE722208,Measure workpiece using angular measuring instruments
MEEAMO319,5-Axis CNC Machine Operation NC III,COMMON,MEE722210,Measure workpiece using gages and surface texture comparator
MEEAMO319,5-Axis CNC Machine Operation NC III,COMMON,MEE722211,Perform preventive and corrective maintenance
MEEAMO319,5-Axis CNC Machine Operation NC III,COMMON,ICT311201,Operate a personal computer
MEEAMO319,5-Axis CNC Machine Operation NC III,CORE,MEE821321,Write 5-axis CNC machine program
MEEAMO319,5-Axis CNC Machine Operation NC III,CORE,MEE821322,"Set-up 5-axis CNC machine, cutting tools and workpiece"
MEEAMO319,5-Axis CNC Machine Operation NC III,CORE,MEE821323,Perform 5-axis CNC machine operations
MEEAMO319,5-Axis CNC Machine Operation NC III,CORE,MEE821324,Perform post 5-axis CNC machine operations
MTMABD213,Able Seafarer Deck NC II (STCW Regulation II/5) NC II,BASIC,500311105,Participate in workplace communication
MTMABD213,Able Seafarer Deck NC II (STCW Regulation II/5) NC II,BASIC,500311106,Work in team environment
MTMABD213,Able Seafarer Deck NC II (STCW Regulation II/5) NC II,BASIC,500311107,Practice career professionalism
MTMABD213,Able Seafarer Deck NC II (STCW Regulation II/5) NC II,BASIC,500311108,Practice occupational health and safety procedures
MTMABD213,Able Seafarer Deck NC II (STCW Regulation II/5) NC II,COMMON,MTM834208,Survive at sea in the event of ship abandonment
MTMABD213,Able Seafarer Deck NC II (STCW Regulation II/5) NC II,COMMON,MTM834209,Minimize the risk of fire and maintain a state of readiness to respond to emergency situations involving fire
MTMABD213,Able Seafarer Deck NC II (STCW Regulation II/5) NC II,COMMON,MTM834210,Fight and extinguish fire
MTMABD213,Able Seafarer Deck NC II (STCW Regulation II/5) NC II,COMMON,MTM834211,Take immediate action upon encountering an accident or other medical emergency
MTMABD213,Able Seafarer Deck NC II (STCW Regulation II/5) NC II,COMMON,MTM834212,Comply with emergency procedures
MTMABD213,Able Seafarer Deck NC II (STCW Regulation II/5) NC II,COMMON,MTM834213,Take precautions to prevent pollution of the marine environment
MTMABD213,Able Seafarer Deck NC II (STCW Regulation II/5) NC II,COMMON,MTM834214,Observe safe working practices
MTMABD213,Able Seafarer Deck NC II (STCW Regulation II/5) NC II,COMMON,MTM834215,Demonstrate security awareness practices
MTMABD213,Able Seafarer Deck NC II (STCW Regulation II/5) NC II,CORE,MTM83419,Control the operation of the ship and care for persons on board at the support level
MTMABD213,Able Seafarer Deck NC II (STCW Regulation II/5) NC II,CORE,MTM83418,Perform cargo handling and stowage at the support level
MTMABD213,Able Seafarer Deck NC II (STCW Regulation II/5) NC II,CORE,MTM83420,Perform maintenance and repair at the support level
MTMABD213,Able Seafarer Deck NC II (STCW Regulation II/5) NC II,CORE,MTM83417,Perform navigation at the support level
MTMABE213,Able Seafarer Engine NC II (STCW Regulation III/5) NC II,BASIC,500311106,Work in team environment
MTMABE213,Able Seafarer Engine NC II (STCW Regulation III/5) NC II,COMMON,MTM834209,Minimize the risk of fire and maintain a state of readiness to respond to emergency situations involving fire
MTMABE213,Able Seafarer Engine NC II (STCW Regulation III/5) NC II,COMMON,MTM834210,Fight and extinguish fire
MTMABE213,Able Seafarer Engine NC II (STCW Regulation III/5) NC II,COMMON,MTM834211,Take immediate action upon encountering an accident or other medical emergency
MTMABE213,Able Seafarer Engine NC II (STCW Regulation III/5) NC II,BASIC,500311107,Practice career professionalism
MTMABE213,Able Seafarer Engine NC II (STCW Regulation III/5) NC II,BASIC,500311105,Participate in workplace communication
MTMABE213,Able Seafarer Engine NC II (STCW Regulation III/5) NC II,BASIC,500311108,Practice occupational health and safety procedures
MTMABE213,Able Seafarer Engine NC II (STCW Regulation III/5) NC II,COMMON,MTM834212,Comply with emergency procedures
MTMABE213,Able Seafarer Engine NC II (STCW Regulation III/5) NC II,COMMON,MTM834213,Take precautions to prevent pollution of the marine environment
MTMABE213,Able Seafarer Engine NC II (STCW Regulation III/5) NC II,COMMON,MTM834214,Observe safe working practices
MTMABE213,Able Seafarer Engine NC II (STCW Regulation III/5) NC II,COMMON,MTM834215,Demonstrate security awareness practices
MTMABE213,Able Seafarer Engine NC II (STCW Regulation III/5) NC II,CORE,MTM816314,Perform marine engineering at the support level
MTMABE213,Able Seafarer Engine NC II (STCW Regulation III/5) NC II,CORE,MTM816315,Demonstrate safe usage of electrical equipment at the support level
MTMABE213,Able Seafarer Engine NC II (STCW Regulation III/5) NC II,CORE,MTM816316,Perform maintenance and repair at the support level
MTMABE213,Able Seafarer Engine NC II (STCW Regulation III/5) NC II,COMMON,MTM834208,Survive at sea in the event of ship abandonment
AFFACP105,Agricultural Crops Production NC I,BASIC,500311104,Practice basic housekeeping procedures
AFFACP105,Agricultural Crops Production NC I,BASIC,500311102,Work with others
AFFACP105,Agricultural Crops Production NC I,COMMON,AGR321201,Apply safety measures in farm operations
AFFACP105,Agricultural Crops Production NC I,COMMON,AGR321202,Use farm tools and equipment
AFFACP105,Agricultural Crops Production NC I,COMMON,AGR321203,Perform estimation and basic calculation
AFFACP105,Agricultural Crops Production NC I,COMMON,AGR321204,Apply basic first aid
AFFACP105,Agricultural Crops Production NC I,CORE,AGR611306,Support horticultural crop work
AFFACP105,Agricultural Crops Production NC I,CORE,AGR611307,Support nursery work
AFFACP105,Agricultural Crops Production NC I,CORE,AGR611308,Support agronomic crop work
AFFACP105,Agricultural Crops Production NC I,CORE,AGR611309,Support irrigation work
AFFACP105,Agricultural Crops Production NC I,BASIC,500311103,Demonstrate work values
AFFACP105,Agricultural Crops Production NC I,BASIC,500311101,Receive and respond to workplace communication
AFFACP213,Agricultural Crops Production NC II,COMMON,AFF321201,Apply safety measures in farm operations
AFFACP213,Agricultural Crops Production NC II,BASIC,500311107,Practice career professionalism
AFFACP213,Agricultural Crops Production NC II,BASIC,500311106,Work in team environment
AFFACP213,Agricultural Crops Production NC II,BASIC,500311105,Participate in workplace communication
AFFACP213,Agricultural Crops Production NC II,COMMON,AFF321202,Use farm tools and equipment
AFFACP213,Agricultural Crops Production NC II,CORE,AFF610304,Carry-out harvest and postharvest operations
AFFACP213,Agricultural Crops Production NC II,CORE,AFF610303,Care and maintain crops
AFFACP213,Agricultural Crops Production NC II,CORE,AFF610302,Plant crops
AFFACP213,Agricultural Crops Production NC II,CORE,AFF610301,Perform nursery operations
AFFACP213,Agricultural Crops Production NC II,COMMON,SOC413206,Perform record keeping
AFFACP213,Agricultural Crops Production NC II,COMMON,AFF321206,Process farm wastes
AFFACP213,Agricultural Crops Production NC II,COMMON,AFF321203,Perform estimation and basic calculation
AFFACP213,Agricultural Crops Production NC II,BASIC,500311108,Practice occupational health and safety procedures
AFFACP306,Agricultural Crops Production NC III,BASIC,500311110,Lead small teams
AFFACP306,Agricultural Crops Production NC III,BASIC,500311112,Solve problems related to work activities
AFFACP306,Agricultural Crops Production NC III,CORE,AGR611324,Implement vertebrate pest control program
AFFACP306,Agricultural Crops Production NC III,ELECTIVE,AGR611325,Follow site quarantine procedures
AFFACP306,Agricultural Crops Production NC III,ELECTIVE,AGR611326,Collect samples for a rural production or horticultural monitoring program
AFFACP306,Agricultural Crops Production NC III,ELECTIVE,AGR611327,Handle bulk materials in storage area
AFFACP306,Agricultural Crops Production NC III,ELECTIVE,AGR611328,Prepare grain storage
AFFACP306,Agricultural Crops Production NC III,ELECTIVE,AGR611329,Comply with industry quality assurance requirements
AFFACP306,Agricultural Crops Production NC III,ELECTIVE,AGR611330,Maintain and monitor environmental work practices
AFFACP306,Agricultural Crops Production NC III,ELECTIVE,AGR611331,Keep records for farm business
AFFACP306,Agricultural Crops Production NC III,ELECTIVE,AGR611332,Perform specialized machinery maintenance
AFFACP306,Agricultural Crops Production NC III,ELECTIVE,AGR611333,Install irrigation systems
AFFACP306,Agricultural Crops Production NC III,CORE,AGR611321,Undertake agronomic crop maintenance activities
AFFACP306,Agricultural Crops Production NC III,CORE,AGR611320,Establish agronomic crops
AFFACP306,Agricultural Crops Production NC III,CORE,AGR611314,Prepare and apply chemicals
AFFACP306,Agricultural Crops Production NC III,CORE,AGR611313,Control weeds
AFFACP306,Agricultural Crops Production NC III,BASIC,500311113,Use mathematical concepts and techniques
AFFACP306,Agricultural Crops Production NC III,CORE,AGR611323,"Save, prepare and store agricultural seed"
AFFACP306,Agricultural Crops Production NC III,CORE,AGR611312,Implement plant nutrition program
AFFACP306,Agricultural Crops Production NC III,CORE,AGR611311,Implement post-harvest program
AFFACP306,Agricultural Crops Production NC III,CORE,AGR611310,Prepare land for agricultural crop production
AFFACP306,Agricultural Crops Production NC III,COMMON,AGR321203,Perform estimation and basic calculation
AFFACP306,Agricultural Crops Production NC III,COMMON,AGR321201,Apply safety measures in farm operations
AFFACP306,Agricultural Crops Production NC III,CORE,AGR611322,Undertake agronomic crop harvesting activities
AFFACP306,Agricultural Crops Production NC III,BASIC,500311114,Use relevant technologies
AFFACP306,Agricultural Crops Production NC III,COMMON,AGR321202,Use farm tools and equipment
AFFACP306,Agricultural Crops Production NC III,BASIC,500311109,Lead workplace communication
AFFACP306,Agricultural Crops Production NC III,BASIC,500311111,Develop and practice negotiation skills
AFFAMO216,Agricultural Machinery Operation NC II,BASIC,500311105,Participate in workplace communication
AFFAMO216,Agricultural Machinery Operation NC II,CORE,AFF834369,Operate agricultural post-production machinery and equipment
AFFAMO216,Agricultural Machinery Operation NC II,CORE,AFF834368,Operate agricultural large production machinery and equipment
AFFAMO216,Agricultural Machinery Operation NC II,CORE,AFF834367,Operate agricultural small production machinery and equipment
AFFAMO216,Agricultural Machinery Operation NC II,COMMON,AGR321203,Perform estimation and basic calculation
AFFAMO216,Agricultural Machinery Operation NC II,COMMON,AGR321202,Use farm tools and equipment
AFFAMO216,Agricultural Machinery Operation NC II,COMMON,AGR321201,Apply safety measures in farm operations
AFFAMO216,Agricultural Machinery Operation NC II,BASIC,500311108,Practice occupational health and safety procedures
AFFAMO216,Agricultural Machinery Operation NC II,BASIC,500311107,Practice career professionalism
AFFAMO216,Agricultural Machinery Operation NC II,BASIC,500311106,Work in team environment
AFFAMS319,Agricultural Machinery Servicing (4-Wheel Tractor) NC III,BASIC,400311323,Propose methods of applying learning and innovation in the organization
AFFAMS319,Agricultural Machinery Servicing (4-Wheel Tractor) NC III,CORE,AFF723304,Diagnose and repair engine system of 4-wheel tractor
AFFAMS319,Agricultural Machinery Servicing (4-Wheel Tractor) NC III,CORE,AFF723305,Diagnose and repair axle system of 4-wheel tractor
AFFAMS319,Agricultural Machinery Servicing (4-Wheel Tractor) NC III,CORE,AFF723306,Diagnose and repair hydraulic system of 4-wheel tractor
AFFAMS319,Agricultural Machinery Servicing (4-Wheel Tractor) NC III,CORE,AFF723307,Diagnose and repair transmission system of 4-wheel tractor
AFFAMS319,Agricultural Machinery Servicing (4-Wheel Tractor) NC III,BASIC,400311324,Use information systematically
AFFAMS319,Agricultural Machinery Servicing (4-Wheel Tractor) NC III,CORE,AFF723303,Diagnose and repair electrical systems of 4-wheel tractor
AFFAMS319,Agricultural Machinery Servicing (4-Wheel Tractor) NC III,COMMON,AFF723202,Perform Shop Maintenance
AFFAMS319,Agricultural Machinery Servicing (4-Wheel Tractor) NC III,COMMON,AFF723201,Conduct Diagnosis
AFFAMS319,Agricultural Machinery Servicing (4-Wheel Tractor) NC III,COMMON,SOC413206,Maintain service records
AFFAMS319,Agricultural Machinery Servicing (4-Wheel Tractor) NC III,COMMON,AFF321205,Process farm wastes
AFFAMS319,Agricultural Machinery Servicing (4-Wheel Tractor) NC III,COMMON,AFF321203,Perform estimation and calculations
AFFAMS319,Agricultural Machinery Servicing (4-Wheel Tractor) NC III,COMMON,AFF321202,Use farm servicing tools and equipment
AFFAMS319,Agricultural Machinery Servicing (4-Wheel Tractor) NC III,COMMON,AFF321201,Apply safety measures in farm operations
AFFAMS319,Agricultural Machinery Servicing (4-Wheel Tractor) NC III,BASIC,400311327,Facilitate entrepreneurial skills for micro-small-medium enterprises (MSMEs)
AFFAMS319,Agricultural Machinery Servicing (4-Wheel Tractor) NC III,BASIC,400311326,Evaluate environmental work practices
AFFAMS319,Agricultural Machinery Servicing (4-Wheel Tractor) NC III,BASIC,400311319,Lead in workplace communication
AFFAMS319,Agricultural Machinery Servicing (4-Wheel Tractor) NC III,BASIC,400311320,Lead small teams
AFFAMS319,Agricultural Machinery Servicing (4-Wheel Tractor) NC III,BASIC,400311321,Apply critical thinking and problem solving techniques in the workplace
AFFAMS319,Agricultural Machinery Servicing (4-Wheel Tractor) NC III,BASIC,400311325,Evaluate occupational safety and health work practices
AFFAMS319,Agricultural Machinery Servicing (4-Wheel Tractor) NC III,BASIC,400311322,Work in a diverse environment
AFFAGE217,Agroentrepreneurship NC II,BASIC,500311105,Participate in workplace communication
AFFAGE217,Agroentrepreneurship NC II,CORE,AFF243304,Market produce
AFFAGE217,Agroentrepreneurship NC II,BASIC,500311106,Work in team environment
AFFAGE217,Agroentrepreneurship NC II,BASIC,500311107,Practice career professionalism
AFFAGE217,Agroentrepreneurship NC II,BASIC,500311108,Practice occupational health and safety procedures
AFFAGE217,Agroentrepreneurship NC II,COMMON,AFF321201,Apply safety measures in farm operations
AFFAGE217,Agroentrepreneurship NC II,COMMON,AFF321203,Perform estimation and basic calculation
AFFAGE217,Agroentrepreneurship NC II,COMMON,HSC421201,Provide quality customer service
AFFAGE217,Agroentrepreneurship NC II,COMMON,HSC315202,Comply with quality and ethical standards
AFFAGE217,Agroentrepreneurship NC II,CORE,AFF243301,Assess market opportunities
AFFAGE217,Agroentrepreneurship NC II,CORE,AFF243302,Establish farm production plan
AFFAGE217,Agroentrepreneurship NC II,CORE,AFF243303,Handle finances
AFFAGE317,Agroentrepreneurship NC III,BASIC,500311114,Use relevant technologies
AFFAGE317,Agroentrepreneurship NC III,BASIC,500311110,Lead small teams
AFFAGE317,Agroentrepreneurship NC III,BASIC,500311109,Lead workplace communication
AFFAGE317,Agroentrepreneurship NC III,BASIC,500311112,Solve problems related to work activities
AFFAGE317,Agroentrepreneurship NC III,BASIC,500311113,Use mathematical concepts and techniques
AFFAGE317,Agroentrepreneurship NC III,CORE,AFF243309,Conduct collective marketing
AFFAGE317,Agroentrepreneurship NC III,CORE,AFF243308,Mobilize farmers participation in capacity building activities
AFFAGE317,Agroentrepreneurship NC III,CORE,AFF243307,Implement financial management
AFFAGE317,Agroentrepreneurship NC III,CORE,AFF243306,Ensure product supply
AFFAGE317,Agroentrepreneurship NC III,CORE,AFF243305,Engage agroenterprise (AE) industry stakeholders
AFFAGE317,Agroentrepreneurship NC III,COMMON,HCS315202,Comply with quality and ethical standards
AFFAGE317,Agroentrepreneurship NC III,COMMON,HCS421201,Provide quality customer service
AFFAGE317,Agroentrepreneurship NC III,COMMON,AFF321203,Perform estimation and basic calculation
AFFAGE317,Agroentrepreneurship NC III,COMMON,AFF321201,Apply safety measures in farm operations
AFFAGE317,Agroentrepreneurship NC III,BASIC,500311111,Develop and practice negotiation skills
AFFAGE417,Agroentrepreneurship NC IV,COMMON,HCS315202,Comply with quality and ethical standards
AFFAGE417,Agroentrepreneurship NC IV,BASIC,500311118,"Collect, analyze and organize information"
AFFAGE417,Agroentrepreneurship NC IV,BASIC,500311117,Apply problem solving techniques in the workplace
AFFAGE417,Agroentrepreneurship NC IV,BASIC,500311119,Plan and organize work
AFFAGE417,Agroentrepreneurship NC IV,BASIC,500311115,Utilize specialized communication skills
AFFAGE417,Agroentrepreneurship NC IV,BASIC,500311116,Develop teams and individuals
AFFAGE417,Agroentrepreneurship NC IV,BASIC,500311120,Promote environmental protection
AFFAGE417,Agroentrepreneurship NC IV,COMMON,AFF321201,Apply safety measures in farm operations
AFFAGE417,Agroentrepreneurship NC IV,COMMON,AFF321203,Perform estimation and basic calculation
AFFAGE417,Agroentrepreneurship NC IV,COMMON,HCS421201,Provide quality customer service
AFFAGE417,Agroentrepreneurship NC IV,CORE,AFF242301,Capacitate farmers
AFFAGE417,Agroentrepreneurship NC IV,CORE,AFF242302,Facilitate engagement of the agroenterprise stakeholders
AFFAGE417,Agroentrepreneurship NC IV,CORE,AFF242303,Mobilize agroenterprise community
AFFAGE417,Agroentrepreneurship NC IV,CORE,AFF242304,Monitor and evaluate agroenterprise activities
HVCADS206,Air Duct Servicing NC II,BASIC,500311108,Practice occupational health and safety procedures
HVCADS206,Air Duct Servicing NC II,COMMON,HVC311201,"Observe procedures, specifications and manuals of instructions"
HVCADS206,Air Duct Servicing NC II,BASIC,500311106,Work in team environment
HVCADS206,Air Duct Servicing NC II,BASIC,500311105,Participate in workplace communication
HVCADS206,Air Duct Servicing NC II,CORE,HVC723336,Repair and maintain air duct system
HVCADS206,Air Duct Servicing NC II,CORE,HVC723334,Perform air duct testing
HVCADS206,Air Duct Servicing NC II,CORE,HVC723333,Install air duct system
HVCADS206,Air Duct Servicing NC II,CORE,HVC723332,Fabricate air ducts
HVCADS206,Air Duct Servicing NC II,CORE,HVC723331,Survey site for installation
HVCADS206,Air Duct Servicing NC II,COMMON,HVC311205,Document work accomplished
HVCADS206,Air Duct Servicing NC II,COMMON,HVC315201,Perform housekeeping and safety practices
HVCADS206,Air Duct Servicing NC II,CORE,HVC723335,Insulate air ducts
HVCADS206,Air Duct Servicing NC II,COMMON,HVC311205,Maintain tools and equipment
HVCADS206,Air Duct Servicing NC II,COMMON,HVC724201,Perform basic electrical works
HVCADS206,Air Duct Servicing NC II,COMMON,HVC713202,Perform basic benchworks
HVCADS206,Air Duct Servicing NC II,COMMON,HVC311203,Perform mensuration and calculation
HVCADS206,Air Duct Servicing NC II,COMMON,HVC713201,Prepare materials and tools
HVCADS206,Air Duct Servicing NC II,BASIC,500311107,Practice career professionalism
AFFAHC307,Animal Health Care and Management NC III,CORE,AGR321305,Collect and handle specimen
AFFAHC307,Animal Health Care and Management NC III,CORE,AGR321304,Handle and store drugs and biologics
AFFAHC307,Animal Health Care and Management NC III,CORE,AGR321303,Administer drugs and biologics
AFFAHC307,Animal Health Care and Management NC III,CORE,AGR321302,Apply bio-security measures
AFFAHC307,Animal Health Care and Management NC III,CORE,AGR321301,Restrain and handle animal
AFFAHC307,Animal Health Care and Management NC III,COMMON,AGR321203,Perform estimation and basic calculation
AFFAHC307,Animal Health Care and Management NC III,COMMON,AGR321202,Use farm tools and equipment
AFFAHC307,Animal Health Care and Management NC III,COMMON,AGR321201,Apply safety measures in farm operations
AFFAHC307,Animal Health Care and Management NC III,BASIC,500311114,Use relevant technologies
AFFAHC307,Animal Health Care and Management NC III,BASIC,500311113,Use mathematical concepts and techniques
AFFAHC307,Animal Health Care and Management NC III,BASIC,500311112,Solve problems related to work activities
AFFAHC307,Animal Health Care and Management NC III,BASIC,500311111,Develop and practice negotiation skills
AFFAHC307,Animal Health Care and Management NC III,BASIC,500311110,Lead small teams
AFFAHC307,Animal Health Care and Management NC III,BASIC,500311109,Lead workplace communication
AFFAPP213,Animal Production (Poultry-Chicken) NC II,COMMON,AFF321203,Perform estimation and basic calculation
AFFAPP213,Animal Production (Poultry-Chicken) NC II,CORE,AFF622104,Trim beak
AFFAPP213,Animal Production (Poultry-Chicken) NC II,BASIC,500311105,Participate in workplace communication
AFFAPP213,Animal Production (Poultry-Chicken) NC II,BASIC,500311106,Work in team environment
AFFAPP213,Animal Production (Poultry-Chicken) NC II,BASIC,500311107,Practice career professionalism
AFFAPP213,Animal Production (Poultry-Chicken) NC II,BASIC,500311108,Practice occupational health and safety procedures
AFFAPP213,Animal Production (Poultry-Chicken) NC II,COMMON,AFF321201,Apply safety measures in farm operations
AFFAPP213,Animal Production (Poultry-Chicken) NC II,COMMON,AFF321202,Use farm tools and equipment
AFFAPP213,Animal Production (Poultry-Chicken) NC II,COMMON,AFF321205,Process farm wastes
AFFAPP213,Animal Production (Poultry-Chicken) NC II,CORE,AFF622101,Maintain poultry house
AFFAPP213,Animal Production (Poultry-Chicken) NC II,CORE,AFF622102,Brood and grow chicks
AFFAPP213,Animal Production (Poultry-Chicken) NC II,CORE,AFF622103,Perform pre-lay and lay activities
AFFAPP213,Animal Production (Poultry-Chicken) NC II,ELECTIVE,AFF622105,Breed chicken
AFFAPR213,Animal Production (Ruminants) NC II,COMMON,AFF321201,Apply safety measures in farm operations
AFFAPR213,Animal Production (Ruminants) NC II,BASIC,500311106,Work in team environment
AFFAPR213,Animal Production (Ruminants) NC II,CORE,AFF621905,Raise meat-type animals
AFFAPR213,Animal Production (Ruminants) NC II,BASIC,500311107,Practice career professionalism
AFFAPR213,Animal Production (Ruminants) NC II,BASIC,500311108,Practice occupational health and safety procedures
AFFAPR213,Animal Production (Ruminants) NC II,CORE,AFF621904,Raise dairy animals
AFFAPR213,Animal Production (Ruminants) NC II,CORE,AFF621903,Perform breeding of ruminants
AFFAPR213,Animal Production (Ruminants) NC II,CORE,AFF621902,Provide forage
AFFAPR213,Animal Production (Ruminants) NC II,CORE,AFF621901,"Maintain housing, farm implements and surrounding area"
AFFAPR213,Animal Production (Ruminants) NC II,COMMON,AFF321205,Process farm wastes
AFFAPR213,Animal Production (Ruminants) NC II,COMMON,AFF321203,Perform estimation and basic calculation
AFFAPR213,Animal Production (Ruminants) NC II,COMMON,AFF321202,Use farm tools and equipment
AFFAPR213,Animal Production (Ruminants) NC II,BASIC,500311105,Participate in workplace communication
AFFAPS213,Animal Production (Swine) NC II,COMMON,AFF321203,Perform estimation and basic calculation
AFFAPS213,Animal Production (Swine) NC II,BASIC,500311105,Participate in workplace communication
AFFAPS213,Animal Production (Swine) NC II,COMMON,AFF321202,Use farm tools and equipment
AFFAPS213,Animal Production (Swine) NC II,BASIC,500311106,Work in team environment
AFFAPS213,Animal Production (Swine) NC II,BASIC,500311107,Practice career professionalism
AFFAPS213,Animal Production (Swine) NC II,BASIC,500311108,Practice occupational health and safety procedures
AFFAPS213,Animal Production (Swine) NC II,COMMON,AFF321201,Apply safety measures in farm operations
AFFAPS213,Animal Production (Swine) NC II,COMMON,AFF321205,Process farm wastes
AFFAPS213,Animal Production (Swine) NC II,CORE,AFF621216,Handle breeders
AFFAPS213,Animal Production (Swine) NC II,CORE,AFF621217,Handle farrowing sows and sucklings
AFFAPS213,Animal Production (Swine) NC II,CORE,AFF621218,Raise weanlings
AFFAPS213,Animal Production (Swine) NC II,CORE,AFF621219,Produce finishers
AFFAPS213,Animal Production (Swine) NC II,CORE,AFF621220,Maintain healthy animal environment
AFFAPS213,Animal Production (Swine) NC II,CORE,AFF321302,Apply bio-security measures
AFFANP204,Animal Production NC II (Superseded),BASIC,500311108,Practice occupational health and safety procedures
AFFANP204,Animal Production NC II (Superseded),BASIC,500311107,Practice career professionalism
AFFANP204,Animal Production NC II (Superseded),BASIC,500311106,Work in team environment
AFFANP204,Animal Production NC II (Superseded),COMMON,AGR321202,Use farm tools and equipment
AFFANP204,Animal Production NC II (Superseded),COMMON,AGR321201,Apply safety measures in farm operations
AFFANP204,Animal Production NC II (Superseded),BASIC,500311105,Participate in workplace communication
AFFANP204,Animal Production NC II (Superseded),CORE,AGR621304,Raise large ruminants
AFFANP204,Animal Production NC II (Superseded),CORE,AGR621303,Raise swine
AFFANP204,Animal Production NC II (Superseded),CORE,AGR621302,Raise small ruminants
AFFANP204,Animal Production NC II (Superseded),CORE,AGR621301,Raise poultry
AFFANP204,Animal Production NC II (Superseded),COMMON,AGR321203,Perform estimation and basic calculation
ICTANM218,Animation NC II,BASIC,500311134,Exercise sustainable development in the workplace
ICTANM218,Animation NC II,COMMON,ICT315202,Apply quality standards
ICTANM218,Animation NC II,CORE,ICT216304,Produce digital in-between drawings
ICTANM218,Animation NC II,CORE,ICT216303,Produce digital cleaned-up key drawings
ICTANM218,Animation NC II,CORE,ICT216302,Produce traditional in-between drawings
ICTANM218,Animation NC II,BASIC,500311105,Participate in workplace communication
ICTANM218,Animation NC II,BASIC,500311106,Work in team environment
ICTANM218,Animation NC II,BASIC,500311107,Practice career professionalism
ICTANM218,Animation NC II,BASIC,500311108,Practice occupational health and safety procedures
ICTANM218,Animation NC II,BASIC,500311132,Contribute to workplace innovation
ICTANM218,Animation NC II,CORE,ICT216301,Produce traditional cleaned-up key drawings
ICTANM218,Animation NC II,CORE,ICT216300,Apply traditional drawing techniques for animation
ICTANM218,Animation NC II,BASIC,500311133,Solve/address general workplace problems
ICTANM218,Animation NC II,COMMON,ICT311203,Operate a personal computer
ICTANM207,Animation NC II (Superseded),BASIC,500311105,Participate in workplace communication
ICTANM207,Animation NC II (Superseded),BASIC,500311106,Work in team environment
ICTANM207,Animation NC II (Superseded),BASIC,500311107,Practice career professionalism
ICTANM207,Animation NC II (Superseded),BASIC,500311108,Practice occupational health and safety procedures
ICTANM207,Animation NC II (Superseded),CORE,ICT313313,Produce cleaned-up & in-betweened drawings
ICTANM207,Animation NC II (Superseded),COMMON,ICT311203,Operate a personal computer
ICTANM207,Animation NC II (Superseded),COMMON,ICT315202,Apply quality standards
AFFAGO220,Aquaculture (Grow-out Operation) NC II,COMMON,AFF321202,Use farm tools and equipment
AFFAGO220,Aquaculture (Grow-out Operation) NC II,COMMON,AFF321203,Perform estimation and basic calculation
AFFAGO220,Aquaculture (Grow-out Operation) NC II,CORE,AFF622314,Conduct site selection and pond preparations
AFFAGO220,Aquaculture (Grow-out Operation) NC II,CORE,AFF622315,Perform nursery operations
AFFAGO220,Aquaculture (Grow-out Operation) NC II,CORE,AFF622317,Carry out post-production activities
AFFAGO220,Aquaculture (Grow-out Operation) NC II,COMMON,AFF321201,Apply safety measures in farm operations
AFFAGO220,Aquaculture (Grow-out Operation) NC II,BASIC,400311218,Practice entrepreneurial skills in the workplace
AFFAGO220,Aquaculture (Grow-out Operation) NC II,BASIC,400311217,Exercise efficient and effective sustainable practices in the workplace
AFFAGO220,Aquaculture (Grow-out Operation) NC II,BASIC,400311216,Practice occupational safety and health policies and procedures
AFFAGO220,Aquaculture (Grow-out Operation) NC II,BASIC,400311215,Present relevant information
AFFAGO220,Aquaculture (Grow-out Operation) NC II,BASIC,400311214,Contribute to workplace innovation
AFFAGO220,Aquaculture (Grow-out Operation) NC II,BASIC,400311213,Develop career and life decisions
AFFAGO220,Aquaculture (Grow-out Operation) NC II,BASIC,400311212,Solve/address general workplace problems
AFFAGO220,Aquaculture (Grow-out Operation) NC II,BASIC,400311211,Work in team environment
AFFAGO220,Aquaculture (Grow-out Operation) NC II,BASIC,400311210,Participate in workplace communication
AFFAGO220,Aquaculture (Grow-out Operation) NC II,CORE,AFF622316,Produce aquaculture commodities
AFFAHO220,Aquaculture (Hatchery Operation) NC II,BASIC,400311216,Practice occupational safety and health policies and procedures
AFFAHO220,Aquaculture (Hatchery Operation) NC II,CORE,AFF622313,Complete hatchery operation
AFFAHO220,Aquaculture (Hatchery Operation) NC II,CORE,AFF622312,Manage feeding and maintain good health of stock
AFFAHO220,Aquaculture (Hatchery Operation) NC II,CORE,AFF622311,Conduct broodstock management and spawning
AFFAHO220,Aquaculture (Hatchery Operation) NC II,CORE,AFF622310,Produce natural foods
AFFAHO220,Aquaculture (Hatchery Operation) NC II,CORE,AFF622309,Conduct preparatory activities
AFFAHO220,Aquaculture (Hatchery Operation) NC II,COMMON,AFF321203,Perform estimation and basic calculation
AFFAHO220,Aquaculture (Hatchery Operation) NC II,COMMON,AFF321202,Use farm tools and equipment
AFFAHO220,Aquaculture (Hatchery Operation) NC II,COMMON,AFF321201,Apply safety measures in farm operations
AFFAHO220,Aquaculture (Hatchery Operation) NC II,BASIC,400311218,Practice entrepreneurial skills in the workplace
AFFAHO220,Aquaculture (Hatchery Operation) NC II,BASIC,400311217,Exercise efficient and effective sustainable practices in the workplace
AFFAHO220,Aquaculture (Hatchery Operation) NC II,BASIC,400311215,Present relevant information
AFFAHO220,Aquaculture (Hatchery Operation) NC II,BASIC,400311214,Contribute to workplace innovation
AFFAHO220,Aquaculture (Hatchery Operation) NC II,BASIC,400311213,Develop career and life decisions
AFFAHO220,Aquaculture (Hatchery Operation) NC II,BASIC,400311212,Solve/address general workplace problems
AFFAHO220,Aquaculture (Hatchery Operation) NC II,BASIC,400311210,Participate in workplace communication
AFFAHO220,Aquaculture (Hatchery Operation) NC II,BASIC,400311211,Work in team environment
AFFATC220,Aquaculture (Tilapia Culture) NC II,CORE,AFF622318,Conduct pre-operational aquaculture activities
AFFATC220,Aquaculture (Tilapia Culture) NC II,CORE,AFF622320,Perform tilapia grow-out
AFFATC220,Aquaculture (Tilapia Culture) NC II,COMMON,AFF321203,Perform estimation and basic calculation
AFFATC220,Aquaculture (Tilapia Culture) NC II,BASIC,400311210,Participate in workplace communication
AFFATC220,Aquaculture (Tilapia Culture) NC II,CORE,AFF622319,Operate tilapia hatchery and nursery
AFFATC220,Aquaculture (Tilapia Culture) NC II,BASIC,400311211,Work in team environment
AFFATC220,Aquaculture (Tilapia Culture) NC II,BASIC,400311212,Solve/address general workplace problems
AFFATC220,Aquaculture (Tilapia Culture) NC II,BASIC,400311213,Develop career and life decisions
AFFATC220,Aquaculture (Tilapia Culture) NC II,BASIC,400311214,Contribute to workplace innovation
AFFATC220,Aquaculture (Tilapia Culture) NC II,BASIC,400311215,Present relevant information
AFFATC220,Aquaculture (Tilapia Culture) NC II,BASIC,400311216,Practice occupational safety and health policies and procedures
AFFATC220,Aquaculture (Tilapia Culture) NC II,BASIC,400311217,Exercise efficient and effective sustainable practices in the workplace
AFFATC220,Aquaculture (Tilapia Culture) NC II,BASIC,400311218,Practice entrepreneurial skills in the workplace
AFFATC220,Aquaculture (Tilapia Culture) NC II,COMMON,AFF321201,Apply safety measures in farm operations
AFFATC220,Aquaculture (Tilapia Culture) NC II,COMMON,AFF321202,Use farm tools and equipment
AFFAQC204,Aquaculture NC II (Superseded),COMMON,AGR321201,Apply safety measures in farm operations
AFFAQC204,Aquaculture NC II (Superseded),BASIC,500311105,Participate in workplace communication
AFFAQC204,Aquaculture NC II (Superseded),CORE,AGR641304,Perform fish or shrimp grow-out operations
AFFAQC204,Aquaculture NC II (Superseded),CORE,AGR641303,Operate fish nursery
AFFAQC204,Aquaculture NC II (Superseded),CORE,AGR641302,Prepare and maintain aquaculture facilities
AFFAQC204,Aquaculture NC II (Superseded),CORE,AGR641301,Conduct pre-operations aquaculture activities
AFFAQC204,Aquaculture NC II (Superseded),COMMON,AGR321203,Perform estimation and basic calculation
AFFAQC204,Aquaculture NC II (Superseded),BASIC,500311106,Work in team environment
AFFAQC204,Aquaculture NC II (Superseded),COMMON,AGR321202,Use farm tools and equipment
AFFAQC204,Aquaculture NC II (Superseded),BASIC,500311107,Practice career professionalism
AFFAQC204,Aquaculture NC II (Superseded),BASIC,500311108,Practice occupational health and safety procedures
AFFAIR212,Artificial Insemination (Large Ruminants) NC II,COMMON,AGR321202,Use farm tools and equipment
AFFAIR212,Artificial Insemination (Large Ruminants) NC II,ELECTIVE,AGR621209,Conduct artificial insemination awareness for clientele
AFFAIR212,Artificial Insemination (Large Ruminants) NC II,COMMON,AGR321201,Apply safety measures in farm operations
AFFAIR212,Artificial Insemination (Large Ruminants) NC II,BASIC,500311108,Practice occupational health and safety procedures
AFFAIR212,Artificial Insemination (Large Ruminants) NC II,BASIC,500311107,Practice career professionalism
AFFAIR212,Artificial Insemination (Large Ruminants) NC II,BASIC,500311106,Work in team environment
AFFAIR212,Artificial Insemination (Large Ruminants) NC II,BASIC,500311105,Participate in workplace communication
AFFAIR212,Artificial Insemination (Large Ruminants) NC II,CORE,AGR621206,Prepare for artificial insemination (AI) operation
AFFAIR212,Artificial Insemination (Large Ruminants) NC II,COMMON,AGR321203,Perform estimation and basic calculation
AFFAIR212,Artificial Insemination (Large Ruminants) NC II,CORE,AGR621207,Perform artificial insemination (AI)
AFFAIR212,Artificial Insemination (Large Ruminants) NC II,CORE,AGR621208,Prepare artificial insemination (AI) documentations and reports
AFFAIR212,Artificial Insemination (Large Ruminants) NC II,CORE,AGR621205,Establish readiness for artificial insemination
AFFAIS212,Artificial Insemination (Swine) NC II,COMMON,AGR321202,Use farm tools and equipment
AFFAIS212,Artificial Insemination (Swine) NC II,BASIC,500311105,Participate in workplace communication
AFFAIS212,Artificial Insemination (Swine) NC II,BASIC,500311106,Work in team environment
AFFAIS212,Artificial Insemination (Swine) NC II,BASIC,500311107,Practice career professionalism
AFFAIS212,Artificial Insemination (Swine) NC II,BASIC,500311108,Practice occupational health and safety procedures
AFFAIS212,Artificial Insemination (Swine) NC II,ELECTIVE,AGR621215,Render assistance to veterinary procedures related to reproductive problems
AFFAIS212,Artificial Insemination (Swine) NC II,COMMON,AGR321201,Apply safety measures in farm operations
AFFAIS212,Artificial Insemination (Swine) NC II,CORE,AGR621213,Prepare documentations and reports on sow/gilt artificial insemination (AI) activities
AFFAIS212,Artificial Insemination (Swine) NC II,CORE,AGR621212,Perform artificial insemination (AI) on sow/gilt
AFFAIS212,Artificial Insemination (Swine) NC II,CORE,AGR621211,Collect boar semen
AFFAIS212,Artificial Insemination (Swine) NC II,CORE,AGR621210,Confirm readiness of sow/gilt for artificial insemination
AFFAIS212,Artificial Insemination (Swine) NC II,COMMON,AGR321203,Perform estimation and basic calculation
AFFAIS212,Artificial Insemination (Swine) NC II,ELECTIVE,AGR621214,Conduct community awareness program in artificial insemination
HHCARO221,Assistive Rehabilitation Technology Services (Orthotics) NC II,BASIC,400311218,Practice entrepreneurial skills in the workplace
HHCARO221,Assistive Rehabilitation Technology Services (Orthotics) NC II,CORE,HHC321311,Fabricate a wrist-hand orthosis
HHCARO221,Assistive Rehabilitation Technology Services (Orthotics) NC II,CORE,HHC321312,Fabricate a customized plastic thoraco-lumbo-sacral orthosis
HHCARO221,Assistive Rehabilitation Technology Services (Orthotics) NC II,CORE,HHC321313,Perform basic repair and/or replacement of the orthotic devices
HHCARO221,Assistive Rehabilitation Technology Services (Orthotics) NC II,CORE,HHC321310,Fabricate a knee-ankle-foot orthosis
HHCARO221,Assistive Rehabilitation Technology Services (Orthotics) NC II,CORE,HHC321309,Fabricate an ankle-foot orthosis
HHCARO221,Assistive Rehabilitation Technology Services (Orthotics) NC II,CORE,HHC321308,Fabricate a foot orthosis
HHCARO221,Assistive Rehabilitation Technology Services (Orthotics) NC II,CORE,HHC321307,Create a positive mold from a negative cast
HHCARO221,Assistive Rehabilitation Technology Services (Orthotics) NC II,COMMON,HHC325204,Maintain high standard of patient/client services
HHCARO221,Assistive Rehabilitation Technology Services (Orthotics) NC II,COMMON,HHC325203,Apply basic first aid
HHCARO221,Assistive Rehabilitation Technology Services (Orthotics) NC II,COMMON,HHC325202,Respond effectively to difficult/challenging behavior
HHCARO221,Assistive Rehabilitation Technology Services (Orthotics) NC II,COMMON,HHC325201,Implement and monitor infection control policies and procedures
HHCARO221,Assistive Rehabilitation Technology Services (Orthotics) NC II,BASIC,400311217,Exercise efficient and effective sustainable practices in the workplace
HHCARO221,Assistive Rehabilitation Technology Services (Orthotics) NC II,BASIC,400311216,Practice occupational safety and health policies and procedures
HHCARO221,Assistive Rehabilitation Technology Services (Orthotics) NC II,BASIC,400311215,Present relevant information
HHCARO221,Assistive Rehabilitation Technology Services (Orthotics) NC II,BASIC,400311214,Contribute to workplace innovation
HHCARO221,Assistive Rehabilitation Technology Services (Orthotics) NC II,BASIC,400311213,Develop career and life decisions
HHCARO221,Assistive Rehabilitation Technology Services (Orthotics) NC II,BASIC,400311212,Solve/address general workplace problems
HHCARO221,Assistive Rehabilitation Technology Services (Orthotics) NC II,BASIC,400311210,Participate in workplace communication
HHCARO221,Assistive Rehabilitation Technology Services (Orthotics) NC II,BASIC,400311211,Work in team environment
HHCARP221,Assistive Rehabilitation Technology Services (Prosthetics) NC II,CORE,HHC321303,Fabricate a transfemoral/knee disarticulation prosthesis
HHCARP221,Assistive Rehabilitation Technology Services (Prosthetics) NC II,COMMON,HHC325204,Maintain high standard of patient/client services
HHCARP221,Assistive Rehabilitation Technology Services (Prosthetics) NC II,CORE,HHC321306,Perform basic repair and/or replacement of the prosthetic devices
HHCARP221,Assistive Rehabilitation Technology Services (Prosthetics) NC II,COMMON,HHC325203,Apply basic first aid
HHCARP221,Assistive Rehabilitation Technology Services (Prosthetics) NC II,COMMON,HHC325202,Respond effectively to difficult/challenging behavior
HHCARP221,Assistive Rehabilitation Technology Services (Prosthetics) NC II,COMMON,HHC325201,Implement and monitor infection control policies and procedures
HHCARP221,Assistive Rehabilitation Technology Services (Prosthetics) NC II,BASIC,400311218,Practice entrepreneurial skills in the workplace
HHCARP221,Assistive Rehabilitation Technology Services (Prosthetics) NC II,BASIC,400311217,Exercise efficient and effective sustainable practices in the workplace
HHCARP221,Assistive Rehabilitation Technology Services (Prosthetics) NC II,BASIC,400311216,Practice occupational safety and health policies and procedures
HHCARP221,Assistive Rehabilitation Technology Services (Prosthetics) NC II,BASIC,400311215,Present relevant information
HHCARP221,Assistive Rehabilitation Technology Services (Prosthetics) NC II,BASIC,400311214,Contribute to workplace innovation
HHCARP221,Assistive Rehabilitation Technology Services (Prosthetics) NC II,BASIC,400311213,Develop career and life decisions
HHCARP221,Assistive Rehabilitation Technology Services (Prosthetics) NC II,BASIC,400311212,Solve/address general workplace problems
HHCARP221,Assistive Rehabilitation Technology Services (Prosthetics) NC II,BASIC,400311211,Work in team environment
HHCARP221,Assistive Rehabilitation Technology Services (Prosthetics) NC II,BASIC,400311210,Participate in workplace communication
HHCARP221,Assistive Rehabilitation Technology Services (Prosthetics) NC II,CORE,HHC321305,Fabricate a transhumeral/elbow disarticulation/shoulder disarticulation prosthesis
HHCARP221,Assistive Rehabilitation Technology Services (Prosthetics) NC II,CORE,HHC321304,Fabricate a transradial/wrist disarticulation prosthesis
HHCARP221,Assistive Rehabilitation Technology Services (Prosthetics) NC II,CORE,HHC321302,Fabricate a transtibial/ankle disarticulation prosthesis
HHCARP221,Assistive Rehabilitation Technology Services (Prosthetics) NC II,CORE,HHC321301,Create a positive mold from a negative cast
HHCARW221,Assistive Rehabilitation Technology Services (Wheelchair) NC II,CORE,HHC321316,Coordinate procurement of the appropriate wheelchair size and its parts
HHCARW221,Assistive Rehabilitation Technology Services (Wheelchair) NC II,CORE,HHC321318,Assist the wheelchair clinician in wheelchair checkout and fitting
HHCARW221,Assistive Rehabilitation Technology Services (Wheelchair) NC II,CORE,HHC321319,Assist wheelchair clinician in user training
HHCARW221,Assistive Rehabilitation Technology Services (Wheelchair) NC II,CORE,HHC321320,Perform maintenance and repair on wheelchairs
HHCARW221,Assistive Rehabilitation Technology Services (Wheelchair) NC II,CORE,HHC321315,Assist the wheelchair clinician during assessment
HHCARW221,Assistive Rehabilitation Technology Services (Wheelchair) NC II,BASIC,400311211,Work in team environment
HHCARW221,Assistive Rehabilitation Technology Services (Wheelchair) NC II,BASIC,400311212,Solve/address general workplace problems
HHCARW221,Assistive Rehabilitation Technology Services (Wheelchair) NC II,BASIC,400311213,Develop career and life decisions
HHCARW221,Assistive Rehabilitation Technology Services (Wheelchair) NC II,BASIC,400311214,Contribute to workplace innovation
HHCARW221,Assistive Rehabilitation Technology Services (Wheelchair) NC II,BASIC,400311215,Present relevant information
HHCARW221,Assistive Rehabilitation Technology Services (Wheelchair) NC II,BASIC,400311216,Practice occupational safety and health policies and procedures
HHCARW221,Assistive Rehabilitation Technology Services (Wheelchair) NC II,BASIC,400311217,Exercise efficient and effective sustainable practices in the workplace
HHCARW221,Assistive Rehabilitation Technology Services (Wheelchair) NC II,COMMON,HHC325201,Implement and monitor infection control policies and procedures
HHCARW221,Assistive Rehabilitation Technology Services (Wheelchair) NC II,COMMON,HHC325202,Respond effectively to difficult/challenging behavior
HHCARW221,Assistive Rehabilitation Technology Services (Wheelchair) NC II,COMMON,HHC325203,Apply basic first aid
HHCARW221,Assistive Rehabilitation Technology Services (Wheelchair) NC II,COMMON,HHC325204,Maintain high standard of patient/client services
HHCARW221,Assistive Rehabilitation Technology Services (Wheelchair) NC II,CORE,HHC321314,Receive wheelchair referral and appointment
HHCARW221,Assistive Rehabilitation Technology Services (Wheelchair) NC II,CORE,HHC321317,Perform wheelchair assembly and modifications
HHCARW221,Assistive Rehabilitation Technology Services (Wheelchair) NC II,BASIC,400311210,Participate in workplace communication
HHCARW221,Assistive Rehabilitation Technology Services (Wheelchair) NC II,BASIC,400311218,Practice entrepreneurial skills in the workplace
TRSATP207,Attractions and Theme Parks Operations NC II,COMMON,TRS311205,Provide effective customer service
TRSATP207,Attractions and Theme Parks Operations NC II,COMMON,TRS311204,Perform workplace and safety practices
TRSATP207,Attractions and Theme Parks Operations NC II,CORE,TRS511324,Monitor entry to venue
TRSATP207,Attractions and Theme Parks Operations NC II,CORE,TRS511325,Provide a site briefing or scripted commentary
TRSATP207,Attractions and Theme Parks Operations NC II,ELECTIVE,TRS511326,Operate a ride location
TRSATP207,Attractions and Theme Parks Operations NC II,ELECTIVE,TRS511327,Load and unload a ride
TRSATP207,Attractions and Theme Parks Operations NC II,ELECTIVE,TRS511328,Maintain safety in water-based rides
TRSATP207,Attractions and Theme Parks Operations NC II,ELECTIVE,TRS51329,Operate a games location
TRSATP207,Attractions and Theme Parks Operations NC II,ELECTIVE,TRS511330,Promote at a games location
TRSATP207,Attractions and Theme Parks Operations NC II,ELECTIVE,TRS511331,Operate animal enclosure/exhibit
TRSATP207,Attractions and Theme Parks Operations NC II,ELECTIVE,TRS511332,Provide general animal care
TRSATP207,Attractions and Theme Parks Operations NC II,ELECTIVE,TRS511333,Rescue animals
TRSATP207,Attractions and Theme Parks Operations NC II,ELECTIVE,TRS511334,Provide customers with information on animals
TRSATP207,Attractions and Theme Parks Operations NC II,COMMON,TRS311203,Perform computer operations
TRSATP207,Attractions and Theme Parks Operations NC II,COMMON,TRS311202,Observe workplace hygiene procedures
TRSATP207,Attractions and Theme Parks Operations NC II,COMMON,TRS311201,Develop and update industry knowledge
TRSATP207,Attractions and Theme Parks Operations NC II,BASIC,500311108,Practice occupational health and safety procedures
TRSATP207,Attractions and Theme Parks Operations NC II,BASIC,500311107,Practice career professionalism
TRSATP207,Attractions and Theme Parks Operations NC II,BASIC,500311106,Work in team environment
TRSATP207,Attractions and Theme Parks Operations NC II,BASIC,500311105,Participate in workplace communication
TRSATP207,Attractions and Theme Parks Operations NC II,CORE,TRS511323,Provide on-site information and assistance
CREAPS119,Audio Production Services NC I,COMMON,CRE265206,"Maintain safe, clean and efficient work environment"
CREAPS119,Audio Production Services NC I,COMMON,CRE265201,Develop and update industry knowledge
CREAPS119,Audio Production Services NC I,COMMON,CRE265202,"Develop creative thinking, artistic skills and cultural awareness"
CREAPS119,Audio Production Services NC I,COMMON,CRE265203,"Observe procedures, specifications and manuals of instructions"
CREAPS119,Audio Production Services NC I,COMMON,CRE265204,Operate equipment
CREAPS119,Audio Production Services NC I,COMMON,CRE265205,Manage own performance
CREAPS119,Audio Production Services NC I,BASIC,400311109,Adopt entrepreneurial mindset in the workplace
CREAPS119,Audio Production Services NC I,COMMON,CRE265207,Provide and maintain effective client relations
CREAPS119,Audio Production Services NC I,CORE,CRE352101,Handle and install basic audio equipment
CREAPS119,Audio Production Services NC I,CORE,CRE352102,Perform technical assistance and basic troubleshooting
CREAPS119,Audio Production Services NC I,BASIC,400311101,Receive and respond to workplace communication
CREAPS119,Audio Production Services NC I,BASIC,400311102,Work with others
CREAPS119,Audio Production Services NC I,BASIC,400311103,Solve/address routine problems
CREAPS119,Audio Production Services NC I,BASIC,400311104,Enhance self-management skills
CREAPS119,Audio Production Services NC I,BASIC,400311105,Support innovation
CREAPS119,Audio Production Services NC I,BASIC,400311106,Access and maintain information
CREAPS119,Audio Production Services NC I,BASIC,400311107,Follow occupational safety and health policies and procedures
CREAPS119,Audio Production Services NC I,BASIC,400311108,Apply environmental work standards
ALTAER204,Auto Engine Rebuilding NC II,CORE,ALT821303,Use and maintain measuring instrument
ALTAER204,Auto Engine Rebuilding NC II,COMMON,ALT723204,Use and apply lubricants/coolants
ALTAER204,Auto Engine Rebuilding NC II,CORE,ALT723329,"Disassemble engine block and sub-assemblies, checks tolerances and components"
ALTAER204,Auto Engine Rebuilding NC II,CORE,ALT723330,Disassemble engine sub-assemblies/cylinder heads and check components
ALTAER204,Auto Engine Rebuilding NC II,CORE,ALT723331,Carry out pre-repair operations on engine components
ALTAER204,Auto Engine Rebuilding NC II,CORE,ALT723332,Inspect engine components and determine preferred action
ALTAER204,Auto Engine Rebuilding NC II,CORE,ALT821301,Carry out machining operations
ALTAER204,Auto Engine Rebuilding NC II,CORE,ALT821302,"Set, operate and monitor specialized machines"
ALTAER204,Auto Engine Rebuilding NC II,COMMON,ALT723205,Perform shop maintenance
ALTAER204,Auto Engine Rebuilding NC II,CORE,ALT723333,"Assemble engine block and sub assemblies, check tolerances and carry out relevant testing"
ALTAER204,Auto Engine Rebuilding NC II,CORE,ALT723334,"Assemble engine/cylinder heads, check tolerances and carry out relevant testing procedures"
ALTAER204,Auto Engine Rebuilding NC II,BASIC,500311105,Participate in workplace communication
ALTAER204,Auto Engine Rebuilding NC II,BASIC,500311106,Work in team environment
ALTAER204,Auto Engine Rebuilding NC II,BASIC,500311107,Practice career professionalism
ALTAER204,Auto Engine Rebuilding NC II,COMMON,ALT723201,Apply appropriate sealant/adhesive
ALTAER204,Auto Engine Rebuilding NC II,COMMON,ALT723202,Move and position vehicle
ALTAER204,Auto Engine Rebuilding NC II,COMMON,ALT311202,Perform mensuration and calculation
ALTAER204,Auto Engine Rebuilding NC II,CORE,ALT723328,Interpret technical manual specification of engine components
ALTAER204,Auto Engine Rebuilding NC II,COMMON,ALT723203,"Read, interpret and apply specifications and manuals"
ALTAER204,Auto Engine Rebuilding NC II,BASIC,500311108,Practice occupational health and safety procedures
ALTABP106,Automotive Body Painting/Finishing NC I,COMMON,ALT723205,Perform shop maintenance
ALTABP106,Automotive Body Painting/Finishing NC I,CORE,ALT714301,Prepare undamaged surface for painting
ALTABP106,Automotive Body Painting/Finishing NC I,CORE,ALT714302,Apply and remove masking
ALTABP106,Automotive Body Painting/Finishing NC I,CORE,ALT714303,Spray solid color paints
ALTABP106,Automotive Body Painting/Finishing NC I,CORE,ALT714304,Perform polishing
ALTABP106,Automotive Body Painting/Finishing NC I,COMMON,ALT723204,Use and apply lubricants/coolants
ALTABP106,Automotive Body Painting/Finishing NC I,COMMON,ALT723203,"Read, interpret and apply specifications and manuals"
ALTABP106,Automotive Body Painting/Finishing NC I,COMMON,ALT723202,Move and position vehicle
ALTABP106,Automotive Body Painting/Finishing NC I,COMMON,ALT723201,Apply appropriate sealant/adhesive
ALTABP106,Automotive Body Painting/Finishing NC I,BASIC,500311104,Practice basic housekeeping procedures
ALTABP106,Automotive Body Painting/Finishing NC I,BASIC,500311103,Demonstrate work values
ALTABP106,Automotive Body Painting/Finishing NC I,BASIC,500311102,Work with others
ALTABP106,Automotive Body Painting/Finishing NC I,BASIC,500311101,Receive and respond to workplace communication
ALTABP106,Automotive Body Painting/Finishing NC I,COMMON,ALT311202,Perform mensuration and calculation
ALTABP204,Automotive Body Painting/Finishing NC II (Superseded),CORE,ALT714308,Spray metallic color paint
ALTABP204,Automotive Body Painting/Finishing NC II (Superseded),CORE,ALT714301,Prepare undamaged surface for painting
ALTABP204,Automotive Body Painting/Finishing NC II (Superseded),CORE,ALT714302,Apply and remove masking
ALTABP204,Automotive Body Painting/Finishing NC II (Superseded),CORE,ALT714304,Perform polishing
ALTABP204,Automotive Body Painting/Finishing NC II (Superseded),BASIC,500311108,Practice occupational health and safety procedures
ALTABP204,Automotive Body Painting/Finishing NC II (Superseded),BASIC,500311105,Participate in workplace communication
ALTABP204,Automotive Body Painting/Finishing NC II (Superseded),BASIC,500311106,Work in team environment
ALTABP204,Automotive Body Painting/Finishing NC II (Superseded),BASIC,500311107,Practice career professionalism
ALTABP204,Automotive Body Painting/Finishing NC II (Superseded),CORE,ALT714309,Repair solid color paints
ALTABP204,Automotive Body Painting/Finishing NC II (Superseded),CORE,ALT714306,Prepare damaged surface for painting
ALTABP204,Automotive Body Painting/Finishing NC II (Superseded),CORE,ALT714310,Repair metallic color paints
ALTABP204,Automotive Body Painting/Finishing NC II (Superseded),COMMON,ALT723203,"Read, interpret and apply specifications and manuals"
ALTABP204,Automotive Body Painting/Finishing NC II (Superseded),COMMON,ALT723201,Apply appropriate sealant/adhesive
ALTABP204,Automotive Body Painting/Finishing NC II (Superseded),COMMON,ALT723204,Use and apply lubricants/coolants
ALTABP204,Automotive Body Painting/Finishing NC II (Superseded),COMMON,ALT723202,Move and position vehicle
ALTABP204,Automotive Body Painting/Finishing NC II (Superseded),COMMON,ALT311202,Perform mensuration and calculation
ALTABP204,Automotive Body Painting/Finishing NC II (Superseded),COMMON,ALT723205,Perform shop maintenance
ALTABP204,Automotive Body Painting/Finishing NC II (Superseded),CORE,ALT714307,Perform solid/metallic color mixing
ALTABP204,Automotive Body Painting/Finishing NC II (Superseded),CORE,ALT714303,Spray solid color paints
ALTABP204,Automotive Body Painting/Finishing NC II (Superseded),CORE,ALT714305,Assess auto paint jobs
ALTABP306,Automotive Body Painting/Finishing NC III (Superseded),BASIC,500311114,Use relevant technologies
ALTABP306,Automotive Body Painting/Finishing NC III (Superseded),COMMON,ALT311205,Interpret/draw technical drawing
ALTABP306,Automotive Body Painting/Finishing NC III (Superseded),BASIC,500311113,Use mathematical concepts and techniques
ALTABP306,Automotive Body Painting/Finishing NC III (Superseded),CORE,ALT714312,Spray three-stage pearl or mica color paint
ALTABP306,Automotive Body Painting/Finishing NC III (Superseded),COMMON,ALT723201,Apply appropriate sealant/adhesive
ALTABP306,Automotive Body Painting/Finishing NC III (Superseded),CORE,ALT714311,Perform pearl color matching
ALTABP306,Automotive Body Painting/Finishing NC III (Superseded),BASIC,500311109,Lead workplace communication
ALTABP306,Automotive Body Painting/Finishing NC III (Superseded),BASIC,500311110,Lead small teams
ALTABP306,Automotive Body Painting/Finishing NC III (Superseded),BASIC,500311111,Develop and practice negotiation skills
ALTABP306,Automotive Body Painting/Finishing NC III (Superseded),COMMON,ALT723205,Perform shop maintenance
ALTABP306,Automotive Body Painting/Finishing NC III (Superseded),COMMON,ALT723204,Use and apply lubricants/coolants
ALTABP306,Automotive Body Painting/Finishing NC III (Superseded),COMMON,ALT723203,"Read, interpret and apply specifications and manuals"
ALTABP306,Automotive Body Painting/Finishing NC III (Superseded),COMMON,ALT311202,Perform mensuration and calculation
ALTABP306,Automotive Body Painting/Finishing NC III (Superseded),COMMON,ALT723202,Move and position vehicle
ALTABP306,Automotive Body Painting/Finishing NC III (Superseded),BASIC,500311112,Solve problems related to work activities
ALTABP306,Automotive Body Painting/Finishing NC III (Superseded),COMMON,ALT311204,Perform job estimate
ALTABR220,Automotive Body Repairing NC II,CORE,ALT213305,Replace and repair vehicle body panels and components
ALTABR220,Automotive Body Repairing NC II,BASIC,400311211,Work in team environment
ALTABR220,Automotive Body Repairing NC II,COMMON,ALT723214,Utilize automotive tools
ALTABR220,Automotive Body Repairing NC II,COMMON,ALT723215,Perform mensuration and calculation
ALTABR220,Automotive Body Repairing NC II,COMMON,ALT723216,Utilize workshop facilities and equipment
ALTABR220,Automotive Body Repairing NC II,COMMON,ALT723217,Prepare servicing parts and consumables
ALTABR220,Automotive Body Repairing NC II,COMMON,ALT723218,Prepare vehicle for servicing and releasing
ALTABR220,Automotive Body Repairing NC II,CORE,ALT213304,Remove and store vehicle body components
ALTABR220,Automotive Body Repairing NC II,BASIC,400311218,Practice entrepreneurial skills in the workplace
ALTABR220,Automotive Body Repairing NC II,CORE,ALT213306,Repair vehicle body panels using filler (rough finish)
ALTABR220,Automotive Body Repairing NC II,BASIC,400311210,Participate in workplace communication
ALTABR220,Automotive Body Repairing NC II,COMMON,ALT723211,Validate vehicle specification
ALTABR220,Automotive Body Repairing NC II,BASIC,400311217,Exercise efficient and effective sustainable practices in the workplace
ALTABR220,Automotive Body Repairing NC II,BASIC,400311216,Practice occupational safety and health policies and procedures
ALTABR220,Automotive Body Repairing NC II,BASIC,400311215,Present relevant information
ALTABR220,Automotive Body Repairing NC II,BASIC,400311214,Contribute to workplace innovation
ALTABR220,Automotive Body Repairing NC II,BASIC,400311213,Develop career and life decisions
ALTABR220,Automotive Body Repairing NC II,BASIC,400311212,Solve/address general workplace problems
ALTABR220,Automotive Body Repairing NC II,COMMON,ALT723212,Move and position vehicle
ALTABR204,Automotive Body Repairing NC II (Superseded),BASIC,500311108,Practice occupational health and safety procedures
ALTABR204,Automotive Body Repairing NC II (Superseded),BASIC,500311105,Participate in workplace communication
ALTABR204,Automotive Body Repairing NC II (Superseded),BASIC,500311106,Work in team environment
ALTABR204,Automotive Body Repairing NC II (Superseded),BASIC,500311107,Practice career professionalism
ALTABR204,Automotive Body Repairing NC II (Superseded),COMMON,ALT723203,"Read, interpret and apply specifications and manuals"
ALTABR204,Automotive Body Repairing NC II (Superseded),COMMON,ALT723204,Use and apply lubricants/coolants
ALTABR204,Automotive Body Repairing NC II (Superseded),COMMON,ALT723202,Move and position vehicle
ALTABR204,Automotive Body Repairing NC II (Superseded),COMMON,ALT311202,Perform mensuration and calculation
ALTABR204,Automotive Body Repairing NC II (Superseded),COMMON,ALT723205,Perform shop maintenance
ALTABR204,Automotive Body Repairing NC II (Superseded),CORE,ALT721303,Replace damaged parts with pre-fabricated parts
ALTABR204,Automotive Body Repairing NC II (Superseded),CORE,ALT721301,Prepare vehicle body for repair
ALTABR204,Automotive Body Repairing NC II (Superseded),CORE,ALT721302,Repair body panel
ALTABR204,Automotive Body Repairing NC II (Superseded),COMMON,ALT723201,Apply appropriate sealant/adhesive
ALTADC324,Automotive Diagnosis (Chassis) NC III,BASIC,400311326,Evaluate environmental work practices
ALTADC324,Automotive Diagnosis (Chassis) NC III,BASIC,400311319,Lead workplace communication
ALTADC324,Automotive Diagnosis (Chassis) NC III,BASIC,400311320,Lead small teams
ALTADC324,Automotive Diagnosis (Chassis) NC III,BASIC,400311321,Apply critical thinking and problem solving techniques in the workplace
ALTADC324,Automotive Diagnosis (Chassis) NC III,BASIC,400311322,Work in a diverse environment
ALTADC324,Automotive Diagnosis (Chassis) NC III,BASIC,400311323,Propose methods of applying learning and innovation in the organization
ALTADC324,Automotive Diagnosis (Chassis) NC III,BASIC,400311324,Use information systematically
ALTADC324,Automotive Diagnosis (Chassis) NC III,BASIC,400311325,Evaluate occupational safety and health work practices
ALTADC324,Automotive Diagnosis (Chassis) NC III,CORE,ALTXXXX,Diagnose and repair electric power steering
ALTADC324,Automotive Diagnosis (Chassis) NC III,CORE,ALTXXXX,Diagnose and repair 4-wheel drive assembly
ALTADC324,Automotive Diagnosis (Chassis) NC III,CORE,ALTXXXX,Diagnose and repair of electronic 4-wheel drive control system
ALTADC324,Automotive Diagnosis (Chassis) NC III,CORE,ALTXXXX,Diagnose and repair of vehicle dynamics integrated management
ALTADC324,Automotive Diagnosis (Chassis) NC III,CORE,ALTXXXX,Diagnose and replace of continuously variable transmission
ALTADC324,Automotive Diagnosis (Chassis) NC III,CORE,ALTXXXX,Diagnose and repair of electronically controlled transmission
ALTADC324,Automotive Diagnosis (Chassis) NC III,COMMON,ALT723217,Prepare vehicle for servicing and releasing
ALTADC324,Automotive Diagnosis (Chassis) NC III,COMMON,ALT723216,Prepare servicing parts and consumables
ALTADC324,Automotive Diagnosis (Chassis) NC III,COMMON,ALT723215,Utilize workshop facilities and equipment
ALTADC324,Automotive Diagnosis (Chassis) NC III,COMMON,ALT723214,Perform mensuration and calculation
ALTADC324,Automotive Diagnosis (Chassis) NC III,COMMON,ALT723213,Utilize automotive tools
ALTADC324,Automotive Diagnosis (Chassis) NC III,COMMON,ALT723212,Move and position vehicle
ALTADC324,Automotive Diagnosis (Chassis) NC III,COMMON,ALT723211,Validate vehicle specification
ALTADC324,Automotive Diagnosis (Chassis) NC III,BASIC,400311327,Facilitate entrepreneurial skills for micro-small-medium enterprises (MSMEs)
ALTADL324,Automotive Diagnosis (Electrical) NC III,COMMON,ALT723211,Validate vehicle specification
ALTADL324,Automotive Diagnosis (Electrical) NC III,BASIC,400311319,Lead workplace communication
ALTADL324,Automotive Diagnosis (Electrical) NC III,BASIC,400311320,Lead small teams
ALTADL324,Automotive Diagnosis (Electrical) NC III,BASIC,400311321,Apply critical thinking and problem solving techniques in the workplace
ALTADL324,Automotive Diagnosis (Electrical) NC III,BASIC,400311322,Work in a diverse environment
ALTADL324,Automotive Diagnosis (Electrical) NC III,BASIC,400311323,Propose methods of applying learning and innovation in the organization
ALTADL324,Automotive Diagnosis (Electrical) NC III,BASIC,400311324,Use information systematically
ALTADL324,Automotive Diagnosis (Electrical) NC III,BASIC,400311325,Evaluate occupational safety and health work practices
ALTADL324,Automotive Diagnosis (Electrical) NC III,BASIC,400311326,Evaluate environmental work practices
ALTADL324,Automotive Diagnosis (Electrical) NC III,BASIC,400311327,Facilitate entrepreneurial skills for micro-small-medium enterprises (MSMEs)
ALTADL324,Automotive Diagnosis (Electrical) NC III,COMMON,ALT723212,Move and position vehicle
ALTADL324,Automotive Diagnosis (Electrical) NC III,COMMON,ALT723213,Utilize automotive tools
ALTADL324,Automotive Diagnosis (Electrical) NC III,COMMON,ALT723214,Perform mensuration and calculation
ALTADL324,Automotive Diagnosis (Electrical) NC III,COMMON,ALT723215,Utilize workshop facilities and equipment
ALTADL324,Automotive Diagnosis (Electrical) NC III,COMMON,ALT723216,Prepare servicing parts and consumables
ALTADL324,Automotive Diagnosis (Electrical) NC III,COMMON,ALT723217,Prepare vehicle for servicing and releasing
ALTADL324,Automotive Diagnosis (Electrical) NC III,CORE,ALTXXXX,"Diagnose and repair multiplex communication system and body 
control module system"
ALTADL324,Automotive Diagnosis (Electrical) NC III,CORE,ALTXXXX,Diagnose and repair theft deterrent system
ALTADL324,Automotive Diagnosis (Electrical) NC III,CORE,ALTXXXX,Diagnose and repair immobilizer system
ALTADL324,Automotive Diagnosis (Electrical) NC III,CORE,ALTXXXX,Diagnose and repair automatic air-conditioner system
ALTADL324,Automotive Diagnosis (Electrical) NC III,CORE,ALTXXXX,Diagnose and repair of Supplemental Restraint System (SRS)
ALTADL324,Automotive Diagnosis (Electrical) NC III,CORE,ALTXXXX,Diagnose and repair smart entry and start system
ALTADN324,Automotive Diagnosis (Engine) NC III,CORE,ALTXXXX,Diagnose and repair electronic spark advance system
ALTADN324,Automotive Diagnosis (Engine) NC III,BASIC,400311320,Lead small teams
ALTADN324,Automotive Diagnosis (Engine) NC III,CORE,ALTXXXX,Diagnose and repair forced-induction system
ALTADN324,Automotive Diagnosis (Engine) NC III,BASIC,400311319,Lead workplace communication
ALTADN324,Automotive Diagnosis (Engine) NC III,CORE,ALTXXXX,Diagnose and repair diesel electronic fuel injection system
ALTADN324,Automotive Diagnosis (Engine) NC III,CORE,ALTXXXX,Diagnose and repair emission control system
ALTADN324,Automotive Diagnosis (Engine) NC III,CORE,ALTXXXX,Diagnose and repair petrol electronic fuel injection system
ALTADN324,Automotive Diagnosis (Engine) NC III,COMMON,ALT723217,Prepare vehicle for servicing and releasing
ALTADN324,Automotive Diagnosis (Engine) NC III,COMMON,ALT723216,Prepare servicing parts and consumables
ALTADN324,Automotive Diagnosis (Engine) NC III,COMMON,ALT723215,Utilize workshop facilities and equipment
ALTADN324,Automotive Diagnosis (Engine) NC III,COMMON,ALT723214,Perform mensuration and calculation
ALTADN324,Automotive Diagnosis (Engine) NC III,COMMON,ALT723213,Utilize automotive tools
ALTADN324,Automotive Diagnosis (Engine) NC III,COMMON,ALT723212,Move and position vehicle
ALTADN324,Automotive Diagnosis (Engine) NC III,COMMON,ALT723211,Validate vehicle specification
ALTADN324,Automotive Diagnosis (Engine) NC III,BASIC,400311327,Facilitate entrepreneurial skills for micro-small-medium enterprises (MSMEs)
ALTADN324,Automotive Diagnosis (Engine) NC III,BASIC,400311326,Evaluate environmental work practices
ALTADN324,Automotive Diagnosis (Engine) NC III,BASIC,400311325,Evaluate occupational safety and health work practices
ALTADN324,Automotive Diagnosis (Engine) NC III,BASIC,400311324,Use information systematically
ALTADN324,Automotive Diagnosis (Engine) NC III,BASIC,400311323,Propose methods of applying learning and innovation in the organization
ALTADN324,Automotive Diagnosis (Engine) NC III,BASIC,400311322,Work in a diverse environment
ALTADN324,Automotive Diagnosis (Engine) NC III,BASIC,400311321,Apply critical thinking and problem solving techniques in the workplace
ALTAEA207,Automotive Electrical Assembly NC II,BASIC,500311107,Practice career professionalism
ALTAEA207,Automotive Electrical Assembly NC II,BASIC,500311108,Practice occupational health and safety procedures
ALTAEA207,Automotive Electrical Assembly NC II,BASIC,500311105,Participate in workplace communication
ALTAEA207,Automotive Electrical Assembly NC II,BASIC,500311106,Work in team environment
ALTAEA207,Automotive Electrical Assembly NC II,COMMON,ALT311202,Perform mensuration and calculation
ALTAEA207,Automotive Electrical Assembly NC II,COMMON,ALT742201,"Read, interpret and apply engineering drawings"
ALTAEA207,Automotive Electrical Assembly NC II,COMMON,ALT723202,Move and position vehicle
ALTAEA207,Automotive Electrical Assembly NC II,COMMON,ALT723201,Apply appropriate sealant/adhesive
ALTAEA207,Automotive Electrical Assembly NC II,COMMON,ALT723205,Perform shop maintenance
ALTAEA207,Automotive Electrical Assembly NC II,CORE,ALT827301,Install/fit out electrical parts to engine assembly
ALTAEA207,Automotive Electrical Assembly NC II,CORE,ALT827302,Install/fit out electrical parts and electronic units to body interior compartment
ALTAEA207,Automotive Electrical Assembly NC II,CORE,ALT827303,Install/fit out electrical parts and electronic units to dash instrument panel
ALTAEA207,Automotive Electrical Assembly NC II,CORE,ALT827304,Install/fit out electrical parts to exterior and engine compartment
ALTAEA207,Automotive Electrical Assembly NC II,CORE,ALT827305,Install/fit out audio and video systems
ALTAEA207,Automotive Electrical Assembly NC II,CORE,ALT827306,Perform headlight focus aiming operations
ALTAEA308,Automotive Electrical Assembly NC III,BASIC,500311110,Lead small teams
ALTAEA308,Automotive Electrical Assembly NC III,BASIC,500311109,Lead workplace communication
ALTAEA308,Automotive Electrical Assembly NC III,BASIC,500311111,Develop and practice negotiation skills
ALTAEA308,Automotive Electrical Assembly NC III,BASIC,500311112,Solve problems related to work activities
ALTAEA308,Automotive Electrical Assembly NC III,BASIC,500311113,Use mathematical concepts and techniques
ALTAEA308,Automotive Electrical Assembly NC III,BASIC,500311114,Use relevant technologies
ALTAEA308,Automotive Electrical Assembly NC III,COMMON,ALT311202,Perform mensuration and calculation
ALTAEA308,Automotive Electrical Assembly NC III,COMMON,ALT742201,"Read, interpret and apply engineering drawings"
ALTAEA308,Automotive Electrical Assembly NC III,COMMON,ALT723202,Move and position vehicle
ALTAEA308,Automotive Electrical Assembly NC III,COMMON,ALT723201,Apply appropriate sealant/adhesive
ALTAEA308,Automotive Electrical Assembly NC III,COMMON,ALT723205,Perform shop maintenance
ALTAEA308,Automotive Electrical Assembly NC III,CORE,ALT827314,Rectify faults on installed electrical parts to engine assembly
ALTAEA308,Automotive Electrical Assembly NC III,CORE,ALT827315,Rectify faults on installed electrical parts and electronic units to body interior compartment
ALTAEA308,Automotive Electrical Assembly NC III,CORE,ALT827316,Rectify faults on installed electrical parts and electronic units to dash instrument panel
ALTAEA308,Automotive Electrical Assembly NC III,CORE,ALT827317,Rectify faults on installed electrical parts to exterior and engine compartment
ALTAEA308,Automotive Electrical Assembly NC III,CORE,ALT827318,Rectify faults on installed audio and video system to automotive vehicle
ALTAMA207,Automotive Mechanical Assembly NC II,BASIC,500311107,Practice career professionalism
ALTAMA207,Automotive Mechanical Assembly NC II,BASIC,500311108,Practice occupational health and safety procedures
ALTAMA207,Automotive Mechanical Assembly NC II,COMMON,ALT311202,Perform mensuration and calculation
ALTAMA207,Automotive Mechanical Assembly NC II,BASIC,500311106,Work in team environment
ALTAMA207,Automotive Mechanical Assembly NC II,BASIC,500311105,Participate in workplace communication
ALTAMA207,Automotive Mechanical Assembly NC II,COMMON,ALT742201,"Read, interpret and apply engineering drawings"
ALTAMA207,Automotive Mechanical Assembly NC II,COMMON,ALT723202,Move and position vehicle
ALTAMA207,Automotive Mechanical Assembly NC II,COMMON,ALT723201,Apply appropriate sealant/adhesive
ALTAMA207,Automotive Mechanical Assembly NC II,COMMON,ALT723205,Perform shop maintenance
ALTAMA207,Automotive Mechanical Assembly NC II,CORE,ALT827307,Assemble mechanical assemblies using jigs/fixtures
ALTAMA207,Automotive Mechanical Assembly NC II,CORE,ALT827308,Mount/install brake and fuel systems
ALTAMA207,Automotive Mechanical Assembly NC II,CORE,ALT827309,Mount/install power drive system
ALTAMA207,Automotive Mechanical Assembly NC II,CORE,ALT827310,Mount/install suspension drive train
ALTAMA207,Automotive Mechanical Assembly NC II,CORE,ALT827311,Install/fit out trim parts/ and assemblies
ALTAMA207,Automotive Mechanical Assembly NC II,CORE,ALT827312,Perform final engine run
ALTAMA207,Automotive Mechanical Assembly NC II,CORE,ALT827313,Perform wheel alignment operations
ALTAMA308,Automotive Mechanical Assembly NC III,CORE,ALT827320,Rectify assembly faults on assembled mechanical assemblies
ALTAMA308,Automotive Mechanical Assembly NC III,BASIC,500311110,Lead small teams
ALTAMA308,Automotive Mechanical Assembly NC III,BASIC,500311111,Develop and practice negotiation skills
ALTAMA308,Automotive Mechanical Assembly NC III,BASIC,500311112,Solve problems related to work activities
ALTAMA308,Automotive Mechanical Assembly NC III,BASIC,500311113,Use mathematical concepts and techniques
ALTAMA308,Automotive Mechanical Assembly NC III,BASIC,500311114,Use relevant technologies
ALTAMA308,Automotive Mechanical Assembly NC III,COMMON,ALT311202,Perform mensuration and calculation
ALTAMA308,Automotive Mechanical Assembly NC III,COMMON,ALT742201,"Read, interpret and apply engineering drawings"
ALTAMA308,Automotive Mechanical Assembly NC III,COMMON,ALT723202,Move and position vehicle
ALTAMA308,Automotive Mechanical Assembly NC III,COMMON,ALT723201,Apply appropriate sealant/adhesive
ALTAMA308,Automotive Mechanical Assembly NC III,COMMON,ALT723205,Perform shop maintenance
ALTAMA308,Automotive Mechanical Assembly NC III,CORE,ALT827319,Conduct engine hot test
ALTAMA308,Automotive Mechanical Assembly NC III,BASIC,500311109,Lead workplace communication
ALTAMA308,Automotive Mechanical Assembly NC III,CORE,ALT827321,Rectify faults on mounted/installed brake and fuel system
ALTAMA308,Automotive Mechanical Assembly NC III,CORE,ALT827323,Rectify faults on mounted/installed suspension drive train
ALTAMA308,Automotive Mechanical Assembly NC III,CORE,ALT827322,Rectify faults on mounted/installed power drive system
ALTATP220,Automotive Painting NC II,CORE,ALT713305,Prepare and operate vehicle paint drying equipment
ALTATP220,Automotive Painting NC II,CORE,ALT721307,Repair body panel using filler
ALTATP220,Automotive Painting NC II,CORE,ALT713304,Apply primer surfacer
ALTATP220,Automotive Painting NC II,CORE,ALT713303,Mask vehicle panels and components
ALTATP220,Automotive Painting NC II,CORE,ALT713306,Spray solid color paint
ALTATP220,Automotive Painting NC II,CORE,ALT713301,Remove paint from vehicle painted surfaces
ALTATP220,Automotive Painting NC II,COMMON,ALT723218,Prepare vehicle for servicing and releasing
ALTATP220,Automotive Painting NC II,COMMON,ALT723217,Prepare servicing parts and consumables
ALTATP220,Automotive Painting NC II,COMMON,ALT723216,Utilize workshop facilities and equipment
ALTATP220,Automotive Painting NC II,COMMON,ALT723215,Perform mensuration and calculation
ALTATP220,Automotive Painting NC II,COMMON,ALT723214,Utilize automotive tools
ALTATP220,Automotive Painting NC II,COMMON,ALT832212,Move and position vehicle
ALTATP220,Automotive Painting NC II,COMMON,ALT723211,Validate vehicle specification
ALTATP220,Automotive Painting NC II,BASIC,400311218,Practice entrepreneurial skills in the workplace
ALTATP220,Automotive Painting NC II,BASIC,400311217,Exercise efficient and effective sustainable practices in the workplace
ALTATP220,Automotive Painting NC II,BASIC,400311216,Practice occupational safety and health policies and procedures
ALTATP220,Automotive Painting NC II,BASIC,400311215,Present relevant information
ALTATP220,Automotive Painting NC II,BASIC,400311214,Contribute to workplace innovation
ALTATP220,Automotive Painting NC II,BASIC,400311213,Develop career and life decisions
ALTATP220,Automotive Painting NC II,BASIC,400311212,Solve/address general workplace problems
ALTATP220,Automotive Painting NC II,BASIC,400311211,Work in team environment
ALTATP220,Automotive Painting NC II,BASIC,400311210,Participate in workplace communication
ALTATP220,Automotive Painting NC II,CORE,ALT713307,Perform polishing
ALTATP220,Automotive Painting NC II,CORE,ALT713302,Prepare panel for refinishing
ALTASC220,Automotive Servicing (Chassis Repair) NC II,COMMON,ALT723211,Validate vehicle specification
ALTASC220,Automotive Servicing (Chassis Repair) NC II,BASIC,400311211,Work in team environment
ALTASC220,Automotive Servicing (Chassis Repair) NC II,BASIC,400311210,Participate in workplace communication
ALTASC220,Automotive Servicing (Chassis Repair) NC II,BASIC,400311212,Solve/address general workplace problems
ALTASC220,Automotive Servicing (Chassis Repair) NC II,BASIC,400311213,Develop career and life decisions
ALTASC220,Automotive Servicing (Chassis Repair) NC II,BASIC,400311214,Contribute to workplace innovation
ALTASC220,Automotive Servicing (Chassis Repair) NC II,BASIC,400311215,Present relevant information
ALTASC220,Automotive Servicing (Chassis Repair) NC II,BASIC,400311216,Practice occupational safety and health policies and procedures
ALTASC220,Automotive Servicing (Chassis Repair) NC II,BASIC,400311217,Exercise efficient and effective sustainable practices in the workplace
ALTASC220,Automotive Servicing (Chassis Repair) NC II,BASIC,400311218,Practice entrepreneurial skills in the workplace
ALTASC220,Automotive Servicing (Chassis Repair) NC II,COMMON,ALT723212,Move and position vehicle
ALTASC220,Automotive Servicing (Chassis Repair) NC II,COMMON,ALT723214,Utilize automotive tools
ALTASC220,Automotive Servicing (Chassis Repair) NC II,COMMON,ALT723215,Perform mensuration and calculation
ALTASC220,Automotive Servicing (Chassis Repair) NC II,COMMON,ALT723216,Utilize workshop facilities and equipment
ALTASC220,Automotive Servicing (Chassis Repair) NC II,COMMON,ALT723217,Prepare servicing parts and consumables
ALTASC220,Automotive Servicing (Chassis Repair) NC II,COMMON,ALT723218,Prepare vehicle for servicing and releasing
ALTASC220,Automotive Servicing (Chassis Repair) NC II,CORE,ALT723385,Diagnose and repair drive lines
ALTASC220,Automotive Servicing (Chassis Repair) NC II,CORE,ALT723386,Diagnose and repair clutch system
ALTASC220,Automotive Servicing (Chassis Repair) NC II,CORE,ALT723387,Diagnose and overhaul manual transmission/transaxle
ALTASC220,Automotive Servicing (Chassis Repair) NC II,CORE,ALT723388,Diagnose and overhaul differential
ALTASC220,Automotive Servicing (Chassis Repair) NC II,CORE,ALT723389,Diagnose and repair brake system
ALTASC220,Automotive Servicing (Chassis Repair) NC II,CORE,ALT723390,Diagnose and repair steering system
ALTASC220,Automotive Servicing (Chassis Repair) NC II,CORE,ALT723391,Diagnose and repair suspension system
ALTASL220,Automotive Servicing (Electrical Repair) NC II,CORE,ALT723394,Repair manual air-conditioner compressor magnetic clutch
ALTASL220,Automotive Servicing (Electrical Repair) NC II,BASIC,400311211,Work in team environment
ALTASL220,Automotive Servicing (Electrical Repair) NC II,BASIC,400311212,Solve/address general workplace problems
ALTASL220,Automotive Servicing (Electrical Repair) NC II,BASIC,400311213,Develop career and life decisions
ALTASL220,Automotive Servicing (Electrical Repair) NC II,BASIC,400311214,Contribute to workplace innovation
ALTASL220,Automotive Servicing (Electrical Repair) NC II,BASIC,400311215,Present relevant information
ALTASL220,Automotive Servicing (Electrical Repair) NC II,BASIC,400311216,Practice occupational safety and health policies and procedures
ALTASL220,Automotive Servicing (Electrical Repair) NC II,BASIC,400311217,Exercise efficient and effective sustainable practices in the workplace
ALTASL220,Automotive Servicing (Electrical Repair) NC II,BASIC,400311218,Practice entrepreneurial skills in the workplace
ALTASL220,Automotive Servicing (Electrical Repair) NC II,COMMON,ALT723211,Validate vehicle specification
ALTASL220,Automotive Servicing (Electrical Repair) NC II,COMMON,ALT723212,Move and position vehicle
ALTASL220,Automotive Servicing (Electrical Repair) NC II,COMMON,ALT723214,Utilize automotive tools
ALTASL220,Automotive Servicing (Electrical Repair) NC II,COMMON,ALT723215,Perform mensuration and calculation
ALTASL220,Automotive Servicing (Electrical Repair) NC II,COMMON,ALT723216,Utilize workshop facilities and equipment
ALTASL220,Automotive Servicing (Electrical Repair) NC II,COMMON,ALT723217,Prepare servicing parts and consumables
ALTASL220,Automotive Servicing (Electrical Repair) NC II,COMMON,ALT723218,Prepare vehicle for servicing and releasing
ALTASL220,Automotive Servicing (Electrical Repair) NC II,CORE,ALT723392,Service manual air-conditioner system
ALTASL220,Automotive Servicing (Electrical Repair) NC II,CORE,ALT723393,Diagnose and repair manual air-conditioner system
ALTASL220,Automotive Servicing (Electrical Repair) NC II,BASIC,400311210,Participate in workplace communication
ALTASL220,Automotive Servicing (Electrical Repair) NC II,CORE,ALT723395,Diagnose and repair ignition system
ALTASL220,Automotive Servicing (Electrical Repair) NC II,CORE,ALT723396,Diagnose and repair starting system
ALTASL220,Automotive Servicing (Electrical Repair) NC II,CORE,ALT723397,Diagnose and repair charging system
ALTASL220,Automotive Servicing (Electrical Repair) NC II,CORE,ALT723398,Diagnose and repair body electrical system
ALTASN220,Automotive Servicing (Engine Repair) NC II,BASIC,400311217,Exercise efficient and effective sustainable practices in the workplace
ALTASN220,Automotive Servicing (Engine Repair) NC II,CORE,ALT233101,Diagnose and overhaul engine mechanical system
ALTASN220,Automotive Servicing (Engine Repair) NC II,BASIC,400311212,Solve/address general workplace problems
ALTASN220,Automotive Servicing (Engine Repair) NC II,BASIC,400311213,Develop career and life decisions
ALTASN220,Automotive Servicing (Engine Repair) NC II,BASIC,400311214,Contribute to workplace innovation
ALTASN220,Automotive Servicing (Engine Repair) NC II,BASIC,400311215,Present relevant information
ALTASN220,Automotive Servicing (Engine Repair) NC II,BASIC,400311216,Practice occupational safety and health policies and procedures
ALTASN220,Automotive Servicing (Engine Repair) NC II,BASIC,400311210,Participate in workplace communication
ALTASN220,Automotive Servicing (Engine Repair) NC II,BASIC,400311218,Practice entrepreneurial skills in the workplace
ALTASN220,Automotive Servicing (Engine Repair) NC II,COMMON,ALT723211,Validate vehicle specification
ALTASN220,Automotive Servicing (Engine Repair) NC II,COMMON,ALT723212,Move and position vehicle
ALTASN220,Automotive Servicing (Engine Repair) NC II,COMMON,ALT723214,Utilize automotive tools
ALTASN220,Automotive Servicing (Engine Repair) NC II,COMMON,ALT723215,Perform mensuration and calculation
ALTASN220,Automotive Servicing (Engine Repair) NC II,COMMON,ALT723216,Utilize workshop facilities and equipment
ALTASN220,Automotive Servicing (Engine Repair) NC II,COMMON,ALT723217,Prepare servicing parts and consumables
ALTASN220,Automotive Servicing (Engine Repair) NC II,COMMON,ALT723218,Prepare vehicle for servicing and releasing
ALTASN220,Automotive Servicing (Engine Repair) NC II,CORE,ALT23399,Diagnose and repair engine cooling and lubrication system
ALTASN220,Automotive Servicing (Engine Repair) NC II,CORE,ALT233100,Diagnose and repair intake and exhaust system
ALTASN220,Automotive Servicing (Engine Repair) NC II,BASIC,400311211,Work in team environment
ALTATS118,Automotive Servicing NC I,BASIC,500311101,Receive and respond to workplace communication
ALTATS118,Automotive Servicing NC I,BASIC,500311102,Work with others
ALTATS118,Automotive Servicing NC I,BASIC,500311103,Demonstrate work values
ALTATS118,Automotive Servicing NC I,BASIC,500311104,Practice basic housekeeping procedures
ALTATS118,Automotive Servicing NC I,COMMON,ALT723211,Validate vehicle specification
ALTATS118,Automotive Servicing NC I,COMMON,ALT832212,Move and position vehicle
ALTATS118,Automotive Servicing NC I,COMMON,ALT723214,Utilize automotive tools
ALTATS118,Automotive Servicing NC I,COMMON,ALT723215,Perform mensuration and calculation
ALTATS118,Automotive Servicing NC I,COMMON,ALT723216,Utilize workshop facilities and equipment
ALTATS118,Automotive Servicing NC I,COMMON,ALT723217,Prepare servicing parts and consumables
ALTATS118,Automotive Servicing NC I,COMMON,ALT723218,Prepare vehicle for servicing and releasing
ALTATS118,Automotive Servicing NC I,CORE,ALT723372,Perform pre-delivery inspection
ALTATS118,Automotive Servicing NC I,CORE,ALT723373,Perform periodic maintenance of automotive engine
ALTATS118,Automotive Servicing NC I,CORE,ALT723374,Perform periodic maintenance of drive train
ALTATS118,Automotive Servicing NC I,CORE,ALT723375,Perform periodic maintenance of brake system
ALTATS118,Automotive Servicing NC I,CORE,ALT723376,Perform periodic maintenance of suspension system
ALTATS118,Automotive Servicing NC I,CORE,ALT723377,Perform periodic maintenance of steering system
ALTATS106,Automotive Servicing NC I (Superseded),BASIC,500311102,Work with others
ALTATS113,Automotive Servicing NC I (Superseded),BASIC,500311104,Practice basic housekeeping procedures
ALTATS106,Automotive Servicing NC I (Superseded),CORE,ALT723306,Perform underchassis preventive maintenance
ALTATS106,Automotive Servicing NC I (Superseded),CORE,ALT723305,Test and repair wiring/lighting system
ALTATS106,Automotive Servicing NC I (Superseded),CORE,ALT723304,Service ignition system
ALTATS106,Automotive Servicing NC I (Superseded),CORE,ALT723303,Service automotive battery
ALTATS106,Automotive Servicing NC I (Superseded),CORE,ALT723302,Perform gas engine tune up
ALTATS106,Automotive Servicing NC I (Superseded),CORE,ALT723301,Perform diesel engine tune up
ALTATS113,Automotive Servicing NC I (Superseded),CORE,ALT723357,Remove and tag transmission system components
ALTATS113,Automotive Servicing NC I (Superseded),CORE,ALT723356,"Remove and tag automotive steering, suspension and brake system components"
ALTATS113,Automotive Servicing NC I (Superseded),CORE,ALT723355,Remove and tag engine system components
ALTATS113,Automotive Servicing NC I (Superseded),CORE,ALT723354,Remove and replace electrical/electronic units/ assemblies
ALTATS113,Automotive Servicing NC I (Superseded),CORE,ALT723302,Perform gas engine tune up
ALTATS113,Automotive Servicing NC I (Superseded),CORE,ALT723301,Perform diesel engine tune up
ALTATS106,Automotive Servicing NC I (Superseded),COMMON,ALT723205,Perform shop maintenance
ALTATS106,Automotive Servicing NC I (Superseded),COMMON,ALT723204,Use and apply lubricants/coolants
ALTATS106,Automotive Servicing NC I (Superseded),COMMON,ALT723203,"Read, interpret and apply specifications and manuals"
ALTATS106,Automotive Servicing NC I (Superseded),COMMON,ALT311202,Perform mensuration and calculation
ALTATS106,Automotive Servicing NC I (Superseded),COMMON,ALT723202,Move and position vehicle
ALTATS106,Automotive Servicing NC I (Superseded),COMMON,ALT723201,Apply appropriate sealant/adhesive
ALTATS113,Automotive Servicing NC I (Superseded),COMMON,ALT723210,Identify and select original automotive parts and products
ALTATS113,Automotive Servicing NC I (Superseded),COMMON,ALT311209,Provide work skill instructions
ALTATS113,Automotive Servicing NC I (Superseded),COMMON,ALT311208,Maintain quality systems
ALTATS113,Automotive Servicing NC I (Superseded),COMMON,ALT311207,Inspect technical quality of work
ALTATS113,Automotive Servicing NC I (Superseded),COMMON,ALT723206,"Practice health, safety and environment procedures"
ALTATS113,Automotive Servicing NC I (Superseded),COMMON,ALT311205,Interpret/draw technical drawing
ALTATS113,Automotive Servicing NC I (Superseded),COMMON,ALT311204,Perform job estimate
ALTATS113,Automotive Servicing NC I (Superseded),COMMON,ALT723205,Perform shop maintenance
ALTATS113,Automotive Servicing NC I (Superseded),COMMON,ALT723204,Use and apply lubricants/coolants
ALTATS113,Automotive Servicing NC I (Superseded),COMMON,ALT723203,"Read, interpret and apply specifications and manuals"
ALTATS113,Automotive Servicing NC I (Superseded),COMMON,ALT311202,Perform mensuration and calculation
ALTATS113,Automotive Servicing NC I (Superseded),COMMON,ALT723202,Move and position vehicle
ALTATS113,Automotive Servicing NC I (Superseded),COMMON,ALT723201,Apply appropriate sealant/adhesive
ALTATS106,Automotive Servicing NC I (Superseded),BASIC,500311104,Practice basic housekeeping procedures
ALTATS106,Automotive Servicing NC I (Superseded),BASIC,500311103,Demonstrate work values
ALTATS113,Automotive Servicing NC I (Superseded),BASIC,500311102,Work with others
ALTATS113,Automotive Servicing NC I (Superseded),BASIC,500311101,Receive and respond to workplace communication
ALTATS106,Automotive Servicing NC I (Superseded),BASIC,500311101,Receive and respond to workplace communication
ALTATS113,Automotive Servicing NC I (Superseded),BASIC,500311103,Demonstrate work values
ALTATS204,Automotive Servicing NC II (Superseded),CORE,ALT723301,Perform diesel engine tune up
ALTATS204,Automotive Servicing NC II (Superseded),CORE,ALT723315,Service suspension system
ALTATS204,Automotive Servicing NC II (Superseded),CORE,ALT723303,Service automotive battery
ALTATS213,Automotive Servicing NC II (Superseded),CORE,ALT723312,Service steering system
ALTATS204,Automotive Servicing NC II (Superseded),CORE,ALT723314,Service brake system
ALTATS204,Automotive Servicing NC II (Superseded),CORE,ALT723313,Overhaul manual transmission
ALTATS204,Automotive Servicing NC II (Superseded),CORE,ALT723312,Service steering system
ALTATS204,Automotive Servicing NC II (Superseded),CORE,ALT723311,Service differential and front axle
ALTATS204,Automotive Servicing NC II (Superseded),CORE,ALT723310,Service clutch system
ALTATS204,Automotive Servicing NC II (Superseded),CORE,ALT723309,Service engine mechanical system
ALTATS204,Automotive Servicing NC II (Superseded),CORE,ALT723308,Service charging system
ALTATS204,Automotive Servicing NC II (Superseded),CORE,ALT723307,Service starting system
ALTATS204,Automotive Servicing NC II (Superseded),CORE,ALT723306,Perform underchassis preventive maintenance
ALTATS204,Automotive Servicing NC II (Superseded),CORE,ALT723305,Test and repair wiring/lighting system
ALTATS213,Automotive Servicing NC II (Superseded),BASIC,500311108,Practice occupational health and safety procedures
ALTATS213,Automotive Servicing NC II (Superseded),BASIC,500311105,Participate in workplace communication
ALTATS213,Automotive Servicing NC II (Superseded),BASIC,500311106,Work in team environment
ALTATS213,Automotive Servicing NC II (Superseded),BASIC,500311107,Practice career professionalism
ALTATS204,Automotive Servicing NC II (Superseded),BASIC,500311105,Participate in workplace communication
ALTATS204,Automotive Servicing NC II (Superseded),BASIC,500311106,Work in team environment
ALTATS204,Automotive Servicing NC II (Superseded),CORE,ALT723304,Service ignition system
ALTATS204,Automotive Servicing NC II (Superseded),BASIC,500311107,Practice career professionalism
ALTATS204,Automotive Servicing NC II (Superseded),BASIC,500311108,Practice occupational health and safety procedures
ALTATS204,Automotive Servicing NC II (Superseded),COMMON,ALT723201,Apply appropriate sealant/adhesive
ALTATS204,Automotive Servicing NC II (Superseded),COMMON,ALT723202,Move and position vehicle
ALTATS204,Automotive Servicing NC II (Superseded),COMMON,ALT311202,Perform mensuration and calculation
ALTATS204,Automotive Servicing NC II (Superseded),COMMON,ALT723203,"Read, interpret and apply specifications and manuals"
ALTATS204,Automotive Servicing NC II (Superseded),COMMON,ALT723204,Use and apply lubricants/coolants
ALTATS204,Automotive Servicing NC II (Superseded),COMMON,ALT723205,Perform shop maintenance
ALTATS213,Automotive Servicing NC II (Superseded),COMMON,ALT723201,Apply appropriate sealant/adhesive
ALTATS213,Automotive Servicing NC II (Superseded),COMMON,ALT723202,Move and position vehicle
ALTATS213,Automotive Servicing NC II (Superseded),COMMON,ALT311202,Perform mensuration and calculation
ALTATS213,Automotive Servicing NC II (Superseded),COMMON,ALT723203,"Read, interpret and apply specifications and manuals"
ALTATS213,Automotive Servicing NC II (Superseded),COMMON,ALT723204,Use and apply lubricants/coolants
ALTATS213,Automotive Servicing NC II (Superseded),COMMON,ALT723205,Perform shop maintenance
ALTATS213,Automotive Servicing NC II (Superseded),COMMON,ALT311204,Perform job estimate
ALTATS213,Automotive Servicing NC II (Superseded),COMMON,ALT311205,Interpret/draw technical drawing
ALTATS213,Automotive Servicing NC II (Superseded),COMMON,ALT723206,"Practice health, safety and environment procedures"
ALTATS213,Automotive Servicing NC II (Superseded),COMMON,ALT311207,Inspect technical quality of work
ALTATS213,Automotive Servicing NC II (Superseded),COMMON,ALT311208,Maintain quality systems
ALTATS213,Automotive Servicing NC II (Superseded),COMMON,ALT311209,Provide work skill instructions
ALTATS213,Automotive Servicing NC II (Superseded),COMMON,ALT723210,Identify and select original automotive parts and products
ALTATS213,Automotive Servicing NC II (Superseded),CORE,ALT723305,Test and repair wiring/lighting system
ALTATS213,Automotive Servicing NC II (Superseded),CORE,ALT723309,Service engine mechanical system
ALTATS213,Automotive Servicing NC II (Superseded),CORE,ALT723311,Service differential and front axle
ALTATS213,Automotive Servicing NC II (Superseded),CORE,ALT723306,Perform underchassis preventive maintenance
ALTATS213,Automotive Servicing NC II (Superseded),CORE,ALT723303,Service automotive battery
ALTATS213,Automotive Servicing NC II (Superseded),CORE,ALT723315,Service suspension system
ALTATS204,Automotive Servicing NC II (Superseded),CORE,ALT723302,Perform gas engine tune up
ALTATS213,Automotive Servicing NC II (Superseded),CORE,ALT723313,Overhaul manual transmission
ALTATS213,Automotive Servicing NC II (Superseded),CORE,ALT723304,Service ignition system
ALTATS213,Automotive Servicing NC II (Superseded),CORE,ALT723307,Service starting system
ALTATS213,Automotive Servicing NC II (Superseded),CORE,ALT723308,Service charging system
ALTATS213,Automotive Servicing NC II (Superseded),CORE,ALT723310,Service clutch system
ALTATS213,Automotive Servicing NC II (Superseded),CORE,ALT723314,Service brake system
ALTATS313,Automotive Servicing NC III (Superseded),BASIC,500311110,Lead small teams
ALTATS313,Automotive Servicing NC III (Superseded),BASIC,500311109,Lead workplace communication
ALTATS313,Automotive Servicing NC III (Superseded),BASIC,500311111,Develop and practice negotiation skills
ALTATS313,Automotive Servicing NC III (Superseded),BASIC,500311112,Solve problems related to work activities
ALTATS313,Automotive Servicing NC III (Superseded),BASIC,500311113,Use mathematical concepts and techniques
ALTATS313,Automotive Servicing NC III (Superseded),BASIC,500311114,Use relevant technologies
ALTATS313,Automotive Servicing NC III (Superseded),COMMON,ALT723201,Apply appropriate sealant/adhesive
ALTATS313,Automotive Servicing NC III (Superseded),COMMON,ALT723202,Move and position vehicle
ALTATS313,Automotive Servicing NC III (Superseded),COMMON,ALT311202,Perform mensuration and calculation
ALTATS313,Automotive Servicing NC III (Superseded),COMMON,ALT723203,"Read, interpret and apply specifications and manuals"
ALTATS313,Automotive Servicing NC III (Superseded),COMMON,ALT723204,Use and apply lubricants/coolants
ALTATS313,Automotive Servicing NC III (Superseded),COMMON,ALT723205,Perform shop maintenance
ALTATS313,Automotive Servicing NC III (Superseded),COMMON,ALT311204,Perform job estimate
ALTATS313,Automotive Servicing NC III (Superseded),COMMON,ALT311205,Interpret/draw technical drawing
ALTATS313,Automotive Servicing NC III (Superseded),COMMON,ALT723206,"Practice health, safety and environment procedures"
ALTATS313,Automotive Servicing NC III (Superseded),COMMON,ALT311207,Inspect technical quality of work
ALTATS313,Automotive Servicing NC III (Superseded),COMMON,ALT311208,Maintain quality systems
ALTATS313,Automotive Servicing NC III (Superseded),COMMON,ALT311209,Provide work skill instructions
ALTATS313,Automotive Servicing NC III (Superseded),COMMON,ALT723210,Identify and select original automotive parts and products
ALTATS313,Automotive Servicing NC III (Superseded),CORE,ALT723316,Test and repair electrical security system/ components
ALTATS313,Automotive Servicing NC III (Superseded),CORE,ALT723317,Service electronic engine management
ALTATS313,Automotive Servicing NC III (Superseded),CORE,ALT723318,Overhaul engines and associated components
ALTATS313,Automotive Servicing NC III (Superseded),CORE,ALT723319,Service automatic transmission
ALTATS313,Automotive Servicing NC III (Superseded),CORE,ALT723361,Carry out diagnostic procedures
ALTATS313,Automotive Servicing NC III (Superseded),CORE,ALT723320,Perform maintenance service check-up and repair to auto ac system
ALTATS313,Automotive Servicing NC III (Superseded),CORE,ALT723353,Remove and replace automotive engine and engine-related systems
ALTATS313,Automotive Servicing NC III (Superseded),CORE,ALT723358,Service and repair electronically controlled steering systems
ALTATS313,Automotive Servicing NC III (Superseded),CORE,ALT723359,Service and repair electronically controlled suspension systems
ALTATS313,Automotive Servicing NC III (Superseded),ELECTIVE,ALT723350,Install LPG conversion kit
ALTATS313,Automotive Servicing NC III (Superseded),ELECTIVE,ALT723351,Test and adjust LPG calibration
ALTATS313,Automotive Servicing NC III (Superseded),ELECTIVE,ALT723352,Service LPG system
ALTATS313,Automotive Servicing NC III (Superseded),CORE,ALT723360,Repair instruments and warning systems
ALTATS413,Automotive Servicing NC IV,CORE,ALT723327,Service emission control system
ALTATS413,Automotive Servicing NC IV,COMMON,ALT311204,Perform job estimate
ALTATS413,Automotive Servicing NC IV,BASIC,500311115,Utilize specialized communication skills
ALTATS413,Automotive Servicing NC IV,BASIC,500311116,Develop teams and individuals
ALTATS413,Automotive Servicing NC IV,BASIC,500311117,Apply problem solving techniques in the workplace
ALTATS413,Automotive Servicing NC IV,BASIC,500311118,"Collect, analyze and organize information"
ALTATS413,Automotive Servicing NC IV,BASIC,500311119,Plan and organize work
ALTATS413,Automotive Servicing NC IV,BASIC,500311120,Promote environmental protection
ALTATS413,Automotive Servicing NC IV,COMMON,ALT723201,Apply appropriate sealant/adhesive
ALTATS413,Automotive Servicing NC IV,COMMON,ALT723202,Move and position vehicle
ALTATS413,Automotive Servicing NC IV,COMMON,ALT311202,Perform mensuration and calculation
ALTATS413,Automotive Servicing NC IV,CORE,ALT311371,Plan and manage compliance with environmental regulations in a workplace or business
ALTATS413,Automotive Servicing NC IV,CORE,ALT311370,Manage people performance
ALTATS413,Automotive Servicing NC IV,CORE,ALT311369,Implement continuous improvement
ALTATS413,Automotive Servicing NC IV,CORE,ALT311368,Ensure a safe workplace
ALTATS413,Automotive Servicing NC IV,CORE,ALT311367,Estimate complex jobs
ALTATS413,Automotive Servicing NC IV,CORE,ALT311366,Manage facility and inventory requirements
ALTATS413,Automotive Servicing NC IV,CORE,ALT311365,Plan assessment activities and processes
ALTATS413,Automotive Servicing NC IV,CORE,ALT723364,Service and repair electronically operated stability control system
ALTATS413,Automotive Servicing NC IV,CORE,ALT723363,Service and repair electronically operated traction control system
ALTATS413,Automotive Servicing NC IV,CORE,ALT723362,Service and repair electronically controlled anti-lock braking system
ALTATS413,Automotive Servicing NC IV,COMMON,ALT723203,"Read, interpret and apply specifications and manuals"
ALTATS413,Automotive Servicing NC IV,COMMON,ALT723204,Use and apply lubricants/coolants
ALTATS413,Automotive Servicing NC IV,CORE,ALT723326,Service electronic drive management system
ALTATS413,Automotive Servicing NC IV,CORE,ALT723325,Service diesel fuel injection system components
ALTATS413,Automotive Servicing NC IV,CORE,ALT723324,Service electronic body management system
ALTATS413,Automotive Servicing NC IV,CORE,ALT723323,Service diesel engine management system
ALTATS413,Automotive Servicing NC IV,COMMON,ALT723210,Identify and select original automotive parts and products
ALTATS413,Automotive Servicing NC IV,COMMON,ALT311209,Provide work skill instructions
ALTATS413,Automotive Servicing NC IV,COMMON,ALT311208,Maintain quality systems
ALTATS413,Automotive Servicing NC IV,COMMON,ALT311207,Inspect technical quality of work
ALTATS413,Automotive Servicing NC IV,COMMON,ALT723206,"Practice health, safety and environment procedures"
ALTATS413,Automotive Servicing NC IV,COMMON,ALT311205,Interpret/draw technical drawing
ALTATS413,Automotive Servicing NC IV,COMMON,ALT723205,Perform shop maintenance
ALTWHA209,Automotive Wiring Harness Assembly NC II,CORE,ALT827325,Perform cutting and stripping of electrical wires
ALTWHA209,Automotive Wiring Harness Assembly NC II,CORE,ALT827327,"Perform tying, taping and finishing of assembly wires"
ALTWHA209,Automotive Wiring Harness Assembly NC II,CORE,ALT827326,Perform crimping and soldering of terminals
ALTWHA209,Automotive Wiring Harness Assembly NC II,BASIC,500311105,Participate in workplace communication
ALTWHA209,Automotive Wiring Harness Assembly NC II,BASIC,500311106,Work in team environment
ALTWHA209,Automotive Wiring Harness Assembly NC II,BASIC,500311107,Practice career professionalism
ALTWHA209,Automotive Wiring Harness Assembly NC II,BASIC,500311108,Practice occupational health and safety procedures
ALTWHA209,Automotive Wiring Harness Assembly NC II,COMMON,ALT311202,Perform mensuration and calculation
ALTWHA209,Automotive Wiring Harness Assembly NC II,COMMON,ALT742201,"Read, interpret and apply engineering drawings"
ALTWHA209,Automotive Wiring Harness Assembly NC II,COMMON,ALT723201,Apply appropriate sealant/adhesive
ALTWHA209,Automotive Wiring Harness Assembly NC II,COMMON,ALT723205,Perform shop maintenance
ALTWHA209,Automotive Wiring Harness Assembly NC II,CORE,ALT827324,Select and classify materials and parts for assembly of wiring harness
AFFBPE219,Bamboo Processing (Engineered Bamboo) NC II,BASIC,400311214,Contribute to workplace innovation
AFFBPE219,Bamboo Processing (Engineered Bamboo) NC II,CORE,AFF752303,Perform kiln drying
AFFBPE219,Bamboo Processing (Engineered Bamboo) NC II,BASIC,400311212,Solve/address general workplace problems
AFFBPE219,Bamboo Processing (Engineered Bamboo) NC II,BASIC,400311213,Develop career and life decisions
AFFBPE219,Bamboo Processing (Engineered Bamboo) NC II,BASIC,400311215,Present relevant information
AFFBPE219,Bamboo Processing (Engineered Bamboo) NC II,BASIC,400311216,Practice occupational safety and health policies and procedures
AFFBPE219,Bamboo Processing (Engineered Bamboo) NC II,BASIC,400311217,Exercise efficient and effective sustainable practices in the workplace
AFFBPE219,Bamboo Processing (Engineered Bamboo) NC II,BASIC,400311218,Practice entrepreneurial skills in the workplace
AFFBPE219,Bamboo Processing (Engineered Bamboo) NC II,COMMON,AFF321201,Apply safety measures in farm operations
AFFBPE219,Bamboo Processing (Engineered Bamboo) NC II,BASIC,400311210,Participate in workplace communication
AFFBPE219,Bamboo Processing (Engineered Bamboo) NC II,COMMON,AFF321202,Use farm tools and equipment
AFFBPE219,Bamboo Processing (Engineered Bamboo) NC II,COMMON,AFF321203,Perform estimation and basic calculation
AFFBPE219,Bamboo Processing (Engineered Bamboo) NC II,CORE,AFF752301,Perform basic bamboo processing
AFFBPE219,Bamboo Processing (Engineered Bamboo) NC II,CORE,AFF752302,Carry out treatment of semi-processed bamboo materials
AFFBPE219,Bamboo Processing (Engineered Bamboo) NC II,CORE,AFF752307,Perform finishing
AFFBPE219,Bamboo Processing (Engineered Bamboo) NC II,CORE,AFF752306,Produce engineered bamboo
AFFBPE219,Bamboo Processing (Engineered Bamboo) NC II,CORE,AFF752305,Laminate bamboo materials
AFFBPE219,Bamboo Processing (Engineered Bamboo) NC II,CORE,AFF752304,Perform milling operation
AFFBPE219,Bamboo Processing (Engineered Bamboo) NC II,BASIC,400311211,Work in team environment
AFFBPN217,Bamboo Production NC II,BASIC,500311105,Participate in workplace communication
AFFBPN217,Bamboo Production NC II,BASIC,500311106,Work in team environment
AFFBPN217,Bamboo Production NC II,BASIC,500311107,Practice career professionalism
AFFBPN217,Bamboo Production NC II,BASIC,500311108,Practice occupational health and safety procedures
AFFBPN217,Bamboo Production NC II,COMMON,AGR321202,Use farm tools and equipment
AFFBPN217,Bamboo Production NC II,COMMON,AGR321203,Perform estimation and basic calculation
AFFBPN217,Bamboo Production NC II,CORE,AFF611310,Operate bamboo nursery
AFFBPN217,Bamboo Production NC II,CORE,AFF611311,Establish bamboo farm
AFFBPN217,Bamboo Production NC II,CORE,AFF611312,Conduct bamboo clump rehabilitation
AFFBPN217,Bamboo Production NC II,CORE,AFF611313,Conduct harvesting and post-harvesting operations
AFFBPN217,Bamboo Production NC II,COMMON,AGR321201,Apply safety measures in farm operations
HHCBHS219,Barangay Health Services NC II,BASIC,400311217,Exercise efficient and effective sustainable practices in the workplace
HHCBHS219,Barangay Health Services NC II,BASIC,400311218,Practice entrepreneurial skills in the workplace
HHCBHS219,Barangay Health Services NC II,BASIC,400311210,Participate in workplace communication
HHCBHS219,Barangay Health Services NC II,BASIC,400311211,Work in team environment
HHCBHS219,Barangay Health Services NC II,BASIC,400311212,Solve/address general workplace problems
HHCBHS219,Barangay Health Services NC II,BASIC,400311213,Develop career and life decisions
HHCBHS219,Barangay Health Services NC II,BASIC,400311214,Contribute to workplace innovation
HHCBHS219,Barangay Health Services NC II,BASIC,400311215,Present relevant information
HHCBHS219,Barangay Health Services NC II,COMMON,HHC323201,Implement and monitor infection control policies and procedures
HHCBHS219,Barangay Health Services NC II,COMMON,HHC323202,Respond effectively to difficult/challenging behavior
HHCBHS219,Barangay Health Services NC II,COMMON,HHC323203,Apply basic first aid
HHCBHS219,Barangay Health Services NC II,COMMON,HHC323204,Maintain high standard of patient / client services
HHCBHS219,Barangay Health Services NC II,CORE,HHC532302,"Share knowledge and skills among members to provide information, education and communication (IEC) and/or household teaching in disease prevention and control"
HHCBHS219,Barangay Health Services NC II,CORE,HHC532301,Assist the household to identify health problems to promote health and well-being
HHCBHS219,Barangay Health Services NC II,CORE,HHC532303,"Ensure safekeeping of equipment, medical supplies, materials and health records in health section"
HHCBHS219,Barangay Health Services NC II,CORE,HHC532304,Monitor health status of household members under his/her area of service coverage
HHCBHS219,Barangay Health Services NC II,CORE,HHC532305,Maintain updated list/records of health activities
HHCBHS219,Barangay Health Services NC II,BASIC,400311216,Practice occupational safety and health policies and procedures
HHCBHS206,Barangay Health Services NC II (Superseded),CORE,HCS346301,Work within a community development framework
HHCBHS206,Barangay Health Services NC II (Superseded),CORE,HCS346309,Implement health promotion and community interventions
HHCBHS206,Barangay Health Services NC II (Superseded),CORE,HCS346308,Develop and provide health education program in the community
HHCBHS206,Barangay Health Services NC II (Superseded),CORE,HCS346307,Respond holistically to client issues
HHCBHS206,Barangay Health Services NC II (Superseded),CORE,HCS346306,Recruit and coordinate volunteers
HHCBHS206,Barangay Health Services NC II (Superseded),CORE,HCS346305,Support community participation
HHCBHS206,Barangay Health Services NC II (Superseded),CORE,HCS346304,Provide primary / residential care
HHCBHS206,Barangay Health Services NC II (Superseded),CORE,HCS346303,Support community resources
HHCBHS206,Barangay Health Services NC II (Superseded),COMMON,HCS323204,Maintain high standard of patient services
HHCBHS206,Barangay Health Services NC II (Superseded),CORE,HCS346302,Prepare for work in the community service industry
HHCBHS206,Barangay Health Services NC II (Superseded),COMMON,HCS323203,Apply basic first aid
HHCBHS206,Barangay Health Services NC II (Superseded),COMMON,HCS323202,Respond effectively to difficult/challenging behavior
HHCBHS206,Barangay Health Services NC II (Superseded),COMMON,HHC321201,Implement and monitor infection control policies and procedures
HHCBHS206,Barangay Health Services NC II (Superseded),BASIC,500311108,Practice occupational health and safety procedures
HHCBHS206,Barangay Health Services NC II (Superseded),BASIC,500311107,Practice career professionalism
HHCBHS206,Barangay Health Services NC II (Superseded),BASIC,500311106,Work in team environment
HHCBHS206,Barangay Health Services NC II (Superseded),BASIC,500311105,Participate in workplace communication
SOCBRB220,Barbering NC II,BASIC,400311213,Develop career and life decisions
SOCBRB220,Barbering NC II,BASIC,400311212,Solve/address general workplace problems
SOCBRB220,Barbering NC II,BASIC,400311214,Contribute to workplace innovation
SOCBRB220,Barbering NC II,BASIC,400311215,Present relevant information
SOCBRB220,Barbering NC II,BASIC,400311216,Practice occupational safety and health policies and procedures
SOCBRB220,Barbering NC II,BASIC,400311217,Exercise efficient and effective sustainable practices in the workplace
SOCBRB220,Barbering NC II,BASIC,400311218,Practice entrepreneurial skills in the workplace
SOCBRB220,Barbering NC II,COMMON,SOC514201,Maintain an effective relationship with client/customer
SOCBRB220,Barbering NC II,COMMON,SOC514202,Manage own performance
SOCBRB220,Barbering NC II,COMMON,SOC514203,Apply quality standards
SOCBRB220,Barbering NC II,COMMON,SOC514204,"Maintain a safe, clean and efficient environment"
SOCBRB220,Barbering NC II,CORE,SOC514318,Perform hair and scalp treatment
SOCBRB220,Barbering NC II,CORE,SOC514319,Perform basic hair coloring
SOCBRB220,Barbering NC II,CORE,SOC514320,Perform basic men’s haircutting
SOCBRB220,Barbering NC II,CORE,SOC514321,Perform shave and style beard and mustache
SOCBRB220,Barbering NC II,BASIC,400311211,Work in team environment
SOCBRB220,Barbering NC II,BASIC,400311210,Participate in workplace communication
SOCBRB220,Barbering NC II,CORE,SOC514322,Perform chair manipulative relaxing services
SOCBRB210,Barbering NC II (Superseded),COMMON,HCS515201,Maintain an effective relationship with clients/customers
SOCBRB210,Barbering NC II (Superseded),ELECTIVE,HCS515406,"Perform men’s hairpiece attachment, styling and maintenance"
SOCBRB210,Barbering NC II (Superseded),BASIC,500311105,Participate in workplace communication
SOCBRB210,Barbering NC II (Superseded),BASIC,500311108,Practice occupational health and safety procedures
SOCBRB210,Barbering NC II (Superseded),BASIC,500311106,Work in team environment
SOCBRB210,Barbering NC II (Superseded),BASIC,500311107,Practice career professionalism
SOCBRB210,Barbering NC II (Superseded),COMMON,HCS515204,Apply quality standards
SOCBRB210,Barbering NC II (Superseded),COMMON,HCS515205,"Maintain a safe, clean and efficient work environment"
SOCBRB210,Barbering NC II (Superseded),CORE,HCS515301,Perform pre- and post- hair care activities
SOCBRB210,Barbering NC II (Superseded),CORE,HCS515302,Perform hair and scalp treatment
SOCBRB210,Barbering NC II (Superseded),CORE,HCS515304,Perform basic hair coloring
SOCBRB210,Barbering NC II (Superseded),CORE,HCS515327,Perform haircut
SOCBRB210,Barbering NC II (Superseded),CORE,HCS515328,Shave and style beard and mustache
SOCBRB210,Barbering NC II (Superseded),CORE,HCS515329,Perform chair spot massage
SOCBRB210,Barbering NC II (Superseded),ELECTIVE,HCS515303,Perform basic hair perming
SOCBRB210,Barbering NC II (Superseded),ELECTIVE,HCS515405,Perform hair relaxing
SOCBRB210,Barbering NC II (Superseded),COMMON,HCS515202,Manage own performance
TRSBRT213,Barista NC II,BASIC,500311105,Participate in workplace communication
TRSBRT213,Barista NC II,BASIC,500311106,Work in team environment
TRSBRT213,Barista NC II,BASIC,500311107,Practice career professionalism
TRSBRT213,Barista NC II,BASIC,500311108,Practice occupational health and safety procedures
TRSBRT213,Barista NC II,COMMON,TRS311201,Develop and update industry knowledge
TRSBRT213,Barista NC II,COMMON,TRS311202,Observe workplace hygiene procedures
TRSBRT213,Barista NC II,COMMON,TRS311203,Perform computer operations
TRSBRT213,Barista NC II,COMMON,TRS311204,Perform workplace and safety practices
TRSBRT213,Barista NC II,COMMON,TRS311205,Provide effective customer service
TRSBRT213,Barista NC II,CORE,TRS311300,Prepare espresso
TRSBRT213,Barista NC II,CORE,TRS311301,Texture milk
TRSBRT213,Barista NC II,CORE,TRS311302,Prepare and serve coffee beverages
TRSBRT213,Barista NC II,CORE,TRS311303,Perform basic maintenance of machine and equipment
TRSBRT213,Barista NC II,CORE,TRS311304,Perform basic cashiering and general control procedures
TRSBAR213,Bartending NC II,ELECTIVE,TRS3113101,Texture milk
TRSBAR213,Bartending NC II,CORE,TRS512398,Provide basic wine service
TRSBAR213,Bartending NC II,ELECTIVE,TRS3113102,Prepare and serve coffee beverages
TRSBAR213,Bartending NC II,BASIC,500311105,Participate in workplace communication
TRSBAR213,Bartending NC II,BASIC,500311106,Work in team environment
TRSBAR213,Bartending NC II,ELECTIVE,TRS3113100,Prepare espresso
TRSBAR213,Bartending NC II,BASIC,500311107,Practice career professionalism
TRSBAR213,Bartending NC II,BASIC,500311108,Practice occupational health and safety procedures
TRSBAR213,Bartending NC II,COMMON,TRS311201,Develop and update industry knowledge
TRSBAR213,Bartending NC II,COMMON,TRS311202,Observe workplace hygiene procedures
TRSBAR213,Bartending NC II,COMMON,TRS311203,Perform computer operations
TRSBAR213,Bartending NC II,COMMON,TRS311204,Perform workplace and safety practices
TRSBAR213,Bartending NC II,COMMON,TRS311205,Provide effective customer service
TRSBAR213,Bartending NC II,CORE,TRS512395,Clean bar areas
TRSBAR213,Bartending NC II,CORE,TRS512396,Operate bar
TRSBAR213,Bartending NC II,CORE,TRS512397,Prepare and mix cocktails and non-alcoholic concoctions
TRSBAR205,Bartending NC II (Superseded),CORE,TRS512315,Provide wine service
TRSBAR205,Bartending NC II (Superseded),BASIC,500311105,Participate in workplace communication
TRSBAR205,Bartending NC II (Superseded),BASIC,500311106,Work in team environment
TRSBAR205,Bartending NC II (Superseded),BASIC,500311107,Practice career professionalism
TRSBAR205,Bartending NC II (Superseded),BASIC,500311108,Practice occupational health and safety procedures
TRSBAR205,Bartending NC II (Superseded),COMMON,TRS311201,Develop and update industry knowledge
TRSBAR205,Bartending NC II (Superseded),COMMON,TRS311202,Observe workplace hygiene procedures
TRSBAR205,Bartending NC II (Superseded),COMMON,TRS311203,Perform computer operations
TRSBAR205,Bartending NC II (Superseded),COMMON,TRS311204,Perform workplace and safety practices
TRSBAR205,Bartending NC II (Superseded),COMMON,TRS311205,Provide effective customer service
TRSBAR205,Bartending NC II (Superseded),CORE,TRS512312,Clean bar areas
TRSBAR205,Bartending NC II (Superseded),CORE,TRS512313,Operate bar
TRSBAR205,Bartending NC II (Superseded),CORE,TRS512314,Prepare and mix cocktails and non-alcoholic drinks
CONBIM324,Basic 3D Building Information Modelling NC III,CORE,CON834XXX,Create 3D Model of mechanical layout and details
CONBIM324,Basic 3D Building Information Modelling NC III,COMMON,CON311202,Apply quality standards
CONBIM324,Basic 3D Building Information Modelling NC III,BASIC,400311327,Facilitate entrepreneurial skills for micro-small-medium enterprises (MSMEs)
CONBIM324,Basic 3D Building Information Modelling NC III,COMMON,CON311203,Perform mensuration and calculations
CONBIM324,Basic 3D Building Information Modelling NC III,COMMON,CON311202,Interpret 2D drawings and plans
CONBIM324,Basic 3D Building Information Modelling NC III,BASIC,400311325,Evaluate occupational safety and health work practices
CONBIM324,Basic 3D Building Information Modelling NC III,BASIC,400311324,Use information systematically
CONBIM324,Basic 3D Building Information Modelling NC III,BASIC,400311323,Propose methods of applying learning and innovation in the organization
CONBIM324,Basic 3D Building Information Modelling NC III,BASIC,400311322,Work in a diverse environment
CONBIM324,Basic 3D Building Information Modelling NC III,BASIC,400311321,Apply critical thinking and problem solving techniques in the workplace
CONBIM324,Basic 3D Building Information Modelling NC III,BASIC,400311320,Lead small teams
CONBIM324,Basic 3D Building Information Modelling NC III,BASIC,400311319,Lead workplace communication
CONBIM324,Basic 3D Building Information Modelling NC III,CORE,CON834XXX,Create 3D Model of electrical and electronic layout and details
CONBIM324,Basic 3D Building Information Modelling NC III,CORE,CON834XXX,Create 3D Model of structural layout and details
CONBIM324,Basic 3D Building Information Modelling NC III,CORE,CON834XXX,Create 3D Model of architectural layout and details
CONBIM324,Basic 3D Building Information Modelling NC III,CORE,CON834XXX,"Analyze completeness of drawing for basic 3D Building Information
Modelling"
CONBIM324,Basic 3D Building Information Modelling NC III,BASIC,400311326,Evaluate environmental work practices
CONBIM324,Basic 3D Building Information Modelling NC III,COMMON,CON311203,Operate personal computer
CONBIM324,Basic 3D Building Information Modelling NC III,CORE,CON834XXX,Create 3D Model of sanitary and plumbing layout and details
CREBAW224,Basket Weaving NC II,COMMON,CRE731208,Develop artistic skills and cultural awareness of one-self
CREBAW224,Basket Weaving NC II,COMMON,CRE731209,"Work with tools, materials, and equipment"
CREBAW224,Basket Weaving NC II,COMMON,CRE731206,"Maintain a safe, clean and efficient work environment"
CREBAW224,Basket Weaving NC II,COMMON,CRE731205,Manage own performance
CREBAW224,Basket Weaving NC II,COMMON,CRE731202,Enhance creative and artistic skills and cultural awareness
CREBAW224,Basket Weaving NC II,COMMON,CRE731201,Enhance industry knowledge and skills
CREBAW224,Basket Weaving NC II,BASIC,400311218,Practice entrepreneurial skills in the workplace
CREBAW224,Basket Weaving NC II,BASIC,400311217,Exercise efficient and effective sustainable practices in the workplace
CREBAW224,Basket Weaving NC II,BASIC,400311216,Practice occupational safety and health policies and procedures
CREBAW224,Basket Weaving NC II,BASIC,400311215,Present relevant information
CREBAW224,Basket Weaving NC II,BASIC,400311214,Contribute to workplace innovation
CREBAW224,Basket Weaving NC II,BASIC,400311213,Develop career and life decisions
CREBAW224,Basket Weaving NC II,BASIC,400311212,Solve/address general workplace problems
CREBAW224,Basket Weaving NC II,BASIC,400311211,Work in team environment
CREBAW224,Basket Weaving NC II,BASIC,400311210,Participate in workplace communication
CREBAW224,Basket Weaving NC II,COMMON,CRE731210,Perform mensuration and calculation
CREBAW224,Basket Weaving NC II,CORE,CRE731313,Perform preparatory activities for basket weaving
CREBAW224,Basket Weaving NC II,CORE,CRE731314,Weave basket
CREBAW224,Basket Weaving NC II,CORE,CRE731315,Conduct quality control activities
CREBAW224,Basket Weaving NC II,COMMON,CRE731207,Provide and maintain effective customer service
CREBAD223,Beadwork Accessories and Diversified Beadwork Products Making NC II,CORE,CRE731304,Conduct pre-beadworks activities
CREBAD223,Beadwork Accessories and Diversified Beadwork Products Making NC II,BASIC,400311218,Practice entrepreneurial skills in the workplace
CREBAD223,Beadwork Accessories and Diversified Beadwork Products Making NC II,COMMON,CRE731201,Enhance industry knowledge and skills
CREBAD223,Beadwork Accessories and Diversified Beadwork Products Making NC II,COMMON,CRE731202,Enhance creative and artistic skills and cultural awareness
CREBAD223,Beadwork Accessories and Diversified Beadwork Products Making NC II,COMMON,CRE731205,Manage own performance
CREBAD223,Beadwork Accessories and Diversified Beadwork Products Making NC II,COMMON,CRE731206,"Maintain a safe, clean and efficient work environment"
CREBAD223,Beadwork Accessories and Diversified Beadwork Products Making NC II,COMMON,CRE731207,Provide and maintain effective customer service
CREBAD223,Beadwork Accessories and Diversified Beadwork Products Making NC II,COMMON,CRE731208,Develop artistic skills and cultural awareness of one-self
CREBAD223,Beadwork Accessories and Diversified Beadwork Products Making NC II,CORE,CRE731306,Market beadwork products
CREBAD223,Beadwork Accessories and Diversified Beadwork Products Making NC II,COMMON,CRE731209,"Work with tools, materials, and equipment"
CREBAD223,Beadwork Accessories and Diversified Beadwork Products Making NC II,COMMON,CRE731210,Perform mensuration and calculation
CREBAD223,Beadwork Accessories and Diversified Beadwork Products Making NC II,BASIC,400311217,Exercise efficient and effective sustainable practices in the workplace
CREBAD223,Beadwork Accessories and Diversified Beadwork Products Making NC II,BASIC,400311216,Practice occupational safety and health policies and procedures
CREBAD223,Beadwork Accessories and Diversified Beadwork Products Making NC II,BASIC,400311215,Present relevant information
CREBAD223,Beadwork Accessories and Diversified Beadwork Products Making NC II,BASIC,400311214,Contribute to workplace innovation
CREBAD223,Beadwork Accessories and Diversified Beadwork Products Making NC II,BASIC,400311213,Develop career and life decisions
CREBAD223,Beadwork Accessories and Diversified Beadwork Products Making NC II,BASIC,400311212,Solve/address general workplace problems
CREBAD223,Beadwork Accessories and Diversified Beadwork Products Making NC II,BASIC,400311211,Work in team environment
CREBAD223,Beadwork Accessories and Diversified Beadwork Products Making NC II,BASIC,400311210,Participate in workplace communication
CREBAD223,Beadwork Accessories and Diversified Beadwork Products Making NC II,CORE,CRE731305,Perform beadwork activities
SOCBCN220,Beauty Care (Nail Care) Services NC II,BASIC,400311217,Exercise efficient and effective sustainable practices in the workplace
SOCBCN220,Beauty Care (Nail Care) Services NC II,BASIC,400311212,Solve/address general workplace problems
SOCBCN220,Beauty Care (Nail Care) Services NC II,BASIC,400311213,Develop career and life decisions
SOCBCN220,Beauty Care (Nail Care) Services NC II,BASIC,400311214,Contribute to workplace innovation
SOCBCN220,Beauty Care (Nail Care) Services NC II,BASIC,400311215,Present relevant information
SOCBCN220,Beauty Care (Nail Care) Services NC II,BASIC,400311216,Practice occupational safety and health policies and procedures
SOCBCN220,Beauty Care (Nail Care) Services NC II,BASIC,400311210,Participate in workplace communication
SOCBCN220,Beauty Care (Nail Care) Services NC II,BASIC,400311218,Practice entrepreneurial skills in the workplace
SOCBCN220,Beauty Care (Nail Care) Services NC II,COMMON,SOC514201,Maintain an effective relationship with clients/customers
SOCBCN220,Beauty Care (Nail Care) Services NC II,COMMON,SOC514202,Manage own performance
SOCBCN220,Beauty Care (Nail Care) Services NC II,COMMON,SOC514203,Apply quality standards
SOCBCN220,Beauty Care (Nail Care) Services NC II,COMMON,SOC514204,"Maintain a safe, clean and efficient environment"
SOCBCN220,Beauty Care (Nail Care) Services NC II,CORE,SOC514311,Perform manicure and pedicure
SOCBCN220,Beauty Care (Nail Care) Services NC II,CORE,SOC514312,Perform hand and foot spa
SOCBCN220,Beauty Care (Nail Care) Services NC II,BASIC,400311211,Work in team environment
SOCBCN320,Beauty Care (Nail Enhancement Technology) Services NC III,BASIC,400311319,Lead in workplace communication
SOCBCN320,Beauty Care (Nail Enhancement Technology) Services NC III,BASIC,400311320,Lead small teams
SOCBCN320,Beauty Care (Nail Enhancement Technology) Services NC III,BASIC,400311322,Work in a diverse environment
SOCBCN320,Beauty Care (Nail Enhancement Technology) Services NC III,BASIC,400311323,Propose methods of applying learning and innovation in the organization
SOCBCN320,Beauty Care (Nail Enhancement Technology) Services NC III,CORE,SOC514316,Perform post service activities
SOCBCN320,Beauty Care (Nail Enhancement Technology) Services NC III,BASIC,400311324,Use information systematically
SOCBCN320,Beauty Care (Nail Enhancement Technology) Services NC III,BASIC,400311325,Evaluate occupational safety and health work practices
SOCBCN320,Beauty Care (Nail Enhancement Technology) Services NC III,CORE,SOC514315,Perform nail enhancement technology procedures
SOCBCN320,Beauty Care (Nail Enhancement Technology) Services NC III,CORE,SOC514314,"Prepare appropriate products, tools and equipment"
SOCBCN320,Beauty Care (Nail Enhancement Technology) Services NC III,CORE,SOC514313,Perform preparatory activities
SOCBCN320,Beauty Care (Nail Enhancement Technology) Services NC III,COMMON,SOC514204,"Maintain a safe, clean and efficient environment"
SOCBCN320,Beauty Care (Nail Enhancement Technology) Services NC III,COMMON,SOC514203,Apply quality standards
SOCBCN320,Beauty Care (Nail Enhancement Technology) Services NC III,COMMON,SOC514202,Manage own performance
SOCBCN320,Beauty Care (Nail Enhancement Technology) Services NC III,COMMON,SOC514201,Maintain an effective relationship with client/customer
SOCBCN320,Beauty Care (Nail Enhancement Technology) Services NC III,BASIC,400311327,Facilitate entrepreneurial skills for micro-small-medium enterprises (MSMEs)
SOCBCN320,Beauty Care (Nail Enhancement Technology) Services NC III,BASIC,400311326,Evaluate environmental work practices
SOCBCN320,Beauty Care (Nail Enhancement Technology) Services NC III,BASIC,400311321,Apply critical thinking and problem solving techniques in the workplace
SOCBEC219,Beauty Care (Skin Care) Services NC II,BASIC,400311215,Present relevant information
SOCBEC219,Beauty Care (Skin Care) Services NC II,BASIC,400311213,Develop career and life decisions
SOCBEC219,Beauty Care (Skin Care) Services NC II,BASIC,400311214,Contribute to workplace innovation
SOCBEC219,Beauty Care (Skin Care) Services NC II,BASIC,400311216,Practice occupational safety and health policies and procedures
SOCBEC219,Beauty Care (Skin Care) Services NC II,BASIC,400311217,Exercise efficient and effective sustainable practices in the workplace
SOCBEC219,Beauty Care (Skin Care) Services NC II,BASIC,400311218,Practice entrepreneurial skills in the workplace
SOCBEC219,Beauty Care (Skin Care) Services NC II,COMMON,HHC515201,Maintain an effective relationship with clients/customers
SOCBEC219,Beauty Care (Skin Care) Services NC II,COMMON,HHC515202,Manage own performance
SOCBEC219,Beauty Care (Skin Care) Services NC II,COMMON,HHC515204,Apply quality standards
SOCBEC219,Beauty Care (Skin Care) Services NC II,COMMON,HHC515205,"Maintain a safe, clean and efficient environment"
SOCBEC219,Beauty Care (Skin Care) Services NC II,CORE,SOC514301,Perform facial cleansing
SOCBEC219,Beauty Care (Skin Care) Services NC II,CORE,SOC514302,Perform temporary hair removal activity
SOCBEC219,Beauty Care (Skin Care) Services NC II,CORE,SOC514303,Perform body scrub
SOCBEC219,Beauty Care (Skin Care) Services NC II,BASIC,400311210,Participate in workplace communication
SOCBEC219,Beauty Care (Skin Care) Services NC II,BASIC,400311211,Work in team environment
SOCBEC219,Beauty Care (Skin Care) Services NC II,BASIC,400311212,Solve/address general workplace problems
SOCBEC205,Beauty Care NC II (Superseded),BASIC,500311108,Practice occupational health and safety procedures
SOCBEC205,Beauty Care NC II (Superseded),COMMON,HCS515201,Maintain an effective relationship with clients/customers
SOCBEC205,Beauty Care NC II (Superseded),BASIC,500311107,Practice career professionalism
SOCBEC205,Beauty Care NC II (Superseded),BASIC,500311106,Work in team environment
SOCBEC205,Beauty Care NC II (Superseded),BASIC,500311105,Participate in workplace communication
SOCBEC205,Beauty Care NC II (Superseded),CORE,HCS515314,Apply facial make-up
SOCBEC205,Beauty Care NC II (Superseded),CORE,HCS515307,Perform foot spa
SOCBEC205,Beauty Care NC II (Superseded),CORE,HCS515306,Perform facial treatment
SOCBEC205,Beauty Care NC II (Superseded),CORE,HCS515305,Perform body scrub
SOCBEC205,Beauty Care NC II (Superseded),CORE,HCS515304,Perform body massage
SOCBEC205,Beauty Care NC II (Superseded),CORE,HCS515303,Perform hand spa
SOCBEC205,Beauty Care NC II (Superseded),CORE,HCS515302,Perform manicure and pedicure
SOCBEC205,Beauty Care NC II (Superseded),CORE,HCS515301,Perform pre and post beauty care services
SOCBEC205,Beauty Care NC II (Superseded),COMMON,HCS515205,"Maintain a safe, clean and efficient work environment"
SOCBEC205,Beauty Care NC II (Superseded),COMMON,HCS515204,Apply quality standards
SOCBEC205,Beauty Care NC II (Superseded),COMMON,HCS515202,Manage own performance
SOCBEC305,Beauty Care NC III (Superseded),BASIC,500311109,Lead workplace communication
SOCBEC305,Beauty Care NC III (Superseded),COMMON,HCS515205,"Maintain a safe, clean and efficient work environment"
SOCBEC305,Beauty Care NC III (Superseded),BASIC,500311110,Lead small teams
SOCBEC305,Beauty Care NC III (Superseded),BASIC,500311111,Develop and practice negotiation skills
SOCBEC305,Beauty Care NC III (Superseded),BASIC,500311112,Solve problems related to work activities
SOCBEC305,Beauty Care NC III (Superseded),BASIC,500311113,Use mathematical concepts and techniques
SOCBEC305,Beauty Care NC III (Superseded),BASIC,500311114,Use relevant technologies
SOCBEC305,Beauty Care NC III (Superseded),COMMON,HCS515201,Maintain an effective relationship with clients/customers
SOCBEC305,Beauty Care NC III (Superseded),COMMON,HCS515202,Manage own performance
SOCBEC305,Beauty Care NC III (Superseded),COMMON,HCS515204,Apply quality standards
SOCBEC305,Beauty Care NC III (Superseded),CORE,HCS515310,Perform creative nail design
SOCBEC305,Beauty Care NC III (Superseded),CORE,HCS515309,Perform body bleach
SOCBEC305,Beauty Care NC III (Superseded),CORE,HCS515308,Perform temporary hair removal activity
SOCBCN211,Beauty Care Services (Nail Care) NC II (Superseded),BASIC,500311106,Work in team environment
SOCBCN211,Beauty Care Services (Nail Care) NC II (Superseded),BASIC,500311107,Practice career professionalism
SOCBCN211,Beauty Care Services (Nail Care) NC II (Superseded),CORE,HCS515330,Perform foot spa
SOCBCN211,Beauty Care Services (Nail Care) NC II (Superseded),CORE,HCS515326,Perform hand spa
SOCBCN211,Beauty Care Services (Nail Care) NC II (Superseded),CORE,HCS515325,Perform manicure and pedicure
SOCBCN211,Beauty Care Services (Nail Care) NC II (Superseded),COMMON,HCS515205,"Maintain a safe, clean and efficient work environment"
SOCBCN211,Beauty Care Services (Nail Care) NC II (Superseded),COMMON,HCS515204,Apply quality standards
SOCBCN211,Beauty Care Services (Nail Care) NC II (Superseded),COMMON,HCS515202,Manage own performance
SOCBCN211,Beauty Care Services (Nail Care) NC II (Superseded),COMMON,HCS515201,Maintain an effective relationship with clients/customers
SOCBCN211,Beauty Care Services (Nail Care) NC II (Superseded),BASIC,500311108,Practice occupational health and safety procedures
SOCBCN211,Beauty Care Services (Nail Care) NC II (Superseded),BASIC,500311105,Participate in workplace communication
SOCBCN311,Beauty Care Services (Nail Care) NC III (Superseded),COMMON,HCS515202,Manage own performance
SOCBCN311,Beauty Care Services (Nail Care) NC III (Superseded),COMMON,HCS515201,Maintain an effective relationship with clients/customers
SOCBCN311,Beauty Care Services (Nail Care) NC III (Superseded),BASIC,500311114,Use relevant technologies
SOCBCN311,Beauty Care Services (Nail Care) NC III (Superseded),BASIC,500311113,Use mathematical concepts and techniques
SOCBCN311,Beauty Care Services (Nail Care) NC III (Superseded),BASIC,500311111,Develop and practice negotiation skills
SOCBCN311,Beauty Care Services (Nail Care) NC III (Superseded),BASIC,500311110,Lead small teams
SOCBCN311,Beauty Care Services (Nail Care) NC III (Superseded),BASIC,500311109,Lead workplace communication
SOCBCN311,Beauty Care Services (Nail Care) NC III (Superseded),COMMON,HCS515204,Apply quality standards
SOCBCN311,Beauty Care Services (Nail Care) NC III (Superseded),COMMON,HCS515205,"Maintain a safe, clean and efficient work environment"
SOCBCN311,Beauty Care Services (Nail Care) NC III (Superseded),CORE,HCS515331,Perform creative nail design
SOCBCN311,Beauty Care Services (Nail Care) NC III (Superseded),CORE,HCS515332,Perform artificial nail extensions
SOCBCN311,Beauty Care Services (Nail Care) NC III (Superseded),BASIC,500311112,Solve problems related to work activities
AFFBEE220,Beekeeping NC II,COMMON,AFF321203,Perform estimation and basic calculation
AFFBEE220,Beekeeping NC II,CORE,AFF612309,Manage bee colony
AFFBEE220,Beekeeping NC II,CORE,AFF612310,Propagate bee colony
AFFBEE220,Beekeeping NC II,COMMON,AFF321208,Use farm tools and equipment
AFFBEE220,Beekeeping NC II,COMMON,AFF321207,Apply safety measures in farm operations
AFFBEE220,Beekeeping NC II,BASIC,400311218,Practice entrepreneurial skills in the workplace
AFFBEE220,Beekeeping NC II,BASIC,400311217,Exercise efficient and effective sustainable practices in the workplace
AFFBEE220,Beekeeping NC II,BASIC,400311216,Practice occupational safety and health policies and procedures
AFFBEE220,Beekeeping NC II,BASIC,400311215,Present relevant information
AFFBEE220,Beekeeping NC II,BASIC,400311214,Contribute to workplace innovation
AFFBEE220,Beekeeping NC II,BASIC,400311213,Develop career and life decisions
AFFBEE220,Beekeeping NC II,BASIC,400311212,Solve/address general workplace problems
AFFBEE220,Beekeeping NC II,BASIC,400311211,Work in team environment
AFFBEE220,Beekeeping NC II,BASIC,400311210,Participate in workplace communication
AFFBEE220,Beekeeping NC II,CORE,AFF612311,Conduct harvesting operation
AFFBEE220,Beekeeping NC II,CORE,AFF612312,Provide pollination services
AFFBEE220,Beekeeping NC II,CORE,AFF612308,Establish hived colonies in a bee yard
AFFBPI320,Biogas Plant Installation NC III,BASIC,400311321,Apply critical thinking and problem solving techniques in the workplace
AFFBPI320,Biogas Plant Installation NC III,BASIC,400311319,Lead in workplace communication
AFFBPI320,Biogas Plant Installation NC III,BASIC,400311322,Work in a diverse environment
AFFBPI320,Biogas Plant Installation NC III,BASIC,400311323,Propose methods of applying learning and innovation in the organization
AFFBPI320,Biogas Plant Installation NC III,BASIC,400311324,Use information systematically
AFFBPI320,Biogas Plant Installation NC III,BASIC,400311325,Evaluate occupational safety and health work practices
AFFBPI320,Biogas Plant Installation NC III,BASIC,400311326,Evaluate environmental work practices
AFFBPI320,Biogas Plant Installation NC III,BASIC,400311327,Facilitate entrepreneurial skills for micro-small-medium enterprises (MSMEs)
AFFBPI320,Biogas Plant Installation NC III,COMMON,CON931201,Prepare construction materials and tools
AFFBPI320,Biogas Plant Installation NC III,COMMON,CON311201,"Observe procedures, specifications and manuals of instructions"
AFFBPI320,Biogas Plant Installation NC III,COMMON,CON311202,Interpret technical drawings and plans
AFFBPI320,Biogas Plant Installation NC III,COMMON,CON311203,Perform mensurations and calculations
AFFBPI320,Biogas Plant Installation NC III,COMMON,CON311204,Maintain tools and equipment
AFFBPI320,Biogas Plant Installation NC III,CORE,AFF312301,Lead biogas plant site preparation
AFFBPI320,Biogas Plant Installation NC III,CORE,AFF312302,Supervise biogas plant construction
AFFBPI320,Biogas Plant Installation NC III,CORE,AFF312303,Lead installation of biogas conveyance system
AFFBPI320,Biogas Plant Installation NC III,BASIC,400311320,Lead small teams
ELCBES223,Biomedical Equipment Servicing NC II,CORE,ELC742307,Perform preventive maintenance on basic medical equipment
ELCBES223,Biomedical Equipment Servicing NC II,CORE,ELC742306,Perform corrective maintenance on basic medical equipment
ELCBES223,Biomedical Equipment Servicing NC II,CORE,ELC742308,Evaluate and refer basic medical equipment
ELCBES223,Biomedical Equipment Servicing NC II,BASIC,400311210,Participate in workplace communication
ELCBES223,Biomedical Equipment Servicing NC II,BASIC,400311211,Work in team environment
ELCBES223,Biomedical Equipment Servicing NC II,BASIC,400311212,Solve/address general workplace problems
ELCBES223,Biomedical Equipment Servicing NC II,BASIC,400311213,Develop career and life decisions
ELCBES223,Biomedical Equipment Servicing NC II,BASIC,400311214,Contribute to workplace innovation
ELCBES223,Biomedical Equipment Servicing NC II,BASIC,400311215,Present relevant information
ELCBES223,Biomedical Equipment Servicing NC II,BASIC,400311216,Practice occupational safety and health policies and procedures
ELCBES223,Biomedical Equipment Servicing NC II,BASIC,400311217,Exercise efficient and effective sustainable practices in the workplace
ELCBES223,Biomedical Equipment Servicing NC II,BASIC,400311218,Practice entrepreneurial skills in the workplace
ELCBES223,Biomedical Equipment Servicing NC II,COMMON,ELC311206,Terminate and connect electrical wiring and electronic circuits
ELCBES223,Biomedical Equipment Servicing NC II,COMMON,ELC311202,Prepare and interpret technical drawing
ELCBES223,Biomedical Equipment Servicing NC II,COMMON,ELC311205,Use hand tools
ELCBES223,Biomedical Equipment Servicing NC II,COMMON,ELC311201,Perform mensuration and calculation
ELCBES223,Biomedical Equipment Servicing NC II,COMMON,ELC311204,Apply quality standards
ELCBES223,Biomedical Equipment Servicing NC II,COMMON,ELC311203,Perform computer operations
ELCBES223,Biomedical Equipment Servicing NC II,COMMON,ELC311209,Test electronic components
ELCBES223,Biomedical Equipment Servicing NC II,CORE,ELC742305,Install/Assemble basic medical equipment
HHCBES206,Biomedical Equipment Servicing NC II (Superseded),CORE,HCS311304,Repair biomedical equipment
HHCBES206,Biomedical Equipment Servicing NC II (Superseded),CORE,HCS311305,Assess and refer biomedical equipment
HHCBES206,Biomedical Equipment Servicing NC II (Superseded),BASIC,500311106,Work in team environment
HHCBES206,Biomedical Equipment Servicing NC II (Superseded),BASIC,500311107,Practice career professionalism
HHCBES206,Biomedical Equipment Servicing NC II (Superseded),BASIC,500311108,Practice occupational health and safety procedures
HHCBES206,Biomedical Equipment Servicing NC II (Superseded),COMMON,HCS323201,Implement and monitor infection control policies and procedures
HHCBES206,Biomedical Equipment Servicing NC II (Superseded),COMMON,HCS323202,Respond effectively to difficult/challenging behavior
HHCBES206,Biomedical Equipment Servicing NC II (Superseded),COMMON,HCS323203,Apply basic first aid
HHCBES206,Biomedical Equipment Servicing NC II (Superseded),COMMON,HCS323204,Maintain high standard of patient services
HHCBES206,Biomedical Equipment Servicing NC II (Superseded),CORE,HCS311301,Install biomedical equipment
HHCBES206,Biomedical Equipment Servicing NC II (Superseded),CORE,HCS311302,Perform corrective maintenance on biomedical equipment
HHCBES206,Biomedical Equipment Servicing NC II (Superseded),CORE,HCS311303,Perform preventive maintenance on biomedical equipment
HHCBES206,Biomedical Equipment Servicing NC II (Superseded),BASIC,500311105,Participate in workplace communication
SOCBKP307,Bookkeeping NC III,COMMON,HCS913201,Maintain an effective relationship with clients and customers
SOCBKP307,Bookkeeping NC III,CORE,HCS412304,Prepare financial reports
SOCBKP307,Bookkeeping NC III,BASIC,500311110,Lead small teams
SOCBKP307,Bookkeeping NC III,BASIC,500311111,Develop and practice negotiation skills
SOCBKP307,Bookkeeping NC III,BASIC,500311112,Solve problems related to work activities
SOCBKP307,Bookkeeping NC III,BASIC,500311113,Use mathematical concepts and techniques
SOCBKP307,Bookkeeping NC III,BASIC,500311114,Use relevant technologies
SOCBKP307,Bookkeeping NC III,COMMON,HCS315202,Apply quality standards
SOCBKP307,Bookkeeping NC III,COMMON,HCS311201,Perform computer operations
SOCBKP307,Bookkeeping NC III,CORE,HCS412305,Review internal control system
SOCBKP307,Bookkeeping NC III,COMMON,HCS913202,Manage own performance
SOCBKP307,Bookkeeping NC III,CORE,HCS412301,Journalize transactions
SOCBKP307,Bookkeeping NC III,CORE,HCS412302,Post transactions
SOCBKP307,Bookkeeping NC III,CORE,HCS412303,Prepare trial balance
SOCBKP307,Bookkeeping NC III,BASIC,500311109,Lead workplace communication
-,Bookkeeping for Sangguniang Kabataan Financial Transactions NC II,-,-,-
TRSBPP209,Bread and Pastry Production NC II (Superseded),BASIC,500311105,Participate in workplace communication
TRSBPP209,Bread and Pastry Production NC II (Superseded),BASIC,500311106,Work in team environment
TRSBPP209,Bread and Pastry Production NC II (Superseded),BASIC,500311107,Practice career professionalism
TRSBPP209,Bread and Pastry Production NC II (Superseded),BASIC,500311108,Practice occupational health and safety procedures
TRSBPP209,Bread and Pastry Production NC II (Superseded),COMMON,TRS311201,Develop and update industry knowledge
TRSBPP209,Bread and Pastry Production NC II (Superseded),COMMON,TRS311202,Observe workplace hygiene procedures
TRSBPP209,Bread and Pastry Production NC II (Superseded),COMMON,TRS311203,Perform computer operations
TRSBPP209,Bread and Pastry Production NC II (Superseded),COMMON,TRS311204,Perform workplace and safety practices
TRSBPP209,Bread and Pastry Production NC II (Superseded),COMMON,TRS311205,Provide effective customer service
TRSBPP209,Bread and Pastry Production NC II (Superseded),CORE,TRS741379,Prepare and produce bakery products
TRSBPP209,Bread and Pastry Production NC II (Superseded),CORE,TRS741380,Prepare and produce pastry products
TRSBPP209,Bread and Pastry Production NC II (Superseded),CORE,TRS741342,"Prepare and present gateaux, tortes and cakes"
TRSBPP209,Bread and Pastry Production NC II (Superseded),CORE,TRS741344,Prepare and display petits fours
TRSBPP209,Bread and Pastry Production NC II (Superseded),CORE,TRS741343,Present desserts
ICTBBI208,Broadband Installation (Fixed Wireless Systems) NC II,BASIC,500311108,Practice occupational health and safety procedures
ICTBBI208,Broadband Installation (Fixed Wireless Systems) NC II,BASIC,500311105,Participate in workplace communication
ICTBBI208,Broadband Installation (Fixed Wireless Systems) NC II,BASIC,500311107,Practice career professionalism
ICTBBI208,Broadband Installation (Fixed Wireless Systems) NC II,BASIC,500311106,Work in team environment
ICTBBI208,Broadband Installation (Fixed Wireless Systems) NC II,COMMON,ICT315202,Apply quality standards
ICTBBI208,Broadband Installation (Fixed Wireless Systems) NC II,COMMON,ICT311203,Perform computer operations
ICTBBI208,Broadband Installation (Fixed Wireless Systems) NC II,CORE,ICT724301,Install mast and accessories
ICTBBI208,Broadband Installation (Fixed Wireless Systems) NC II,CORE,ICT724302,Install and lay out cables
ICTBBI208,Broadband Installation (Fixed Wireless Systems) NC II,CORE,ICT724303,Install and configure cpe
ICTBBI208,Broadband Installation (Fixed Wireless Systems) NC II,CORE,ICT724304,Render service excellence to customers
MEECCO309,CAD/CAM Operation NC III,BASIC,500311110,Lead small teams
MEECCO309,CAD/CAM Operation NC III,BASIC,500311114,Use relevant technologies
MEECCO309,CAD/CAM Operation NC III,BASIC,500311109,Lead workplace communication
MEECCO309,CAD/CAM Operation NC III,BASIC,500311111,Develop and practice negotiation skills
MEECCO309,CAD/CAM Operation NC III,BASIC,500311112,Solve problems related to work activities
MEECCO309,CAD/CAM Operation NC III,CORE,MEE821313,Apply cad/cam program
MEECCO309,CAD/CAM Operation NC III,CORE,MEE312301,Create drawing using cad software
MEECCO309,CAD/CAM Operation NC III,COMMON,ICT311201,Operate a personal computer
MEECCO309,CAD/CAM Operation NC III,COMMON,MEE722211,Perform preventive and corrective maintenance
MEECCO309,CAD/CAM Operation NC III,COMMON,MEE722210,Measure workpiece using gages and surface texture comparator
MEECCO309,CAD/CAM Operation NC III,COMMON,MEE722209,Perform shop computations (advanced)
MEECCO309,CAD/CAM Operation NC III,COMMON,MEE722208,Measure workpiece using angular measuring instruments
MEECCO309,CAD/CAM Operation NC III,COMMON,MEE722207,Perform shop computations (intermediate)
MEECCO309,CAD/CAM Operation NC III,BASIC,500311113,Use mathematical concepts and techniques
MEECCO309,CAD/CAM Operation NC III,COMMON,MEE722206,Perform routine housekeeping
MEECCO309,CAD/CAM Operation NC III,COMMON,MEE722205,Measure workpiece (basic)
MEECCO309,CAD/CAM Operation NC III,COMMON,MEE722204,Perform shop computations (basic)
MEECCO309,CAD/CAM Operation NC III,COMMON,MEE722203,Select/ cut workshop materials
MEECCO309,CAD/CAM Operation NC III,COMMON,MEE722202,Interpret working drawings and sketches
MEECCO309,CAD/CAM Operation NC III,COMMON,MEE722201,Apply safety practices
MEEEWO319,CNC Electric Discharge Machine (EDM) Wire Cut Operation NC III,COMMON,MEE722202,Interpret working drawings and sketches
MEEEWO319,CNC Electric Discharge Machine (EDM) Wire Cut Operation NC III,BASIC,400311323,Propose methods of applying learning and innovation in the organization
MEEEWO319,CNC Electric Discharge Machine (EDM) Wire Cut Operation NC III,BASIC,400311322,Work in a diverse environment
MEEEWO319,CNC Electric Discharge Machine (EDM) Wire Cut Operation NC III,BASIC,400311321,Apply critical thinking and problem solving techniques in the workplace
MEEEWO319,CNC Electric Discharge Machine (EDM) Wire Cut Operation NC III,BASIC,400311324,Use information systematically
MEEEWO319,CNC Electric Discharge Machine (EDM) Wire Cut Operation NC III,BASIC,400311325,Evaluate occupational safety and health work practices
MEEEWO319,CNC Electric Discharge Machine (EDM) Wire Cut Operation NC III,BASIC,400311326,Evaluate environmental work practices
MEEEWO319,CNC Electric Discharge Machine (EDM) Wire Cut Operation NC III,BASIC,400311327,Facilitate entrepreneurial skills for micro-small-medium enterprises (MSMEs)
MEEEWO319,CNC Electric Discharge Machine (EDM) Wire Cut Operation NC III,COMMON,MEE722204,Perform shop computations (basic)
MEEEWO319,CNC Electric Discharge Machine (EDM) Wire Cut Operation NC III,BASIC,400311319,Lead in workplace communication
MEEEWO319,CNC Electric Discharge Machine (EDM) Wire Cut Operation NC III,COMMON,MEE722205,Measure workpiece (basic)
MEEEWO319,CNC Electric Discharge Machine (EDM) Wire Cut Operation NC III,COMMON,MEE722207,Perform shop computations (intermediate)
MEEEWO319,CNC Electric Discharge Machine (EDM) Wire Cut Operation NC III,COMMON,MEE722201,Apply safety practices
MEEEWO319,CNC Electric Discharge Machine (EDM) Wire Cut Operation NC III,BASIC,400311320,Lead small teams
MEEEWO319,CNC Electric Discharge Machine (EDM) Wire Cut Operation NC III,CORE,MEE821320,Perform post CNC Electric Discharge Machine (EDM)- wire cut operations
MEEEWO319,CNC Electric Discharge Machine (EDM) Wire Cut Operation NC III,CORE,MEE821319,Perform CNC Electric Discharge Machine (EDM)-wire cut operations
MEEEWO319,CNC Electric Discharge Machine (EDM) Wire Cut Operation NC III,CORE,MEE821318,"Set-up CNC Electric Discharge Machine (EDM)- wire cut , cutting wire and workpiece"
MEEEWO319,CNC Electric Discharge Machine (EDM) Wire Cut Operation NC III,CORE,MEE821317,Write CNC Electric Discharge Machine (EDM)- wire cut program
MEEEWO319,CNC Electric Discharge Machine (EDM) Wire Cut Operation NC III,COMMON,ICT311201,Operate a personal computer
MEEEWO319,CNC Electric Discharge Machine (EDM) Wire Cut Operation NC III,COMMON,MEE722211,Perform preventive and corrective maintenance
MEEEWO319,CNC Electric Discharge Machine (EDM) Wire Cut Operation NC III,COMMON,MEE722210,Measure workpiece using gages and surface texture comparator
MEEEWO319,CNC Electric Discharge Machine (EDM) Wire Cut Operation NC III,COMMON,MEE722208,Measure workpiece using angular measuring instruments
MEEEWO319,CNC Electric Discharge Machine (EDM) Wire Cut Operation NC III,COMMON,MEE722206,Perform routine housekeeping
MEEEWO319,CNC Electric Discharge Machine (EDM) Wire Cut Operation NC III,COMMON,MEE722203,Select/ cut workshop materials
MEECLO209,CNC Lathe Machine Operation NC II,BASIC,500311108,Practice occupational health and safety procedures
MEECLO209,CNC Lathe Machine Operation NC II,BASIC,500311105,Participate in workplace communication
MEECLO209,CNC Lathe Machine Operation NC II,BASIC,500311106,Work in team environment
MEECLO209,CNC Lathe Machine Operation NC II,BASIC,500311107,Practice career professionalism
MEECLO209,CNC Lathe Machine Operation NC II,COMMON,MEE722202,Interpret working drawings and sketches
MEECLO209,CNC Lathe Machine Operation NC II,COMMON,MEE722203,Select and cut workshop materials
MEECLO209,CNC Lathe Machine Operation NC II,COMMON,MEE722204,Perform shop computations (basic)
MEECLO209,CNC Lathe Machine Operation NC II,COMMON,MEE722205,Measure workpiece (basic)
MEECLO209,CNC Lathe Machine Operation NC II,CORE,MEE821303,Perform basic CNC lathe machine operations
MEECLO209,CNC Lathe Machine Operation NC II,COMMON,MEE722207,Perform shop computations (intermediate)
MEECLO209,CNC Lathe Machine Operation NC II,CORE,MEE821302,"Set-up CNC lathe machine, workpiece and cutting tools"
MEECLO209,CNC Lathe Machine Operation NC II,COMMON,MEE722208,Measure workpiece using angular measuring instruments
MEECLO209,CNC Lathe Machine Operation NC II,COMMON,MEE722211,Perform preventive and corrective maintenance
MEECLO209,CNC Lathe Machine Operation NC II,CORE,MEE821301,Write basic CNC lathe machine program
MEECLO309,CNC Lathe Machine Operation NC III,COMMON,MEE722206,Perform routine housekeeping
MEECLO309,CNC Lathe Machine Operation NC III,COMMON,MEE722205,Measure workpiece (basic)
MEECLO309,CNC Lathe Machine Operation NC III,COMMON,MEE722204,Perform shop computations (basic)
MEECLO309,CNC Lathe Machine Operation NC III,COMMON,MEE722203,Select/ cut workshop materials
MEECLO309,CNC Lathe Machine Operation NC III,COMMON,MEE722202,Interpret working drawings and sketches
MEECLO309,CNC Lathe Machine Operation NC III,COMMON,MEE722201,Apply safety practices
MEECLO309,CNC Lathe Machine Operation NC III,BASIC,500311114,Use relevant technologies
MEECLO309,CNC Lathe Machine Operation NC III,BASIC,500311113,Use mathematical concepts and techniques
MEECLO309,CNC Lathe Machine Operation NC III,BASIC,500311112,Solve problems related to work activities
MEECLO309,CNC Lathe Machine Operation NC III,BASIC,500311111,Develop and practice negotiation skills
MEECLO309,CNC Lathe Machine Operation NC III,BASIC,500311110,Lead small teams
MEECLO309,CNC Lathe Machine Operation NC III,CORE,MEE821306,Perform advanced CNC lathe machine operations
MEECLO309,CNC Lathe Machine Operation NC III,CORE,MEE821305,"Set-up multiple-axis CNC lathe machine, workpiece and cutting tools"
MEECLO309,CNC Lathe Machine Operation NC III,CORE,MEE821304,Write advanced CNC lathe machine program
MEECLO309,CNC Lathe Machine Operation NC III,COMMON,MEE311212,Prepare cost estimates
MEECLO309,CNC Lathe Machine Operation NC III,COMMON,MEE722211,Perform preventive and corrective maintenance
MEECLO309,CNC Lathe Machine Operation NC III,COMMON,MEE722210,Measure workpiece using gages and surface texture comparator
MEECLO309,CNC Lathe Machine Operation NC III,COMMON,MEE722209,Perform shop computations (advanced)
MEECLO309,CNC Lathe Machine Operation NC III,COMMON,MEE722208,Measure workpiece using angular measuring instruments
MEECLO309,CNC Lathe Machine Operation NC III,BASIC,500311109,Lead workplace communication
MEECLO309,CNC Lathe Machine Operation NC III,COMMON,MEE722207,Perform shop computations (intermediate)
MEECMO209,CNC Milling Machine Operation NC II,COMMON,MEE722208,Measure workpiece using angular measuring instruments
MEECMO209,CNC Milling Machine Operation NC II,CORE,MEE821309,Perform basic CNC milling machine operations
MEECMO209,CNC Milling Machine Operation NC II,COMMON,MEE722211,Perform preventive and corrective maintenance
MEECMO209,CNC Milling Machine Operation NC II,COMMON,MEE722207,Perform shop computations (intermediate)
MEECMO209,CNC Milling Machine Operation NC II,COMMON,MEE722208,Measure workpiece (basic)
MEECMO209,CNC Milling Machine Operation NC II,COMMON,MEE722204,Perform shop computations (basic)
MEECMO209,CNC Milling Machine Operation NC II,COMMON,MEE722203,Select and cut workshop materials
MEECMO209,CNC Milling Machine Operation NC II,COMMON,MEE722202,Interpret working drawings and sketches
MEECMO209,CNC Milling Machine Operation NC II,BASIC,500311108,Practice occupational health and safety procedures
MEECMO209,CNC Milling Machine Operation NC II,BASIC,500311107,Practice career professionalism
MEECMO209,CNC Milling Machine Operation NC II,BASIC,500311106,Work in team environment
MEECMO209,CNC Milling Machine Operation NC II,BASIC,500311105,Participate in workplace communication
MEECMO209,CNC Milling Machine Operation NC II,CORE,MEE821307,Write basic CNC milling machine program
MEECMO209,CNC Milling Machine Operation NC II,CORE,MEE821308,"Set-up CNC milling machine, workpiece and cutting tools"
MEECMO309,CNC Milling Machine Operation NC III,COMMON,MEE722208,Measure workpiece using angular measuring instruments
MEECMO309,CNC Milling Machine Operation NC III,COMMON,MEE722207,Perform shop computations (intermediate)
MEECMO309,CNC Milling Machine Operation NC III,COMMON,MEE722210,Measure workpiece using gages and surface texture comparator
MEECMO309,CNC Milling Machine Operation NC III,COMMON,MEE722211,Perform preventive and corrective maintenance
MEECMO309,CNC Milling Machine Operation NC III,COMMON,MEE311212,Prepare cost estimates
MEECMO309,CNC Milling Machine Operation NC III,CORE,MEE821310,Write advanced CNC milling machine program
MEECMO309,CNC Milling Machine Operation NC III,CORE,MEE821311,"Set-up multiple-axis CNC milling machine, workpiece and cutting tools"
MEECMO309,CNC Milling Machine Operation NC III,CORE,MEE821312,Perform advanced CNC milling machine operations
MEECMO309,CNC Milling Machine Operation NC III,BASIC,500311110,Lead small teams
MEECMO309,CNC Milling Machine Operation NC III,BASIC,500311111,Develop and practice negotiation skills
MEECMO309,CNC Milling Machine Operation NC III,BASIC,500311109,Lead workplace communication
MEECMO309,CNC Milling Machine Operation NC III,BASIC,500311112,Solve problems related to work activities
MEECMO309,CNC Milling Machine Operation NC III,BASIC,500311113,Use mathematical concepts and techniques
MEECMO309,CNC Milling Machine Operation NC III,BASIC,500311114,Use relevant technologies
MEECMO309,CNC Milling Machine Operation NC III,COMMON,MEE722201,Apply safety practices
MEECMO309,CNC Milling Machine Operation NC III,COMMON,MEE722202,Interpret working drawings and sketches
MEECMO309,CNC Milling Machine Operation NC III,COMMON,MEE722203,Select/ cut workshop materials
MEECMO309,CNC Milling Machine Operation NC III,COMMON,MEE722209,Perform shop computations (advanced)
MEECMO309,CNC Milling Machine Operation NC III,COMMON,MEE722204,Perform shop computations (basic)
MEECMO309,CNC Milling Machine Operation NC III,COMMON,MEE722205,Measure workpiece (basic)
MEECMO309,CNC Milling Machine Operation NC III,COMMON,MEE722206,Perform routine housekeeping
ICTCTV207,Cable TV Installation NC II,BASIC,500311108,Practice occupational health and safety procedures
ICTCTV207,Cable TV Installation NC II,BASIC,500311105,Participate in workplace communication
ICTCTV207,Cable TV Installation NC II,BASIC,500311106,Work in team environment
ICTCTV207,Cable TV Installation NC II,BASIC,500311107,Practice career professionalism
ICTCTV207,Cable TV Installation NC II,COMMON,ELC724201,Use hand tools
ICTCTV207,Cable TV Installation NC II,COMMON,ELC311201,Perform mensuration and calculation
ICTCTV207,Cable TV Installation NC II,COMMON,ELC311202,Prepare and interpret technical drawing
ICTCTV207,Cable TV Installation NC II,COMMON,ELC315202,Apply quality standards
ICTCTV207,Cable TV Installation NC II,CORE,MDA724301,Install pole hardware and accessories
ICTCTV207,Cable TV Installation NC II,CORE,MDA724302,Lay out and install fiber-optic/ coaxial cables
ICTCTV207,Cable TV Installation NC II,CORE,MDA724304,Install subscriber drop lines and CPE
ICTCTV207,Cable TV Installation NC II,CORE,MDA724305,Install cables and devices for MDU
ICTCTV207,Cable TV Installation NC II,CORE,MDA724303,Install active and passive devices and accessories
ICTCTV307,Cable TV Operation and Maintenance NC III,COMMON,ELC724201,Use hand tools
ICTCTV307,Cable TV Operation and Maintenance NC III,BASIC,500311114,Use relevant technologies
ICTCTV307,Cable TV Operation and Maintenance NC III,BASIC,500311112,Solve problems related to work activities
ICTCTV307,Cable TV Operation and Maintenance NC III,BASIC,500311111,Develop and practice negotiation skills
ICTCTV307,Cable TV Operation and Maintenance NC III,BASIC,500311110,Lead small teams
ICTCTV307,Cable TV Operation and Maintenance NC III,BASIC,500311109,Lead workplace communication
ICTCTV307,Cable TV Operation and Maintenance NC III,COMMON,ELC315202,Apply quality standards
ICTCTV307,Cable TV Operation and Maintenance NC III,CORE,MDA311301,Supervise installation of CATV system
ICTCTV307,Cable TV Operation and Maintenance NC III,CORE,MDA311302,Commission CATV system
ICTCTV307,Cable TV Operation and Maintenance NC III,CORE,MDA311303,Operate CATV system
ICTCTV307,Cable TV Operation and Maintenance NC III,CORE,MDA311304,Implement preventive maintenance of CATV system
ICTCTV307,Cable TV Operation and Maintenance NC III,CORE,MDA311305,Perform CATV system troubleshooting and repair
ICTCTV307,Cable TV Operation and Maintenance NC III,COMMON,ELC311202,Prepare and interpret technical drawing
ICTCTV307,Cable TV Operation and Maintenance NC III,COMMON,ELC311201,Perform mensuration and calculation
ICTCTV307,Cable TV Operation and Maintenance NC III,BASIC,500311113,Use mathematical concepts and techniques
HHCCGC220,Caregiving (Clients with Special Needs) NC II,CORE,HHC532332,Provide immediate care and support to children with special needs
HHCCGC220,Caregiving (Clients with Special Needs) NC II,BASIC,400311210,Participate in workplace communication
HHCCGC220,Caregiving (Clients with Special Needs) NC II,CORE,HHC532333,Provide immediate care and support to adults and elderly with special needs
HHCCGC220,Caregiving (Clients with Special Needs) NC II,BASIC,400311211,Work in team environment
HHCCGC220,Caregiving (Clients with Special Needs) NC II,BASIC,400311212,Solve/address general workplace problems
HHCCGC220,Caregiving (Clients with Special Needs) NC II,BASIC,400311213,Develop career and life decisions
HHCCGC220,Caregiving (Clients with Special Needs) NC II,BASIC,400311214,Contribute to workplace innovation
HHCCGC220,Caregiving (Clients with Special Needs) NC II,BASIC,400311215,Present relevant information
HHCCGC220,Caregiving (Clients with Special Needs) NC II,BASIC,400311216,Practice occupational safety and health policies and procedures
HHCCGC220,Caregiving (Clients with Special Needs) NC II,BASIC,400311217,Exercise efficient and effective sustainable practices in the workplace
HHCCGC220,Caregiving (Clients with Special Needs) NC II,BASIC,400311218,Practice entrepreneurial skills in the workplace
HHCCGC220,Caregiving (Clients with Special Needs) NC II,COMMON,HHC321201,Implement and monitor infection control policies and procedures
HHCCGC220,Caregiving (Clients with Special Needs) NC II,COMMON,HHC325202,Respond effectively to difficult/challenging behavior
HHCCGC220,Caregiving (Clients with Special Needs) NC II,COMMON,HHC532203,Apply basic first aid
HHCCGC220,Caregiving (Clients with Special Needs) NC II,COMMON,HHC532204,Maintain high standard of patient / client services
HHCCGC220,Caregiving (Clients with Special Needs) NC II,CORE,HHC532328,Provide care and support to activities of daily living (ADL) of clients
HHCCGC220,Caregiving (Clients with Special Needs) NC II,CORE,HHC532325,Participate in the implementation and monitoring of client’s care plan
HHCCGC220,Caregiving (Clients with Special Needs) NC II,CORE,HHC532326,Provide assistance and support on environment and biopsychosocial needs of clients
HHCCGC220,Caregiving (Clients with Special Needs) NC II,CORE,HHC532327,Develop the ability to recognize healthy body systems and apply medical terminologies
HHCCGC220,Caregiving (Clients with Special Needs) NC II,CORE,HHC532329,Provide assistance in administering prescribed medications to clients
HHCCGC220,Caregiving (Clients with Special Needs) NC II,CORE,HHC532330,Provide care and support to clients with special needs
HHCCGC220,Caregiving (Clients with Special Needs) NC II,CORE,HHC532331,Respond to emergency situations
HHCCGE220,Caregiving (Elderly) NC II,CORE,HHC532323,Perform specialty care procedures
HHCCGE220,Caregiving (Elderly) NC II,CORE,HHC532324,Assist client in administering prescribed medication
HHCCGE220,Caregiving (Elderly) NC II,BASIC,400311210,Participate in workplace communication
HHCCGE220,Caregiving (Elderly) NC II,BASIC,400311211,Work in team environment
HHCCGE220,Caregiving (Elderly) NC II,BASIC,400311212,Solve/address general workplace problems
HHCCGE220,Caregiving (Elderly) NC II,BASIC,400311213,Develop career and life decisions
HHCCGE220,Caregiving (Elderly) NC II,BASIC,400311214,Contribute to workplace innovation
HHCCGE220,Caregiving (Elderly) NC II,BASIC,400311215,Present relevant information
HHCCGE220,Caregiving (Elderly) NC II,BASIC,400311216,Practice occupational safety and health policies and procedures
HHCCGE220,Caregiving (Elderly) NC II,BASIC,400311217,Exercise efficient and effective sustainable practices in the workplace
HHCCGE220,Caregiving (Elderly) NC II,BASIC,400311218,Practice entrepreneurial skills in the workplace
HHCCGE220,Caregiving (Elderly) NC II,COMMON,HHC321201,Implement and monitor infection control policies and procedures
HHCCGE220,Caregiving (Elderly) NC II,COMMON,HHC325202,Respond effectively to difficult/challenging behavior
HHCCGE220,Caregiving (Elderly) NC II,COMMON,HHC532203,Apply basic first aid
HHCCGE220,Caregiving (Elderly) NC II,COMMON,HHC532204,Maintain high standard of patient / client services
HHCCGE220,Caregiving (Elderly) NC II,CORE,HHC532320,Develop the ability to recognize aging process
HHCCGE220,Caregiving (Elderly) NC II,CORE,HHC532321,Participate in the implementation and monitoring of client’s care plan
HHCCGE220,Caregiving (Elderly) NC II,CORE,HHC532322,Perform caring skills
HHCCGG220,Caregiving (Grade Schooler to Adolescent) NC II,CORE,HHC532319,Respond to emergency for adolescent
HHCCGG220,Caregiving (Grade Schooler to Adolescent) NC II,CORE,HHC532318,Promote developmental tasks for adolescent
HHCCGG220,Caregiving (Grade Schooler to Adolescent) NC II,BASIC,400311210,Participate in workplace communication
HHCCGG220,Caregiving (Grade Schooler to Adolescent) NC II,BASIC,400311211,Work in team environment
HHCCGG220,Caregiving (Grade Schooler to Adolescent) NC II,BASIC,400311212,Solve/address general workplace problems
HHCCGG220,Caregiving (Grade Schooler to Adolescent) NC II,BASIC,400311213,Develop career and life decisions
HHCCGG220,Caregiving (Grade Schooler to Adolescent) NC II,BASIC,400311214,Contribute to workplace innovation
HHCCGG220,Caregiving (Grade Schooler to Adolescent) NC II,BASIC,400311215,Present relevant information
HHCCGG220,Caregiving (Grade Schooler to Adolescent) NC II,BASIC,400311216,Practice occupational safety and health policies and procedures
HHCCGG220,Caregiving (Grade Schooler to Adolescent) NC II,BASIC,400311217,Exercise efficient and effective sustainable practices in the workplace
HHCCGG220,Caregiving (Grade Schooler to Adolescent) NC II,BASIC,400311218,Practice entrepreneurial skills in the workplace
HHCCGG220,Caregiving (Grade Schooler to Adolescent) NC II,COMMON,HHC321201,Implement and monitor infection control policies and procedures
HHCCGG220,Caregiving (Grade Schooler to Adolescent) NC II,COMMON,HHC325202,Respond effectively to difficult/challenging behavior
HHCCGG220,Caregiving (Grade Schooler to Adolescent) NC II,COMMON,HHC532203,Apply basic first aid
HHCCGG220,Caregiving (Grade Schooler to Adolescent) NC II,COMMON,HHC532204,Maintain high standard of patient / client services
HHCCGG220,Caregiving (Grade Schooler to Adolescent) NC II,CORE,HHC532313,Provide assistance and care to personal needs of grade schooler
HHCCGG220,Caregiving (Grade Schooler to Adolescent) NC II,CORE,HHC532314,Foster physiological needs and cognitive development of grade schooler
HHCCGG220,Caregiving (Grade Schooler to Adolescent) NC II,CORE,HHC532315,Foster physical growth and development of grade schooler
HHCCGG220,Caregiving (Grade Schooler to Adolescent) NC II,CORE,HHC532316,Respond to emergency for grade schooler
HHCCGG220,Caregiving (Grade Schooler to Adolescent) NC II,CORE,HHC532317,Foster physical growth and development of adolescent
HHCCGN220,Caregiving (Newborn to Pre-Schooler) NC II,BASIC,400311216,Practice occupational safety and health policies and procedures
HHCCGN220,Caregiving (Newborn to Pre-Schooler) NC II,CORE,HHC532310,Participate in the implementation and monitoring of pre-schooler’s care plan
HHCCGN220,Caregiving (Newborn to Pre-Schooler) NC II,BASIC,400311210,Participate in workplace communication
HHCCGN220,Caregiving (Newborn to Pre-Schooler) NC II,CORE,HHC532312,Perform caring skills for pre-schooler
HHCCGN220,Caregiving (Newborn to Pre-Schooler) NC II,BASIC,400311214,Contribute to workplace innovation
HHCCGN220,Caregiving (Newborn to Pre-Schooler) NC II,BASIC,400311213,Develop career and life decisions
HHCCGN220,Caregiving (Newborn to Pre-Schooler) NC II,BASIC,400311212,Solve/address general workplace problems
HHCCGN220,Caregiving (Newborn to Pre-Schooler) NC II,BASIC,400311211,Work in team environment
HHCCGN220,Caregiving (Newborn to Pre-Schooler) NC II,BASIC,400311217,Exercise efficient and effective sustainable practices in the workplace
HHCCGN220,Caregiving (Newborn to Pre-Schooler) NC II,BASIC,400311218,Practice entrepreneurial skills in the workplace
HHCCGN220,Caregiving (Newborn to Pre-Schooler) NC II,BASIC,400311215,Present relevant information
HHCCGN220,Caregiving (Newborn to Pre-Schooler) NC II,COMMON,HHC321201,Implement and monitor infection control policies and procedures
HHCCGN220,Caregiving (Newborn to Pre-Schooler) NC II,COMMON,HHC325202,Respond effectively to difficult/challenging behavior
HHCCGN220,Caregiving (Newborn to Pre-Schooler) NC II,COMMON,HHC532203,Apply basic first aid
HHCCGN220,Caregiving (Newborn to Pre-Schooler) NC II,COMMON,HHC532204,Maintain high standard of patient / client services
HHCCGN220,Caregiving (Newborn to Pre-Schooler) NC II,CORE,HHC532301,Participate in the implementation and monitoring of newborn’s care plan
HHCCGN220,Caregiving (Newborn to Pre-Schooler) NC II,CORE,HHC532302,Develop the ability to recognize newborn’s growth and development
HHCCGN220,Caregiving (Newborn to Pre-Schooler) NC II,CORE,HHC532303,Perform caring skills for newborn
HHCCGN220,Caregiving (Newborn to Pre-Schooler) NC II,CORE,HHC532304,Participate in the implementation and monitoring of infant’s care plan
HHCCGN220,Caregiving (Newborn to Pre-Schooler) NC II,CORE,HHC532305,"Provide physical needs, care and support to infant"
HHCCGN220,Caregiving (Newborn to Pre-Schooler) NC II,CORE,HHC532306,"Foster social, intellectual and emotional development of infant"
HHCCGN220,Caregiving (Newborn to Pre-Schooler) NC II,CORE,HHC532307,Participate in the implementation and monitoring of toddler’s care plan
HHCCGN220,Caregiving (Newborn to Pre-Schooler) NC II,CORE,HHC532308,Develop the ability to recognize toddler’s growth and development
HHCCGN220,Caregiving (Newborn to Pre-Schooler) NC II,CORE,HHC532309,Perform caring skills for toddler
HHCCGN220,Caregiving (Newborn to Pre-Schooler) NC II,CORE,HHC532311,Develop the ability to recognize pre-schooler’s growth and development
HHCCGV207,Caregiving NC II,CORE,HCS323310,"Wash and iron clothes, linen and fabric"
HHCCGV207,Caregiving NC II,CORE,HCS323311,Prepare hot and cold meals
HHCCGV207,Caregiving NC II,BASIC,500311105,Participate in workplace communication
HHCCGV207,Caregiving NC II,BASIC,500311106,Work in team environment
HHCCGV207,Caregiving NC II,BASIC,500311107,Practice career professionalism
HHCCGV207,Caregiving NC II,BASIC,500311108,Practice occupational health and safety procedures
HHCCGV207,Caregiving NC II,COMMON,HCS323201,Implement and monitor infection control policies and procedures
HHCCGV207,Caregiving NC II,COMMON,HCS323202,Respond effectively to difficult/challenging behavior
HHCCGV207,Caregiving NC II,COMMON,HCS323203,Apply basic first aid
HHCCGV207,Caregiving NC II,COMMON,HCS323204,Maintain high standard of patient services
HHCCGV207,Caregiving NC II,CORE,HCS323301,Provide care and support to infants/toddlers
HHCCGV207,Caregiving NC II,CORE,HCS323302,Provide care and support to children
HHCCGV207,Caregiving NC II,CORE,HCS323303,"Foster social, intellectual, creative and emotional development of children"
HHCCGV207,Caregiving NC II,CORE,HCS323304,Foster the physical development of children
HHCCGV207,Caregiving NC II,CORE,HCS323305,Provide care and support to elderly
HHCCGV207,Caregiving NC II,CORE,HCS323306,Provide care and support to people with special needs
HHCCGV207,Caregiving NC II,CORE,HCS323307,Maintain healthy and safe environment
HHCCGV207,Caregiving NC II,CORE,HCS323308,Respond to emergency
HHCCGV207,Caregiving NC II,CORE,HCS323309,"Clean living room, dining room, bedrooms, toilet and bathroom"
CONCAR218,Carpentry NC II,CORE,CON711307,Fabricate and install roofing system
CONCAR218,Carpentry NC II,CORE,CON711308,Fabricate and install wooden cabinet
CONCAR218,Carpentry NC II,BASIC,400311210,Participate in workplace communication
CONCAR218,Carpentry NC II,BASIC,400311211,Work in team environment
CONCAR218,Carpentry NC II,BASIC,400311212,Solve/address general workplace problems
CONCAR218,Carpentry NC II,BASIC,400311213,Develop career and life decisions
CONCAR218,Carpentry NC II,BASIC,400311214,Contribute to workplace innovation
CONCAR218,Carpentry NC II,BASIC,400311215,Present relevant information
CONCAR218,Carpentry NC II,BASIC,400311216,Practice occupational safety and health policies and procedures
CONCAR218,Carpentry NC II,BASIC,400311217,Exercise efficient and effective sustainable practices in the workplace
CONCAR218,Carpentry NC II,BASIC,400311218,Practice entrepreneurial skills in the workplace
CONCAR218,Carpentry NC II,COMMON,CON931201,Prepare construction materials and tools
CONCAR218,Carpentry NC II,COMMON,CON311201,"Observe procedures, specifications and manuals of instructions"
CONCAR218,Carpentry NC II,COMMON,CON311203,Perform mensurations and calculations
CONCAR218,Carpentry NC II,COMMON,CON311204,Maintain tools and equipment
CONCAR218,Carpentry NC II,CORE,CON711301,Layout reference lines
CONCAR218,Carpentry NC II,CORE,CON711302,"Fabricate, install and remove wooden formworks"
CONCAR218,Carpentry NC II,CORE,CON711303,"Install wooden door jamb, window frame and panels"
CONCAR218,Carpentry NC II,CORE,CON711304,Install ceiling and wall frames and panels
CONCAR218,Carpentry NC II,CORE,CON711305,Fabricate and install wooden stairs
CONCAR218,Carpentry NC II,CORE,CON711306,Install wooden floor supports and panels
CONROC205,Carpentry NC II (Superseded),COMMON,CON931201,Prepare construction materials and tools
CONROC205,Carpentry NC II (Superseded),COMMON,CON311203,Perform mensurations and calculations
CONROC205,Carpentry NC II (Superseded),BASIC,500311105,Participate in workplace communication
CONROC205,Carpentry NC II (Superseded),COMMON,CON311201,"Observe procedures, specifications and manuals of instructions"
CONROC205,Carpentry NC II (Superseded),COMMON,CON311204,Maintain tools and equipment
CONROC205,Carpentry NC II (Superseded),CORE,CON712317,Prepare / stake-out building lines
CONROC205,Carpentry NC II (Superseded),CORE,CON712318,Fabricate formworks
CONROC205,Carpentry NC II (Superseded),CORE,CON712319,Install formwork components
CONROC205,Carpentry NC II (Superseded),CORE,CON712320,Strip formwork components
CONROC205,Carpentry NC II (Superseded),CORE,CON712321,Install framing works
CONROC205,Carpentry NC II (Superseded),BASIC,500311106,Work in team environment
CONROC205,Carpentry NC II (Superseded),BASIC,500311107,Practice career professionalism
CONROC205,Carpentry NC II (Superseded),BASIC,500311108,Practice occupational health and safety procedures
CONCAR318,Carpentry NC III,BASIC,400311327,Facilitate entrepreneurial skills for micro-small-medium enterprises (MSMEs)
CONCAR318,Carpentry NC III,CORE,CON711310,Install ceiling frames and panels or acoustical ceiling
CONCAR318,Carpentry NC III,COMMON,CON931201,Prepare construction materials and tools
CONCAR318,Carpentry NC III,COMMON,CON311201,"Observe procedures, specifications and manuals of instructions"
CONCAR318,Carpentry NC III,COMMON,CON311202,Interpret technical drawings and plans
CONCAR318,Carpentry NC III,COMMON,CON311203,Perform mensurations and calculations
CONCAR318,Carpentry NC III,BASIC,400311326,Evaluate environmental work practices
CONCAR318,Carpentry NC III,BASIC,400311325,Evaluate occupational safety and health work practices
CONCAR318,Carpentry NC III,BASIC,400311324,Use information systematically
CONCAR318,Carpentry NC III,BASIC,400311323,Propose methods of applying learning and innovation in the organization
CONCAR318,Carpentry NC III,BASIC,400311322,Work in a diverse environment
CONCAR318,Carpentry NC III,BASIC,400311321,Apply critical thinking and problem solving techniques in the workplace
CONCAR318,Carpentry NC III,BASIC,400311320,Lead small teams
CONCAR318,Carpentry NC III,BASIC,400311319,Lead in workplace communication
CONCAR318,Carpentry NC III,COMMON,CON311204,Maintain tools and equipment
CONCAR318,Carpentry NC III,CORE,CON711309,Install decorative moldings
CONCAR318,Carpentry NC III,CORE,CON711314,Install parquet floors
CONCAR318,Carpentry NC III,CORE,CON711313,Install laminate floors
CONCAR318,Carpentry NC III,CORE,CON711312,Install partition wall and/or cladding frames and boards
CONCAR318,Carpentry NC III,CORE,CON711311,Install eaves or soffits frames and panels and vents assembly
CONFIC306,Carpentry NC III (Superseded),CORE,CON712325,Install built-in and / or pre-fabricated cabinets
CONFIC306,Carpentry NC III (Superseded),BASIC,500311113,Use mathematical concepts and techniques
CONFIC306,Carpentry NC III (Superseded),BASIC,500311109,Lead workplace communication
CONFIC306,Carpentry NC III (Superseded),BASIC,500311110,Lead small teams
CONFIC306,Carpentry NC III (Superseded),BASIC,500311111,Develop and practice negotiation skills
CONFIC306,Carpentry NC III (Superseded),BASIC,500311112,Solve problems related to work activities
CONFIC306,Carpentry NC III (Superseded),BASIC,500311114,Use relevant technologies
CONFIC306,Carpentry NC III (Superseded),COMMON,CON311203,Perform mensurations and calculations
CONFIC306,Carpentry NC III (Superseded),COMMON,CON311201,"Observe procedures, specifications and manuals of instructions"
CONFIC306,Carpentry NC III (Superseded),COMMON,CON931201,Prepare construction materials and tools
CONFIC306,Carpentry NC III (Superseded),COMMON,CON311204,Maintain tools and equipment
CONFIC306,Carpentry NC III (Superseded),COMMON,CON311202,Interpret technical drawings and plans
CONFIC306,Carpentry NC III (Superseded),CORE,CON712322,"Install architectural ceiling, wall sheats / panels / boards and floor finishes"
CONFIC306,Carpentry NC III (Superseded),CORE,CON712323,Fabricate / install door / window jambs and panels
CONFIC306,Carpentry NC III (Superseded),CORE,CON712324,Install stair components and / or pre-fabricated stairs assembly
CPPCPO316,Chemical Process Operations NC III,CORE,CHE 313305,Qualify in-process and finished product samples
CPPCPO316,Chemical Process Operations NC III,COMMON,CHE313202,Comply with emergency procedures
CPPCPO316,Chemical Process Operations NC III,COMMON,CHE313201,Observe safe working practices
CPPCPO316,Chemical Process Operations NC III,CORE,CHE313303,Operate process equipment
CPPCPO316,Chemical Process Operations NC III,CORE,CHE313304,Monitor process equipment
CPPCPO316,Chemical Process Operations NC III,BASIC,500311114,Use relevant technologies
CPPCPO316,Chemical Process Operations NC III,BASIC,500311113,Use mathematical concepts and techniques
CPPCPO316,Chemical Process Operations NC III,BASIC,500311112,Solve problems related to work activities
CPPCPO316,Chemical Process Operations NC III,BASIC,500311111,Develop and practice negotiation skills
CPPCPO316,Chemical Process Operations NC III,BASIC,500311110,Lead small teams
CPPCPO316,Chemical Process Operations NC III,BASIC,500311109,Lead workplace communication
CPPCPO316,Chemical Process Operations NC III,COMMON,ELC724201,Use hand tools
CPPCPO316,Chemical Process Operations NC III,COMMON,ELC311201,Perform mensuration and calculation
CPPCPO316,Chemical Process Operations NC III,COMMON,CHE313203,Apply quality standards
CPPCPO316,Chemical Process Operations NC III,CORE,CHE313301,Determine process requirements
CPPCPO316,Chemical Process Operations NC III,CORE,CHE313302,Evaluate process data
CPPCPO316,Chemical Process Operations NC III,CORE,CHE 313306,Perform shutdown activities
HVCCAC321,Commercial Air-conditioning Installation and Servicing NC III,COMMON,HVC311205,"Maintain tools, instruments and equipment"
HVCCAC321,Commercial Air-conditioning Installation and Servicing NC III,BASIC,400311320,Lead small teams
HVCCAC321,Commercial Air-conditioning Installation and Servicing NC III,BASIC,400311321,Apply critical thinking and problem solving techniques in the workplace
HVCCAC321,Commercial Air-conditioning Installation and Servicing NC III,BASIC,400311322,Work in a diverse environment
HVCCAC321,Commercial Air-conditioning Installation and Servicing NC III,BASIC,400311323,Propose methods of applying learning and innovation in the organization
HVCCAC321,Commercial Air-conditioning Installation and Servicing NC III,BASIC,400311324,Use information systematically
HVCCAC321,Commercial Air-conditioning Installation and Servicing NC III,BASIC,400311325,Evaluate occupational safety and health work practices
HVCCAC321,Commercial Air-conditioning Installation and Servicing NC III,BASIC,400311326,Evaluate environmental work practices
HVCCAC321,Commercial Air-conditioning Installation and Servicing NC III,BASIC,400311327,Facilitate entrepreneurial skills for micro-small-medium enterprises (MSMEs)
HVCCAC321,Commercial Air-conditioning Installation and Servicing NC III,COMMON,HVC713201,Prepare materials and tools
HVCCAC321,Commercial Air-conditioning Installation and Servicing NC III,COMMON,HVC311202,Interpret technical drawing and plans
HVCCAC321,Commercial Air-conditioning Installation and Servicing NC III,COMMON,HVC311201,"Observe procedures, specifications and manuals of instructions"
HVCCAC321,Commercial Air-conditioning Installation and Servicing NC III,COMMON,HVC311203,Perform mensuration and calculation
HVCCAC321,Commercial Air-conditioning Installation and Servicing NC III,COMMON,HVC713202,Perform basic benchworks
HVCCAC321,Commercial Air-conditioning Installation and Servicing NC III,COMMON,HVC724201,Perform basic electrical works
HVCCAC321,Commercial Air-conditioning Installation and Servicing NC III,BASIC,400311319,Lead in workplace communication
HVCCAC321,Commercial Air-conditioning Installation and Servicing NC III,COMMON,HVC315201,Perform housekeeping and safety practices
HVCCAC321,Commercial Air-conditioning Installation and Servicing NC III,COMMON,HVC311205,Document work accomplished
HVCCAC321,Commercial Air-conditioning Installation and Servicing NC III,CORE,HVC723340,Install commercial air-conditioning unit
HVCCAC321,Commercial Air-conditioning Installation and Servicing NC III,CORE,HVC723342,Service and maintain commercial air-conditioning unit
HVCCAC321,Commercial Air-conditioning Installation and Servicing NC III,CORE,HVC723344,Troubleshoot and repair commercial air-conditioning unit
HVCCAC321,Commercial Air-conditioning Installation and Servicing NC III,CORE,HVC723346,"Perform start-up, testing and commissioning for commercial air-conditioning unit"
TRSCOK205,Commercial Cooking NC II (Superseded),BASIC,500311107,Practice career professionalism
TRSCOK205,Commercial Cooking NC II (Superseded),CORE,TRS512340,Package prepared foodstuffs
TRSCOK205,Commercial Cooking NC II (Superseded),BASIC,500311105,Participate in workplace communication
TRSCOK205,Commercial Cooking NC II (Superseded),BASIC,500311108,Practice occupational health and safety procedures
TRSCOK205,Commercial Cooking NC II (Superseded),COMMON,TRS311201,Develop and update industry knowledge
TRSCOK205,Commercial Cooking NC II (Superseded),COMMON,TRS311202,Observe workplace hygiene procedures
TRSCOK205,Commercial Cooking NC II (Superseded),COMMON,TRS311203,Perform computer operations
TRSCOK205,Commercial Cooking NC II (Superseded),COMMON,TRS311204,Perform workplace and safety practices
TRSCOK205,Commercial Cooking NC II (Superseded),COMMON,TRS311205,Provide effective customer service
TRSCOK205,Commercial Cooking NC II (Superseded),CORE,TRS512328,Clean and maintain kitchen premises
TRSCOK205,Commercial Cooking NC II (Superseded),CORE,TRS512325,Organize and prepare food
TRSCOK205,Commercial Cooking NC II (Superseded),CORE,TRS512338,"Select, prepare and cook meat"
TRSCOK205,Commercial Cooking NC II (Superseded),CORE,TRS512327,Receive and store kitchen supplies
TRSCOK205,Commercial Cooking NC II (Superseded),CORE,TRS512331,"Prepare stocks, sauces and soups"
TRSCOK205,Commercial Cooking NC II (Superseded),CORE,TRS512339,Prepare cook and serve food for menus
TRSCOK205,Commercial Cooking NC II (Superseded),CORE,TRS512329,Prepare appetizers and salads
TRSCOK205,Commercial Cooking NC II (Superseded),CORE,TRS512334,Prepare and cook seafood
TRSCOK205,Commercial Cooking NC II (Superseded),CORE,TRS512330,Prepare sandwiches
TRSCOK205,Commercial Cooking NC II (Superseded),CORE,TRS512332,"Prepare vegetables, fruits, eggs and starch products"
TRSCOK205,Commercial Cooking NC II (Superseded),CORE,TRS512333,Prepare and cook poultry and game
TRSCOK205,Commercial Cooking NC II (Superseded),CORE,TRS512337,Prepare and portion controlled meat cuts
TRSCOK205,Commercial Cooking NC II (Superseded),CORE,TRS512335,Prepare hot and cold desserts
TRSCOK205,Commercial Cooking NC II (Superseded),CORE,TRS741336,"Prepare pastry, cakes, and yeast-based products"
TRSCOK205,Commercial Cooking NC II (Superseded),CORE,TRS512326,Present food
TRSCOK205,Commercial Cooking NC II (Superseded),BASIC,500311106,Work in team environment
TRSCOK307,Commercial Cooking NC III (Superseded),BASIC,500311113,Use mathematical concepts and techniques
TRSCOK307,Commercial Cooking NC III (Superseded),CORE,TRS512354,Apply cook-chill-freeze production processes
TRSCOK307,Commercial Cooking NC III (Superseded),CORE,TRS512345,Plan and prepare food for ala carte and buffets
TRSCOK307,Commercial Cooking NC III (Superseded),COMMON,TRS311209,Establish and conduct business relationships
TRSCOK307,Commercial Cooking NC III (Superseded),COMMON,TRS311208,Train small groups
TRSCOK307,Commercial Cooking NC III (Superseded),COMMON,TRS311207,Control and order stock
TRSCOK307,Commercial Cooking NC III (Superseded),COMMON,TRS311206,Roster staff
TRSCOK307,Commercial Cooking NC III (Superseded),BASIC,500311114,Use relevant technologies
TRSCOK307,Commercial Cooking NC III (Superseded),CORE,TRS512347,Organize bulk cooking operations
TRSCOK307,Commercial Cooking NC III (Superseded),BASIC,500311112,Solve problems related to work activities
TRSCOK307,Commercial Cooking NC III (Superseded),BASIC,500311111,Develop and practice negotiation skills
TRSCOK307,Commercial Cooking NC III (Superseded),BASIC,500311110,Lead small teams
TRSCOK307,Commercial Cooking NC III (Superseded),BASIC,500311109,Lead workplace communication
TRSCOK307,Commercial Cooking NC III (Superseded),CORE,TRS512348,Prepare pates and terrines
TRSCOK307,Commercial Cooking NC III (Superseded),CORE,TRS512349,"Plan, prepare and display a buffet"
TRSCOK307,Commercial Cooking NC III (Superseded),CORE,TRS512350,"Select, prepare and serve specialized food items"
TRSCOK307,Commercial Cooking NC III (Superseded),CORE,TRS512351,"Select, prepare and serve specialty cuisines"
TRSCOK307,Commercial Cooking NC III (Superseded),CORE,TRS512346,Plan and control menu-based catering
TRSCOK307,Commercial Cooking NC III (Superseded),CORE,TRS512352,Monitor catering revenue and costs
TRSCOK307,Commercial Cooking NC III (Superseded),CORE,TRS512353,Establish and maintain quality control
TRSCOK407,Commercial Cooking NC IV (Superseded),BASIC,500311117,Apply problem solving techniques in the workplace
TRSCOK407,Commercial Cooking NC IV (Superseded),BASIC,500311115,Utilize specialized communication skills
TRSCOK407,Commercial Cooking NC IV (Superseded),BASIC,500311118,"Collect, analyze and organize information"
TRSCOK407,Commercial Cooking NC IV (Superseded),BASIC,500311116,Develop teams and individuals
TRSCOK407,Commercial Cooking NC IV (Superseded),BASIC,500311119,Plan and organize work
TRSCOK407,Commercial Cooking NC IV (Superseded),BASIC,500311120,Promote environmental protection
TRSCOK407,Commercial Cooking NC IV (Superseded),COMMON,TRS311210,Conduct assessment
TRSCOK407,Commercial Cooking NC IV (Superseded),COMMON,TRS311211,Manage workplace diversity
TRSCOK407,Commercial Cooking NC IV (Superseded),COMMON,TRS311212,Manage finances within a budget
TRSCOK407,Commercial Cooking NC IV (Superseded),COMMON,TRS311213,Manage quality customer service
TRSCOK407,Commercial Cooking NC IV (Superseded),CORE,TRS512355,Prepare foods according to dietary and cultural needs
TRSCOK407,Commercial Cooking NC IV (Superseded),CORE,TRS512356,Transport and store food in a safe and hygienic manner
TRSCOK407,Commercial Cooking NC IV (Superseded),CORE,TRS512357,Apply catering control principles
TRSCOK407,Commercial Cooking NC IV (Superseded),CORE,TRS512358,Develop menus to meet special dietary and cultural needs
TRSCOK407,Commercial Cooking NC IV (Superseded),CORE,TRS512359,Select catering systems
TRSCOK407,Commercial Cooking NC IV (Superseded),CORE,TRS512360,Manage facilities associated with commercial catering contracts
TRSCOK407,Commercial Cooking NC IV (Superseded),CORE,TRS512361,Plan the catering for an event or function
TRSCOK407,Commercial Cooking NC IV (Superseded),CORE,TRS512362,Design menus to meet market needs
TRSCOK407,Commercial Cooking NC IV (Superseded),CORE,TRS512363,Develop a food safety program
HVCCRE321,Commercial Refrigeration Installation and Servicing NC III,COMMON,HVC311201,"Observe procedures, specifications and manuals of instructions"
HVCCRE321,Commercial Refrigeration Installation and Servicing NC III,CORE,HVC723347,"Perform start-up, test and commissioning for commercial refrigeration equipment"
HVCCRE321,Commercial Refrigeration Installation and Servicing NC III,BASIC,400311321,Apply critical thinking and problem solving techniques in the workplace
HVCCRE321,Commercial Refrigeration Installation and Servicing NC III,BASIC,400311322,Work in a diverse environment
HVCCRE321,Commercial Refrigeration Installation and Servicing NC III,BASIC,400311323,Propose methods of applying learning and innovation in the organization
HVCCRE321,Commercial Refrigeration Installation and Servicing NC III,BASIC,400311324,Use information systematically
HVCCRE321,Commercial Refrigeration Installation and Servicing NC III,BASIC,400311325,Evaluate occupational safety and health work practices
HVCCRE321,Commercial Refrigeration Installation and Servicing NC III,BASIC,400311326,Evaluate environmental work practices
HVCCRE321,Commercial Refrigeration Installation and Servicing NC III,BASIC,400311327,Facilitate entrepreneurial skills for micro-small-medium enterprises (MSMEs)
HVCCRE321,Commercial Refrigeration Installation and Servicing NC III,COMMON,HVC713201,Prepare materials and tools
HVCCRE321,Commercial Refrigeration Installation and Servicing NC III,COMMON,HVC311202,Interpret technical drawing and plans
HVCCRE321,Commercial Refrigeration Installation and Servicing NC III,BASIC,400311319,Lead in workplace communication
HVCCRE321,Commercial Refrigeration Installation and Servicing NC III,COMMON,HVC311203,Perform mensuration and calculation
HVCCRE321,Commercial Refrigeration Installation and Servicing NC III,COMMON,HVC713202,Perform basic benchworks
HVCCRE321,Commercial Refrigeration Installation and Servicing NC III,COMMON,HVC724201,Perform basic electrical works
HVCCRE321,Commercial Refrigeration Installation and Servicing NC III,COMMON,HVC311205,"Maintain tools, instruments and equipment"
HVCCRE321,Commercial Refrigeration Installation and Servicing NC III,COMMON,HVC315201,Perform housekeeping and safety practices
HVCCRE321,Commercial Refrigeration Installation and Servicing NC III,COMMON,HVC311205,Document work accomplished
HVCCRE321,Commercial Refrigeration Installation and Servicing NC III,CORE,HVC723341,Install commercial refrigeration equipment
HVCCRE321,Commercial Refrigeration Installation and Servicing NC III,CORE,HVC723343,Service and maintain commercial refrigeration equipment
HVCCRE321,Commercial Refrigeration Installation and Servicing NC III,CORE,HVC723345,Troubleshoot and repair commercial refrigeration equipment
HVCCRE321,Commercial Refrigeration Installation and Servicing NC III,BASIC,400311320,Lead small teams
HHCCNS222,Community Nutrition Services NC II,COMMON,HHC321203,Apply basic first aid
HHCCNS222,Community Nutrition Services NC II,COMMON,HHC321202,Respond effectively to difficult/challenging behavior
HHCCNS222,Community Nutrition Services NC II,COMMON,HHC321201,Implement and monitor infection control policies and procedures
HHCCNS222,Community Nutrition Services NC II,BASIC,400311218,Practice entrepreneurial skills in the workplace
HHCCNS222,Community Nutrition Services NC II,BASIC,400311217,Exercise efficient and effective sustainable practices in the workplace
HHCCNS222,Community Nutrition Services NC II,BASIC,400311216,Practice occupational safety and health policies and procedures
HHCCNS222,Community Nutrition Services NC II,BASIC,400311215,Present relevant information
HHCCNS222,Community Nutrition Services NC II,BASIC,400311214,Contribute to workplace innovation
HHCCNS222,Community Nutrition Services NC II,BASIC,400311213,Develop career and life decisions
HHCCNS222,Community Nutrition Services NC II,BASIC,400311212,Solve/address general workplace problems
HHCCNS222,Community Nutrition Services NC II,BASIC,400311211,Work in team environment
HHCCNS222,Community Nutrition Services NC II,BASIC,400311210,Participate in workplace communication
HHCCNS222,Community Nutrition Services NC II,CORE,HHC226304,Promote adoption of positive nutrition behaviors
HHCCNS222,Community Nutrition Services NC II,CORE,HHC226305,Monitor and evaluate community nutrition programs
HHCCNS222,Community Nutrition Services NC II,CORE,HHC226303,Assist in the delivery of nutrition and related services
HHCCNS222,Community Nutrition Services NC II,COMMON,HHC321204,Maintain high standard of patient/client services
HHCCNS222,Community Nutrition Services NC II,CORE,HHC226302,Assist the Barangay Nutrition Committee perform its functions
HHCCNS222,Community Nutrition Services NC II,CORE,HHC226301,Assess the nutritional status of children under five years old
ALTCPR324,Complex Paint Refinishing NC III,COMMON,ALT723215,Utilize workshop facilities and equipment
ALTCPR324,Complex Paint Refinishing NC III,CORE,ALTXXXX,Color match paint with clear coat on vehicles and components
ALTCPR324,Complex Paint Refinishing NC III,BASIC,400311319,Lead workplace communication
ALTCPR324,Complex Paint Refinishing NC III,BASIC,400311320,Lead small teams
ALTCPR324,Complex Paint Refinishing NC III,BASIC,400311321,Apply critical thinking and problem solving techniques in the workplace
ALTCPR324,Complex Paint Refinishing NC III,BASIC,400311322,Work in a diverse environment
ALTCPR324,Complex Paint Refinishing NC III,BASIC,400311323,Propose methods of applying learning and innovation in the organization
ALTCPR324,Complex Paint Refinishing NC III,BASIC,400311324,Use information systematically
ALTCPR324,Complex Paint Refinishing NC III,BASIC,400311325,Evaluate occupational safety and health work practices
ALTCPR324,Complex Paint Refinishing NC III,BASIC,400311326,Evaluate environmental work practices
ALTCPR324,Complex Paint Refinishing NC III,BASIC,400311327,Facilitate entrepreneurial skills for micro-small-medium enterprises (MSMEs)
ALTCPR324,Complex Paint Refinishing NC III,COMMON,ALT723211,Validate vehicle specification
ALTCPR324,Complex Paint Refinishing NC III,COMMON,ALT723212,Move and position vehicle
ALTCPR324,Complex Paint Refinishing NC III,COMMON,ALT723213,Utilize automotive tools
ALTCPR324,Complex Paint Refinishing NC III,COMMON,ALT723214,Perform mensuration and calculation
ALTCPR324,Complex Paint Refinishing NC III,CORE,ALTXXXX,Apply solid acrylic and urethane materials to vehicle components
ALTCPR324,Complex Paint Refinishing NC III,COMMON,ALT723216,Prepare servicing parts and consumables
ALTCPR324,Complex Paint Refinishing NC III,COMMON,ALT723217,Prepare vehicle for servicing and releasing
ALTCPR324,Complex Paint Refinishing NC III,CORE,ALTXXXX,Apply basic color matching techniques using vehicle paint codes
ALTCPR324,Complex Paint Refinishing NC III,CORE,ALTXXXX,Apply multilayer paint with clear coat to vehicle body components
ALTCPR324,Complex Paint Refinishing NC III,CORE,ALTXXXX,Prepare and paint plastic and composite vehicle surfaces
ALTCPR324,Complex Paint Refinishing NC III,CORE,ALTXXXX,Apply special paint to vehicle body panels
ICTCHS205,Computer Hardware Servicing NC II (Superseded),BASIC,500311107,Practice career professionalism
ICTCHS205,Computer Hardware Servicing NC II (Superseded),BASIC,500311106,Work in team environment
ICTCHS205,Computer Hardware Servicing NC II (Superseded),BASIC,500311108,Practice occupational health and safety procedures
ICTCHS205,Computer Hardware Servicing NC II (Superseded),COMMON,ICT315202,Apply quality standards
ICTCHS205,Computer Hardware Servicing NC II (Superseded),BASIC,500311105,Participate in workplace communication
ICTCHS205,Computer Hardware Servicing NC II (Superseded),COMMON,ICT311201,Perform computer operations
ICTCHS205,Computer Hardware Servicing NC II (Superseded),COMMON,ELC311201,Perform mensuration and calculation
ICTCHS205,Computer Hardware Servicing NC II (Superseded),COMMON,ELC311202,Prepare and interpret technical drawing
ICTCHS205,Computer Hardware Servicing NC II (Superseded),COMMON,ELC724201,Use hand tools
ICTCHS205,Computer Hardware Servicing NC II (Superseded),COMMON,ELC724202,Terminate and connect electrical wiring and electronic circuits
ICTCHS205,Computer Hardware Servicing NC II (Superseded),CORE,ELC724318,Install computer systems and networks
ICTCHS205,Computer Hardware Servicing NC II (Superseded),CORE,ELC724319,Diagnose and troubleshoot computer systems
ICTCHS205,Computer Hardware Servicing NC II (Superseded),CORE,ELC724320,Configure computer systems and networks
ICTCHS205,Computer Hardware Servicing NC II (Superseded),CORE,ELC724321,Maintain computer systems and networks
ELCCSS213,Computer Systems Servicing NC II,BASIC,500311106,Work in team environment
ELCCSS213,Computer Systems Servicing NC II,BASIC,500311107,Practice career professionalism
ELCCSS213,Computer Systems Servicing NC II,BASIC,500311105,Participate in workplace communication
ELCCSS213,Computer Systems Servicing NC II,BASIC,500311108,Practice occupational health and safety procedures
ELCCSS213,Computer Systems Servicing NC II,COMMON,ELC315202,Apply quality standards
ELCCSS213,Computer Systems Servicing NC II,COMMON,ELC311203,Perform computer operations
ELCCSS213,Computer Systems Servicing NC II,COMMON,ELC311201,Perform mensuration and calculation
ELCCSS213,Computer Systems Servicing NC II,COMMON,ELC311202,Prepare and interpret technical drawing
ELCCSS213,Computer Systems Servicing NC II,COMMON,ELC724201,Use hand tools
ELCCSS213,Computer Systems Servicing NC II,COMMON,ELC724202,Terminate and connect electrical wiring and electronic circuits
ELCCSS213,Computer Systems Servicing NC II,COMMON,ELC724205,Test electronic components
ELCCSS213,Computer Systems Servicing NC II,CORE,ELC724331,Install and configure computer systems
ELCCSS213,Computer Systems Servicing NC II,CORE,ELC724333,Set-up computer servers
ELCCSS213,Computer Systems Servicing NC II,CORE,ELC724334,Maintain and repair computer systems and networks
ELCCSS213,Computer Systems Servicing NC II,CORE,ELC724332,Set-up computer networks
CONLPO212,Construction Lift Passenger/Material Elevator Operation NC II,CORE,CON833301,Operate construction lift passenger/ material elevator
CONLPO212,Construction Lift Passenger/Material Elevator Operation NC II,COMMON,CON311204,Maintain tools and equipment
CONLPO212,Construction Lift Passenger/Material Elevator Operation NC II,BASIC,500311105,Participate in workplace communication
CONLPO212,Construction Lift Passenger/Material Elevator Operation NC II,BASIC,500311106,Work in team environment
CONLPO212,Construction Lift Passenger/Material Elevator Operation NC II,BASIC,500311107,Practice career professionalism
CONLPO212,Construction Lift Passenger/Material Elevator Operation NC II,BASIC,500311108,Practice occupational health and safety procedures
CONLPO212,Construction Lift Passenger/Material Elevator Operation NC II,COMMON,CON931201,Prepare construction materials and tools
CONLPO212,Construction Lift Passenger/Material Elevator Operation NC II,COMMON,CON311201,"Observe procedures, specifications and manuals of instructions"
CONLPO212,Construction Lift Passenger/Material Elevator Operation NC II,COMMON,CON311202,Interpret technical drawings and plans
CONLPO212,Construction Lift Passenger/Material Elevator Operation NC II,COMMON,CON311203,Perform mensurations and calculations
CONCOP215,Construction Painting NC II,CORE,CON713359,Perform painting works
CONCOP215,Construction Painting NC II,CORE,CON713360,Perform re-touching works
CONCOP215,Construction Painting NC II,BASIC,500311105,Participate in workplace communication
CONCOP215,Construction Painting NC II,BASIC,500311106,Work in team environment
CONCOP215,Construction Painting NC II,BASIC,500311107,Practice career professionalism
CONCOP215,Construction Painting NC II,BASIC,500311108,Practice occupational health and safety procedures
CONCOP215,Construction Painting NC II,COMMON,CON931201,Prepare construction materials and tools
CONCOP215,Construction Painting NC II,COMMON,CON311201,"Observe procedures, specifications and manuals of instructions"
CONCOP215,Construction Painting NC II,COMMON,CON311203,Perform mensurations and calculations
CONCOP215,Construction Painting NC II,COMMON,CON311204,Maintain tools and equipment
CONCOP215,Construction Painting NC II,COMMON,CON311202,Interpret technical drawings and plans
CONCOP215,Construction Painting NC II,CORE,CON713357,"Prepare tools, painting materials and equipment"
CONCOP215,Construction Painting NC II,CORE,CON713358,Prepare surface for painting
CONCOP206,Construction Painting NC II (Superseded),CORE,CON712327,Prepare surface for painting
CONCOP206,Construction Painting NC II (Superseded),CORE,CON712328,Perform painting work
CONCOP206,Construction Painting NC II (Superseded),BASIC,500311105,Participate in workplace communication
CONCOP206,Construction Painting NC II (Superseded),BASIC,500311106,Work in team environment
CONCOP206,Construction Painting NC II (Superseded),BASIC,500311107,Practice career professionalism
CONCOP206,Construction Painting NC II (Superseded),BASIC,500311108,Practice occupational health and safety procedures
CONCOP206,Construction Painting NC II (Superseded),COMMON,CON931201,Prepare construction materials and tools
CONCOP206,Construction Painting NC II (Superseded),COMMON,CON311201,"Observe procedures, specifications and manuals of instructions"
CONCOP206,Construction Painting NC II (Superseded),COMMON,CON311202,Interpret technical drawings and plans
CONCOP206,Construction Painting NC II (Superseded),COMMON,CON311203,Perform mensurations and calculations
CONCOP206,Construction Painting NC II (Superseded),COMMON,CON311204,Maintain tools and equipment
CONCOP206,Construction Painting NC II (Superseded),CORE,CON712326,"Prepare tools, painting materials and equipment"
CONCOP306,Construction Painting NC III,CORE,CON712330,Perform mixing / tinting of paints
CONCOP306,Construction Painting NC III,CORE,CON712331,Perform re-painting / re-touching work
CONCOP306,Construction Painting NC III,BASIC,500311109,Lead workplace communication
CONCOP306,Construction Painting NC III,BASIC,500311110,Lead small teams
CONCOP306,Construction Painting NC III,BASIC,500311111,Develop and practice negotiation skills
CONCOP306,Construction Painting NC III,BASIC,500311112,Solve problems related to work activities
CONCOP306,Construction Painting NC III,BASIC,500311113,Use mathematical concepts and techniques
CONCOP306,Construction Painting NC III,BASIC,500311114,Use relevant technologies
CONCOP306,Construction Painting NC III,COMMON,CON931201,Prepare construction materials and tools
CONCOP306,Construction Painting NC III,COMMON,CON311201,"Observe procedures, specifications and manuals of instructions"
CONCOP306,Construction Painting NC III,COMMON,CON311202,Interpret technical drawings and plans
CONCOP306,Construction Painting NC III,COMMON,CON311203,Perform mensurations and calculations
CONCOP306,Construction Painting NC III,COMMON,CON311204,Maintain tools and equipment
CONCOP306,Construction Painting NC III,CORE,CON712326,"Prepare tools, painting materials and equipment"
CONCOP306,Construction Painting NC III,CORE,CON712327,Prepare surface for painting
CONCOP306,Construction Painting NC III,CORE,CON712328,Perform painting work
CONCOP306,Construction Painting NC III,CORE,CON712329,Estimate painting requirements
ELCCES306,Consumer Electronics NC II (Superseded),COMMON,ELC311202,Prepare and interpret technical drawing
ELCCES306,Consumer Electronics NC II (Superseded),COMMON,ELC311203,Perform computer operations
ELCCES306,Consumer Electronics NC II (Superseded),COMMON,ELC311201,Perform mensuration and calculation
ELCCES306,Consumer Electronics NC II (Superseded),BASIC,500311109,Lead workplace communication
ELCCES306,Consumer Electronics NC II (Superseded),COMMON,ELC724201,Use hand tools
ELCCES306,Consumer Electronics NC II (Superseded),BASIC,500311110,Lead small teams
ELCCES306,Consumer Electronics NC II (Superseded),BASIC,500311114,Use relevant technologies
ELCCES306,Consumer Electronics NC II (Superseded),BASIC,500311111,Develop and practice negotiation skills
ELCCES306,Consumer Electronics NC II (Superseded),BASIC,500311113,Use mathematical concepts and techniques
ELCCES306,Consumer Electronics NC II (Superseded),BASIC,500311112,Solve problems related to work activities
ELCCES306,Consumer Electronics NC II (Superseded),CORE,ELC724327,Develop servicing systems for consumer electronic products and systems
ELCCES306,Consumer Electronics NC II (Superseded),CORE,ELC724328,Train service technicians
ELCCES306,Consumer Electronics NC II (Superseded),CORE,ELC724326,Commission consumer electronic products and systems
ELCCES306,Consumer Electronics NC II (Superseded),COMMON,ELC315202,Apply quality standards
ELCCES306,Consumer Electronics NC II (Superseded),COMMON,ELC724202,Terminate and connect electrical wiring and electronic circuits
ELCCES306,Consumer Electronics Servicing NC III,CORE,ELC724328,Train service technicians
ELCCES306,Consumer Electronics Servicing NC III,COMMON,ELC724202,Terminate and connect electrical wiring and electronic circuits
ELCCES306,Consumer Electronics Servicing NC III,COMMON,ELC311203,Perform computer operations
ELCCES306,Consumer Electronics Servicing NC III,CORE,ELC724326,Commission consumer electronic products and systems
ELCCES306,Consumer Electronics Servicing NC III,CORE,ELC724327,Develop servicing systems for consumer electronic products and systems
ELCCES306,Consumer Electronics Servicing NC III,BASIC,500311113,Use mathematical concepts and techniques
ELCCES306,Consumer Electronics Servicing NC III,BASIC,500311112,Solve problems related to work activities
ELCCES306,Consumer Electronics Servicing NC III,BASIC,500311114,Use relevant technologies
ELCCES306,Consumer Electronics Servicing NC III,BASIC,500311111,Develop and practice negotiation skills
ELCCES306,Consumer Electronics Servicing NC III,COMMON,ELC724201,Use hand tools
ELCCES306,Consumer Electronics Servicing NC III,BASIC,500311110,Lead small teams
ELCCES306,Consumer Electronics Servicing NC III,COMMON,ELC311201,Perform mensuration and calculation
ELCCES306,Consumer Electronics Servicing NC III,BASIC,500311109,Lead workplace communication
ELCCES306,Consumer Electronics Servicing NC III,COMMON,ELC311202,Prepare and interpret technical drawing
ELCCES306,Consumer Electronics Servicing NC III,COMMON,ELC315202,Apply quality standards
ELCCES406,Consumer Electronics Servicing NC IV,BASIC,500311117,Apply problem solving techniques in the workplace
ELCCES406,Consumer Electronics Servicing NC IV,BASIC,500311118,"Collect, analyze and organize information"
ELCCES406,Consumer Electronics Servicing NC IV,BASIC,500311119,Plan and organize work
ELCCES406,Consumer Electronics Servicing NC IV,BASIC,500311120,Promote environmental protection
ELCCES406,Consumer Electronics Servicing NC IV,COMMON,ELC724201,Use hand tools
ELCCES406,Consumer Electronics Servicing NC IV,COMMON,ELC311201,Perform mensuration and calculation
ELCCES406,Consumer Electronics Servicing NC IV,COMMON,ELC311202,Prepare and interpret technical drawing
ELCCES406,Consumer Electronics Servicing NC IV,COMMON,ELC315202,Apply quality standards
ELCCES406,Consumer Electronics Servicing NC IV,COMMON,ELC311203,Perform computer operations
ELCCES406,Consumer Electronics Servicing NC IV,COMMON,ELC724202,Terminate and connect electrical wiring and electronic circuits
ELCCES406,Consumer Electronics Servicing NC IV,CORE,ELC724329,Manage servicing systems for consumer electronics products and systems
ELCCES406,Consumer Electronics Servicing NC IV,CORE,ELC724330,Train service technician supervisors
ELCCES406,Consumer Electronics Servicing NC IV,BASIC,500311115,Utilize specialized communication skills
ELCCES406,Consumer Electronics Servicing NC IV,BASIC,500311116,Develop teams and individuals
ICTCCS214,Contact Center Services NC II,CORE,ICT313365,Communicate effectively in English for customer service
ICTCCS214,Contact Center Services NC II,CORE,ICT313366,Perform customer service delivery processes
ICTCCS214,Contact Center Services NC II,CORE,ICT313367,Demonstrate ability to effectively engage customers
ICTCCS214,Contact Center Services NC II,BASIC,500311105,Participate in workplace communication
ICTCCS214,Contact Center Services NC II,BASIC,500311106,Work in team environment
ICTCCS214,Contact Center Services NC II,BASIC,500311107,Practice career professionalism
ICTCCS214,Contact Center Services NC II,BASIC,500311108,Practice occupational health and safety procedures
ICTCCS214,Contact Center Services NC II,COMMON,ICT315202,Apply quality standards
ICTCCS214,Contact Center Services NC II,COMMON,ICT311203,Perform computer operations
ICTCCS206,Contact Center Services NC II (Superseded),CORE,ICT313335,Demonstrate understanding and knowledge for the American culture and geography
ICTCCS206,Contact Center Services NC II (Superseded),CORE,ICT313334,Perform computer operation and internet navigation
ICTCCS206,Contact Center Services NC II (Superseded),CORE,ICT313333,Deliver quality customer service
ICTCCS206,Contact Center Services NC II (Superseded),COMMON,ICT311203,Perform computer operations
ICTCCS206,Contact Center Services NC II (Superseded),BASIC,500311108,Practice occupational health and safety procedures
ICTCCS206,Contact Center Services NC II (Superseded),BASIC,500311107,Practice career professionalism
ICTCCS206,Contact Center Services NC II (Superseded),BASIC,500311106,Work in team environment
ICTCCS206,Contact Center Services NC II (Superseded),BASIC,500311105,Participate in workplace communication
ICTCCS206,Contact Center Services NC II (Superseded),CORE,ICT313332,Communicate effectively using English language
ICTCCS206,Contact Center Services NC II (Superseded),COMMON,ICT315202,Apply quality standards
HHHCCT221,Contact Tracing NC II,BASIC,400311212,Solve/address general workplace problems
HHHCCT221,Contact Tracing NC II,BASIC,400311210,Participate in workplace communication
HHHCCT221,Contact Tracing NC II,CORE,HHC532339,Conduct monitoring and surveillance
HHHCCT221,Contact Tracing NC II,CORE,HHC532338,Perform data recording and reporting
HHHCCT221,Contact Tracing NC II,CORE,HHC532337,Conduct health education programs
HHHCCT221,Contact Tracing NC II,CORE,HHC532336,Conduct referral to health facility/ quarantine facility/ other relevant agencies
HHHCCT221,Contact Tracing NC II,CORE,HHC532335,Conduct profiling of all contacts and index cases and follow-up
HHHCCT221,Contact Tracing NC II,CORE,HHC532334,Conduct case investigation and contact identification
HHHCCT221,Contact Tracing NC II,COMMON,HHC325204,Maintain high standard of patient/client services
HHHCCT221,Contact Tracing NC II,COMMON,HHC325203,Apply basic first aid
HHHCCT221,Contact Tracing NC II,COMMON,HHC325202,Respond effectively to difficult/challenging behavior
HHHCCT221,Contact Tracing NC II,COMMON,HHC325201,Implement and monitor infection control policies and procedures
HHHCCT221,Contact Tracing NC II,BASIC,400311218,Practice entrepreneurial skills in the workplace
HHHCCT221,Contact Tracing NC II,BASIC,400311217,Exercise efficient and effective sustainable practices in the workplace
HHHCCT221,Contact Tracing NC II,BASIC,400311216,Practice occupational safety and health policies and procedures
HHHCCT221,Contact Tracing NC II,BASIC,400311215,Present relevant information
HHHCCT221,Contact Tracing NC II,BASIC,400311214,Contribute to workplace innovation
HHHCCT221,Contact Tracing NC II,BASIC,400311213,Develop career and life decisions
HHHCCT221,Contact Tracing NC II,BASIC,400311211,Work in team environment
TRSCOK214,Cookery NC II (Superseded),CORE,TRS512335,Prepare desserts
TRSCOK214,Cookery NC II (Superseded),CORE,TRS512333,Prepare poultry and game dishes
TRSCOK214,Cookery NC II (Superseded),BASIC,500311105,Participate in workplace communication
TRSCOK214,Cookery NC II (Superseded),BASIC,500311106,Work in team environment
TRSCOK214,Cookery NC II (Superseded),BASIC,500311107,Practice career professionalism
TRSCOK214,Cookery NC II (Superseded),BASIC,500311108,Practice occupational health and safety procedures
TRSCOK214,Cookery NC II (Superseded),COMMON,TRS311201,Develop and update industry knowledge
TRSCOK214,Cookery NC II (Superseded),COMMON,TRS311202,Observe workplace hygiene procedures
TRSCOK214,Cookery NC II (Superseded),COMMON,TRS311203,Perform computer operations
TRSCOK214,Cookery NC II (Superseded),COMMON,TRS311204,Perform workplace and safety practices
TRSCOK214,Cookery NC II (Superseded),COMMON,TRS311205,Provide effective customer service
TRSCOK214,Cookery NC II (Superseded),CORE,TRS512340,Package prepared food
TRSCOK214,Cookery NC II (Superseded),CORE,TRS512328,Clean and maintain kitchen premises
TRSCOK214,Cookery NC II (Superseded),CORE,TRS512331,"Prepare stocks, sauces and soups"
TRSCOK214,Cookery NC II (Superseded),CORE,TRS512381,Prepare appetizers
TRSCOK214,Cookery NC II (Superseded),CORE,TRS512382,Prepare salads and dressing
TRSCOK214,Cookery NC II (Superseded),CORE,TRS512330,Prepare sandwiches
TRSCOK214,Cookery NC II (Superseded),CORE,TRS512383,Prepare meat dishes
TRSCOK214,Cookery NC II (Superseded),CORE,TRS512384,Prepare vegetables dishes
TRSCOK214,Cookery NC II (Superseded),CORE,TRS512385,Prepare egg dishes
TRSCOK214,Cookery NC II (Superseded),CORE,TRS512386,Prepare starch dishes
TRSCOK214,Cookery NC II (Superseded),CORE,TRS512334,Prepare seafood dishes
WRTCSR208,Customer Services NC II,ELECTIVE,WRT522307,Merchandise food products
WRTCSR208,Customer Services NC II,BASIC,500311105,Participate in workplace communication
WRTCSR208,Customer Services NC II,BASIC,500311106,Work in team environment
WRTCSR208,Customer Services NC II,BASIC,500311107,Practice career professionalism
WRTCSR208,Customer Services NC II,BASIC,500311108,Practice occupational health and safety procedures
WRTCSR208,Customer Services NC II,COMMON,WRT311201,Develop and update industry knowledge
WRTCSR208,Customer Services NC II,COMMON,WRT311202,Perform computer operations
WRTCSR208,Customer Services NC II,COMMON,WRT311203,Perform workplace security and safety practices
WRTCSR208,Customer Services NC II,CORE,WRT522301,Prepare products for display
WRTCSR208,Customer Services NC II,CORE,WRT522302,Sell products and services
WRTCSR208,Customer Services NC II,CORE,WRT522303,Interact with customers
WRTCSR208,Customer Services NC II,CORE,WRT522304,Operate retail equipment
WRTCSR208,Customer Services NC II,CORE,WRT522305,Balance register/terminal
WRTCSR208,Customer Services NC II,CORE,WRT522306,Perform stock control procedures
WRTCSR208,Customer Services NC II,ELECTIVE,WRT522308,Perform merchandise presentation skills
ICTCTM224,Cyber Threat Mitigation NC II,BASIC,400311211,Work in a team environment
ICTCTM224,Cyber Threat Mitigation NC II,BASIC,400311210,Participate in workplace communication
ICTCTM224,Cyber Threat Mitigation NC II,CORE,ICTxxxxxx,Perform vulnerability management/control
ICTCTM224,Cyber Threat Mitigation NC II,CORE,ICTxxxxxx,Perform threat mitigation
ICTCTM224,Cyber Threat Mitigation NC II,COMMON,ICTxxxxxx,Perform computer operations
ICTCTM224,Cyber Threat Mitigation NC II,COMMON,ICTxxxxxx,Apply quality standards
ICTCTM224,Cyber Threat Mitigation NC II,BASIC,400311212,Solve/address general workplace problems
ICTCTM224,Cyber Threat Mitigation NC II,BASIC,400311213,Develop career and life decisions
ICTCTM224,Cyber Threat Mitigation NC II,BASIC,400311214,Contribute to workplace innovation
ICTCTM224,Cyber Threat Mitigation NC II,BASIC,400311215,Present relevant information
ICTCTM224,Cyber Threat Mitigation NC II,BASIC,400311216,Practice occupational safety and health policies and procedures
ICTCTM224,Cyber Threat Mitigation NC II,BASIC,400311217,Exercise efficient and effective sustainable practices in the workplace
ICTCTM224,Cyber Threat Mitigation NC II,BASIC,400311218,Practice entrepreneurial skills in the workplace
ICTCTM124,Cyber Threat Monitoring NC I,COMMON,ICT315203,Perform computer operations
ICTCTM124,Cyber Threat Monitoring NC I,BASIC,400311103,Solve/address routine problems
ICTCTM124,Cyber Threat Monitoring NC I,BASIC,400311102,Work with others
ICTCTM124,Cyber Threat Monitoring NC I,BASIC,400311101,Receive and respond to workplace communication
ICTCTM124,Cyber Threat Monitoring NC I,CORE,ICTxxxxxx,Conduct vulnerability scanning of assets
ICTCTM124,Cyber Threat Monitoring NC I,CORE,ICTxxxxxx,Monitor and report cyber threats
ICTCTM124,Cyber Threat Monitoring NC I,COMMON,ICT315202,Apply quality standards
ICTCTM124,Cyber Threat Monitoring NC I,BASIC,400311104,Enhance self-management skills
ICTCTM124,Cyber Threat Monitoring NC I,BASIC,400311109,Adopt entrepreneurial mindset in the workplace
ICTCTM124,Cyber Threat Monitoring NC I,BASIC,400311108,Apply environmental work standards
ICTCTM124,Cyber Threat Monitoring NC I,BASIC,400311107,Follow occupational safety and health policies and procedures
ICTCTM124,Cyber Threat Monitoring NC I,BASIC,400311106,Access and maintain information
ICTCTM124,Cyber Threat Monitoring NC I,BASIC,400311105,Support innovation
SOCDAC223,Data Collection NC II,BASIC,400311214,Contribute to workplace innovation
SOCDAC223,Data Collection NC II,BASIC,400311215,Present relevant information
SOCDAC223,Data Collection NC II,BASIC,400311213,Develop career and life decisions
SOCDAC223,Data Collection NC II,BASIC,400311212,Solve/address general workplace problems
SOCDAC223,Data Collection NC II,BASIC,400311211,Work in team environment
SOCDAC223,Data Collection NC II,BASIC,400311210,Participate in workplace communication
SOCDAC223,Data Collection NC II,BASIC,400311216,Practice occupational safety and health policies and procedures
SOCDAC223,Data Collection NC II,BASIC,400311217,Exercise efficient and effective sustainable practices in the workplace
SOCDAC223,Data Collection NC II,BASIC,400311218,Practice entrepreneurial skills in the workplace
SOCDAC223,Data Collection NC II,COMMON,-,Provide quality customer service
SOCDAC223,Data Collection NC II,COMMON,-,Comply with quality and ethical standards
SOCDAC223,Data Collection NC II,CORE,-,Gather data
SOCDAC223,Data Collection NC II,CORE,-,Perform post-data collection activities
SOCDAC223,Data Collection NC II,CORE,-,Perform preparatory activities for data collection
HHCDHY419,Dental Hygiene Level IV,COMMON,ICT311201,Operate a personal computer
HHCDHY419,Dental Hygiene Level IV,CORE,HHC325307,Provide effective patient/client service
HHCDHY419,Dental Hygiene Level IV,BASIC,500311407,"Lead in improvement of occupational safety and health (OSH) programs, policies and procedures"
HHCDHY419,Dental Hygiene Level IV,BASIC,500311401,Utilize specialized communication skill
HHCDHY419,Dental Hygiene Level IV,BASIC,500311402,Develop and lead teams
HHCDHY419,Dental Hygiene Level IV,BASIC,500311403,Perform higher-order thinking processes and apply techniques in the workplace
HHCDHY419,Dental Hygiene Level IV,BASIC,500311404,Contribute to the practice of social justice in the workplace
HHCDHY419,Dental Hygiene Level IV,BASIC,500311405,Manage innovative work instructions
HHCDHY419,Dental Hygiene Level IV,BASIC,500311406,Manage and evaluate usage of information
HHCDHY419,Dental Hygiene Level IV,BASIC,500311408,"Lead towards improvement of environmental work programs, policies and procedures"
HHCDHY419,Dental Hygiene Level IV,BASIC,500311409,Sustain entrepreneurial skills
HHCDHY419,Dental Hygiene Level IV,COMMON,HHC516201,Maintain an effective relationship with customers and clients
HHCDHY419,Dental Hygiene Level IV,COMMON,HHC516202,Manage own performance
HHCDHY419,Dental Hygiene Level IV,COMMON,HHC322201,Maintain instruments and equipment in work area
HHCDHY419,Dental Hygiene Level IV,COMMON,HHC322204,Follow occupational health and safety policies in dental laboratory facilities
HHCDHY419,Dental Hygiene Level IV,COMMON,HHC322205,Maintain infection control in dental practice
HHCDHY419,Dental Hygiene Level IV,COMMON,HHC323203,Apply basic first aid
HHCDHY419,Dental Hygiene Level IV,CORE,HHC325301,Perform oral examination
HHCDHY419,Dental Hygiene Level IV,CORE,HHC325302,Promote oral health and hygiene
HHCDHY419,Dental Hygiene Level IV,CORE,HHC325303,Operate a dental radiographic equipment
HHCDHY419,Dental Hygiene Level IV,CORE,HHC325304,Apply the principle of radiology biology and protection in dental practice
HHCDHY419,Dental Hygiene Level IV,CORE,HHC325305,Perform scaling and polishing
HHCDHY419,Dental Hygiene Level IV,CORE,HHC325306,Maintain dental records and resources
HHCDHY410,Dental Hygiene Level IV (Superseded),BASIC,500311118,"Collect, analyze and organize information"
HHCDHY410,Dental Hygiene Level IV (Superseded),CORE,HCS322344,Promote oral health and hygiene
HHCDHY410,Dental Hygiene Level IV (Superseded),CORE,HCS322349,Provide effective patient/client service
HHCDHY410,Dental Hygiene Level IV (Superseded),BASIC,500311119,Plan and organize work
HHCDHY410,Dental Hygiene Level IV (Superseded),BASIC,500311120,Promote environmental protection
HHCDHY410,Dental Hygiene Level IV (Superseded),BASIC,500311117,Apply problem solving techniques in the workplace
HHCDHY410,Dental Hygiene Level IV (Superseded),BASIC,500311116,Develop teams and individuals
HHCDHY410,Dental Hygiene Level IV (Superseded),BASIC,500311115,Utilize specialized communication skills
HHCDHY410,Dental Hygiene Level IV (Superseded),COMMON,HCS516201,Maintain an effective relationship with clients/customers
HHCDHY410,Dental Hygiene Level IV (Superseded),COMMON,HCS516202,Manage own performance
HHCDHY410,Dental Hygiene Level IV (Superseded),COMMON,HCS322201,Maintain instruments and equipment in work area
HHCDHY410,Dental Hygiene Level IV (Superseded),COMMON,HCS322204,Follow occupational health and safety policies in dental laboratory facilities
HHCDHY410,Dental Hygiene Level IV (Superseded),COMMON,HCS322205,Maintain infection control in dental practice
HHCDHY410,Dental Hygiene Level IV (Superseded),COMMON,HCS323203,Apply basic first aid
HHCDHY410,Dental Hygiene Level IV (Superseded),COMMON,ICT311201,Operate a personal computer
HHCDHY410,Dental Hygiene Level IV (Superseded),CORE,HCS322343,Perform oral examination
HHCDHY410,Dental Hygiene Level IV (Superseded),CORE,HCS322347,Perform scaling and polishing
HHCDHY410,Dental Hygiene Level IV (Superseded),CORE,HCS322346,Apply the principle of radiology biology and protection in dental practice
HHCDHY410,Dental Hygiene Level IV (Superseded),CORE,HCS322345,Operate a dental radiographic equipment
HHCDHY410,Dental Hygiene Level IV (Superseded),CORE,HCS322348,Maintain dental records and resources
HHCDSF210,Dental Laboratory Technology Services (Fixed Dentures/Restorations) NC II,CORE,HCS322338,Join alloy structures
HHCDSF210,Dental Laboratory Technology Services (Fixed Dentures/Restorations) NC II,CORE,HCS322337,Fabricate indirect composite/polymer fixed restorations
HHCDSF210,Dental Laboratory Technology Services (Fixed Dentures/Restorations) NC II,CORE,HCS322336,Fabricate ceramic restorations
HHCDSF210,Dental Laboratory Technology Services (Fixed Dentures/Restorations) NC II,CORE,HCS322335,Fabricate metal crown and bridge structures
HHCDSF210,Dental Laboratory Technology Services (Fixed Dentures/Restorations) NC II,COMMON,ICT311201,Operate a personal computer
HHCDSF210,Dental Laboratory Technology Services (Fixed Dentures/Restorations) NC II,COMMON,HCS346205,Maintain infection control in dental practice
HHCDSF210,Dental Laboratory Technology Services (Fixed Dentures/Restorations) NC II,COMMON,HCS346204,Follow occupational health and safety policies in dental laboratory facilities
HHCDSF210,Dental Laboratory Technology Services (Fixed Dentures/Restorations) NC II,COMMON,HCS516202,Manage own performance
HHCDSF210,Dental Laboratory Technology Services (Fixed Dentures/Restorations) NC II,BASIC,500311106,Work in team environment
HHCDSF210,Dental Laboratory Technology Services (Fixed Dentures/Restorations) NC II,BASIC,500311107,Practice career professionalism
HHCDSF210,Dental Laboratory Technology Services (Fixed Dentures/Restorations) NC II,BASIC,500311105,Participate in workplace communication
HHCDSF210,Dental Laboratory Technology Services (Fixed Dentures/Restorations) NC II,BASIC,500311108,Practice occupational health and safety procedures
HHCDSF210,Dental Laboratory Technology Services (Fixed Dentures/Restorations) NC II,COMMON,HCS516201,Maintain an effective relationship with clients/customers
HHCDSR210,Dental Laboratory Technology Services (Removable Dentures/Appliances) NC II,COMMON,HCS516202,Manage own performance
HHCDSR210,Dental Laboratory Technology Services (Removable Dentures/Appliances) NC II,CORE,HCS322334,Fabricate cast metal removable partial denture framework
HHCDSR210,Dental Laboratory Technology Services (Removable Dentures/Appliances) NC II,COMMON,HCS516201,Maintain an effective relationship with clients/customers
HHCDSR210,Dental Laboratory Technology Services (Removable Dentures/Appliances) NC II,COMMON,HCS346204,Follow occupational health and safety policies in dental laboratory facilities
HHCDSR210,Dental Laboratory Technology Services (Removable Dentures/Appliances) NC II,BASIC,500311105,Participate in workplace communication
HHCDSR210,Dental Laboratory Technology Services (Removable Dentures/Appliances) NC II,BASIC,500311106,Work in team environment
HHCDSR210,Dental Laboratory Technology Services (Removable Dentures/Appliances) NC II,BASIC,500311107,Practice career professionalism
HHCDSR210,Dental Laboratory Technology Services (Removable Dentures/Appliances) NC II,BASIC,500311108,Practice occupational health and safety procedures
HHCDSR210,Dental Laboratory Technology Services (Removable Dentures/Appliances) NC II,COMMON,HCS346205,Maintain infection control in dental practice
HHCDSR210,Dental Laboratory Technology Services (Removable Dentures/Appliances) NC II,COMMON,ICT311201,Operate a personal computer
HHCDSR210,Dental Laboratory Technology Services (Removable Dentures/Appliances) NC II,CORE,HCS322328,Arrange artificial teeth for complete dentures
HHCDSR210,Dental Laboratory Technology Services (Removable Dentures/Appliances) NC II,CORE,HCS322329,Set-up and wax removable partial dentures
HHCDSR210,Dental Laboratory Technology Services (Removable Dentures/Appliances) NC II,CORE,HCS322330,"Wax, process and finish acrylic dentures and appliances"
HHCDSR210,Dental Laboratory Technology Services (Removable Dentures/Appliances) NC II,CORE,HCS322331,Fabricate thermo formed bases and appliances
HHCDSR210,Dental Laboratory Technology Services (Removable Dentures/Appliances) NC II,CORE,HCS322339,Repair and modify dentures and appliances
HHCDSR210,Dental Laboratory Technology Services (Removable Dentures/Appliances) NC II,CORE,HCS322332,Fabricate oral splints
HHCDSR210,Dental Laboratory Technology Services (Removable Dentures/Appliances) NC II,CORE,HCS322333,Fabricate orthodontic appliances
HHCDLT108,Dental Laboratory Technology Services NC I,CORE,HCS322327,Fabricate mouthguard
HHCDLT108,Dental Laboratory Technology Services NC I,BASIC,500311101,Receive and respond to workplace communication
HHCDLT108,Dental Laboratory Technology Services NC I,BASIC,500311102,Work with others
HHCDLT108,Dental Laboratory Technology Services NC I,BASIC,500311103,Demonstrate work values
HHCDLT108,Dental Laboratory Technology Services NC I,BASIC,500311104,Practice basic housekeeping procedures
HHCDLT108,Dental Laboratory Technology Services NC I,COMMON,HCS346201,Maintain instruments and equipment in work area
HHCDLT108,Dental Laboratory Technology Services NC I,COMMON,HCS346202,Assist in dental laboratory procedures
HHCDLT108,Dental Laboratory Technology Services NC I,COMMON,HCS346203,Assist with administration in dental laboratory practice
HHCDLT108,Dental Laboratory Technology Services NC I,COMMON,ICT311201,Operate a personal computer
HHCDLT108,Dental Laboratory Technology Services NC I,CORE,HCS322323,Fabricate models
HHCDLT108,Dental Laboratory Technology Services NC I,CORE,HCS322324,Fabricate custom impression trays
HHCDLT108,Dental Laboratory Technology Services NC I,CORE,HCS322325,Fabricate registration bite rims
HHCDLT108,Dental Laboratory Technology Services NC I,CORE,HCS322326,Articulate models and transfer records
HHCDTK410,Dental Technology NC IV,COMMON,HCS346205,Maintain infection control in dental practice
HHCDTK410,Dental Technology NC IV,COMMON,HCS346204,Follow occupational health and safety policies in dental laboratory facilities
HHCDTK410,Dental Technology NC IV,BASIC,500311102,Work with others
HHCDTK410,Dental Technology NC IV,CORE,HCS322336,Fabricate ceramic restorations
HHCDTK410,Dental Technology NC IV,CORE,HCS322342,Continue professional growth and development
HHCDTK410,Dental Technology NC IV,CORE,HCS322341,Perform administrative functions
HHCDTK410,Dental Technology NC IV,CORE,HCS322340,Manage dental laboratory production and operation
HHCDTK410,Dental Technology NC IV,CORE,HCS322338,Join alloy structures
HHCDTK410,Dental Technology NC IV,CORE,HCS322337,Fabricate indirect composite/polymer fixed restorations
HHCDTK410,Dental Technology NC IV,CORE,HCS322335,Fabricate metal crown and bridge structures
HHCDTK410,Dental Technology NC IV,CORE,HCS322334,Fabricate cast metal removable partial denture framework
HHCDTK410,Dental Technology NC IV,CORE,HCS322333,Fabricate orthodontic appliances
HHCDTK410,Dental Technology NC IV,CORE,HCS322332,Fabricate oral splints
HHCDTK410,Dental Technology NC IV,CORE,HCS322339,Repair and modify dentures and appliances
HHCDTK410,Dental Technology NC IV,CORE,HCS322331,Fabricate thermo formed bases and appliances
HHCDTK410,Dental Technology NC IV,CORE,HCS322330,"Wax, process and finish acrylic dentures and appliances"
HHCDTK410,Dental Technology NC IV,CORE,HCS322329,Set-up and wax removable partial dentures
HHCDTK410,Dental Technology NC IV,CORE,HCS322328,Arrange artificial teeth for complete dentures
HHCDTK410,Dental Technology NC IV,CORE,HCS322327,Fabricate mouthguard
HHCDTK410,Dental Technology NC IV,CORE,HCS322326,Articulate models and transfer records
HHCDTK410,Dental Technology NC IV,CORE,HCS322325,Fabricate registration bite rims
HHCDTK410,Dental Technology NC IV,CORE,HCS322324,Fabricate custom impression trays
HHCDTK410,Dental Technology NC IV,CORE,HCS322323,Fabricate models
HHCDTK410,Dental Technology NC IV,COMMON,ICT311201,Operate a personal computer
HHCDTK410,Dental Technology NC IV,BASIC,500311103,Demonstrate work values
HHCDTK410,Dental Technology NC IV,BASIC,500311104,Practice basic housekeeping procedures
HHCDTK410,Dental Technology NC IV,BASIC,500311105,Participate in workplace communication
HHCDTK410,Dental Technology NC IV,BASIC,500311106,Work in team environment
HHCDTK410,Dental Technology NC IV,BASIC,500311107,Practice career professionalism
HHCDTK410,Dental Technology NC IV,BASIC,500311108,Practice occupational health and safety procedures
HHCDTK410,Dental Technology NC IV,BASIC,500311115,Utilize specialized communication skills
HHCDTK410,Dental Technology NC IV,BASIC,500311116,Develop teams and individuals
HHCDTK410,Dental Technology NC IV,BASIC,500311117,Apply problem solving techniques in the workplace
HHCDTK410,Dental Technology NC IV,BASIC,500311118,"Collect, analyze and organize information"
HHCDTK410,Dental Technology NC IV,BASIC,500311119,Plan and organize work
HHCDTK410,Dental Technology NC IV,BASIC,500311120,Promote environmental protection
HHCDTK410,Dental Technology NC IV,COMMON,HCS346201,Maintain instruments and equipment in work area
HHCDTK410,Dental Technology NC IV,COMMON,HCS346202,Assist in dental laboratory procedures
HHCDTK410,Dental Technology NC IV,COMMON,HCS346203,Assist with administration in dental laboratory practice
HHCDTK410,Dental Technology NC IV,COMMON,HCS315202,Apply quality standards
HHCDTK410,Dental Technology NC IV,COMMON,HCS516201,Maintain an effective relationship with clients/customers
HHCDTK410,Dental Technology NC IV,COMMON,HCS516202,Manage own performance
HHCDTK410,Dental Technology NC IV,BASIC,500311101,Receive and respond to workplace communication
MEEDID419,Die Designing NC IV,BASIC,500311404,Contribute to the practice of social justice in the workplace
MEEDID419,Die Designing NC IV,BASIC,500311403,Perform higher-order thinking processes and apply techniques in the workplace
MEEDID419,Die Designing NC IV,BASIC,500311406,Manage and evaluate usage of information
MEEDID419,Die Designing NC IV,BASIC,500311408,"Lead towards improvement of environmental work programs, policies and procedures"
MEEDID419,Die Designing NC IV,BASIC,500311409,Sustain entrepreneurial skills
MEEDID419,Die Designing NC IV,COMMON,MEE722204,Perform shop computations (basic)
MEEDID419,Die Designing NC IV,COMMON,MEE722205,Measure workpiece (basic)
MEEDID419,Die Designing NC IV,COMMON,MEE722207,Perform shop computations (intermediate)
MEEDID419,Die Designing NC IV,COMMON,MEE722201,Apply safety practices
MEEDID419,Die Designing NC IV,COMMON,MEE722202,Interpret working drawings and sketches
MEEDID419,Die Designing NC IV,COMMON,MEE722203,Select/ cut workshop materials
MEEDID419,Die Designing NC IV,COMMON,MEE722206,Perform routine housekeeping
MEEDID419,Die Designing NC IV,COMMON,MEE722208,Measure workpiece using angular measuring instruments
MEEDID419,Die Designing NC IV,COMMON,MEE722210,Measure workpiece using gages and surface texture comparator
MEEDID419,Die Designing NC IV,COMMON,MEE722211,Perform preventive and corrective maintenance
MEEDID419,Die Designing NC IV,COMMON,ICT311201,Operate a personal computer
MEEDID419,Die Designing NC IV,CORE,MEE722322,Perform CAD operation
MEEDID419,Die Designing NC IV,CORE,MEE722321,Determine die design parameters
MEEDID419,Die Designing NC IV,CORE,MEE722323,Simulate and verify die design
MEEDID419,Die Designing NC IV,CORE,MEE722324,Modify and finalize die design
MEEDID419,Die Designing NC IV,CORE,MEE722325,Create fabrication drawing
MEEDID419,Die Designing NC IV,BASIC,500311407,"Lead in improvement of occupational safety and health (OSH) programs, policies and procedures"
MEEDID419,Die Designing NC IV,BASIC,500311401,Utilize specialized communication skill
MEEDID419,Die Designing NC IV,BASIC,500311402,Develop and lead teams
MEEDID419,Die Designing NC IV,BASIC,500311405,Manage innovative work instructions
UTLDPM308,Diesel Power Plant Maintenance NC III,BASIC,500311114,Use relevant technologies
UTLDPM308,Diesel Power Plant Maintenance NC III,BASIC,500311109,Lead Workplace Communication
UTLDPM308,Diesel Power Plant Maintenance NC III,CORE,UTL723212,Diagnose and repair electrical system
UTLDPM308,Diesel Power Plant Maintenance NC III,CORE,UTL723211,Service alternator/generator
UTLDPM308,Diesel Power Plant Maintenance NC III,CORE,UTL723210,Diagnose and repair diesel engine
UTLDPM308,Diesel Power Plant Maintenance NC III,CORE,UTL723209,Overhaul Diesel Engine
UTLDPM308,Diesel Power Plant Maintenance NC III,COMMON,UTL724201,Perform basic electrical works
UTLDPM308,Diesel Power Plant Maintenance NC III,COMMON,UTL311202,Perform mensuration and calculation
UTLDPM308,Diesel Power Plant Maintenance NC III,COMMON,UTL713202,Perform basic bench works
UTLDPM308,Diesel Power Plant Maintenance NC III,COMMON,UTL723205,Perform shop maintenance
UTLDPM308,Diesel Power Plant Maintenance NC III,COMMON,UTL723203,"Read, interpret and apply specifications and manuals"
UTLDPM308,Diesel Power Plant Maintenance NC III,BASIC,500311113,Use mathematical concepts and techniques
UTLDPM308,Diesel Power Plant Maintenance NC III,BASIC,500311112,Solve problems related to work activities
UTLDPM308,Diesel Power Plant Maintenance NC III,BASIC,500311111,Develop and practice negotiation skills
UTLDPM308,Diesel Power Plant Maintenance NC III,BASIC,500311110,Lead small teams
UTLDPP208,Diesel Power Plant Operation and Maintenance NC II,COMMON,UTL723203,"Read, interpret and apply specifications and manuals"
UTLDPP208,Diesel Power Plant Operation and Maintenance NC II,COMMON,UTL723205,Perform shop maintenance
UTLDPP208,Diesel Power Plant Operation and Maintenance NC II,COMMON,UTL311202,Perform mensuration and calculation
UTLDPP208,Diesel Power Plant Operation and Maintenance NC II,BASIC,500311108,Practice occupational health and safety procedures
UTLDPP208,Diesel Power Plant Operation and Maintenance NC II,BASIC,500311107,Practice career professionalism
UTLDPP208,Diesel Power Plant Operation and Maintenance NC II,BASIC,500311106,Work in team environment
UTLDPP208,Diesel Power Plant Operation and Maintenance NC II,BASIC,500311105,Participate in workplace communication
UTLDPP208,Diesel Power Plant Operation and Maintenance NC II,COMMON,UTL713202,Perform basic bench works
UTLDPP208,Diesel Power Plant Operation and Maintenance NC II,COMMON,UTL724201,Perform basic electrical works
UTLDPP208,Diesel Power Plant Operation and Maintenance NC II,CORE,UTL723206,Tend diesel engine
UTLDPP208,Diesel Power Plant Operation and Maintenance NC II,CORE,UTL723208,Maintain and repair diesel engine systems and alternator
UTLDPP308,Diesel Power Plant Operation and Maintenance NC III,BASIC,500311112,Solve problems related to work activities
UTLDPP308,Diesel Power Plant Operation and Maintenance NC III,COMMON,UTL723203,"Read, interpret and apply specifications and manuals"
UTLDPP308,Diesel Power Plant Operation and Maintenance NC III,COMMON,UTL311202,Perform mensuration and calculation
UTLDPP308,Diesel Power Plant Operation and Maintenance NC III,BASIC,500311114,Use relevant technologies
UTLDPP308,Diesel Power Plant Operation and Maintenance NC III,BASIC,500311113,Use mathematical concepts and techniques
UTLDPP308,Diesel Power Plant Operation and Maintenance NC III,COMMON,UTL723205,Perform shop maintenance
UTLDPP308,Diesel Power Plant Operation and Maintenance NC III,BASIC,500311111,Develop and practice negotiation skills
UTLDPP308,Diesel Power Plant Operation and Maintenance NC III,BASIC,500311110,Lead small teams
UTLDPP308,Diesel Power Plant Operation and Maintenance NC III,BASIC,500311109,Lead workplace communication
UTLDPP308,Diesel Power Plant Operation and Maintenance NC III,COMMON,UTL713202,Perform basic bench works
UTLDPP308,Diesel Power Plant Operation and Maintenance NC III,COMMON,UTL724201,Perform basic electrical works
UTLDPP308,Diesel Power Plant Operation and Maintenance NC III,CORE,UTL723206,Tend diesel engine
UTLDPP308,Diesel Power Plant Operation and Maintenance NC III,CORE,UTL723207,Operate diesel power plant
UTLDPP308,Diesel Power Plant Operation and Maintenance NC III,CORE,UTL723208,Maintain and repair diesel engine systems and alternator
SOCDOW222,Domestic Work NC II,COMMON,SOC514202,Manage own performance
SOCDOW222,Domestic Work NC II,BASIC,400311217,Exercise efficient and effective sustainable practices in the workplace
SOCDOW222,Domestic Work NC II,BASIC,400311218,Practice entrepreneurial skills in the workplace
SOCDOW222,Domestic Work NC II,COMMON,SOC514201,Maintain an effective relationship with client/customer
SOCDOW222,Domestic Work NC II,BASIC,400311216,Practice occupational safety and health policies and procedures
SOCDOW222,Domestic Work NC II,BASIC,400311210,Participate in workplace communication
SOCDOW222,Domestic Work NC II,CORE,SOC913301,"Clean living room, dining room, bedroom, bathroom and kitchen"
SOCDOW222,Domestic Work NC II,CORE,SOC913302,"Wash and iron clothes, linen and fabric"
SOCDOW222,Domestic Work NC II,CORE,SOC913303,Prepare hot and cold meals/food
SOCDOW222,Domestic Work NC II,CORE,SOC913304,Provide food and beverage service
SOCDOW222,Domestic Work NC II,ELECTIVE,SOC913401,Assist in the care of animals
SOCDOW222,Domestic Work NC II,ELECTIVE,SOC913402,Provide animal care hygiene routines
SOCDOW222,Domestic Work NC II,ELECTIVE,AGR611376,Trim and prune landscape plants
SOCDOW222,Domestic Work NC II,ELECTIVE,AGR611377,Perform weeding and cultivation
SOCDOW222,Domestic Work NC II,ELECTIVE,AGR611379,Water/irrigate plants
SOCDOW222,Domestic Work NC II,BASIC,400311211,Work in team environment
SOCDOW222,Domestic Work NC II,ELECTIVE,AGR611380,Control and prevent plant pest and diseases
SOCDOW222,Domestic Work NC II,BASIC,400311212,Solve/address general workplace problems
SOCDOW222,Domestic Work NC II,BASIC,400311213,Develop career and life decisions
SOCDOW222,Domestic Work NC II,BASIC,400311214,Contribute to workplace innovation
SOCDOW222,Domestic Work NC II,BASIC,400311215,Present relevant information
SOCDOW217,Domestic Work NC II (Superseded),ELECTIVE,HCS913401,Assist in the care of animals
SOCDOW214,Domestic Work NC II (Superseded),BASIC,500311105,Participate in workplace communication
SOCDOW214,Domestic Work NC II (Superseded),ELECTIVE,HCS323305,Provide care and support to elderly
SOCDOW214,Domestic Work NC II (Superseded),ELECTIVE,HCS323302,Provide care and support to children
SOCDOW214,Domestic Work NC II (Superseded),ELECTIVE,HCS323301,Provide care and support to infants and toddlers
SOCDOW214,Domestic Work NC II (Superseded),CORE,HCS913304,Provide food and beverage service
SOCDOW214,Domestic Work NC II (Superseded),CORE,HCS913303,Prepare hot and cold meals/food
SOCDOW214,Domestic Work NC II (Superseded),CORE,HCS913302,"Wash and iron clothes, linen and fabric"
SOCDOW214,Domestic Work NC II (Superseded),CORE,HCS913301,"Clean living room, dining room, bedrooms, toilet and kitchen"
SOCDOW214,Domestic Work NC II (Superseded),COMMON,HCS913202,Manage own performance
SOCDOW214,Domestic Work NC II (Superseded),COMMON,HCS913201,Maintain an effective relationship with clients and customers
SOCDOW214,Domestic Work NC II (Superseded),BASIC,500311108,Practice occupational health and safety procedures
SOCDOW214,Domestic Work NC II (Superseded),BASIC,500311107,Practice career professionalism
SOCDOW214,Domestic Work NC II (Superseded),BASIC,500311106,Work in team environment
SOCDOW214,Domestic Work NC II (Superseded),ELECTIVE,AGR611380,Control and prevent plant pest and diseases
SOCDOW214,Domestic Work NC II (Superseded),ELECTIVE,AGR611379,Water/irrigate plants
SOCDOW214,Domestic Work NC II (Superseded),ELECTIVE,AGR611377,Perform weeding and cultivation
SOCDOW214,Domestic Work NC II (Superseded),ELECTIVE,AGR611376,Trim and prune landscape plants
SOCDOW214,Domestic Work NC II (Superseded),ELECTIVE,HCS913402,Provide animal care hygiene routines
SOCDOW217,Domestic Work NC II (Superseded),BASIC,500311105,Participate in workplace communication
SOCDOW217,Domestic Work NC II (Superseded),BASIC,500311106,Work in team environment
SOCDOW217,Domestic Work NC II (Superseded),BASIC,500311107,Practice career professionalism
SOCDOW217,Domestic Work NC II (Superseded),BASIC,500311108,Practice occupational health and safety procedures
SOCDOW217,Domestic Work NC II (Superseded),COMMON,HCS913201,Maintain an effective relationship with clients and customers
SOCDOW217,Domestic Work NC II (Superseded),COMMON,HCS913202,Manage own performance
SOCDOW217,Domestic Work NC II (Superseded),CORE,HCS913301,"Clean living room, dining room, bedrooms, toilet and kitchen"
SOCDOW217,Domestic Work NC II (Superseded),CORE,HCS913302,"Wash and iron clothes, linen and fabric"
SOCDOW217,Domestic Work NC II (Superseded),CORE,HCS913303,Prepare hot and cold meals/food
SOCDOW217,Domestic Work NC II (Superseded),CORE,HCS913304,Provide food and beverage service
SOCDOW217,Domestic Work NC II (Superseded),ELECTIVE,HCS323301,Provide care and support to infants and toddlers
SOCDOW217,Domestic Work NC II (Superseded),ELECTIVE,HCS323302,Provide care and support to children
SOCDOW217,Domestic Work NC II (Superseded),ELECTIVE,HCS323305,Provide care and support to elderly
SOCDOW217,Domestic Work NC II (Superseded),ELECTIVE,HCS323306,Provide care and support to people with special needs
SOCDOW214,Domestic Work NC II (Superseded),ELECTIVE,HCS913401,Assist in the care of animals
SOCDOW217,Domestic Work NC II (Superseded),ELECTIVE,HCS913402,Provide animal care hygiene routines
SOCDOW217,Domestic Work NC II (Superseded),ELECTIVE,AGR611376,Trim and prune landscape plants
SOCDOW217,Domestic Work NC II (Superseded),ELECTIVE,AGR611377,Perform weeding and cultivation
SOCDOW217,Domestic Work NC II (Superseded),ELECTIVE,AGR611379,Water/irrigate plants
SOCDOW217,Domestic Work NC II (Superseded),ELECTIVE,AGR611380,Control and prevent plant pest and diseases
SOCDOW214,Domestic Work NC II (Superseded),ELECTIVE,HCS323306,Provide care and support to people with special needs
GRMDRM205,Dressmaking NC II (Superseded),BASIC,500311106,Participate in workplace communication
GRMDRM205,Dressmaking NC II (Superseded),BASIC,500311106,Work in team environment
GRMDRM205,Dressmaking NC II (Superseded),BASIC,500311107,Practice career professionalism
GRMDRM205,Dressmaking NC II (Superseded),BASIC,500311108,Practice occupational health and safety procedures
GRMDRM205,Dressmaking NC II (Superseded),COMMON,GRM743203,Carry out measurements and calculation
GRMDRM205,Dressmaking NC II (Superseded),COMMON,GRM743204,Set up and operate machines
GRMDRM205,Dressmaking NC II (Superseded),COMMON,GRM743205,Perform basic maintenance
GRMDRM205,Dressmaking NC II (Superseded),COMMON,GRM743206,Apply quality standards
GRMDRM205,Dressmaking NC II (Superseded),CORE,GRM743301,Draft and cut pattern of casual apparel
GRMDRM205,Dressmaking NC II (Superseded),CORE,GRM743302,Prepare and cut materials of casual apparel
GRMDRM205,Dressmaking NC II (Superseded),CORE,GRM743303,Sew casual apparel
GRMDRM205,Dressmaking NC II (Superseded),CORE,GRM743304,Apply finishing touches on casual apparel
ALTDRA311,Driving (Articulated Vehicle) NC III,BASIC,500311110,Lead small teams
ALTDRA311,Driving (Articulated Vehicle) NC III,BASIC,500311111,Develop and practice negotiation skills
ALTDRA311,Driving (Articulated Vehicle) NC III,BASIC,500311112,Solve problems related to work activities
ALTDRA311,Driving (Articulated Vehicle) NC III,BASIC,500311113,Use mathematical concepts and techniques
ALTDRA311,Driving (Articulated Vehicle) NC III,BASIC,500311114,Use relevant technologies
ALTDRA311,Driving (Articulated Vehicle) NC III,COMMON,ALT723201,Apply appropriate sealant/adhesive
ALTDRA311,Driving (Articulated Vehicle) NC III,COMMON,ALT311205,Interpret/draw technical drawing
ALTDRA311,Driving (Articulated Vehicle) NC III,COMMON,ALT723202,Move and position vehicle
ALTDRA311,Driving (Articulated Vehicle) NC III,COMMON,ALT311204,Perform job estimate
ALTDRA311,Driving (Articulated Vehicle) NC III,COMMON,ALT311202,Perform mensuration and calculation
ALTDRA311,Driving (Articulated Vehicle) NC III,COMMON,ALT723203,"Read, interpret and apply specifications and manuals"
ALTDRA311,Driving (Articulated Vehicle) NC III,COMMON,ALT723204,Use and apply lubricants/coolants
ALTDRA311,Driving (Articulated Vehicle) NC III,COMMON,ALT723205,Perform shop maintenance
ALTDRA311,Driving (Articulated Vehicle) NC III,CORE,ALT723349,Perform minor maintenance and servicing on vehicles classified under lto restriction codes 6 up to 8
ALTDRA311,Driving (Articulated Vehicle) NC III,CORE,ALT832305,Perform pre-and post operation procedures vehicles classified under lto restriction codes 6 up to 8
ALTDRA311,Driving (Articulated Vehicle) NC III,CORE,ALT832303,Obey and observe traffic rules and regulations
ALTDRA311,Driving (Articulated Vehicle) NC III,CORE,ALT832309,Observe road health and safety practices
ALTDRA311,Driving (Articulated Vehicle) NC III,CORE,ALT832304,Implement and coordinate accident-emergency procedures
ALTDRA311,Driving (Articulated Vehicle) NC III,CORE,ALT832308,Drive articulated vehicle
ALTDRA311,Driving (Articulated Vehicle) NC III,BASIC,500311109,Lead workplace communication
ALTDRB311,Driving (Passenger Bus/Straight Truck) NC III,BASIC,500311111,Develop and practice negotiation skills
ALTDRB311,Driving (Passenger Bus/Straight Truck) NC III,BASIC,500311112,Solve problems related to work activities
ALTDRB311,Driving (Passenger Bus/Straight Truck) NC III,BASIC,500311113,Use mathematical concepts and techniques
ALTDRB311,Driving (Passenger Bus/Straight Truck) NC III,BASIC,500311114,Use relevant technologies
ALTDRB311,Driving (Passenger Bus/Straight Truck) NC III,COMMON,ALT723201,Apply appropriate sealant/adhesive
ALTDRB311,Driving (Passenger Bus/Straight Truck) NC III,COMMON,ALT311205,Interpret/draw technical drawing
ALTDRB311,Driving (Passenger Bus/Straight Truck) NC III,COMMON,ALT723202,Move and position vehicle
ALTDRB311,Driving (Passenger Bus/Straight Truck) NC III,COMMON,ALT311204,Perform job estimate
ALTDRB311,Driving (Passenger Bus/Straight Truck) NC III,COMMON,ALT311202,Perform mensuration and calculation
ALTDRB311,Driving (Passenger Bus/Straight Truck) NC III,COMMON,ALT723203,"Read, interpret and apply specifications and manuals"
ALTDRB311,Driving (Passenger Bus/Straight Truck) NC III,COMMON,ALT723204,Use and apply lubricants/coolants
ALTDRB311,Driving (Passenger Bus/Straight Truck) NC III,COMMON,ALT723205,Perform shop maintenance
ALTDRB311,Driving (Passenger Bus/Straight Truck) NC III,CORE,ALT723349,Perform minor maintenance and servicing on vehicles classified under lto restriction codes 3 up to 5
ALTDRB311,Driving (Passenger Bus/Straight Truck) NC III,CORE,ALT832305,Perform pre-and post operation procedures vehicles classified under lto restriction codes 3 up to 5
ALTDRB311,Driving (Passenger Bus/Straight Truck) NC III,CORE,ALT832303,Obey and observe traffic rules and regulations
ALTDRB311,Driving (Passenger Bus/Straight Truck) NC III,CORE,ALT832309,Observe road health and safety practices
ALTDRB311,Driving (Passenger Bus/Straight Truck) NC III,CORE,ALT832304,Implement and coordinate accident-emergency procedures
ALTDRB311,Driving (Passenger Bus/Straight Truck) NC III,CORE,ALT832306,Drive passenger bus
ALTDRB311,Driving (Passenger Bus/Straight Truck) NC III,CORE,ALT832307,Drive straight truck
ALTDRB311,Driving (Passenger Bus/Straight Truck) NC III,BASIC,500311109,Lead workplace communication
ALTDRB311,Driving (Passenger Bus/Straight Truck) NC III,BASIC,500311110,Lead small teams
ALTDRV204,Driving NC II,CORE,ALT832304,Implement and coordinate accident-emergency procedures
ALTDRV204,Driving NC II,BASIC,500311105,Participate in workplace communication
ALTDRV204,Driving NC II,CORE,ALT832303,Obey and observe traffic rules and regulations
ALTDRV204,Driving NC II,CORE,ALT832302,Drive light vehicle
ALTDRV204,Driving NC II,CORE,ALT723348,Carry out minor vehicle maintenance and servicing
ALTDRV204,Driving NC II,COMMON,ALT723205,Perform shop maintenance
ALTDRV204,Driving NC II,COMMON,ALT723204,Use and apply lubricants/coolants
ALTDRV204,Driving NC II,COMMON,ALT723203,"Read, interpret and apply specifications and manuals"
ALTDRV204,Driving NC II,COMMON,ALT311202,Perform mensuration and calculation
ALTDRV204,Driving NC II,COMMON,ALT723202,Move and position vehicle
ALTDRV204,Driving NC II,COMMON,ALT723201,Apply appropriate sealant/adhesive
ALTDRV204,Driving NC II,BASIC,500311108,Practice occupational health and safety procedures
ALTDRV204,Driving NC II,BASIC,500311107,Practice career professionalism
ALTDRV204,Driving NC II,BASIC,500311106,Work in team environment
ALTDRV305,Driving NC III (Superseded),BASIC,500311109,Lead workplace communication
ALTDRV305,Driving NC III (Superseded),CORE,ALT832303,Obey and observe traffic rules and regulations
ALTDRV305,Driving NC III (Superseded),CORE,ALT832304,Implement and Coordinate Accident-Emergency Procedures
ALTDRV305,Driving NC III (Superseded),CORE,ALT832306,Drive passenger bus
ALTDRV305,Driving NC III (Superseded),CORE,ALT832307,Drive straight truck
ALTDRV305,Driving NC III (Superseded),CORE,ALT832305,Perform pre-and post operation procedures vehicles classified under LTO restriction codes 3 up to 8
ALTDRV305,Driving NC III (Superseded),CORE,ALT723349,Perform minor maintenance and servicing on vehicles classified under LTO restriction codes 3 up to 8
ALTDRV305,Driving NC III (Superseded),COMMON,ALT723205,Perform shop maintenance
ALTDRV305,Driving NC III (Superseded),COMMON,ALT723204,Use and apply lubricants/coolants
ALTDRV305,Driving NC III (Superseded),COMMON,ALT723203,"Read, interpret and apply specifications and manuals"
ALTDRV305,Driving NC III (Superseded),COMMON,ALT311202,Perform mensuration and calculation
ALTDRV305,Driving NC III (Superseded),COMMON,ALT723202,Move and position vehicle
ALTDRV305,Driving NC III (Superseded),COMMON,ALT723201,Apply appropriate sealant/adhesive
ALTDRV305,Driving NC III (Superseded),BASIC,500311114,Use relevant technologies
ALTDRV305,Driving NC III (Superseded),BASIC,500311113,Use Mathematical Concepts and Techniques
ALTDRV305,Driving NC III (Superseded),BASIC,500311112,Solve Problems Related to Work Activities
ALTDRV305,Driving NC III (Superseded),BASIC,500311111,Develop and Practice Negotiation skills
ALTDRV305,Driving NC III (Superseded),BASIC,500311110,Lead small teams
ALTDRV305,Driving NC III (Superseded),CORE,ALT832308,Drive articulated vehicle
AFFDMS317,Drying and Milling Plant Servicing NC III,COMMON,AGR321202,Use farm tools and equipment
AFFDMS317,Drying and Milling Plant Servicing NC III,BASIC,500311112,Solve problems related to work activities
AFFDMS317,Drying and Milling Plant Servicing NC III,COMMON,AGR321203,Perform estimation and basic calculation
AFFDMS317,Drying and Milling Plant Servicing NC III,CORE,AFF723301,Service grains drying plant facilities
AFFDMS317,Drying and Milling Plant Servicing NC III,CORE,AFF723302,Service rice milling plant facility
AFFDMS317,Drying and Milling Plant Servicing NC III,CORE,AFF723303,Service corn milling plant facility
AFFDMS317,Drying and Milling Plant Servicing NC III,COMMON,AGR321201,Apply safety measures in farm operations
AFFDMS317,Drying and Milling Plant Servicing NC III,BASIC,500311109,Lead workplace communication
AFFDMS317,Drying and Milling Plant Servicing NC III,BASIC,500311110,Lead small teams
AFFDMS317,Drying and Milling Plant Servicing NC III,BASIC,500311111,Develop and practice negotiation skills
AFFDMS317,Drying and Milling Plant Servicing NC III,BASIC,500311114,Use relevant technologies
AFFDMS317,Drying and Milling Plant Servicing NC III,BASIC,500311113,Use mathematical concepts and techniques
SOCECD325,Early Childhood Care and Development Services NC III,CORE,SOC234303,Implement the Early Childhood Care and Development Curriculum
SOCECD325,Early Childhood Care and Development Services NC III,CORE,SOC234302,Conduct Assessment on Progress and Development of Children
SOCECD325,Early Childhood Care and Development Services NC III,BASIC,400311322,Work in a diverse environment
SOCECD325,Early Childhood Care and Development Services NC III,BASIC,400311321,Apply critical thinking and problem solving techniques in the workplace
SOCECD325,Early Childhood Care and Development Services NC III,BASIC,400311320,Lead small teams
SOCECD325,Early Childhood Care and Development Services NC III,BASIC,400311319,Lead workplace communication
SOCECD325,Early Childhood Care and Development Services NC III,BASIC,400311324,Use information systematically
SOCECD325,Early Childhood Care and Development Services NC III,BASIC,400311325,Evaluate occupational safety and health work practices
SOCECD325,Early Childhood Care and Development Services NC III,BASIC,400311326,Evaluate environmental work practices
SOCECD325,Early Childhood Care and Development Services NC III,BASIC,400311327,Facilitate entrepreneurial skills for micro-small-medium enterprises (MSMEs)
SOCECD325,Early Childhood Care and Development Services NC III,CORE,SOC234301,Manage Center Operations
SOCECD325,Early Childhood Care and Development Services NC III,COMMON,SOC514203,Apply quality standards
SOCECD325,Early Childhood Care and Development Services NC III,COMMON,SOC514202,Manage own performance
SOCECD325,Early Childhood Care and Development Services NC III,BASIC,400311323,Propose methods of applying learning and innovation in the organization
SOCECD325,Early Childhood Care and Development Services NC III,COMMON,SOC514201,Maintain an effective relationship with client/customer
MEEESO219,Electric Discharge Machine (EDM) Sinking Operation NC II,BASIC,400311211,Work in team environment
MEEESO219,Electric Discharge Machine (EDM) Sinking Operation NC II,BASIC,400311213,Develop career and life decisions
MEEESO219,Electric Discharge Machine (EDM) Sinking Operation NC II,BASIC,400311214,Contribute to workplace innovation
MEEESO219,Electric Discharge Machine (EDM) Sinking Operation NC II,BASIC,400311215,Present relevant information
MEEESO219,Electric Discharge Machine (EDM) Sinking Operation NC II,BASIC,400311216,Practice occupational safety and health policies and procedures
MEEESO219,Electric Discharge Machine (EDM) Sinking Operation NC II,BASIC,400311217,Exercise efficient and effective sustainable practices in the workplace
MEEESO219,Electric Discharge Machine (EDM) Sinking Operation NC II,BASIC,400311218,Practice entrepreneurial skills in the workplace
MEEESO219,Electric Discharge Machine (EDM) Sinking Operation NC II,COMMON,MEE722204,Perform shop computations (basic)
MEEESO219,Electric Discharge Machine (EDM) Sinking Operation NC II,COMMON,MEE722205,Measure workpiece (basic)
MEEESO219,Electric Discharge Machine (EDM) Sinking Operation NC II,COMMON,MEE722207,Perform shop computations (intermediate)
MEEESO219,Electric Discharge Machine (EDM) Sinking Operation NC II,COMMON,MEE722201,Apply safety practices
MEEESO219,Electric Discharge Machine (EDM) Sinking Operation NC II,COMMON,MEE722202,Interpret working drawings and sketches
MEEESO219,Electric Discharge Machine (EDM) Sinking Operation NC II,COMMON,MEE722203,Select/ cut workshop materials
MEEESO219,Electric Discharge Machine (EDM) Sinking Operation NC II,COMMON,MEE722206,Perform routine housekeeping
MEEESO219,Electric Discharge Machine (EDM) Sinking Operation NC II,COMMON,MEE722208,Measure workpiece using angular measuring instruments
MEEESO219,Electric Discharge Machine (EDM) Sinking Operation NC II,COMMON,MEE722210,Measure workpiece using gages and surface texture comparator
MEEESO219,Electric Discharge Machine (EDM) Sinking Operation NC II,COMMON,MEE722211,Perform preventive and corrective maintenance
MEEESO219,Electric Discharge Machine (EDM) Sinking Operation NC II,CORE,MEE821314,"Set-up Electric Discharge Machine, electrode and workpiece"
MEEESO219,Electric Discharge Machine (EDM) Sinking Operation NC II,CORE,MEE821315,Perform Electric Discharge Machine-sinking operations
MEEESO219,Electric Discharge Machine (EDM) Sinking Operation NC II,CORE,MEE821316,Perform post Electric Discharge Machine-sinking operations
MEEESO219,Electric Discharge Machine (EDM) Sinking Operation NC II,BASIC,400311210,Participate in workplace communication
MEEESO219,Electric Discharge Machine (EDM) Sinking Operation NC II,BASIC,400311212,Solve/address general workplace problems
UTLEPD218,Electric Power Distribution Line Construction NC II,BASIC,500311105,Participate in workplace communication
UTLEPD218,Electric Power Distribution Line Construction NC II,BASIC,500311106,Work in team environment
UTLEPD218,Electric Power Distribution Line Construction NC II,BASIC,500311107,Practice career professionalism
UTLEPD218,Electric Power Distribution Line Construction NC II,BASIC,500311108,Practice occupational health and safety procedures
UTLEPD218,Electric Power Distribution Line Construction NC II,BASIC,500311133,Solve/address general workplace problems
UTLEPD218,Electric Power Distribution Line Construction NC II,BASIC,500311134,Exercise sustainable development in the workplace
UTLEPD218,Electric Power Distribution Line Construction NC II,COMMON,UTL311203,Apply quality standards
UTLEPD218,Electric Power Distribution Line Construction NC II,COMMON,UTL311206,Comply with environmental protection procedures
UTLEPD218,Electric Power Distribution Line Construction NC II,COMMON,UTL311201,"Observe procedures, specifications and manuals of instruction"
UTLEPD218,Electric Power Distribution Line Construction NC II,COMMON,UTL311205,Operate and maintain line tools and equipment
UTLEPD218,Electric Power Distribution Line Construction NC II,COMMON,UTL311207,Perform computer operations
UTLEPD218,Electric Power Distribution Line Construction NC II,CORE,UTL724603,Erect distribution line poles
UTLEPD218,Electric Power Distribution Line Construction NC II,CORE,UTL724220,Climb pole and install pole assembly/conductors
UTLEPD218,Electric Power Distribution Line Construction NC II,CORE,UTL724604,Install distribution line equipment and devices
UTLEPD218,Electric Power Distribution Line Construction NC II,CORE,UTL724605,Install consumer service connection facility
UTLEPD318,Electric Power Distribution Operation and Maintenance NC III,CORE,UTL741316,"Replace electric distribution pole, pole top assembly and conductors"
UTLEPD318,Electric Power Distribution Operation and Maintenance NC III,BASIC,500311110,Lead small teams
UTLEPD318,Electric Power Distribution Operation and Maintenance NC III,BASIC,500311113,Use mathematical concepts and techniques
UTLEPD318,Electric Power Distribution Operation and Maintenance NC III,BASIC,500311114,Use relevant technologies
UTLEPD318,Electric Power Distribution Operation and Maintenance NC III,BASIC,500311142,Apply critical thinking and problem solving techniques in the workplace
UTLEPD318,Electric Power Distribution Operation and Maintenance NC III,BASIC,500311145,Work in a diverse environment
UTLEPD318,Electric Power Distribution Operation and Maintenance NC III,COMMON,UTL311207,Perform computer operations
UTLEPD318,Electric Power Distribution Operation and Maintenance NC III,COMMON,UTL311203,Apply quality standards
UTLEPD318,Electric Power Distribution Operation and Maintenance NC III,COMMON,UTL311206,Comply with environmental protection procedures
UTLEPD318,Electric Power Distribution Operation and Maintenance NC III,COMMON,UTL311201,"Observe procedures, specifications and manuals of instruction"
UTLEPD318,Electric Power Distribution Operation and Maintenance NC III,COMMON,UTL311205,Operate and maintain line tools and equipment
UTLEPD318,Electric Power Distribution Operation and Maintenance NC III,CORE,UTL741317,"Install/Replace single-, three-, or vee-phase distribution line equipment and accessories"
UTLEPD318,Electric Power Distribution Operation and Maintenance NC III,CORE,UTL741318,"Install/Replace single-, three-, or vee-phase consumer service connection facility"
UTLEPD318,Electric Power Distribution Operation and Maintenance NC III,BASIC,500311111,Develop and practice negotiation skills
UTLEPD318,Electric Power Distribution Operation and Maintenance NC III,CORE,UTL741319,Conduct vegetation clearing along distribution system
UTLEPD318,Electric Power Distribution Operation and Maintenance NC III,BASIC,500311109,Lead workplace communication
UTLEPD318,Electric Power Distribution Operation and Maintenance NC III,BASIC,500311112,Solve problems related to work activities
UTLEPD418,Electric Power Distribution Operation and Maintenance NC IV,BASIC,500311120,Promote environmental protection
UTLEPD418,Electric Power Distribution Operation and Maintenance NC IV,BASIC,500311116,Develop teams and individuals
UTLEPD418,Electric Power Distribution Operation and Maintenance NC IV,BASIC,500311119,Plan and organize work
UTLEPD418,Electric Power Distribution Operation and Maintenance NC IV,BASIC,500311117,Apply problem solving techniques in the workplace
UTLEPD418,Electric Power Distribution Operation and Maintenance NC IV,BASIC,500311150,Manage innovation and continuous improvement
UTLEPD418,Electric Power Distribution Operation and Maintenance NC IV,BASIC,500311151,Perform higher order thinking processes and apply techniques in the workplace
UTLEPD418,Electric Power Distribution Operation and Maintenance NC IV,BASIC,500311155,"Lead in implementation of occupational safety and health program, procedures and policies/guidelines"
UTLEPD418,Electric Power Distribution Operation and Maintenance NC IV,COMMON,UTL311203,Apply quality standards
UTLEPD418,Electric Power Distribution Operation and Maintenance NC IV,COMMON,UTL311206,Comply with environmental protection procedures
UTLEPD418,Electric Power Distribution Operation and Maintenance NC IV,COMMON,UTL311205,Operate and maintain line tools and equipment
UTLEPD418,Electric Power Distribution Operation and Maintenance NC IV,COMMON,UTL311201,"Observe procedures, specifications and manuals of instruction"
UTLEPD418,Electric Power Distribution Operation and Maintenance NC IV,COMMON,UTL311207,Perform computer operations
UTLEPD418,Electric Power Distribution Operation and Maintenance NC IV,CORE,UTL741320,Perform onsite assessment and testing of installed electric distribution line equipment and devices
UTLEPD418,Electric Power Distribution Operation and Maintenance NC IV,CORE,UTL741321,Troubleshoot faults and implement solution on electric power distribution system
UTLEPD418,Electric Power Distribution Operation and Maintenance NC IV,CORE,UTL741322,Supervise operation and maintenance on electric power distribution system
UTLEPD418,Electric Power Distribution Operation and Maintenance NC IV,BASIC,500311115,Utilize specialized communication skills
UTLEPD418,Electric Power Distribution Operation and Maintenance NC IV,BASIC,500311118,"Collect, analyze and organize information"
ELCEIM215,Electrical Installation and Maintenance NC II,COMMON,ELC311204,Apply quality standards
ELCEIM215,Electrical Installation and Maintenance NC II,BASIC,500311106,Work in team environment
ELCEIM215,Electrical Installation and Maintenance NC II,COMMON,ELC311205,Use hand tools
ELCEIM215,Electrical Installation and Maintenance NC II,COMMON,ELC311201,Perform mensuration and calculation
ELCEIM215,Electrical Installation and Maintenance NC II,COMMON,ELC311202,Prepare and interpret technical drawing
ELCEIM215,Electrical Installation and Maintenance NC II,BASIC,500311107,Practice career professionalism
ELCEIM215,Electrical Installation and Maintenance NC II,COMMON,ELC311206,Terminate and connect electrical wiring and electronic circuits
ELCEIM215,Electrical Installation and Maintenance NC II,CORE,ELC741301,"Perform roughing-in activities, wiring and cabling works for single-phase distribution, power, lighting and auxiliary systems"
ELCEIM215,Electrical Installation and Maintenance NC II,CORE,ELC741302,"Install electrical protective devices for distribution, power, lighting, auxiliary, lightning protection and grounding systems"
ELCEIM215,Electrical Installation and Maintenance NC II,CORE,ELC741303,"Install wiring devices of floor and wall mounted outlets, lighting fixtures/switches, and auxiliary outlets"
ELCEIM215,Electrical Installation and Maintenance NC II,BASIC,500311105,Participate in workplace communication
ELCEIM215,Electrical Installation and Maintenance NC II,BASIC,500311108,Practice occupational health and safety procedures
CONEIM208,Electrical Installation and Maintenance NC II (Superseded),CORE,CON724311,Install electrical protection system for lighting and grounding
CONEIM208,Electrical Installation and Maintenance NC II (Superseded),BASIC,500311107,Practice career professionalism
CONEIM208,Electrical Installation and Maintenance NC II (Superseded),COMMON,CON931201,Prepare construction materials and tools
CONEIM208,Electrical Installation and Maintenance NC II (Superseded),COMMON,CON311201,"Observe procedures, specifications and manuals of instructions"
CONEIM208,Electrical Installation and Maintenance NC II (Superseded),COMMON,CON311202,Interpret technical drawings and plans
CONEIM208,Electrical Installation and Maintenance NC II (Superseded),COMMON,CON311203,Perform mensurations and calculations
CONEIM208,Electrical Installation and Maintenance NC II (Superseded),COMMON,CON311204,Maintain tools and equipment
CONEIM208,Electrical Installation and Maintenance NC II (Superseded),CORE,CON724308,Prepare electrical power and hydraulic tools
CONEIM208,Electrical Installation and Maintenance NC II (Superseded),CORE,CON724309,Perform roughing-in activities for communication and distribution systems
CONEIM208,Electrical Installation and Maintenance NC II (Superseded),CORE,CON724310,Install wiring devices for floor and ground fault current interrupting outlets
CONEIM208,Electrical Installation and Maintenance NC II (Superseded),BASIC,500311106,Work in team environment
CONEIM208,Electrical Installation and Maintenance NC II (Superseded),CORE,CON724312,Install electrical lighting systems on auxiliary outlets and lighting fixtures
CONEIM208,Electrical Installation and Maintenance NC II (Superseded),CORE,CON724313,"Install communication, signaling devices and remote control systems on auxiliary equipment"
CONEIM208,Electrical Installation and Maintenance NC II (Superseded),CORE,CON724314,Commission installed electrical systems II
CONEIM208,Electrical Installation and Maintenance NC II (Superseded),BASIC,500311105,Participate in workplace communication
CONEIM208,Electrical Installation and Maintenance NC II (Superseded),BASIC,500311108,Practice occupational health and safety procedures
ELCEIM315,Electrical Installation and Maintenance NC III,BASIC,500311110,Lead small teams
ELCEIM315,Electrical Installation and Maintenance NC III,BASIC,500311112,Solve problems related to work activities
ELCEIM315,Electrical Installation and Maintenance NC III,BASIC,500311113,Use mathematical concepts and techniques
ELCEIM315,Electrical Installation and Maintenance NC III,BASIC,500311114,Use relevant technologies
ELCEIM315,Electrical Installation and Maintenance NC III,COMMON,ELC311205,Use hand tools
ELCEIM315,Electrical Installation and Maintenance NC III,COMMON,ELC311201,Perform mensuration and calculation
ELCEIM315,Electrical Installation and Maintenance NC III,COMMON,ELC311202,Prepare and interpret technical drawing
ELCEIM315,Electrical Installation and Maintenance NC III,COMMON,ELC311204,Apply quality standards
ELCEIM315,Electrical Installation and Maintenance NC III,COMMON,ELC311206,Terminate and connect electrical wiring and electronic circuits
ELCEIM315,Electrical Installation and Maintenance NC III,COMMON,ELC311212,Maintain tools and equipment
ELCEIM315,Electrical Installation and Maintenance NC III,CORE,ELC741304,"Perform roughing-in and wiring activities for three-phase distribution system for power, lighting and motor control panel"
ELCEIM315,Electrical Installation and Maintenance NC III,CORE,ELC741305,Perform installation of data measurement and control system on electrical and auxiliary equipment
ELCEIM315,Electrical Installation and Maintenance NC III,CORE,ELC741306,"Install, assemble, test and maintain motor control system"
ELCEIM315,Electrical Installation and Maintenance NC III,BASIC,500311109,Lead workplace communication
ELCEIM315,Electrical Installation and Maintenance NC III,BASIC,500311111,Develop and practice negotiation skills
ELCEIM408,Electrical Installation and Maintenance NC IV,CORE,CON724323,Perform commissioning of electrical equipment/ system
ELCEIM408,Electrical Installation and Maintenance NC IV,CORE,CON724322,"Supervise/monitor installation and maintenance on electrical systems, auxiliary including control, lighting, power and protection equipment"
ELCEIM408,Electrical Installation and Maintenance NC IV,CORE,CON724312,"Perform installation of electrical lighting systems, auxiliary outlets and lighting fixtures"
ELCEIM408,Electrical Installation and Maintenance NC IV,CORE,CON724319,Perform installation of data measurement and control system on electrical and auxiliary equipment
ELCEIM408,Electrical Installation and Maintenance NC IV,CORE,CON724310,Perform installation of wiring devices for floor and ground fault current interrupting outlets
ELCEIM408,Electrical Installation and Maintenance NC IV,CORE,CON724309,Perform roughing-in and wiring for activities for bus and underfloor ducts
ELCEIM408,Electrical Installation and Maintenance NC IV,CORE,CON724308,Prepare electric and hydraulic tools
ELCEIM408,Electrical Installation and Maintenance NC IV,COMMON,CON311204,Supervise proper use and maintenance of tools and equipment
ELCEIM408,Electrical Installation and Maintenance NC IV,COMMON,CON311203,Supervise mensuration and related computations
ELCEIM408,Electrical Installation and Maintenance NC IV,COMMON,CON311202,Interpret and follow technical drawings and plans
ELCEIM408,Electrical Installation and Maintenance NC IV,COMMON,CON311201,"Ensure compliance with standard procedures, specifications and manuals of instructions"
ELCEIM408,Electrical Installation and Maintenance NC IV,COMMON,CON724201,"Supervise preparation of construction materials, tools and equipment for assigned tasks"
ELCEIM408,Electrical Installation and Maintenance NC IV,BASIC,500311120,Promote environmental protection
ELCEIM408,Electrical Installation and Maintenance NC IV,BASIC,500311119,Plan and organize work
ELCEIM408,Electrical Installation and Maintenance NC IV,BASIC,500311118,"Collect, analyze and organize information"
ELCEIM408,Electrical Installation and Maintenance NC IV,BASIC,500311117,Apply problem solving techniques in the workplace
ELCEIM408,Electrical Installation and Maintenance NC IV,BASIC,500311116,Assist in developing teams and individuals
ELCEIM408,Electrical Installation and Maintenance NC IV,BASIC,500311115,Lead in utilizing specialized communication skills
ELCEIM408,Electrical Installation and Maintenance NC IV,CORE,CON724324,Perform programming and installation of basic PLC systems
ELCEIM408,Electrical Installation and Maintenance NC IV,CORE,CON724320,Assemble and install electrical lighting and motor control systems
ELCEIM408,Electrical Installation and Maintenance NC IV,CORE,CON724321,Perform maintenance and troubleshooting works
ELCEIM408,Electrical Installation and Maintenance NC IV,CORE,CON724311,Perform installation of standard electrical protection system for lightning and grounding
ELCEPA213,Electronic Products Assembly and Servicing NC II,BASIC,500311106,Work in team environment
ELCEPA213,Electronic Products Assembly and Servicing NC II,BASIC,500311105,Participate in workplace communication
ELCEPA213,Electronic Products Assembly and Servicing NC II,CORE,ELC724337,"Service industrial electronic modules, products and systems"
ELCEPA213,Electronic Products Assembly and Servicing NC II,CORE,ELC724336,Service consumer electronic products and systems
ELCEPA213,Electronic Products Assembly and Servicing NC II,BASIC,500311107,Practice career professionalism
ELCEPA213,Electronic Products Assembly and Servicing NC II,BASIC,500311108,Practice occupational health and safety procedures
ELCEPA213,Electronic Products Assembly and Servicing NC II,COMMON,ELC315202,Apply quality standards
ELCEPA213,Electronic Products Assembly and Servicing NC II,CORE,ELC724335,Assemble electronic products
ELCEPA213,Electronic Products Assembly and Servicing NC II,COMMON,ELC311203,Perform computer operations
ELCEPA213,Electronic Products Assembly and Servicing NC II,COMMON,ELC724205,Test electronic components
ELCEPA213,Electronic Products Assembly and Servicing NC II,COMMON,ELC724202,Terminate and connect electrical wiring and electronic circuits
ELCEPA213,Electronic Products Assembly and Servicing NC II,COMMON,ELC724201,Use hand tools
ELCEPA213,Electronic Products Assembly and Servicing NC II,COMMON,ELC311202,Prepare and interpret technical drawing
ELCEPA213,Electronic Products Assembly and Servicing NC II,COMMON,ELC311201,Perform mensuration and calculation
ELCEBO215,Electronics Back-End Operation NC II,CORE,ELC313301,Set up back-end operations workplace for electronics production line
ELCEBO215,Electronics Back-End Operation NC II,CORE,ELC313302,"Analyze, carry-out and monitor back-end operations for electronics production line"
ELCEBO215,Electronics Back-End Operation NC II,CORE,ELC313303,Check quality compliance of back-end operations for electronics production line
ELCEBO215,Electronics Back-End Operation NC II,BASIC,500311105,Participate in workplace communication
ELCEBO215,Electronics Back-End Operation NC II,BASIC,500311106,Work in team environment
ELCEBO215,Electronics Back-End Operation NC II,BASIC,500311107,Practice career professionalism
ELCEBO215,Electronics Back-End Operation NC II,BASIC,500311108,Practice occupational health and safety procedures
ELCEBO215,Electronics Back-End Operation NC II,COMMON,ELC311205,Use hand tools
ELCEBO215,Electronics Back-End Operation NC II,COMMON,ELC311204,Apply quality standards
ELCEBO215,Electronics Back-End Operation NC II,COMMON,ELC311203,Perform computer operations
ELCEFO215,Electronics Front-of-Line Operation NC II,COMMON,ELC311205,Use hand tools
ELCEFO215,Electronics Front-of-Line Operation NC II,BASIC,500311108,Practice occupational health and safety procedures
ELCEFO215,Electronics Front-of-Line Operation NC II,COMMON,ELC311204,Apply quality standards
ELCEFO215,Electronics Front-of-Line Operation NC II,COMMON,ELC311203,Perform computer operations
ELCEFO215,Electronics Front-of-Line Operation NC II,CORE,ELC313304,Set up front-of-line (FOL) operations workplace for electronics production line
ELCEFO215,Electronics Front-of-Line Operation NC II,CORE,ELC313305,"Analyze, carry-out and monitor front-of-line (FOL) operations for electronics production line"
ELCEFO215,Electronics Front-of-Line Operation NC II,CORE,ELC313306,Check quality compliance of front-of-line (FOL) operations for electronics production line
ELCEFO215,Electronics Front-of-Line Operation NC II,BASIC,500311106,Work in team environment
ELCEFO215,Electronics Front-of-Line Operation NC II,BASIC,500311105,Participate in workplace communication
ELCEFO215,Electronics Front-of-Line Operation NC II,BASIC,500311107,Practice career professionalism
ELCESM317,Electronics/Semiconductor Production Line Machine Servicing NC III,CORE,ELC311311,Perform machine troubleshooting and repair
ELCESM317,Electronics/Semiconductor Production Line Machine Servicing NC III,BASIC,500311109,Lead workplace communication
ELCESM317,Electronics/Semiconductor Production Line Machine Servicing NC III,CORE,ELC311312,Perform machine preventive maintenance and calibration
ELCESM317,Electronics/Semiconductor Production Line Machine Servicing NC III,CORE,ELC311310,Monitor machine performance
ELCESM317,Electronics/Semiconductor Production Line Machine Servicing NC III,CORE,ELC311309,Perform machine setup/ conversion
ELCESM317,Electronics/Semiconductor Production Line Machine Servicing NC III,COMMON,ELC311209,Test electronic components
ELCESM317,Electronics/Semiconductor Production Line Machine Servicing NC III,COMMON,ELC311206,Terminate and connect electrical wiring and electronic circuits
ELCESM317,Electronics/Semiconductor Production Line Machine Servicing NC III,COMMON,ELC311203,Perform computer operations
ELCESM317,Electronics/Semiconductor Production Line Machine Servicing NC III,COMMON,ELC311204,Apply quality standards
ELCESM317,Electronics/Semiconductor Production Line Machine Servicing NC III,COMMON,ELC311202,Prepare and interpret technical drawing
ELCESM317,Electronics/Semiconductor Production Line Machine Servicing NC III,COMMON,ELC311201,Perform mensuration and calculation
ELCESM317,Electronics/Semiconductor Production Line Machine Servicing NC III,COMMON,ELC311205,Use hand tools
ELCESM317,Electronics/Semiconductor Production Line Machine Servicing NC III,BASIC,500311143,Evaluate current sustainable development exercises in the workplace
ELCESM317,Electronics/Semiconductor Production Line Machine Servicing NC III,BASIC,500311142,Apply critical thinking and problem solving techniques in the workplace
ELCESM317,Electronics/Semiconductor Production Line Machine Servicing NC III,BASIC,500311114,Use relevant technologies
ELCESM317,Electronics/Semiconductor Production Line Machine Servicing NC III,BASIC,500311113,Use mathematical concepts and techniques
ELCESM317,Electronics/Semiconductor Production Line Machine Servicing NC III,BASIC,500311112,Solve problems related to work activities
ELCESM317,Electronics/Semiconductor Production Line Machine Servicing NC III,BASIC,500311111,Develop and practice negotiation skills
ELCESM317,Electronics/Semiconductor Production Line Machine Servicing NC III,BASIC,500311110,Lead small teams
HHCEMS213,Emergency Medical Services NC II,BASIC,500311106,Work in team environment
HHCEMS213,Emergency Medical Services NC II,COMMON,HCS323202,Respond effectively to difficult/challenging behavior
HHCEMS213,Emergency Medical Services NC II,COMMON,HCS323201,Implement and monitor infection control policies and procedures
HHCEMS213,Emergency Medical Services NC II,BASIC,500311108,Practice occupational health and safety procedures
HHCEMS213,Emergency Medical Services NC II,COMMON,HCS323203,Apply basic first aid
HHCEMS213,Emergency Medical Services NC II,COMMON,HCS323204,Maintain high standard of patient services
HHCEMS213,Emergency Medical Services NC II,CORE,HCS322317,Perform cardiopulmonary resuscitation with aed operation
HHCEMS213,Emergency Medical Services NC II,CORE,HCS322302,Maintain life support equipment and resources
HHCEMS213,Emergency Medical Services NC II,CORE,HCS322303,Implement safe access and extrication procedures in an emergency
HHCEMS213,Emergency Medical Services NC II,CORE,HCS322318,Contribute in receiving request for ambulance service
HHCEMS213,Emergency Medical Services NC II,CORE,HCS322319,Contribute in allocating ambulance service resources
HHCEMS213,Emergency Medical Services NC II,CORE,HCS322320,Contribute in coordinating emergency resources
HHCEMS213,Emergency Medical Services NC II,CORE,HCS322307,Deliver basic ambulance communication skills
HHCEMS213,Emergency Medical Services NC II,CORE,HCS322321,Contribute in on- road operations
HHCEMS213,Emergency Medical Services NC II,CORE,HCS322322,Contribute to emergency scene management
HHCEMS213,Emergency Medical Services NC II,CORE,HCS322323,Contribute to special event scene management
HHCEMS213,Emergency Medical Services NC II,CORE,HCS322324,Contribute to routine scene management
HHCEMS213,Emergency Medical Services NC II,CORE,HCS322325,Deliver pre- hospital patient care
HHCEMS213,Emergency Medical Services NC II,CORE,HCS322326,Contribute to ambulance operations management
HHCEMS213,Emergency Medical Services NC II,CORE,HCS322327,Transport emergency patients
HHCEMS213,Emergency Medical Services NC II,CORE,HCS322328,Transport non- emergency patients
HHCEMS213,Emergency Medical Services NC II,BASIC,500311107,Practice career professionalism
HHCEMS213,Emergency Medical Services NC II,CORE,HCS322316,Drive ambulance under operational conditions
HHCEMS213,Emergency Medical Services NC II,BASIC,500311105,Participate in workplace communication
HCSEMS206,Emergency Medical Services NC II (Superseded),BASIC,500311107,Practice career professionalism
HCSEMS206,Emergency Medical Services NC II (Superseded),COMMON,HCS323201,Implement and monitor infection control policies and procedures
HCSEMS206,Emergency Medical Services NC II (Superseded),COMMON,HCS323203,Apply basic first aid
HCSEMS206,Emergency Medical Services NC II (Superseded),COMMON,HCS323204,Maintain high standard of patient services
HCSEMS206,Emergency Medical Services NC II (Superseded),CORE,HCS322301,Perform basic life support
HCSEMS206,Emergency Medical Services NC II (Superseded),CORE,HCS322302,Maintain life support equipment and resources
HCSEMS206,Emergency Medical Services NC II (Superseded),CORE,HCS322303,Implement safe access and extrication procedures in an emergency
HCSEMS206,Emergency Medical Services NC II (Superseded),CORE,HCS322304,Manage request for ambulance service
HCSEMS206,Emergency Medical Services NC II (Superseded),CORE,HCS322305,Allocate ambulance service resources
HCSEMS206,Emergency Medical Services NC II (Superseded),CORE,HCS322306,Coordinate emergency resources
HCSEMS206,Emergency Medical Services NC II (Superseded),CORE,HCS322307,Deliver basic ambulance communication skills
HCSEMS206,Emergency Medical Services NC II (Superseded),CORE,HCS322308,Supervise on- road operations
HCSEMS206,Emergency Medical Services NC II (Superseded),CORE,HCS322309,Manage the scene of an emergency
HCSEMS206,Emergency Medical Services NC II (Superseded),CORE,HCS322310,Manage the scene of a special event
HCSEMS206,Emergency Medical Services NC II (Superseded),CORE,HCS322311,Manage routine scene
HCSEMS206,Emergency Medical Services NC II (Superseded),CORE,HCS322312,Deliver pre- hospital patient care
HCSEMS206,Emergency Medical Services NC II (Superseded),CORE,HCS322313,Deliver intensive pre-hospital patient care
HCSEMS206,Emergency Medical Services NC II (Superseded),CORE,HCS322314,Manage ambulance operations
HCSEMS206,Emergency Medical Services NC II (Superseded),CORE,HCS322315,Transport emergency patients
HCSEMS206,Emergency Medical Services NC II (Superseded),CORE,HCS322316,Transport non- emergency patients
HCSEMS206,Emergency Medical Services NC II (Superseded),CORE,HCS322317,Drive vehicles under operational conditions
HCSEMS206,Emergency Medical Services NC II (Superseded),BASIC,500311108,Practice occupational health and safety procedures
HCSEMS206,Emergency Medical Services NC II (Superseded),BASIC,500311106,Work in team environment
HCSEMS206,Emergency Medical Services NC II (Superseded),BASIC,500311105,Participate in workplace communication
HCSEMS206,Emergency Medical Services NC II (Superseded),COMMON,HCS323202,Respond effectively to difficult/challenging behavior
HHCEMS320,Emergency Medical Services NC III,BASIC,400311320,Lead small teams
HHCEMS320,Emergency Medical Services NC III,BASIC,400311321,Apply critical thinking and problem solving techniques in the workplace
HHCEMS320,Emergency Medical Services NC III,BASIC,400311322,Work in a diverse environment
HHCEMS320,Emergency Medical Services NC III,BASIC,400311323,Propose methods of applying learning and innovation in the organization
HHCEMS320,Emergency Medical Services NC III,BASIC,400311324,Use information systematically
HHCEMS320,Emergency Medical Services NC III,BASIC,400311325,Evaluate occupational safety and health work practices
HHCEMS320,Emergency Medical Services NC III,BASIC,400311326,Evaluate environmental work practices
HHCEMS320,Emergency Medical Services NC III,BASIC,400311327,Facilitate entrepreneurial skills for micro-small-medium enterprises (MSMEs)
HHCEMS320,Emergency Medical Services NC III,COMMON,HHC325201,Implement and monitor infection control policies and procedures
HHCEMS320,Emergency Medical Services NC III,COMMON,HHC325202,Respond effectively to difficult/challenging behavior
HHCEMS320,Emergency Medical Services NC III,COMMON,HHC325203,Apply basic first aid
HHCEMS320,Emergency Medical Services NC III,COMMON,HHC325204,Maintain high standard of patient/client services
HHCEMS320,Emergency Medical Services NC III,CORE,HHC325301,Carry out response integration and coordination in a mass casualty incident
HHCEMS320,Emergency Medical Services NC III,CORE,HHC325302,Perform patient assessment
HHCEMS320,Emergency Medical Services NC III,CORE,HHC325303,Provide emergency care for suspected spine injury
HHCEMS320,Emergency Medical Services NC III,CORE,HHC325304,Provide pre-hospital interventions for trauma patients
HHCEMS320,Emergency Medical Services NC III,CORE,HHC325305,Provide pre-hospital interventions for shock patients
HHCEMS320,Emergency Medical Services NC III,CORE,HHC325306,Provide pre-hospital interventions for medical patients
HHCEMS320,Emergency Medical Services NC III,CORE,HHC325307,Perform basic life support and use airway adjuncts
HHCEMS320,Emergency Medical Services NC III,CORE,HHC325308,Provide pre-hospital interventions for special patient populations
HHCEMS320,Emergency Medical Services NC III,CORE,HHC325309,Perform patient packaging
HHCEMS320,Emergency Medical Services NC III,CORE,HHC325310,Conduct patient transport
HHCEMS320,Emergency Medical Services NC III,CORE,HHC325311,Deliver basic pre-hospital communication skills
HHCEMS320,Emergency Medical Services NC III,BASIC,400311319,Lead in workplace communication
TRSEVM324,Events Management Services NC III,BASIC,400311319,Lead in workplace communication
TRSEVM324,Events Management Services NC III,CORE,XXXXXX,Oversee financial transactions
TRSEVM324,Events Management Services NC III,BASIC,400311320,Lead small teams
TRSEVM324,Events Management Services NC III,CORE,XXXXXX,Prepare terminal reports
TRSEVM324,Events Management Services NC III,CORE,XXXXXX,Finalize event plans and programs for implementation
TRSEVM324,Events Management Services NC III,CORE,XXXXXX,Prepare event financial plan
TRSEVM324,Events Management Services NC III,CORE,XXXXXX,Select event suppliers
TRSEVM324,Events Management Services NC III,CORE,XXXXXX,Develop event design
TRSEVM324,Events Management Services NC III,CORE,XXXXXX,Plan and develop event proposal or bid
TRSEVM324,Events Management Services NC III,CORE,XXXXXX,Develop an event concept
TRSEVM324,Events Management Services NC III,COMMON,XXXXXX,Provide and maintain effective client relations
TRSEVM324,Events Management Services NC III,COMMON,XXXXXX,"Maintain safe, clean and efficient work environment"
TRSEVM324,Events Management Services NC III,COMMON,XXXXXX,Manage own performance
TRSEVM324,Events Management Services NC III,COMMON,XXXXXX,Operate equipment
TRSEVM324,Events Management Services NC III,COMMON,XXXXXX,"Observe procedures, specifications and manuals of instructions"
TRSEVM324,Events Management Services NC III,COMMON,XXXXXX,"Develop creative thinking, artistic skills and cultural awareness"
TRSEVM324,Events Management Services NC III,COMMON,XXXXXX,Develop and update industry knowledge
TRSEVM324,Events Management Services NC III,BASIC,400311327,Facilitate entrepreneurial skills for micro-small-medium enterprises (MSMEs)
TRSEVM324,Events Management Services NC III,BASIC,400311326,Evaluate environmental work practices
TRSEVM324,Events Management Services NC III,BASIC,400311325,Evaluate occupational safety and health work practices
TRSEVM324,Events Management Services NC III,BASIC,400311324,Use information systematically
TRSEVM324,Events Management Services NC III,BASIC,400311323,Propose methods of applying learning and innovation in the organization
TRSEVM324,Events Management Services NC III,BASIC,400311322,Work in a diverse environment
TRSEVM324,Events Management Services NC III,CORE,XXXXXX,Provide online and/or on-site event management services
TRSEVM324,Events Management Services NC III,BASIC,400311321,Apply critical thinking and problem solving techniques in the workplace
TRSEVM307,Events Management Services NC III (Superseded),BASIC,500311111,Develop and practice negotiation skills
TRSEVM307,Events Management Services NC III (Superseded),BASIC,500311112,Solve problems related to work activities
TRSEVM307,Events Management Services NC III (Superseded),BASIC,500311113,Use mathematical concepts and techniques
TRSEVM307,Events Management Services NC III (Superseded),BASIC,500311114,Use relevant technologies
TRSEVM307,Events Management Services NC III (Superseded),COMMON,TRS311206,Roster staff
TRSEVM307,Events Management Services NC III (Superseded),COMMON,TRS311207,Control and order stock
TRSEVM307,Events Management Services NC III (Superseded),COMMON,TRS311208,Train small groups
TRSEVM307,Events Management Services NC III (Superseded),COMMON,TRS311209,Establish and conduct business relationships
TRSEVM307,Events Management Services NC III (Superseded),CORE,TRS342315,Plan and develop event proposal or bid
TRSEVM307,Events Management Services NC III (Superseded),CORE,TRS342316,Develop an event concept
TRSEVM307,Events Management Services NC III (Superseded),CORE,TRS342317,Develop event program
TRSEVM307,Events Management Services NC III (Superseded),CORE,TRS342318,Select event venue and site
TRSEVM307,Events Management Services NC III (Superseded),CORE,TRS342319,Develop and update event industry knowledge
TRSEVM307,Events Management Services NC III (Superseded),CORE,TRS342320,Provide on-site event management services
TRSEVM307,Events Management Services NC III (Superseded),CORE,TRS342321,Manage contractors for indoor events
TRSEVM307,Events Management Services NC III (Superseded),CORE,TRS342322,Develop and update knowledge on protocol
TRSEVM307,Events Management Services NC III (Superseded),BASIC,500311110,Lead small teams
TRSEVM307,Events Management Services NC III (Superseded),BASIC,500311109,Lead workplace communication
GRMFAD311,Fashion Design (Apparel) NC III,BASIC,500311110,Lead small teams
GRMFAD311,Fashion Design (Apparel) NC III,CORE,GRM743322,Perform promotional activities for fashion products and/or services
GRMFAD311,Fashion Design (Apparel) NC III,BASIC,500311113,Use mathematical concepts and techniques
GRMFAD311,Fashion Design (Apparel) NC III,BASIC,500311114,Use relevant technologies
GRMFAD311,Fashion Design (Apparel) NC III,COMMON,GRM743203,Carry out measurements and calculation
GRMFAD311,Fashion Design (Apparel) NC III,COMMON,GRM743204,Set up and operate machines
GRMFAD311,Fashion Design (Apparel) NC III,COMMON,GRM743205,Perform basic maintenance
GRMFAD311,Fashion Design (Apparel) NC III,COMMON,HCS515201,Maintain an effective relationship with clients/customers
GRMFAD311,Fashion Design (Apparel) NC III,COMMON,HCS515202,Manage own performance
GRMFAD311,Fashion Design (Apparel) NC III,BASIC,500311111,Develop and practice negotiation skills
GRMFAD311,Fashion Design (Apparel) NC III,BASIC,500311109,Lead workplace communication
GRMFAD311,Fashion Design (Apparel) NC III,BASIC,500311112,Solve problems related to work activities
GRMFAD311,Fashion Design (Apparel) NC III,COMMON,HCS515204,Apply quality standards
GRMFAD311,Fashion Design (Apparel) NC III,CORE,GRM743317,Create garment designs
GRMFAD311,Fashion Design (Apparel) NC III,CORE,GRM743318,Calculate and procure garment materials
GRMFAD311,Fashion Design (Apparel) NC III,CORE,GRM743319,Supervise garment prototype preparation and mass production
GRMFAD311,Fashion Design (Apparel) NC III,CORE,GRM743320,Evaluate finished product
GRMFAD311,Fashion Design (Apparel) NC III,CORE,GRM743321,Supervise packaging and dispatching of finished garment
CREFVP321,Film and Video Postproduction NC III,CORE,CRE343308,Wrap up postproduction
CREFVP321,Film and Video Postproduction NC III,BASIC,400311319,Lead in workplace communication
CREFVP321,Film and Video Postproduction NC III,BASIC,400311320,Lead small teams
CREFVP321,Film and Video Postproduction NC III,BASIC,400311321,Apply critical thinking and problem solving techniques in the workplace
CREFVP321,Film and Video Postproduction NC III,BASIC,400311322,Work in a diverse environment
CREFVP321,Film and Video Postproduction NC III,BASIC,400311323,Propose methods of applying learning and innovation in the organization
CREFVP321,Film and Video Postproduction NC III,BASIC,400311324,Use information systematically
CREFVP321,Film and Video Postproduction NC III,BASIC,400311325,Evaluate occupational safety and health work practices
CREFVP321,Film and Video Postproduction NC III,BASIC,400311326,Evaluate environmental work practices
CREFVP321,Film and Video Postproduction NC III,BASIC,400311327,Facilitate entrepreneurial skills for micro-small-medium enterprises (MSMEs)
CREFVP321,Film and Video Postproduction NC III,COMMON,CRE265201,Develop and update industry knowledge
CREFVP321,Film and Video Postproduction NC III,COMMON,CRE265202,"Develop creative thinking, artistic skills and cultural awareness"
CREFVP321,Film and Video Postproduction NC III,COMMON,CRE265203,"Observe procedures, specifications and manuals of instructions"
CREFVP321,Film and Video Postproduction NC III,COMMON,CRE265204,Operate equipment
CREFVP321,Film and Video Postproduction NC III,COMMON,CRE265205,Manage own performance
CREFVP321,Film and Video Postproduction NC III,COMMON,CRE265206,"Maintain safe, clean and efficient work environment"
CREFVP321,Film and Video Postproduction NC III,COMMON,CRE265207,Provide and maintain effective client relations
CREFVP321,Film and Video Postproduction NC III,CORE,CRE343305,Prepare postproduction materials and facilities
CREFVP321,Film and Video Postproduction NC III,CORE,CRE343306,Build edits and materials for postproduction
CREFVP321,Film and Video Postproduction NC III,CORE,CRE343307,Create enhanced edits and materials for postproduction
AFFFSC105,Fish Capture NC I,CORE,AGR642302,Load and unload goods / cargo
AFFFSC105,Fish Capture NC I,CORE,AGR642303,Assemble and repair damaged netting
AFFFSC105,Fish Capture NC I,BASIC,500311102,Work with others
AFFFSC105,Fish Capture NC I,BASIC,500311103,Demonstrate work values
AFFFSC105,Fish Capture NC I,BASIC,500311104,Practice basic housekeeping procedures
AFFFSC105,Fish Capture NC I,COMMON,AGR321201,Apply safety measures in farm operations
AFFFSC105,Fish Capture NC I,COMMON,AGR321202,Use farm tools and equipment
AFFFSC105,Fish Capture NC I,COMMON,AGR321203,Perform estimation and basic calculation
AFFFSC105,Fish Capture NC I,COMMON,AGR741201,Apply food safety and sanitation
AFFFSC105,Fish Capture NC I,COMMON,MTM834202,Prevent and fight fire
AFFFSC105,Fish Capture NC I,COMMON,MTM834204,Provide first aid treatment on board
AFFFSC105,Fish Capture NC I,COMMON,MTM834205,Protect marine environment
AFFFSC105,Fish Capture NC I,COMMON,MTM834206,Comply with emergency procedures
AFFFSC105,Fish Capture NC I,CORE,AGR642301,Apply deckhand skills aboard a fishing vessel
AFFFSC105,Fish Capture NC I,BASIC,500311101,Receive and respond to workplace communication
AFFFSC206,Fish Capture NC II,CORE,AGR641311,"Adjust and position beach seines, mesh nets or gill nets"
AFFFSC206,Fish Capture NC II,ELECTIVE,AGR641327,Conduct field observations
AFFFSC206,Fish Capture NC II,BASIC,500311106,Work in team environment
AFFFSC206,Fish Capture NC II,BASIC,500311107,Practice career professionalism
AFFFSC206,Fish Capture NC II,BASIC,500311108,Practice occupational health and safety procedures
AFFFSC206,Fish Capture NC II,COMMON,AGR321201,Apply safety measures in farm operations
AFFFSC206,Fish Capture NC II,COMMON,AGR321202,Use farm tools and equipment
AFFFSC206,Fish Capture NC II,COMMON,AGR321203,Perform estimation and basic calculation
AFFFSC206,Fish Capture NC II,COMMON,MTM834202,Prevent and fight fire
AFFFSC206,Fish Capture NC II,COMMON,MTM834205,Protect marine environment
AFFFSC206,Fish Capture NC II,COMMON,MTM834206,Comply with emergency procedures
AFFFSC206,Fish Capture NC II,CORE,AGR641304,Operate a vessel of up to 3.0 gt
AFFFSC206,Fish Capture NC II,CORE,AGR641305,Monitor condition and seaworthiness of a vessel
AFFFSC206,Fish Capture NC II,CORE,AGR641306,Perform routine maintenance tasks on a small coastal vessel
AFFFSC206,Fish Capture NC II,CORE,AGR641307,Operate and troubleshoot low powered marine engines
AFFFSC206,Fish Capture NC II,CORE,AGR641308,Apply weather information when navigating a vessel
AFFFSC206,Fish Capture NC II,CORE,AGR641309,Contribute to safe navigation
AFFFSC206,Fish Capture NC II,CORE,AGR641310,Apply basic food handling and safety practices
AFFFSC206,Fish Capture NC II,ELECTIVE,AGR641328,Monitor and record fishing operations
AFFFSC206,Fish Capture NC II,CORE,AGR641312,"Maintain, prepare, deploy and retrieve beach seines, mesh nets or gill nets to land catch"
AFFFSC206,Fish Capture NC II,CORE,AGR641313,Adjust and position hand operated lines
AFFFSC206,Fish Capture NC II,CORE,AGR641314,"Maintain, prepare, deploy and retrieve hand operated lines to land catch"
AFFFSC206,Fish Capture NC II,CORE,AGR641315,Adjust and position pots and traps
AFFFSC206,Fish Capture NC II,CORE,AGR641316,"Maintain, prepare, deploy and retrieve pots and traps to land catch"
AFFFSC206,Fish Capture NC II,ELECTIVE,AGR641302,Load and unload goods / cargo
AFFFSC206,Fish Capture NC II,ELECTIVE,AGR641303,Assemble and repair damaged netting
AFFFSC206,Fish Capture NC II,ELECTIVE,AGR641317,Implement the food safety program and procedures
AFFFSC206,Fish Capture NC II,ELECTIVE,AGR641318,Keep record for a municipal fishing business
AFFFSC206,Fish Capture NC II,ELECTIVE,AGR641319,Apply basic first aid
AFFFSC206,Fish Capture NC II,ELECTIVE,AGR641320,Operate and maintain marine outboard motors
AFFFSC206,Fish Capture NC II,ELECTIVE,AGR641321,Transmit and receive information by marine radio or telephone
AFFFSC206,Fish Capture NC II,ELECTIVE,AGR641324,Shift a load using manually-operated equipment
AFFFSC206,Fish Capture NC II,ELECTIVE,AGR641323,Assemble and load refrigerated product
AFFFSC206,Fish Capture NC II,ELECTIVE,AGR641322,Perform breath hold diving operations
AFFFSC206,Fish Capture NC II,ELECTIVE,AGR641325,Maintain the temperature of seafood
AFFFSC206,Fish Capture NC II,ELECTIVE,AGR641326,Work with temperature controlled stock
AFFFSC206,Fish Capture NC II,BASIC,500311105,Participate in workplace communication
PFBFPP207,Fish Products Packaging NC II,CORE,AGR826303,Package processed fish by canning
PFBFPP207,Fish Products Packaging NC II,BASIC,500311105,Participate in workplace communication
PFBFPP207,Fish Products Packaging NC II,BASIC,500311106,Work in team environment
PFBFPP207,Fish Products Packaging NC II,BASIC,500311107,Practice career professionalism
PFBFPP207,Fish Products Packaging NC II,BASIC,500311108,Practice occupational health and safety procedures
PFBFPP207,Fish Products Packaging NC II,COMMON,AGR741201,Apply food safety and sanitation
PFBFPP207,Fish Products Packaging NC II,COMMON,AGR741202,Use standard measuring devices and instruments
PFBFPP207,Fish Products Packaging NC II,COMMON,AGR741203,"Use food processing tools, equipment and utensils"
PFBFPP207,Fish Products Packaging NC II,COMMON,AGR741204,Perform mathematical computation
PFBFPP207,Fish Products Packaging NC II,COMMON,AGR741205,Implement good manufacturing practice procedure
PFBFPP207,Fish Products Packaging NC II,COMMON,AGR741206,Implement environmental policies and procedures
PFBFPP207,Fish Products Packaging NC II,CORE,AGR826301,Package processed fish by vacuum or ordinary poly packing
PFBFPP207,Fish Products Packaging NC II,CORE,AGR826302,Package processed fish by bottling
AFFFGR307,Fishing Gear Repair and Maintenance NC III,CORE,AGR642332,Administer and monitor net mending
AFFFGR307,Fishing Gear Repair and Maintenance NC III,BASIC,500311109,Lead workplace communication
AFFFGR307,Fishing Gear Repair and Maintenance NC III,BASIC,500311110,Lead small teams
AFFFGR307,Fishing Gear Repair and Maintenance NC III,BASIC,500311111,Develop and practice negotiation skills
AFFFGR307,Fishing Gear Repair and Maintenance NC III,BASIC,500311112,Solve problems related to work activities
AFFFGR307,Fishing Gear Repair and Maintenance NC III,BASIC,500311113,Use mathematical concepts and techniques
AFFFGR307,Fishing Gear Repair and Maintenance NC III,BASIC,500311114,Use relevant technologies
AFFFGR307,Fishing Gear Repair and Maintenance NC III,COMMON,AGR321201,Apply safety measures in operations
AFFFGR307,Fishing Gear Repair and Maintenance NC III,COMMON,AGR321202,Use tools and equipment
AFFFGR307,Fishing Gear Repair and Maintenance NC III,COMMON,AGR321203,Perform estimation and basic calculation
AFFFGR307,Fishing Gear Repair and Maintenance NC III,CORE,AGR642330,Supervise unloading and loading of net
AFFFGR307,Fishing Gear Repair and Maintenance NC III,CORE,AGR642331,Evaluate net mending
AFFFWO107,Fishport/Wharf Operation NC I,BASIC,500311103,Demonstrate work values
AFFFWO107,Fishport/Wharf Operation NC I,BASIC,500311102,Work with others
AFFFWO107,Fishport/Wharf Operation NC I,BASIC,500311101,Receive and respond to workplace communication
AFFFWO107,Fishport/Wharf Operation NC I,BASIC,500311104,Practice basic housekeeping procedures
AFFFWO107,Fishport/Wharf Operation NC I,COMMON,AGR321201,Apply safety measures in operations
AFFFWO107,Fishport/Wharf Operation NC I,COMMON,AGR321202,Use tools and equipment
AFFFWO107,Fishport/Wharf Operation NC I,COMMON,AGR321203,Perform estimation and basic calculation
AFFFWO107,Fishport/Wharf Operation NC I,COMMON,AGR741201,Apply food safety and sanitation
AFFFWO107,Fishport/Wharf Operation NC I,CORE,AGR921301,Unload and load fish and fish products
AFFFWO107,Fishport/Wharf Operation NC I,CORE,AGR921302,Classify fish and fish products
MEEFCW106,Flux-Cored Arc Welding (FCAW) NC I,COMMON,MEE721205,Use hand tools
MEEFCW106,Flux-Cored Arc Welding (FCAW) NC I,CORE,MEE721315,Weld carbon steel plates using fcaw
MEEFCW106,Flux-Cored Arc Welding (FCAW) NC I,BASIC,500311102,Work with others
MEEFCW106,Flux-Cored Arc Welding (FCAW) NC I,BASIC,500311103,Demonstrate work values
MEEFCW106,Flux-Cored Arc Welding (FCAW) NC I,BASIC,500311104,Practice basic housekeeping procedures
MEEFCW106,Flux-Cored Arc Welding (FCAW) NC I,COMMON,MEE721201,Apply safety practices
MEEFCW106,Flux-Cored Arc Welding (FCAW) NC I,COMMON,MEE721202,Interpret drawings and sketches
MEEFCW106,Flux-Cored Arc Welding (FCAW) NC I,COMMON,MEE721203,Perform industry calculations
MEEFCW106,Flux-Cored Arc Welding (FCAW) NC I,COMMON,MEE721204,Contribute to quality system
MEEFCW106,Flux-Cored Arc Welding (FCAW) NC I,BASIC,500311101,Receive and respond to workplace communication
MEEFCW106,Flux-Cored Arc Welding (FCAW) NC I,COMMON,MEE721206,Prepare weld materials
MEEFCW106,Flux-Cored Arc Welding (FCAW) NC I,COMMON,MEE721207,Setup welding equipment
MEEFCW106,Flux-Cored Arc Welding (FCAW) NC I,COMMON,MEE721208,Fit up weld materials
MEEFCW106,Flux-Cored Arc Welding (FCAW) NC I,COMMON,MEE721209,Repair welds
MEEFCW206,Flux-Cored Arc Welding (FCAW) NC II,CORE,MEE721310,Weld carbon steel pipes using fcaw
MEEFCW206,Flux-Cored Arc Welding (FCAW) NC II,BASIC,500311105,Participate in workplace communication
MEEFCW206,Flux-Cored Arc Welding (FCAW) NC II,BASIC,500311106,Work in team environment
MEEFCW206,Flux-Cored Arc Welding (FCAW) NC II,BASIC,500311107,Practice career professionalism
MEEFCW206,Flux-Cored Arc Welding (FCAW) NC II,BASIC,500311108,Practice occupational health and safety procedures
MEEFCW206,Flux-Cored Arc Welding (FCAW) NC II,COMMON,MEE721201,Apply safety practices
MEEFCW206,Flux-Cored Arc Welding (FCAW) NC II,COMMON,MEE721202,Interpret drawings and sketches
MEEFCW206,Flux-Cored Arc Welding (FCAW) NC II,COMMON,MEE721203,Perform industry calculations
MEEFCW206,Flux-Cored Arc Welding (FCAW) NC II,COMMON,MEE721204,Contribute to quality system
MEEFCW206,Flux-Cored Arc Welding (FCAW) NC II,COMMON,MEE721205,Use hand tools
MEEFCW206,Flux-Cored Arc Welding (FCAW) NC II,COMMON,MEE721206,Prepare weld materials
MEEFCW206,Flux-Cored Arc Welding (FCAW) NC II,COMMON,MEE721207,Setup welding equipment
MEEFCW206,Flux-Cored Arc Welding (FCAW) NC II,COMMON,MEE721208,Fit up weld materials
MEEFCW206,Flux-Cored Arc Welding (FCAW) NC II,COMMON,MEE721209,Repair welds
MEEFCW306,Flux-Cored Arc Welding (FCAW) NC III,CORE,MEE721319,Weld alloy steel pipes using FCAW
MEEFCW306,Flux-Cored Arc Welding (FCAW) NC III,BASIC,500311109,Lead workplace communication
MEEFCW306,Flux-Cored Arc Welding (FCAW) NC III,BASIC,500311110,Lead small teams
MEEFCW306,Flux-Cored Arc Welding (FCAW) NC III,BASIC,500311111,Develop and practice negotiation skills
MEEFCW306,Flux-Cored Arc Welding (FCAW) NC III,BASIC,500311112,Solve problems related to work activities
MEEFCW306,Flux-Cored Arc Welding (FCAW) NC III,BASIC,500311113,Use mathematical concepts and techniques
MEEFCW306,Flux-Cored Arc Welding (FCAW) NC III,BASIC,500311114,Use relevant technologies
MEEFCW306,Flux-Cored Arc Welding (FCAW) NC III,COMMON,MEE721201,Apply safety practices
MEEFCW306,Flux-Cored Arc Welding (FCAW) NC III,COMMON,MEE721202,Interpret drawings and sketches
MEEFCW306,Flux-Cored Arc Welding (FCAW) NC III,COMMON,MEE721203,Perform industry calculations
MEEFCW306,Flux-Cored Arc Welding (FCAW) NC III,COMMON,MEE721204,Contribute to quality system
MEEFCW306,Flux-Cored Arc Welding (FCAW) NC III,COMMON,MEE721205,Use hand tools
MEEFCW306,Flux-Cored Arc Welding (FCAW) NC III,COMMON,MEE721206,Prepare weld materials
MEEFCW306,Flux-Cored Arc Welding (FCAW) NC III,COMMON,MEE721207,Setup welding equipment
MEEFCW306,Flux-Cored Arc Welding (FCAW) NC III,COMMON,MEE721208,Fit up weld materials
MEEFCW306,Flux-Cored Arc Welding (FCAW) NC III,COMMON,MEE721209,Repair welds
MEEFCW306,Flux-Cored Arc Welding (FCAW) NC III,CORE,MEE721305,Weld alloy steel plates using FCAW
PFBFOP119,Food Processing NC I,BASIC,400311107,Follow occupational safety and health policies and procedures
PFBFOP119,Food Processing NC I,CORE,PFB751343,Dispense materials
PFBFOP119,Food Processing NC I,BASIC,400311101,Receive and respond to workplace communication
PFBFOP119,Food Processing NC I,BASIC,400311102,Work with others
PFBFOP119,Food Processing NC I,BASIC,400311103,Solve/address routine problems
PFBFOP119,Food Processing NC I,BASIC,400311104,Enhance self-management skills
PFBFOP119,Food Processing NC I,BASIC,400311105,Support innovation
PFBFOP119,Food Processing NC I,BASIC,400311106,Access and maintain information
PFBFOP119,Food Processing NC I,BASIC,400311108,Apply environmental work standards
PFBFOP119,Food Processing NC I,COMMON,AGR741203,"Use food processing tools, equipment and utensils"
PFBFOP119,Food Processing NC I,COMMON,AGR741202,Use standard measuring devices and instruments
PFBFOP119,Food Processing NC I,BASIC,400311109,Adopt entrepreneurial mindset in the workplace
PFBFOP119,Food Processing NC I,COMMON,AGR741207,Implement good manufacturing practice and procedures
PFBFOP119,Food Processing NC I,COMMON,AGR741201,Apply food safety and sanitation
PFBFOP119,Food Processing NC I,CORE,PFB751346,Clean and sanitize equipment and processing/packaging premises
PFBFOP119,Food Processing NC I,CORE,PFB751344,Prepare packaging materials and supplies for processing
PFBFOP119,Food Processing NC I,CORE,PFB751342,Assist in quality inspection
PFBFOP119,Food Processing NC I,CORE,PFB751345,Operate basic equipment
PFBFOP119,Food Processing NC I,CORE,PFB751347,Debone and fillet fish
PFBFOP107,Food Processing NC I (Superseded),COMMON,AGR741203,"Use food processing tools, equipment and utensils"
PFBFOP107,Food Processing NC I (Superseded),CORE,AGR741310,Clean and sanitize equipment and processing/packaging area
PFBFOP107,Food Processing NC I (Superseded),BASIC,500311101,Receive and respond to workplace communication
PFBFOP107,Food Processing NC I (Superseded),BASIC,500311103,Demonstrate work values
PFBFOP107,Food Processing NC I (Superseded),BASIC,500311104,Practice basic housekeeping procedures
PFBFOP107,Food Processing NC I (Superseded),COMMON,AGR741207,Follow work procedures to maintain good manufacturing practice
PFBFOP107,Food Processing NC I (Superseded),CORE,AGR741311,"Load and unload raw materials, products and supplies"
PFBFOP107,Food Processing NC I (Superseded),COMMON,AGR741202,Use standard measuring devices and instruments
PFBFOP107,Food Processing NC I (Superseded),COMMON,AGR741201,Apply food safety and sanitation
PFBFOP107,Food Processing NC I (Superseded),CORE,AGR741305,Implement sampling procedures
PFBFOP107,Food Processing NC I (Superseded),CORE,AGR741306,Inspect and sort raw materials and product
PFBFOP107,Food Processing NC I (Superseded),CORE,AGR741307,Dispense non-bulk ingredients
PFBFOP107,Food Processing NC I (Superseded),CORE,AGR741308,Prepare raw/packaging materials for processing
PFBFOP107,Food Processing NC I (Superseded),CORE,AGR741309,Operate basic equipment
PFBFOP107,Food Processing NC I (Superseded),BASIC,500311102,Work with others
PFBFOP215,Food Processing NC II,CORE,PFB751334,Process food by thermal application
PFBFOP215,Food Processing NC II,BASIC,500311105,Participate in workplace communication
PFBFOP215,Food Processing NC II,BASIC,500311106,Work in team environment
PFBFOP215,Food Processing NC II,BASIC,500311107,Practice career professionalism
PFBFOP215,Food Processing NC II,BASIC,500311108,Practice occupational health and safety procedures
PFBFOP215,Food Processing NC II,COMMON,AGR741201,Apply food safety and sanitation
PFBFOP215,Food Processing NC II,COMMON,PFB751211,Use standard measuring devices/instruments
PFBFOP215,Food Processing NC II,COMMON,PFB751212,"Use food processing tools, equipment and utensils"
PFBFOP215,Food Processing NC II,COMMON,PFB751213,Perform mathematical computation
PFBFOP215,Food Processing NC II,COMMON,PFB751214,Implement good manufacturing practice procedure
PFBFOP215,Food Processing NC II,COMMON,PFB751215,Implement environmental policies and procedures
PFBFOP215,Food Processing NC II,CORE,PFB751330,"Process food by salting, curing and smoking"
PFBFOP215,Food Processing NC II,CORE,PFB751331,Process food by fermentation and pickling
PFBFOP215,Food Processing NC II,CORE,PFB751332,Process food by sugar concentration
PFBFOP215,Food Processing NC II,CORE,PFB751333,Process food by drying and dehydration
PFBFOP205,Food Processing NC II (Superseded),CORE,AGR741303,Process food by sugar concentration
PFBFOP205,Food Processing NC II (Superseded),BASIC,500311105,Participate in workplace communication
PFBFOP205,Food Processing NC II (Superseded),BASIC,500311106,Work in team environment
PFBFOP205,Food Processing NC II (Superseded),BASIC,500311107,Practice career professionalism
PFBFOP205,Food Processing NC II (Superseded),BASIC,500311108,Practice occupational health and safety procedures
PFBFOP205,Food Processing NC II (Superseded),COMMON,AGR741203,"Use food processing tools, equipment and utensils"
PFBFOP205,Food Processing NC II (Superseded),COMMON,AGR741202,Use standard measuring devices and instruments
PFBFOP205,Food Processing NC II (Superseded),COMMON,AGR741205,Implement good manufacturing practice procedure
PFBFOP205,Food Processing NC II (Superseded),COMMON,AGR741201,Apply food safety and sanitation
PFBFOP205,Food Processing NC II (Superseded),COMMON,AGR741204,Perform mathematical computation
PFBFOP205,Food Processing NC II (Superseded),COMMON,AGR741206,Implement environmental policies and procedures
PFBFOP205,Food Processing NC II (Superseded),CORE,AGR741301,"Process food by salting, curing and smoking"
PFBFOP205,Food Processing NC II (Superseded),CORE,AGR741304,Package finished / processed food products
PFBFOP205,Food Processing NC II (Superseded),CORE,AGR741302,Process food by fermentation and pickling
PFBFOP307,Food Processing NC III,BASIC,500311112,Solve problems related to work activities
PFBFOP307,Food Processing NC III,BASIC,500311109,Lead workplace communication
PFBFOP307,Food Processing NC III,BASIC,500311110,Lead small teams
PFBFOP307,Food Processing NC III,BASIC,500311111,Develop and practice negotiation skills
PFBFOP307,Food Processing NC III,COMMON,AGR741202,Use standard measuring devices and instruments
PFBFOP307,Food Processing NC III,COMMON,AGR741203,"Use food processing tools, equipment and utensils"
PFBFOP307,Food Processing NC III,COMMON,AGR741204,Perform mathematical computation
PFBFOP307,Food Processing NC III,COMMON,AGR741205,Implement good manufacturing practice procedure
PFBFOP307,Food Processing NC III,COMMON,AGR741206,Implement environmental policies and procedures
PFBFOP307,Food Processing NC III,CORE,AGR741312,Receive and store stock
PFBFOP307,Food Processing NC III,CORE,AGR741313,Control and order stock
PFBFOP307,Food Processing NC III,CORE,AGR741314,Apply product knowledge to complete work operations
PFBFOP307,Food Processing NC III,CORE,AGR741315,"Perform basic tests in raw materials, in process and finished products"
PFBFOP307,Food Processing NC III,CORE,AGR741316,Operate a boiler
PFBFOP307,Food Processing NC III,CORE,AGR741317,Operate pumping equipment
PFBFOP307,Food Processing NC III,CORE,AGR741318,Operate and monitor food processes and equipment
PFBFOP307,Food Processing NC III,CORE,AGR741319,Operate a packaging process
PFBFOP307,Food Processing NC III,CORE,AGR741320,Work in a freezer storage area
PFBFOP307,Food Processing NC III,CORE,AGR741321,Work with temperature controlled stock
PFBFOP307,Food Processing NC III,CORE,AGR741322,Handle dangerous goods/ hazardous substances
PFBFOP307,Food Processing NC III,BASIC,500311114,Use relevant technologies
PFBFOP307,Food Processing NC III,COMMON,AGR741201,Apply food safety and sanitation
PFBFOP407,Food Processing NC IV,BASIC,500311116,Develop teams and individuals
PFBFOP407,Food Processing NC IV,BASIC,500311118,"Collect, analyze and organize information"
PFBFOP407,Food Processing NC IV,BASIC,500311119,Plan and organize work
PFBFOP407,Food Processing NC IV,BASIC,500311117,Apply problem solving techniques in the workplace
PFBFOP407,Food Processing NC IV,COMMON,AGR741201,Apply food safety and sanitation
PFBFOP407,Food Processing NC IV,COMMON,AGR741202,Use standard measuring devices and instruments
PFBFOP407,Food Processing NC IV,COMMON,AGR741203,"Use food processing tools, equipment and utensils"
PFBFOP407,Food Processing NC IV,COMMON,AGR741204,Perform mathematical computation
PFBFOP407,Food Processing NC IV,COMMON,AGR741205,Implement good manufacturing practice procedure
PFBFOP407,Food Processing NC IV,COMMON,AGR741206,Implement environmental policies and procedures
PFBFOP407,Food Processing NC IV,BASIC,500311115,Utilize specialized communication skills
PFBFOP407,Food Processing NC IV,COMMON,AGR741208,Monitor the implementation of good manufacturing practice procedures
PFBFOP407,Food Processing NC IV,COMMON,AGR741209,Monitor the implementation of environmental management policies
PFBFOP407,Food Processing NC IV,CORE,AGR741323,Apply raw materials / ingredients and process knowledge
PFBFOP407,Food Processing NC IV,CORE,AGR741324,"Maintain food safety when loading, unloading and transporting food"
PFBFOP407,Food Processing NC IV,CORE,AGR741325,Participate in sensory analysis
PFBFOP407,Food Processing NC IV,CORE,AGR741326,Set up and operate processes in a production/packaging system
PFBFOP407,Food Processing NC IV,CORE,AGR741327,Participate in an audit process
PFBFOP407,Food Processing NC IV,CORE,AGR741328,Participate in a HACCP team
PFBFOP407,Food Processing NC IV,CORE,AGR741329,Monitor workplace performance and participate in improvement process
TRSFBP223,Food Production (Bread and Patisserie) NC II,COMMON,TRS311201,Develop and update industry knowledge
TRSFBP223,Food Production (Bread and Patisserie) NC II,CORE,TRS751303,"Prepare and present bakery products "
TRSFBP223,Food Production (Bread and Patisserie) NC II,COMMON,TRS311202,Observe workplace hygiene procedures
TRSFBP223,Food Production (Bread and Patisserie) NC II,BASIC,400311218,Practice entrepreneurial skills in the workplace
TRSFBP223,Food Production (Bread and Patisserie) NC II,BASIC,400311217,Exercise efficient and effective sustainable practices in the workplace
TRSFBP223,Food Production (Bread and Patisserie) NC II,BASIC,400311216,Practice occupational safety and health policies and procedures
TRSFBP223,Food Production (Bread and Patisserie) NC II,BASIC,400311215,Present relevant information
TRSFBP223,Food Production (Bread and Patisserie) NC II,BASIC,400311214,Contribute to workplace innovation
TRSFBP223,Food Production (Bread and Patisserie) NC II,BASIC,400311213,Develop career and life decisions
TRSFBP223,Food Production (Bread and Patisserie) NC II,COMMON,TRS311203,Perform computer operations
TRSFBP223,Food Production (Bread and Patisserie) NC II,BASIC,400311210,Participate in workplace communication
TRSFBP223,Food Production (Bread and Patisserie) NC II,BASIC,400311212,Solve/address general workplace problems
TRSFBP223,Food Production (Bread and Patisserie) NC II,COMMON,TRS311204,Perform workplace and safety practices
TRSFBP223,Food Production (Bread and Patisserie) NC II,COMMON,TRS311205,Provide effective customer service
TRSFBP223,Food Production (Bread and Patisserie) NC II,BASIC,400311211,Work in team environment
TRSFBP223,Food Production (Bread and Patisserie) NC II,CORE,TRS751301,"Clean and maintain kitchen premises, equipment and tools"
TRSFBP223,Food Production (Bread and Patisserie) NC II,CORE,TRS751302,Organize and prepare food and service for bakery and pastry production
TRSFBP223,Food Production (Bread and Patisserie) NC II,CORE,TRS751309,Present desserts
TRSFBP223,Food Production (Bread and Patisserie) NC II,CORE,TRS751308,Prepare chocolate and produce chocolate products
TRSFBP223,Food Production (Bread and Patisserie) NC II,CORE,TRS751307,Prepare and present petits fours
TRSFBP223,Food Production (Bread and Patisserie) NC II,CORE,TRS751306,"Prepare and present gateaux, tortes and cakes"
TRSFBP223,Food Production (Bread and Patisserie) NC II,CORE,TRS751305,"Prepare and present basic hot, cold and frozen desserts"
TRSFBP223,Food Production (Bread and Patisserie) NC II,CORE,TRS751304,Prepare and present basic pastry products
TRSFPC224,Food Production (Professional Cookery) NC II,BASIC,400311211,Work in a team environment
TRSFPC224,Food Production (Professional Cookery) NC II,CORE,TRSXXXXXX,"Clean and maintain premises, equipment and tools"
TRSFPC224,Food Production (Professional Cookery) NC II,COMMON,TRS311205,Provide effective customer service
TRSFPC224,Food Production (Professional Cookery) NC II,COMMON,TRS311204,Perform workplace and safety practices
TRSFPC224,Food Production (Professional Cookery) NC II,BASIC,400311210,Participate in workplace communication
TRSFPC224,Food Production (Professional Cookery) NC II,CORE,TRSXXXXXX,"Prepare and present hot, cold and frozen desserts"
TRSFPC224,Food Production (Professional Cookery) NC II,CORE,TRSXXXXXX,"Prepare appetizers, salads and sandwiches"
TRSFPC224,Food Production (Professional Cookery) NC II,CORE,TRSXXXXXX,"Prepare and cook vegetable, fruit, eggs and starch dishes"
TRSFPC224,Food Production (Professional Cookery) NC II,CORE,TRSXXXXXX,"Prepare and cook meat, game meat, poultry and seafood dishes"
TRSFPC224,Food Production (Professional Cookery) NC II,CORE,TRSXXXXXX,"Prepare stocks, soups and sauces"
TRSFPC224,Food Production (Professional Cookery) NC II,CORE,TRSXXXXXX,Apply basic techniques of commercial cookery
TRSFPC224,Food Production (Professional Cookery) NC II,CORE,TRSXXXXXX,Organize and prepare food products and services
TRSFPC224,Food Production (Professional Cookery) NC II,CORE,TRSXXXXXX,Apply standard safety procedures for handling foodstuffs
TRSFPC224,Food Production (Professional Cookery) NC II,COMMON,TRS311203,Perform computer operations
TRSFPC224,Food Production (Professional Cookery) NC II,COMMON,TRS311202,Develop and update industry knowledge
TRSFPC224,Food Production (Professional Cookery) NC II,COMMON,TRS311201,Develop and update industry knowledge
TRSFPC224,Food Production (Professional Cookery) NC II,BASIC,400311218,Practice entrepreneurial skills in the workplace
TRSFPC224,Food Production (Professional Cookery) NC II,BASIC,400311217,Exercise efficient and effective sustainable practices in the workplace
TRSFPC224,Food Production (Professional Cookery) NC II,BASIC,400311216,Practice occupational safety and health policies and procedures
TRSFPC224,Food Production (Professional Cookery) NC II,BASIC,400311215,Present relevant information
TRSFPC224,Food Production (Professional Cookery) NC II,BASIC,400311214,Contribute to workplace innovation
TRSFPC224,Food Production (Professional Cookery) NC II,BASIC,400311213,Develop career and life decisions
TRSFPC224,Food Production (Professional Cookery) NC II,BASIC,400311212,Solve/address general workplace problems
TRSFP319,Food Production (Professional Cookery) NC III,COMMON,TRS141203,Maintain quality customer/guest service
TRSFP319,Food Production (Professional Cookery) NC III,CORE,TRS512310,Plan and cost menus
TRSFP319,Food Production (Professional Cookery) NC III,COMMON,TRS141202,Work cooperatively in a general administration environment
TRSFP319,Food Production (Professional Cookery) NC III,COMMON,TRS141201,Receive and resolve customer complaints
TRSFP319,Food Production (Professional Cookery) NC III,COMMON,TRS141207,"Plan, conduct and evaluate staff performance assessment"
TRSFP319,Food Production (Professional Cookery) NC III,CORE,TRS512305,Plan and prepare garde manger products
TRSFP319,Food Production (Professional Cookery) NC III,CORE,TRS512301,Monitor daily cleaning routines
TRSFP319,Food Production (Professional Cookery) NC III,CORE,TRS512302,Apply and demonstrate current trends in methods of cookery
TRSFP319,Food Production (Professional Cookery) NC III,CORE,TRS512303,Establish and maintain quality control in food production
TRSFP319,Food Production (Professional Cookery) NC III,CORE,TRS512304,"Plan, prepare and present specialty cuisines"
TRSFP319,Food Production (Professional Cookery) NC III,CORE,TRS512306,Develop and maintain beverage and wine product knowledge
TRSFP319,Food Production (Professional Cookery) NC III,CORE,TRS512307,Prepare bakery products for patisserie
TRSFP319,Food Production (Professional Cookery) NC III,CORE,TRS512308,Plan and organize bulk cooking operations for a buffet service
TRSFP319,Food Production (Professional Cookery) NC III,BASIC,400311319,Lead in workplace communication
TRSFP319,Food Production (Professional Cookery) NC III,BASIC,400311320,Lead small teams
TRSFP319,Food Production (Professional Cookery) NC III,BASIC,400311321,Apply critical thinking and problem solving techniques in the workplace
TRSFP319,Food Production (Professional Cookery) NC III,BASIC,400311322,Work in a diverse environment
TRSFP319,Food Production (Professional Cookery) NC III,BASIC,400311323,Propose methods of applying learning and innovation in the organization
TRSFP319,Food Production (Professional Cookery) NC III,BASIC,400311324,Use information systematically
TRSFP319,Food Production (Professional Cookery) NC III,BASIC,400311325,Evaluate occupational safety and health work practices
TRSFP319,Food Production (Professional Cookery) NC III,BASIC,400311326,Evaluate environmental work practices
TRSFP319,Food Production (Professional Cookery) NC III,BASIC,400311327,Facilitate entrepreneurial skills for micro-small-medium enterprises (MSMEs)
TRSFP319,Food Production (Professional Cookery) NC III,COMMON,TRS141205,Control and order stock
TRSFP319,Food Production (Professional Cookery) NC III,COMMON,TRS141204,Roster staff
TRSFP319,Food Production (Professional Cookery) NC III,CORE,TRS512309,Apply catering controls and procedures
TRSFP319,Food Production (Professional Cookery) NC III,COMMON,TRS141206,Prepare and deliver training sessions
TRSFP419,Food Production (Professional Cookery) NC IV,BASIC,500311401,Utilize specialized communication skill
TRSFP419,Food Production (Professional Cookery) NC IV,COMMON,TRS141212,Manage finances within a budget
TRSFP419,Food Production (Professional Cookery) NC IV,BASIC,500311402,Develop and lead teams
TRSFP419,Food Production (Professional Cookery) NC IV,BASIC,500311403,Perform higher-order thinking processes and apply techniques in the workplace
TRSFP419,Food Production (Professional Cookery) NC IV,BASIC,500311404,Contribute to the practice of social justice in the workplace
TRSFP419,Food Production (Professional Cookery) NC IV,BASIC,500311405,Manage innovative work instructions
TRSFP419,Food Production (Professional Cookery) NC IV,BASIC,500311406,Manage and evaluate usage of information
TRSFP419,Food Production (Professional Cookery) NC IV,BASIC,500311408,"Lead towards improvement of environmental work programs, policies and procedures"
TRSFP419,Food Production (Professional Cookery) NC IV,BASIC,500311409,Sustain entrepreneurial skills
TRSFP419,Food Production (Professional Cookery) NC IV,COMMON,TRS141208,Maintain hospitality industry knowledge
TRSFP419,Food Production (Professional Cookery) NC IV,COMMON,TRS141209,Perform child protection duties relevant to the tourism industry
TRSFP419,Food Production (Professional Cookery) NC IV,COMMON,TRS141210,Develop and supervise operational approaches
TRSFP419,Food Production (Professional Cookery) NC IV,CORE,TRS512320,"Implement safety, health, environmental, and sustainable policies and procedures"
TRSFP419,Food Production (Professional Cookery) NC IV,CORE,TRS512319,Develop a food safety program
TRSFP419,Food Production (Professional Cookery) NC IV,CORE,TRS512318,Manage catering costs and revenues
TRSFP419,Food Production (Professional Cookery) NC IV,CORE,TRS512317,Plan and manage menu-based catering for an event or function
TRSFP419,Food Production (Professional Cookery) NC IV,CORE,TRS512316,Prepare catering tenders
TRSFP419,Food Production (Professional Cookery) NC IV,CORE,TRS512315,"Design meals to meet special dietary, religious and cultural requirements"
TRSFP419,Food Production (Professional Cookery) NC IV,CORE,TRS512314,Design menus to meet specific market requirements
TRSFP419,Food Production (Professional Cookery) NC IV,CORE,TRS512313,Select catering system
TRSFP419,Food Production (Professional Cookery) NC IV,CORE,TRS512312,Manage bakery and patisserie operations for catering
TRSFP419,Food Production (Professional Cookery) NC IV,CORE,TRS512311,Manage food production operations for catering
TRSFP419,Food Production (Professional Cookery) NC IV,BASIC,500311407,"Lead in improvement of occupational safety and health (OSH) programs, policies and procedures"
TRSFP419,Food Production (Professional Cookery) NC IV,COMMON,TRS141214,Use the assessment system for training outcomes
TRSFP419,Food Production (Professional Cookery) NC IV,COMMON,TRS141213,Plan and implement a series of training events
TRSFP419,Food Production (Professional Cookery) NC IV,COMMON,TRS141211,Manage quality customer service
TRSFBS224,Food and Beverage Services NC II,BASIC,400311216,Practice occupational safety and health policies and procedures
TRSFBS224,Food and Beverage Services NC II,BASIC,400311211,Work in a team environment
TRSFBS224,Food and Beverage Services NC II,BASIC,400311210,Participate in workplace communication
TRSFBS224,Food and Beverage Services NC II,BASIC,400311212,Solve/address general workplace problems
TRSFBS224,Food and Beverage Services NC II,BASIC,400311213,Develop career and life decisions
TRSFBS224,Food and Beverage Services NC II,BASIC,400311214,Contribute to workplace innovation
TRSFBS224,Food and Beverage Services NC II,BASIC,400311215,Present relevant information
TRSFBS224,Food and Beverage Services NC II,BASIC,400311217,Exercise efficient and effective sustainable practices in the workplace
TRSFBS224,Food and Beverage Services NC II,BASIC,400311218,Practice entrepreneurial skills in the workplace
TRSFBS224,Food and Beverage Services NC II,COMMON,TRS311201,Develop and update industry knowledge
TRSFBS224,Food and Beverage Services NC II,COMMON,TRS311202,Develop and update industry knowledge
TRSFBS224,Food and Beverage Services NC II,COMMON,TRS311203,Perform computer operations
TRSFBS224,Food and Beverage Services NC II,COMMON,TRS311205,Provide effective customer service
TRSFBS224,Food and Beverage Services NC II,CORE,TRSXXXXXX,Prepare dining room/restaurant area for service
TRSFBS224,Food and Beverage Services NC II,CORE,TRSXXXXXX,Provide food and beverage services to guests
TRSFBS224,Food and Beverage Services NC II,CORE,TRSXXXXXX,Close dining room/restaurant area after service
TRSFBS224,Food and Beverage Services NC II,CORE,TRSXXXXXX,Provide room service
TRSFBS224,Food and Beverage Services NC II,COMMON,TRS311204,Perform workplace and safety practices
TRSFBS205,Food and Beverage Services NC II (Superseded),BASIC,500311105,Participate in workplace communication
TRSFBS205,Food and Beverage Services NC II (Superseded),CORE,TRS512316,Provide link between kitchen and service area
TRSFBS213,Food and Beverage Services NC II (Superseded),BASIC,500311105,Participate in workplace communication
TRSFBS213,Food and Beverage Services NC II (Superseded),BASIC,500311106,Work in team environment
TRSFBS213,Food and Beverage Services NC II (Superseded),BASIC,500311107,Practice career professionalism
TRSFBS213,Food and Beverage Services NC II (Superseded),BASIC,500311108,Practice occupational health and safety procedures
TRSFBS213,Food and Beverage Services NC II (Superseded),COMMON,TRS311201,Develop and update industry knowledge
TRSFBS213,Food and Beverage Services NC II (Superseded),COMMON,TRS311202,Observe workplace hygiene procedures
TRSFBS213,Food and Beverage Services NC II (Superseded),COMMON,TRS311203,Perform computer operations
TRSFBS213,Food and Beverage Services NC II (Superseded),COMMON,TRS311204,Perform workplace and safety practices
TRSFBS213,Food and Beverage Services NC II (Superseded),COMMON,TRS311205,Provide effective customer service
TRSFBS213,Food and Beverage Services NC II (Superseded),CORE,TRS512387,Prepare the dining room/restaurant area for service
TRSFBS213,Food and Beverage Services NC II (Superseded),CORE,TRS512388,Welcome guests and take food and beverage orders
TRSFBS213,Food and Beverage Services NC II (Superseded),CORE,TRS512389,Promote food and beverage products
TRSFBS213,Food and Beverage Services NC II (Superseded),CORE,TRS512390,Provide food and beverage services to guests
TRSFBS213,Food and Beverage Services NC II (Superseded),CORE,TRS512391,Provide room service
TRSFBS205,Food and Beverage Services NC II (Superseded),BASIC,500311106,Work in team environment
TRSFBS205,Food and Beverage Services NC II (Superseded),BASIC,500311107,Practice career professionalism
TRSFBS205,Food and Beverage Services NC II (Superseded),BASIC,500311108,Practice occupational health and safety procedures
TRSFBS205,Food and Beverage Services NC II (Superseded),COMMON,TRS311201,Develop and update industry knowledge
TRSFBS205,Food and Beverage Services NC II (Superseded),COMMON,TRS311202,Observe workplace hygiene procedures
TRSFBS205,Food and Beverage Services NC II (Superseded),COMMON,TRS311203,Perform computer operations
TRSFBS205,Food and Beverage Services NC II (Superseded),COMMON,TRS311204,Perform workplace and safety practices
TRSFBS205,Food and Beverage Services NC II (Superseded),COMMON,TRS311205,Provide effective customer service
TRSFBS205,Food and Beverage Services NC II (Superseded),CORE,TRS512318,Provide room service
TRSFBS205,Food and Beverage Services NC II (Superseded),CORE,TRS512317,Provide food and beverage service
TRSFBS205,Food and Beverage Services NC II (Superseded),CORE,TRS512321,Develop and update food and beverage knowledge
TRSFBS213,Food and Beverage Services NC II (Superseded),CORE,TRS512392,Receive and handle guest concerns
TRSFBS318,Food and Beverage Services NC III,BASIC,400311327,Facilitate entrepreneurial skills for micro-small-medium enterprises (MSMEs)
TRSFBS318,Food and Beverage Services NC III,CORE,TRS513303,Organize functions related to food and beverage service at a hotel or restaurant
TRSFBS318,Food and Beverage Services NC III,BASIC,400311320,Lead small teams
TRSFBS318,Food and Beverage Services NC III,BASIC,400311321,Apply critical thinking and problem solving techniques in the workplace
TRSFBS318,Food and Beverage Services NC III,BASIC,400311322,Work in a diverse environment
TRSFBS318,Food and Beverage Services NC III,BASIC,400311323,Propose methods of applying learning and innovation in the organization
TRSFBS318,Food and Beverage Services NC III,BASIC,400311324,Use information systematically
TRSFBS318,Food and Beverage Services NC III,BASIC,400311325,Evaluate occupational safety and health work practices
TRSFBS318,Food and Beverage Services NC III,BASIC,400311326,Evaluate environmental work practices
TRSFBS318,Food and Beverage Services NC III,COMMON,TRS141205,Control and order stock
TRSFBS318,Food and Beverage Services NC III,COMMON,TRS141201,Receive and resolve customer complaints
TRSFBS318,Food and Beverage Services NC III,COMMON,TRS141202,Work cooperatively in a general administration environment
TRSFBS318,Food and Beverage Services NC III,COMMON,TRS141203,Maintain quality customer/guest service
TRSFBS318,Food and Beverage Services NC III,COMMON,TRS141204,Roster staff
TRSFBS318,Food and Beverage Services NC III,COMMON,TRS141206,Prepare and deliver training sessions
TRSFBS318,Food and Beverage Services NC III,COMMON,TRS311207,"Plan, conduct and evaluate staff performance assessment"
TRSFBS318,Food and Beverage Services NC III,CORE,TRS513304,Process financial sale transactions
TRSFBS318,Food and Beverage Services NC III,BASIC,400311319,Lead in workplace communication
TRSFBS318,Food and Beverage Services NC III,CORE,TRS513302,Promote and prepare extensive range of food and beverage products for table side service requirements
TRSFBS318,Food and Beverage Services NC III,CORE,RS513301,Direct and lead service team in the dining area/restaurant
TRSFBS318,Food and Beverage Services NC III,CORE,TRS513305,Monitor and maintain stock
TRSFBS313,Food and Beverage Services NC III (Superseded),BASIC,500311109,Lead workplace communication
TRSFBS313,Food and Beverage Services NC III (Superseded),BASIC,500311110,Lead small teams
TRSFBS313,Food and Beverage Services NC III (Superseded),BASIC,500311111,Develop and practice negotiation skills
TRSFBS313,Food and Beverage Services NC III (Superseded),BASIC,500311113,Use mathematical concepts and techniques
TRSFBS313,Food and Beverage Services NC III (Superseded),BASIC,500311114,Use relevant technologies
TRSFBS313,Food and Beverage Services NC III (Superseded),COMMON,TRS311206,Roster staff
TRSFBS313,Food and Beverage Services NC III (Superseded),COMMON,TRS311207,Control and order stock
TRSFBS313,Food and Beverage Services NC III (Superseded),COMMON,TRS311208,Train small groups
TRSFBS313,Food and Beverage Services NC III (Superseded),COMMON,TRS311209,Establish and conduct business relationships
TRSFBS313,Food and Beverage Services NC III (Superseded),CORE,TRS512393,Direct and lead service team in the dining area/restaurant
TRSFBS313,Food and Beverage Services NC III (Superseded),CORE,TRS512394,Oversee dining area operations
TRSFBS313,Food and Beverage Services NC III (Superseded),CORE,TRS512395,Oversee banquet and/or catering function
TRSFBS313,Food and Beverage Services NC III (Superseded),BASIC,500311112,Solve problems related to work activities
TRSFBS418,Food and Beverage Services NC IV,COMMON,TRS141213,Plan and implement a series of training events
TRSFBS418,Food and Beverage Services NC IV,CORE,TRS513309,Organize catering functions
TRSFBS418,Food and Beverage Services NC IV,BASIC,500311402,Develop and lead teams
TRSFBS418,Food and Beverage Services NC IV,BASIC,500311403,Perform higher-order thinking processes and apply techniques in the workplace
TRSFBS418,Food and Beverage Services NC IV,BASIC,500311404,Contribute to the practice of social justice in the workplace
TRSFBS418,Food and Beverage Services NC IV,BASIC,500311405,Manage innovative work instructions
TRSFBS418,Food and Beverage Services NC IV,BASIC,500311406,Manage and evaluate usage of information
TRSFBS418,Food and Beverage Services NC IV,BASIC,500311408,"Lead towards improvement of environmental work programs, policies and procedures"
TRSFBS418,Food and Beverage Services NC IV,BASIC,500311409,Sustain entrepreneurial skills
TRSFBS418,Food and Beverage Services NC IV,COMMON,TRS141208,Maintain hospitality industry knowledge
TRSFBS418,Food and Beverage Services NC IV,BASIC,500311401,Utilize specialized communication skill
TRSFBS418,Food and Beverage Services NC IV,COMMON,TRS141214,Use the assessment system for training outcomes
TRSFBS418,Food and Beverage Services NC IV,COMMON,TRS141211,Manage quality customer service
TRSFBS418,Food and Beverage Services NC IV,COMMON,TRS141212,Manage finances within a budget
TRSFBS418,Food and Beverage Services NC IV,BASIC,500311407,"Lead in improvement of occupational safety and health (OSH) programs, policies and procedures"
TRSFBS418,Food and Beverage Services NC IV,CORE,TRS513306,Manage food and beverage service team
TRSFBS418,Food and Beverage Services NC IV,CORE,TRS513307,Oversee dining area operations
TRSFBS418,Food and Beverage Services NC IV,COMMON,TRS141209,Perform child protection duties relevant to the tourism industry
TRSFBS418,Food and Beverage Services NC IV,CORE,TRS513308,Implement food and beverage promotional activities
TRSFBS418,Food and Beverage Services NC IV,COMMON,TRS141210,Develop and supervise operational approaches
TRSFBS407,Food and Beverage Services NC IV (Superseded),BASIC,500311120,Promote environmental protection
TRSFBS407,Food and Beverage Services NC IV (Superseded),BASIC,500311119,Plan and organize work
TRSFBS407,Food and Beverage Services NC IV (Superseded),BASIC,500311118,"Collect, analyze and organize information"
TRSFBS407,Food and Beverage Services NC IV (Superseded),BASIC,500311117,Apply problem solving techniques in the workplace
TRSFBS407,Food and Beverage Services NC IV (Superseded),BASIC,500311116,Develop teams and individuals
TRSFBS407,Food and Beverage Services NC IV (Superseded),BASIC,500311115,Utilize specialized communication skills
TRSFBS407,Food and Beverage Services NC IV (Superseded),COMMON,TRS311210,Conduct assessment
TRSFBS407,Food and Beverage Services NC IV (Superseded),COMMON,TRS311211,Manage workplace diversity
TRSFBS407,Food and Beverage Services NC IV (Superseded),COMMON,TRS311213,Manage quality customer service
TRSFBS407,Food and Beverage Services NC IV (Superseded),CORE,TRS512368,Operate a food outlet
TRSFBS407,Food and Beverage Services NC IV (Superseded),CORE,TRS512369,Prepare tenders for catering contracts
TRSFBS407,Food and Beverage Services NC IV (Superseded),CORE,TRS512363,Develop a food safety program
TRSFBS407,Food and Beverage Services NC IV (Superseded),ELECTIVE,TRS512370,"Plan coffee shop layout, menu and storage (coffee shop)"
TRSFBS407,Food and Beverage Services NC IV (Superseded),COMMON,TRS311212,Manage finances within a budget
FLGFWM204,Footwear Making NC II (Superseded),CORE,FWR744323,Perform heel attaching operations
FLGFWM204,Footwear Making NC II (Superseded),COMMON,FWR744208,Apply quality standards
FLGFWM204,Footwear Making NC II (Superseded),CORE,FWR744325,Perform sock attachment and cleaning operation
FLGFWM204,Footwear Making NC II (Superseded),CORE,FWR744326,"Perform quality checking, repairing and packaging of de-lasted shoes"
FLGFWM204,Footwear Making NC II (Superseded),CORE,FWR744322,Perform bonding operations
FLGFWM204,Footwear Making NC II (Superseded),CORE,FWR744321,Perform pre-bonding operations
FLGFWM204,Footwear Making NC II (Superseded),CORE,FWR744308,Perform chilling operation
FLGFWM204,Footwear Making NC II (Superseded),CORE,FWR744320,Perform basic machine lasting
FLGFWM204,Footwear Making NC II (Superseded),BASIC,500311105,Participate in workplace communication
FLGFWM204,Footwear Making NC II (Superseded),BASIC,500311106,Work in team environment
FLGFWM204,Footwear Making NC II (Superseded),CORE,FWR744307,Perform toe-puff and stiffener activation
FLGFWM204,Footwear Making NC II (Superseded),CORE,FWR744309,Attach insole by machine
FLGFWM204,Footwear Making NC II (Superseded),CORE,FWR744311,Perform basic hand lasting
FLGFWM204,Footwear Making NC II (Superseded),CORE,FWR744310,Prepare uppers for hand lasting
FLGFWM204,Footwear Making NC II (Superseded),CORE,FWR744319,Perform hand stitching operation
FLGFWM204,Footwear Making NC II (Superseded),CORE,FWR744318,Perform stitching operation on upper and/or lining components
FLGFWM204,Footwear Making NC II (Superseded),CORE,FWR744317,Perform folding operation
FLGFWM204,Footwear Making NC II (Superseded),CORE,FWR744316,Perform machine perforating and gimping operation
FLGFWM204,Footwear Making NC II (Superseded),CORE,FWR744315,Perform upper leather splitting operation
FLGFWM204,Footwear Making NC II (Superseded),CORE,FWR744312,Check cut upper and lining components
FLGFWM204,Footwear Making NC II (Superseded),CORE,FWR744314,Perform skiving operations
FLGFWM204,Footwear Making NC II (Superseded),CORE,FWR744313,Perform blocking/crimping
FLGFWM204,Footwear Making NC II (Superseded),BASIC,500311107,Practice career professionalism
FLGFWM204,Footwear Making NC II (Superseded),BASIC,500311108,Practice occupational health and safety procedures
FLGFWM204,Footwear Making NC II (Superseded),COMMON,FWR744201,Apply footwear production practices and principles
FLGFWM204,Footwear Making NC II (Superseded),COMMON,FWR744203,Carry out measurements and calculations
FLGFWM204,Footwear Making NC II (Superseded),COMMON,FWR744204,Use and care of hand and power tools
FLGFWM204,Footwear Making NC II (Superseded),COMMON,FWR744205,Set-up and operate machines
FLGFWM204,Footwear Making NC II (Superseded),COMMON,FWR744206,Perform basic maintenance
FLGFWM204,Footwear Making NC II (Superseded),CORE,FWR744324,Perform polishing operation
ALTFRG209,Forging NC II,CORE,ALT722302,Perform hammer forging
ALTFRG209,Forging NC II,BASIC,500311105,Participate in workplace communication
ALTFRG209,Forging NC II,BASIC,500311106,Work in team environment
ALTFRG209,Forging NC II,BASIC,500311107,Practice career professionalism
ALTFRG209,Forging NC II,BASIC,500311108,Practice occupational health and safety procedures
ALTFRG209,Forging NC II,COMMON,ALT742201,"Read, interpret and apply engineering drawings"
ALTFRG209,Forging NC II,COMMON,ALT311202,Perform mensuration and calculation
ALTFRG209,Forging NC II,COMMON,ALT723203,"Read, interpret and apply specifications and manuals"
ALTFRG209,Forging NC II,COMMON,ALT723205,Perform shop maintenance
ALTFRG209,Forging NC II,CORE,ALT722301,Perform hand forging
ALTFRG209,Forging NC II,CORE,ALT722303,"Perform basic incidental heat/quenching, tempering and annealing"
ALTFRG309,Forging NC III,CORE,ALT722305,Hammer forge complex shapes
ALTFRG309,Forging NC III,COMMON,ALT311202,Perform mensuration and calculation
ALTFRG309,Forging NC III,CORE,ALT722304,Hand forge complex shapes
ALTFRG309,Forging NC III,CORE,ALT722306,Perform drop and upset forging
ALTFRG309,Forging NC III,COMMON,ALT723205,Perform shop maintenance
ALTFRG309,Forging NC III,COMMON,ALT723203,"Read, interpret and apply specifications and manuals"
ALTFRG309,Forging NC III,BASIC,500311109,Lead workplace communication
ALTFRG309,Forging NC III,BASIC,500311110,Lead small teams
ALTFRG309,Forging NC III,BASIC,500311111,Develop and practice negotiation skills
ALTFRG309,Forging NC III,BASIC,500311112,Solve problems related to work activities
ALTFRG309,Forging NC III,BASIC,500311113,Use mathematical concepts and techniques
ALTFRG309,Forging NC III,BASIC,500311114,Use relevant technologies
ALTFRG309,Forging NC III,COMMON,ALT742201,"Read, interpret and apply engineering drawings"
ALTFME207,Foundry Melting/Casting NC II,BASIC,500311106,Work in team environment
ALTFME207,Foundry Melting/Casting NC II,BASIC,500311108,Practice occupational health and safety procedures
ALTFME207,Foundry Melting/Casting NC II,COMMON,ALT742201,"Read, interpret and apply engineering drawings"
ALTFME207,Foundry Melting/Casting NC II,COMMON,ALT311202,Perform mensuration and calculation
ALTFME207,Foundry Melting/Casting NC II,COMMON,ALT723203,"Read, interpret and apply specifications and manuals"
ALTFME207,Foundry Melting/Casting NC II,COMMON,ALT723205,Perform shop maintenance
ALTFME207,Foundry Melting/Casting NC II,CORE,ALT812307,Operate melting furnaces (non electric)
ALTFME207,Foundry Melting/Casting NC II,CORE,ALT812308,Operate cupola melting furnaces
ALTFME207,Foundry Melting/Casting NC II,CORE,ALT812309,Operate electric induction melting furnaces
ALTFME207,Foundry Melting/Casting NC II,CORE,ALT812310,Fettle and trim metal castings/forgings
ALTFME207,Foundry Melting/Casting NC II,CORE,ALT812311,Perform refractory installation and repair
ALTFME207,Foundry Melting/Casting NC II,BASIC,500311107,Practice career professionalism
ALTFME207,Foundry Melting/Casting NC II,BASIC,500311105,Participate in workplace communication
ALTFME207,Foundry Melting/Casting NC II,CORE,ALT812303,Use and maintain measuring instrument
ALTFME308,Foundry Melting/Casting NC III,CORE,ALT812315,Melt aluminum-silicon alloys for safety tested castings
ALTFME308,Foundry Melting/Casting NC III,CORE,ALT812316,Melt metals using coreless induction furnace
ALTFME308,Foundry Melting/Casting NC III,COMMON,ALT723205,Perform shop maintenance
ALTFME308,Foundry Melting/Casting NC III,COMMON,ALT723203,"Read, interpret and apply specifications and manuals"
ALTFME308,Foundry Melting/Casting NC III,CORE,ALT812317,Melt automotive gray iron castings in cupola
ALTFME308,Foundry Melting/Casting NC III,COMMON,ALT311202,Perform mensuration and calculation
ALTFME308,Foundry Melting/Casting NC III,COMMON,ALT742201,"Read, interpret and apply engineering drawings"
ALTFME308,Foundry Melting/Casting NC III,BASIC,500311114,Use relevant technologies
ALTFME308,Foundry Melting/Casting NC III,BASIC,500311113,Use mathematical concepts and techniques
ALTFME308,Foundry Melting/Casting NC III,BASIC,500311112,Solve problems related to work activities
ALTFME308,Foundry Melting/Casting NC III,BASIC,500311111,Develop and practice negotiation skills
ALTFME308,Foundry Melting/Casting NC III,BASIC,500311110,Lead small teams
ALTFME308,Foundry Melting/Casting NC III,BASIC,500311109,Lead workplace communication
ALTFMO207,Foundry Molding NC II,CORE,ALT812305,Operate sand core making machines
ALTFMO207,Foundry Molding NC II,BASIC,500311106,Work in team environment
ALTFMO207,Foundry Molding NC II,BASIC,500311105,Participate in workplace communication
ALTFMO207,Foundry Molding NC II,BASIC,500311107,Practice career professionalism
ALTFMO207,Foundry Molding NC II,BASIC,500311108,Practice occupational health and safety procedures
ALTFMO207,Foundry Molding NC II,COMMON,ALT742201,"Read, interpret and apply engineering drawings"
ALTFMO207,Foundry Molding NC II,COMMON,ALT311202,Perform mensuration and calculation
ALTFMO207,Foundry Molding NC II,COMMON,ALT723203,"Read, interpret and apply specifications and manuals"
ALTFMO207,Foundry Molding NC II,COMMON,ALT723204,Use and apply lubricants/coolants
ALTFMO207,Foundry Molding NC II,CORE,ALT812301,Prepare & mix sand for metal molding and coremaking
ALTFMO207,Foundry Molding NC II,CORE,ALT812302,Produce molds by hand (jobbing)
ALTFMO207,Foundry Molding NC II,CORE,ALT812303,Produce cores by hand (jobbing)
ALTFMO207,Foundry Molding NC II,CORE,ALT821303,Use and maintain measuring instrument
ALTFMO207,Foundry Molding NC II,CORE,ALT812304,Operate sand molding machines
ALTFMO207,Foundry Molding NC II,CORE,ALT812306,Pour molten metal to molds
ALTFMO308,Foundry Molding NC III,COMMON,ALT723204,Use and apply lubricants/coolants
ALTFMO308,Foundry Molding NC III,BASIC,500311113,Use mathematical concepts and techniques
ALTFMO308,Foundry Molding NC III,BASIC,500311114,Use relevant technologies
ALTFMO308,Foundry Molding NC III,COMMON,ALT742201,"Read, interpret and apply engineering drawings"
ALTFMO308,Foundry Molding NC III,COMMON,ALT311202,Perform mensuration and calculation
ALTFMO308,Foundry Molding NC III,COMMON,ALT723203,"Read, interpret and apply specifications and manuals"
ALTFMO308,Foundry Molding NC III,BASIC,500311112,Solve problems related to work activities
ALTFMO308,Foundry Molding NC III,CORE,ALT812312,Prepare sand mixture for heavy casting
ALTFMO308,Foundry Molding NC III,CORE,ALT812313,Perform hand molding to produce heavy castings
ALTFMO308,Foundry Molding NC III,CORE,ALT812314,Pour molten metal to heavy castings
ALTFMO308,Foundry Molding NC III,BASIC,500311109,Lead workplace communication
ALTFMO308,Foundry Molding NC III,BASIC,500311111,Develop and practice negotiation skills
ALTFMO308,Foundry Molding NC III,BASIC,500311110,Lead small teams
ALTFPM207,Foundry Pattern Making NC II,CORE,ALT742303,Develop and manufacture assembled plated patterns
ALTFPM207,Foundry Pattern Making NC II,COMMON,ALT742201,"Read, interpret and apply engineering drawings"
ALTFPM207,Foundry Pattern Making NC II,COMMON,ALT311202,Perform mensuration and calculation
ALTFPM207,Foundry Pattern Making NC II,COMMON,ALT723203,"Read, interpret and apply specifications and manuals"
ALTFPM207,Foundry Pattern Making NC II,COMMON,ALT723205,Perform shop maintenance
ALTFPM207,Foundry Pattern Making NC II,CORE,ALT742301,Develop and manufacture wood patterns
ALTFPM207,Foundry Pattern Making NC II,CORE,ALT742302,Develop and manufacture polymer patterns
ALTFPM207,Foundry Pattern Making NC II,BASIC,500311107,Practice career professionalism
ALTFPM207,Foundry Pattern Making NC II,CORE,ALT742304,Develop and manufacture production patterns
ALTFPM207,Foundry Pattern Making NC II,CORE,ALT742305,Performs general woodworking machine operations
ALTFPM207,Foundry Pattern Making NC II,CORE,ALT821303,Use and maintain measuring instrument
ALTFPM207,Foundry Pattern Making NC II,BASIC,500311108,Practice occupational health and safety procedures
ALTFPM207,Foundry Pattern Making NC II,BASIC,500311106,Work in team environment
ALTFPM207,Foundry Pattern Making NC II,BASIC,500311105,Participate in workplace communication
ALTFPA308,Foundry Pattern Making NC III,BASIC,500311109,Lead workplace communication
ALTFPA308,Foundry Pattern Making NC III,BASIC,500311110,Lead small teams
ALTFPA308,Foundry Pattern Making NC III,BASIC,500311112,Solve problems related to work activities
ALTFPA308,Foundry Pattern Making NC III,BASIC,500311113,Use mathematical concepts and techniques
ALTFPA308,Foundry Pattern Making NC III,BASIC,500311114,Use relevant technologies
ALTFPA308,Foundry Pattern Making NC III,COMMON,ALT742201,"Read, interpret and apply engineering drawings"
ALTFPA308,Foundry Pattern Making NC III,COMMON,ALT311202,Perform mensuration and calculation
ALTFPA308,Foundry Pattern Making NC III,COMMON,ALT723203,"Read, interpret and apply specifications and manuals"
ALTFPA308,Foundry Pattern Making NC III,COMMON,ALT723205,Perform shop maintenance
ALTFPA308,Foundry Pattern Making NC III,CORE,ALT742306,Manufacture and develop corebox for shell core sand
ALTFPA308,Foundry Pattern Making NC III,CORE,ALT742307,"Develop and manufacture gear, conveyor screw and propeller patterns"
ALTFPA308,Foundry Pattern Making NC III,CORE,ALT742308,Develop gravity die casting mold
ALTFPA308,Foundry Pattern Making NC III,BASIC,500311111,Develop and practice negotiation skills
TRSFOS224,Front Office Services NC II,COMMON,TRS311201,Develop and update industry knowledge
TRSFOS224,Front Office Services NC II,CORE,XXXXXX,Provide cashiering services
TRSFOS224,Front Office Services NC II,CORE,XXXXXX,Provide concierge and bell services
TRSFOS224,Front Office Services NC II,CORE,XXXXXX,Provide accommodation reception services
TRSFOS224,Front Office Services NC II,CORE,XXXXXX,Operate computerized reservations system
TRSFOS224,Front Office Services NC II,CORE,XXXXXX,Receive and process reservations
TRSFOS224,Front Office Services NC II,COMMON,TRS311205,Provide effective customer service
TRSFOS224,Front Office Services NC II,COMMON,TRS311204,Perform workplace and safety practices
TRSFOS224,Front Office Services NC II,COMMON,TRS311203,Perform computer operations
TRSFOS224,Front Office Services NC II,COMMON,TRS311202,Observe workplace hygiene procedures
TRSFOS224,Front Office Services NC II,BASIC,400311218,Practice entrepreneurial skills in the workplace
TRSFOS224,Front Office Services NC II,BASIC,400311217,Exercise efficient and effective sustainable practices in the workplace
TRSFOS224,Front Office Services NC II,BASIC,400311216,Practice occupational safety and health policies and procedures
TRSFOS224,Front Office Services NC II,BASIC,400311215,Present relevant information
TRSFOS224,Front Office Services NC II,BASIC,400311214,Contribute to workplace innovation
TRSFOS224,Front Office Services NC II,BASIC,400311213,Develop career and life decisions
TRSFOS224,Front Office Services NC II,BASIC,400311212,Solve/address general workplace problems
TRSFOS224,Front Office Services NC II,BASIC,400311211,Work in team environment
TRSFOS224,Front Office Services NC II,BASIC,400311210,Participate in workplace communication
TRSFOS213,Front Office Services NC II (Superseded),COMMON,TRS311202,Observe workplace hygiene procedures
TRSFOS213,Front Office Services NC II (Superseded),COMMON,TRS311203,Perform computer operations
TRSFOS213,Front Office Services NC II (Superseded),BASIC,500311106,Work in team environment
TRSFOS213,Front Office Services NC II (Superseded),BASIC,500311107,Practice career professionalism
TRSFOS213,Front Office Services NC II (Superseded),BASIC,500311108,Practice occupational health and safety procedures
TRSFOS213,Front Office Services NC II (Superseded),COMMON,TRS311201,Develop and update industry knowledge
TRSFOS205,Front Office Services NC II (Superseded),CORE,TRS512306,Provide porter services
TRSFOS205,Front Office Services NC II (Superseded),CORE,TRS512305,Provide club reception services
TRSFOS205,Front Office Services NC II (Superseded),CORE,TRS512304,Conduct night audit
TRSFOS205,Front Office Services NC II (Superseded),CORE,TRS512303,Provide accommodation reception services
TRSFOS205,Front Office Services NC II (Superseded),CORE,TRS512302,Operate computerized reservations system
TRSFOS205,Front Office Services NC II (Superseded),CORE,TRS512301,Receive and process reservations
TRSFOS205,Front Office Services NC II (Superseded),COMMON,TRS311205,Provide effective customer service
TRSFOS205,Front Office Services NC II (Superseded),COMMON,TRS311204,Perform workplace and safety practices
TRSFOS205,Front Office Services NC II (Superseded),COMMON,TRS311203,Perform computer operations
TRSFOS205,Front Office Services NC II (Superseded),COMMON,TRS311202,Observe workplace hygiene procedures
TRSFOS205,Front Office Services NC II (Superseded),COMMON,TRS311201,Develop and update industry knowledge
TRSFOS205,Front Office Services NC II (Superseded),BASIC,500311108,Practice occupational health and safety procedures
TRSFOS205,Front Office Services NC II (Superseded),BASIC,500311107,Practice career professionalism
TRSFOS205,Front Office Services NC II (Superseded),BASIC,500311106,Work in team environment
TRSFOS205,Front Office Services NC II (Superseded),BASIC,500311105,Participate in workplace communication
TRSFOS213,Front Office Services NC II (Superseded),CORE,TRS5123110,Provide cashiering services
TRSFOS213,Front Office Services NC II (Superseded),CORE,TRS5123109,Provide concierge and bell services
TRSFOS213,Front Office Services NC II (Superseded),CORE,TRS512305,Provide club reception services
TRSFOS213,Front Office Services NC II (Superseded),CORE,TRS5123108,Conduct night audit
TRSFOS213,Front Office Services NC II (Superseded),CORE,TRS5123107,Provide accommodation reception services
TRSFOS213,Front Office Services NC II (Superseded),CORE,TRS5123106,Operate computerized reservations system
TRSFOS213,Front Office Services NC II (Superseded),CORE,TRS5123105,Receive and process reservations
TRSFOS213,Front Office Services NC II (Superseded),COMMON,TRS311205,Provide effective customer service
TRSFOS213,Front Office Services NC II (Superseded),COMMON,TRS311204,Perform workplace and safety practices
TRSFOS213,Front Office Services NC II (Superseded),BASIC,500311105,Participate in workplace communication
TRSFOS319,Front Office Services NC III,BASIC,400311319,Lead in workplace communication
TRSFOS319,Front Office Services NC III,CORE,TRS122302,Coach and mentor others in job skills
TRSFOS319,Front Office Services NC III,CORE,TRS122304,Provide requirements for the security of guests
TRSFOS319,Front Office Services NC III,CORE,TRS122303,Monitor and control financial standards and guest records
TRSFOS319,Front Office Services NC III,BASIC,400311321,Apply critical thinking and problem solving techniques in the workplace
TRSFOS319,Front Office Services NC III,BASIC,400311322,Work in a diverse environment
TRSFOS319,Front Office Services NC III,BASIC,400311323,Propose methods of applying learning and innovation in the organization
TRSFOS319,Front Office Services NC III,BASIC,400311320,Lead small teams
TRSFOS319,Front Office Services NC III,BASIC,400311324,Use information systematically
TRSFOS319,Front Office Services NC III,BASIC,400311325,Evaluate occupational safety and health work practices
TRSFOS319,Front Office Services NC III,BASIC,400311326,Evaluate environmental work practices
TRSFOS319,Front Office Services NC III,BASIC,400311327,Facilitate entrepreneurial skills for micro-small-medium enterprises (MSMEs)
TRSFOS319,Front Office Services NC III,COMMON,TRS141201,Receive and resolve customer complaints
TRSFOS319,Front Office Services NC III,COMMON,TRS141202,Work cooperatively in a general administration environment
TRSFOS319,Front Office Services NC III,COMMON,TRS141203,Maintain quality customer/guest service
TRSFOS319,Front Office Services NC III,COMMON,TRS141204,Roster staff
TRSFOS319,Front Office Services NC III,COMMON,TRS141205,Control and order stock
TRSFOS319,Front Office Services NC III,COMMON,TRS141206,Prepare and deliver training sessions
TRSFOS319,Front Office Services NC III,COMMON,TRS141207,"Plan, conduct and evaluate staff performance assessment"
TRSFOS319,Front Office Services NC III,CORE,TRS122301,Monitor routine workplace operations
TRSFOS419,Front Office Services NC IV,CORE,TRS122306,Lead and manage people
TRSFOS419,Front Office Services NC IV,CORE,TRS122307,Manage and resolve conflict situations
TRSFOS419,Front Office Services NC IV,CORE,TRS122308,Manage guests financial records
TRSFOS419,Front Office Services NC IV,BASIC,500311407,"Lead in improvement of occupational safety and health (OSH) programs, policies and procedures"
TRSFOS419,Front Office Services NC IV,BASIC,500311401,Utilize specialized communication skill
TRSFOS419,Front Office Services NC IV,BASIC,500311402,Develop and lead teams
TRSFOS419,Front Office Services NC IV,BASIC,500311403,Perform higher-order thinking processes and apply techniques in the workplace
TRSFOS419,Front Office Services NC IV,BASIC,500311404,Contribute to the practice of social justice in the workplace
TRSFOS419,Front Office Services NC IV,BASIC,500311405,Manage innovative work instructions
TRSFOS419,Front Office Services NC IV,BASIC,500311406,Manage and evaluate usage of information
TRSFOS419,Front Office Services NC IV,BASIC,500311408,"Lead towards improvement of environmental work programs, policies and procedures"
TRSFOS419,Front Office Services NC IV,BASIC,500311409,Sustain entrepreneurial skills
TRSFOS419,Front Office Services NC IV,COMMON,TRS141208,Maintain hospitality industry knowledge
TRSFOS419,Front Office Services NC IV,COMMON,TRS141209,Perform child protection duties relevant to the tourism industry
TRSFOS419,Front Office Services NC IV,COMMON,TRS141210,Develop and supervise operational approaches
TRSFOS419,Front Office Services NC IV,COMMON,TRS141211,Manage quality customer service
TRSFOS419,Front Office Services NC IV,COMMON,TRS141212,Manage finances within a budget
TRSFOS419,Front Office Services NC IV,COMMON,TRS141213,Plan and implement a series of training events
TRSFOS419,Front Office Services NC IV,COMMON,TRS141214,Use the assessment system for training outcomes
TRSFOS419,Front Office Services NC IV,CORE,TRS122305,Plan and establish systems and procedures
FURFIN207,Furniture Making (Finishing) NC II,CORE,FUR714301,Prepare surface for final coating
FURFIN207,Furniture Making (Finishing) NC II,CORE,FUR714302,Apply final coating using spray gun system
FURFIN207,Furniture Making (Finishing) NC II,CORE,FUR714303,Perform basic preventive maintenance servicing for spray gun equipment and booth
FURFIN207,Furniture Making (Finishing) NC II,BASIC,500311105,Participate in workplace communication
FURFIN207,Furniture Making (Finishing) NC II,BASIC,500311106,Work in team environment
FURFIN207,Furniture Making (Finishing) NC II,BASIC,500311107,Practice career professionalism
FURFIN207,Furniture Making (Finishing) NC II,BASIC,500311108,Practice occupational health and safety procedures
FURFIN207,Furniture Making (Finishing) NC II,COMMON,FUR714201,Comply with occupational health and safety (OH & S) practices and 5S in the workplace
FURFIN207,Furniture Making (Finishing) NC II,COMMON,CON311203,Perform mensurations and calculations
FURFIN207,Furniture Making (Finishing) NC II,COMMON,CON311202,Interpret technical drawings and plans
FURFIN207,Furniture Making (Finishing) NC II,COMMON,CON311201,"Observe procedures, specifications and manuals of instructions"
FURFIN207,Furniture Making (Finishing) NC II,COMMON,CON311204,Maintain tools and equipment
FURFIN207,Furniture Making (Finishing) NC II,COMMON,FUR714202,Use hand tools
FURFIN207,Furniture Making (Finishing) NC II,COMMON,FUR714203,Apply quality standards
ICTGPR312,Game Programming NC III,CORE,ICT313352,Design game program logic
ICTGPR312,Game Programming NC III,CORE,ICT313353,Apply programming skills for in-game application
ICTGPR312,Game Programming NC III,CORE,ICT313354,Apply object-oriented programming language skills
ICTGPR312,Game Programming NC III,BASIC,500311109,Lead workplace communication
ICTGPR312,Game Programming NC III,BASIC,500311110,Lead small teams
ICTGPR312,Game Programming NC III,BASIC,500311111,Develop and practice negotiation skills
ICTGPR312,Game Programming NC III,BASIC,500311112,Solve problems related to work activities
ICTGPR312,Game Programming NC III,BASIC,500311113,Use mathematical concepts and techniques
ICTGPR312,Game Programming NC III,BASIC,500311114,Use relevant technologies
ICTGPR312,Game Programming NC III,COMMON,ICT315203,Apply critical thinking and thought organization
ICTGPR312,Game Programming NC III,COMMON,ICT315202,Apply quality standards
ICTGPR312,Game Programming NC III,COMMON,ICT311203,Perform computer operations
UTLGBC115,Garbage Collection NC I,CORE,UTL961301,Prepare for garbage collection activities
UTLGBC115,Garbage Collection NC I,BASIC,500311101,Receive and respond to workplace communication
UTLGBC115,Garbage Collection NC I,CORE,UTL961302,Collect garbage
UTLGBC115,Garbage Collection NC I,BASIC,500311102,Work with others
UTLGBC115,Garbage Collection NC I,BASIC,500311103,Demonstrate work values
UTLGBC115,Garbage Collection NC I,BASIC,500311104,Practice basic housekeeping procedures
UTLGBC115,Garbage Collection NC I,COMMON,UTL961201,Develop and update industry knowledge
UTLGBC115,Garbage Collection NC I,COMMON,UTL961202,Perform workplace security and safety practices
UTLGBC115,Garbage Collection NC I,COMMON,UTL961203,Maintain environmental health and awareness in the workplace
-,Garment Production NC II,-,-,-
MEEMIG106,Gas Metal Arc Welding (GMAW) NC I,COMMON,MEE721209,Repair welds
MEEMIG106,Gas Metal Arc Welding (GMAW) NC I,CORE,MEE721304,Weld carbon steel plates using GMAW
MEEMIG106,Gas Metal Arc Welding (GMAW) NC I,BASIC,500311101,Receive and respond to workplace communication
MEEMIG106,Gas Metal Arc Welding (GMAW) NC I,BASIC,500311102,Work with others
MEEMIG106,Gas Metal Arc Welding (GMAW) NC I,BASIC,500311103,Demonstrate work values
MEEMIG106,Gas Metal Arc Welding (GMAW) NC I,BASIC,500311104,Practice basic housekeeping procedures
MEEMIG106,Gas Metal Arc Welding (GMAW) NC I,COMMON,MEE721201,Apply safety practices
MEEMIG106,Gas Metal Arc Welding (GMAW) NC I,COMMON,MEE721202,Interpret drawings and sketches
MEEMIG106,Gas Metal Arc Welding (GMAW) NC I,COMMON,MEE721203,Perform industry calculations
MEEMIG106,Gas Metal Arc Welding (GMAW) NC I,COMMON,MEE721204,Contribute to quality system
MEEMIG106,Gas Metal Arc Welding (GMAW) NC I,COMMON,MEE721205,Use hand tools
MEEMIG106,Gas Metal Arc Welding (GMAW) NC I,COMMON,MEE721206,Prepare weld materials
MEEMIG106,Gas Metal Arc Welding (GMAW) NC I,COMMON,MEE721207,Setup welding equipment
MEEMIG106,Gas Metal Arc Welding (GMAW) NC I,COMMON,MEE721208,Fit up weld materials
MEEMIG206,Gas Metal Arc Welding (GMAW) NC II,COMMON,MEE721203,Perform industry calculations
MEEMIG206,Gas Metal Arc Welding (GMAW) NC II,COMMON,MEE721209,Repair welds
MEEMIG206,Gas Metal Arc Welding (GMAW) NC II,BASIC,500311105,Participate in workplace communication
MEEMIG206,Gas Metal Arc Welding (GMAW) NC II,BASIC,500311106,Work in team environment
MEEMIG206,Gas Metal Arc Welding (GMAW) NC II,BASIC,500311107,Practice career professionalism
MEEMIG206,Gas Metal Arc Welding (GMAW) NC II,BASIC,500311108,Practice occupational health and safety procedures
MEEMIG206,Gas Metal Arc Welding (GMAW) NC II,COMMON,MEE721201,Apply safety practices
MEEMIG206,Gas Metal Arc Welding (GMAW) NC II,COMMON,MEE721202,Interpret drawings and sketches
MEEMIG206,Gas Metal Arc Welding (GMAW) NC II,CORE,MEE721309,Weld carbon steel pipes using GMAW
MEEMIG206,Gas Metal Arc Welding (GMAW) NC II,COMMON,MEE721204,Contribute to quality system
MEEMIG206,Gas Metal Arc Welding (GMAW) NC II,COMMON,MEE721205,Use hand tools
MEEMIG206,Gas Metal Arc Welding (GMAW) NC II,COMMON,MEE721206,Prepare weld materials
MEEMIG206,Gas Metal Arc Welding (GMAW) NC II,COMMON,MEE721207,Setup welding equipment
MEEMIG206,Gas Metal Arc Welding (GMAW) NC II,COMMON,MEE721208,Fit up weld materials
MEEMIG306,Gas Metal Arc Welding (GMAW) NC III,CORE,MEE721314,Weld alloy steel plates using GMAW
MEEMIG306,Gas Metal Arc Welding (GMAW) NC III,CORE,MEE721318,Weld alloy steel pipes using GMAW
MEEMIG306,Gas Metal Arc Welding (GMAW) NC III,BASIC,500311109,Lead workplace communication
MEEMIG306,Gas Metal Arc Welding (GMAW) NC III,BASIC,500311110,Lead small teams
MEEMIG306,Gas Metal Arc Welding (GMAW) NC III,BASIC,500311111,Develop and practice negotiation skills
MEEMIG306,Gas Metal Arc Welding (GMAW) NC III,BASIC,500311112,Solve problems related to work activities
MEEMIG306,Gas Metal Arc Welding (GMAW) NC III,BASIC,500311113,Use mathematical concepts and techniques
MEEMIG306,Gas Metal Arc Welding (GMAW) NC III,BASIC,500311114,Use relevant technologies
MEEMIG306,Gas Metal Arc Welding (GMAW) NC III,COMMON,MEE721201,Apply safety practices
MEEMIG306,Gas Metal Arc Welding (GMAW) NC III,COMMON,MEE721202,Interpret drawings and sketches
MEEMIG306,Gas Metal Arc Welding (GMAW) NC III,COMMON,MEE721203,Perform industry calculations
MEEMIG306,Gas Metal Arc Welding (GMAW) NC III,COMMON,MEE721204,Contribute to quality system
MEEMIG306,Gas Metal Arc Welding (GMAW) NC III,COMMON,MEE721205,Use hand tools
MEEMIG306,Gas Metal Arc Welding (GMAW) NC III,COMMON,MEE721206,Prepare weld materials
MEEMIG306,Gas Metal Arc Welding (GMAW) NC III,COMMON,MEE721207,Setup welding equipment
MEEMIG306,Gas Metal Arc Welding (GMAW) NC III,COMMON,MEE721208,Fit up weld materials
MEEMIG306,Gas Metal Arc Welding (GMAW) NC III,COMMON,MEE721209,Repair welds
MEETIG206,Gas Tungsten Arc Welding (GTAW) NC II,CORE,MEE721311,Weld carbon steel plates using gtaw
MEETIG206,Gas Tungsten Arc Welding (GTAW) NC II,CORE,MEE721312,Weld carbon steel pipes using gtaw
MEETIG206,Gas Tungsten Arc Welding (GTAW) NC II,BASIC,500311105,Participate in workplace communication
MEETIG206,Gas Tungsten Arc Welding (GTAW) NC II,BASIC,500311106,Work in team environment
MEETIG206,Gas Tungsten Arc Welding (GTAW) NC II,BASIC,500311107,Practice career professionalism
MEETIG206,Gas Tungsten Arc Welding (GTAW) NC II,BASIC,500311108,Practice occupational health and safety procedures
MEETIG206,Gas Tungsten Arc Welding (GTAW) NC II,COMMON,MEE722201,Apply safety practices
MEETIG206,Gas Tungsten Arc Welding (GTAW) NC II,COMMON,MEE721202,Interpret drawings and sketches
MEETIG206,Gas Tungsten Arc Welding (GTAW) NC II,COMMON,MEE721203,Perform industry calculations
MEETIG206,Gas Tungsten Arc Welding (GTAW) NC II,COMMON,MEE721204,Contribute to quality system
MEETIG206,Gas Tungsten Arc Welding (GTAW) NC II,COMMON,MEE721205,Use hand tools
MEETIG206,Gas Tungsten Arc Welding (GTAW) NC II,COMMON,MEE721206,Prepare weld materials
MEETIG206,Gas Tungsten Arc Welding (GTAW) NC II,COMMON,MEE721207,Setup welding equipment
MEETIG206,Gas Tungsten Arc Welding (GTAW) NC II,COMMON,MEE721208,Fit up weld materials
MEETIG206,Gas Tungsten Arc Welding (GTAW) NC II,COMMON,MEE721209,Repair welds
MEETIG406,Gas Tungsten Arc Welding (GTAW) NC IV,COMMON,MEE721202,Interpret drawings and sketches
MEETIG406,Gas Tungsten Arc Welding (GTAW) NC IV,COMMON,MEE721203,Perform industry calculations
MEETIG406,Gas Tungsten Arc Welding (GTAW) NC IV,BASIC,500311115,Utilize specialized communication skills
MEETIG406,Gas Tungsten Arc Welding (GTAW) NC IV,BASIC,500311116,Develop teams and individuals
MEETIG406,Gas Tungsten Arc Welding (GTAW) NC IV,BASIC,500311117,Apply problem solving techniques in the workplace
MEETIG406,Gas Tungsten Arc Welding (GTAW) NC IV,BASIC,500311118,"Collect, analyze and organize information"
MEETIG406,Gas Tungsten Arc Welding (GTAW) NC IV,BASIC,500311119,Plan and organize work
MEETIG406,Gas Tungsten Arc Welding (GTAW) NC IV,BASIC,500311120,Promote environmental protection
MEETIG406,Gas Tungsten Arc Welding (GTAW) NC IV,COMMON,MEE721201,Apply safety practices
MEETIG406,Gas Tungsten Arc Welding (GTAW) NC IV,COMMON,MEE721204,Contribute to quality system
MEETIG406,Gas Tungsten Arc Welding (GTAW) NC IV,COMMON,MEE721205,Use hand tools
MEETIG406,Gas Tungsten Arc Welding (GTAW) NC IV,COMMON,MEE721206,Prepare weld materials
MEETIG406,Gas Tungsten Arc Welding (GTAW) NC IV,COMMON,MEE721207,Setup welding equipment
MEETIG406,Gas Tungsten Arc Welding (GTAW) NC IV,COMMON,MEE721208,Fit up weld materials
MEETIG406,Gas Tungsten Arc Welding (GTAW) NC IV,COMMON,MEE721209,Repair welds
MEETIG406,Gas Tungsten Arc Welding (GTAW) NC IV,CORE,MEE721316,Weld alloy steel plates using GTAW
MEETIG406,Gas Tungsten Arc Welding (GTAW) NC IV,CORE,MEE721320,Weld alloy steel pipes using GTAW
MEEGSW106,Gas Welding NC I,COMMON,MEE721209,Repair welds
MEEGSW106,Gas Welding NC I,BASIC,500311102,Work with others
MEEGSW106,Gas Welding NC I,BASIC,500311103,Demonstrate work values
MEEGSW106,Gas Welding NC I,BASIC,500311104,Practice basic housekeeping procedures
MEEGSW106,Gas Welding NC I,COMMON,MEE721201,Apply safety practices
MEEGSW106,Gas Welding NC I,COMMON,MEE721202,Interpret drawings and sketches
MEEGSW106,Gas Welding NC I,COMMON,MEE721203,Perform industry calculations
MEEGSW106,Gas Welding NC I,COMMON,MEE721204,Contribute to quality system
MEEGSW106,Gas Welding NC I,COMMON,MEE721205,Use hand tools
MEEGSW106,Gas Welding NC I,COMMON,MEE721206,Prepare weld materials
MEEGSW106,Gas Welding NC I,COMMON,MEE721207,Setup welding equipment
MEEGSW106,Gas Welding NC I,COMMON,MEE721208,Fit up weld materials
MEEGSW106,Gas Welding NC I,BASIC,500311101,Receive and respond to workplace communication
MEEGSW106,Gas Welding NC I,CORE,MEE721302,Perform gas welding in carbon steel plates and tubes
MEEGSW206,Gas Welding NC II,COMMON,MEE721203,Perform industry calculations
MEEGSW206,Gas Welding NC II,CORE,MEE721307,Perform gas welding in alloy steel plates and tubes
MEEGSW206,Gas Welding NC II,BASIC,500311107,Practice career professionalism
MEEGSW206,Gas Welding NC II,BASIC,500311108,Practice occupational health and safety procedures
MEEGSW206,Gas Welding NC II,COMMON,MEE722201,Apply safety practices
MEEGSW206,Gas Welding NC II,COMMON,MEE721202,Interpret drawings and sketches
MEEGSW206,Gas Welding NC II,BASIC,500311105,Participate in workplace communication
MEEGSW206,Gas Welding NC II,COMMON,MEE721204,Contribute to quality system
MEEGSW206,Gas Welding NC II,COMMON,MEE721205,Use hand tools
MEEGSW206,Gas Welding NC II,COMMON,MEE721206,Prepare weld materials
MEEGSW206,Gas Welding NC II,COMMON,MEE721207,Setup welding equipment
MEEGSW206,Gas Welding NC II,COMMON,MEE721208,Fit up weld materials
MEEGSW206,Gas Welding NC II,COMMON,MEE721209,Repair welds
MEEGSW206,Gas Welding NC II,BASIC,500311106,Work in team environment
AFFGRP215,Grains Production NC II,BASIC,500311105,Participate in workplace communication
AFFGRP215,Grains Production NC II,BASIC,500311106,Work in team environment
AFFGRP215,Grains Production NC II,BASIC,500311107,Practice career professionalism
AFFGRP215,Grains Production NC II,BASIC,500311108,Practice occupational health and safety procedures
AFFGRP215,Grains Production NC II,COMMON,AGR321201,Apply safety measures in farm operations
AFFGRP215,Grains Production NC II,COMMON,AGR321202,Use farm tools and equipment
AFFGRP215,Grains Production NC II,COMMON,AGR321203,Perform estimation and basic calculation
AFFGRP215,Grains Production NC II,CORE,AFF611305,Conduct variety and seed selection
AFFGRP215,Grains Production NC II,CORE,AFF611306,Perform land preparation
AFFGRP215,Grains Production NC II,CORE,AFF611307,Carry-out crop establishment
AFFGRP215,Grains Production NC II,CORE,AFF611308,Manage crop
AFFGRP215,Grains Production NC II,CORE,AFF611309,Conduct of harvest and post-harvest operations
SOCHDR220,Hairdressing NC II,CORE,SOC514306,Perform hair straightening
SOCHDR220,Hairdressing NC II,CORE,SOC514307,Perform basic haircutting
SOCHDR220,Hairdressing NC II,BASIC,400311210,Participate in workplace communication
SOCHDR220,Hairdressing NC II,BASIC,400311211,Work in team environment
SOCHDR220,Hairdressing NC II,BASIC,400311212,Solve/address general workplace problems
SOCHDR220,Hairdressing NC II,BASIC,400311213,Develop career and life decisions
SOCHDR220,Hairdressing NC II,BASIC,400311214,Contribute to workplace innovation
SOCHDR220,Hairdressing NC II,BASIC,400311215,Present relevant information
SOCHDR220,Hairdressing NC II,BASIC,400311216,Practice occupational safety and health policies and procedures
SOCHDR220,Hairdressing NC II,BASIC,400311217,Exercise efficient and effective sustainable practices in the workplace
SOCHDR220,Hairdressing NC II,BASIC,400311218,Practice entrepreneurial skills in the workplace
SOCHDR220,Hairdressing NC II,COMMON,SOC514201,Maintain an effective relationship with client/customer
SOCHDR220,Hairdressing NC II,COMMON,SOC514202,Manage own performance
SOCHDR220,Hairdressing NC II,COMMON,SOC514203,Apply quality standards
SOCHDR220,Hairdressing NC II,COMMON,SOC514204,"Maintain a safe, clean and efficient environment"
SOCHDR220,Hairdressing NC II,CORE,SOC514301,Perform pre and post hair care activities
SOCHDR220,Hairdressing NC II,CORE,SOC514302,Perform hair and scalp treatment
SOCHDR220,Hairdressing NC II,CORE,SOC514303,Perform basic hair coloring
SOCHDR220,Hairdressing NC II,CORE,SOC514304,Perform basic hair bleaching
SOCHDR220,Hairdressing NC II,CORE,SOC514305,Perform basic hair perming
SOCHDR210,Hairdressing NC II (Superseded),CORE,HCS515305,Perform basic haircutting
SOCHDR210,Hairdressing NC II (Superseded),COMMON,HCS515201,Maintain an effective relationship with clients/customers
SOCHDR210,Hairdressing NC II (Superseded),CORE,HCS515314,Apply basic make-up
SOCHDR210,Hairdressing NC II (Superseded),CORE,HCS515308,Perform hair straightening
SOCHDR210,Hairdressing NC II (Superseded),CORE,HCS515306,Perform hair bleaching
HCSHDR205,Hairdressing NC II (Superseded),COMMON,HCS515205,"Maintain a safe, clean and efficient work environment"
HCSHDR205,Hairdressing NC II (Superseded),COMMON,HCS515204,Apply quality standards
HCSHDR205,Hairdressing NC II (Superseded),COMMON,HCS515202,Manage own performance
HCSHDR205,Hairdressing NC II (Superseded),COMMON,HCS515201,Maintain an effective relationship with clients/customers
SOCHDR210,Hairdressing NC II (Superseded),BASIC,500311108,Practice occupational health and safety procedures
SOCHDR210,Hairdressing NC II (Superseded),BASIC,500311107,Practice career professionalism
SOCHDR210,Hairdressing NC II (Superseded),BASIC,500311106,Work in team environment
SOCHDR210,Hairdressing NC II (Superseded),BASIC,500311105,Participate in workplace communication
HCSHDR205,Hairdressing NC II (Superseded),BASIC,500311108,Practice occupational health and safety procedures
HCSHDR205,Hairdressing NC II (Superseded),BASIC,500311107,Practice career professionalism
HCSHDR205,Hairdressing NC II (Superseded),BASIC,500311106,Work in team environment
HCSHDR205,Hairdressing NC II (Superseded),BASIC,500311105,Participate in workplace communication
SOCHDR210,Hairdressing NC II (Superseded),CORE,HCS515303,Perform basic hair perming
HCSHDR205,Hairdressing NC II (Superseded),CORE,HCS515313,Perform pre and post hair care activities
SOCHDR210,Hairdressing NC II (Superseded),CORE,HCS515302,Perform hair and scalp treatment
SOCHDR210,Hairdressing NC II (Superseded),CORE,HCS515301,Perform pre- and post- hair care activities
HCSHDR205,Hairdressing NC II (Superseded),CORE,HCS515318,Perform bleaching of hair
HCSHDR205,Hairdressing NC II (Superseded),CORE,HCS515317,Perform haircut
SOCHDR210,Hairdressing NC II (Superseded),CORE,HCS515304,Perform basic hair coloring
HCSHDR205,Hairdressing NC II (Superseded),CORE,HCS515316,Perform hair color
HCSHDR205,Hairdressing NC II (Superseded),CORE,HCS515315,Perm hair
HCSHDR205,Hairdressing NC II (Superseded),CORE,HCS515314,Perform hair and scalp treatment
SOCHDR210,Hairdressing NC II (Superseded),COMMON,HCS515204,Apply quality standards
SOCHDR210,Hairdressing NC II (Superseded),COMMON,HCS515202,Manage own performance
SOCHDR210,Hairdressing NC II (Superseded),COMMON,HCS515205,"Maintain a safe, clean and efficient work environment"
SOCHDR320,Hairdressing NC III,BASIC,400311325,Evaluate occupational safety and health work practices
SOCHDR320,Hairdressing NC III,CORE,SOC514309,Perform advanced and creative hair coloring
SOCHDR320,Hairdressing NC III,CORE,SOC514310,Perform advanced and creative hair perming
SOCHDR320,Hairdressing NC III,CORE,SOC514308,Perform advanced and creative haircutting
SOCHDR320,Hairdressing NC III,COMMON,SOC514204,"Maintain a safe, clean and efficient environment"
SOCHDR320,Hairdressing NC III,COMMON,SOC514203,Apply quality standards
SOCHDR320,Hairdressing NC III,COMMON,SOC514202,Manage own performance
SOCHDR320,Hairdressing NC III,COMMON,SOC514201,Maintain an effective relationship with client/customer
SOCHDR320,Hairdressing NC III,BASIC,400311327,Facilitate entrepreneurial skills for micro-small-medium enterprises (MSMEs)
SOCHDR320,Hairdressing NC III,BASIC,400311326,Evaluate environmental work practices
SOCHDR320,Hairdressing NC III,BASIC,400311324,Use information systematically
SOCHDR320,Hairdressing NC III,BASIC,400311323,Propose methods of applying learning and innovation in the organization
SOCHDR320,Hairdressing NC III,BASIC,400311322,Work in a diverse environment
SOCHDR320,Hairdressing NC III,BASIC,400311321,Apply critical thinking and problem solving techniques in the workplace
SOCHDR320,Hairdressing NC III,BASIC,400311320,Lead small teams
SOCHDR320,Hairdressing NC III,BASIC,400311319,Lead in workplace communication
SOCHDR310,Hairdressing NC III (Superseded),CORE,HCS515307,Perform creative hairstyling
HCSHDR305,Hairdressing NC III (Superseded),COMMON,HCS515205,"Maintain a safe, clean and efficient work environment"
HCSHDR305,Hairdressing NC III (Superseded),CORE,HCS515316,Perform hair color
HCSHDR305,Hairdressing NC III (Superseded),CORE,HCS515317,Perform haircut
HCSHDR305,Hairdressing NC III (Superseded),CORE,HCS515318,Perform bleaching of hair
HCSHDR305,Hairdressing NC III (Superseded),CORE,HCS515319,Perform creative hair design
HCSHDR305,Hairdressing NC III (Superseded),CORE,HCS515320,Perform hair straightening
SOCHDR310,Hairdressing NC III (Superseded),CORE,HCS515318,Perform advanced/creative haircutting
SOCHDR310,Hairdressing NC III (Superseded),CORE,HCS515319,Perform advanced/creative hair coloring
SOCHDR310,Hairdressing NC III (Superseded),CORE,HCS515320,Perform advanced/creative hair perming
SOCHDR310,Hairdressing NC III (Superseded),CORE,HCS515321,Perform advanced make-up
SOCHDR310,Hairdressing NC III (Superseded),ELECTIVE,HCS515401,Perform hair extension activities
SOCHDR310,Hairdressing NC III (Superseded),ELECTIVE,HCS515402,"Perform hairpiece attachment, styling and maintenance"
SOCHDR310,Hairdressing NC III (Superseded),ELECTIVE,HCS515403,Perform prosthetics and special effects make-up
HCSHDR305,Hairdressing NC III (Superseded),CORE,HCS515314,Perform hair and scalp treatment
HCSHDR305,Hairdressing NC III (Superseded),CORE,HCS515313,Perform pre and post hair care activities
SOCHDR310,Hairdressing NC III (Superseded),COMMON,HCS515205,"Maintain a safe, clean and efficient work environment"
SOCHDR310,Hairdressing NC III (Superseded),COMMON,HCS515204,Apply quality standards
SOCHDR310,Hairdressing NC III (Superseded),COMMON,HCS515202,Manage own performance
SOCHDR310,Hairdressing NC III (Superseded),COMMON,HCS515201,Maintain an effective relationship with clients/customers
HCSHDR305,Hairdressing NC III (Superseded),BASIC,500311109,Lead workplace communication
HCSHDR305,Hairdressing NC III (Superseded),BASIC,500311110,Lead small teams
HCSHDR305,Hairdressing NC III (Superseded),BASIC,500311111,Develop and practice negotiation skills
HCSHDR305,Hairdressing NC III (Superseded),BASIC,500311112,Solve problems related to work activities
HCSHDR305,Hairdressing NC III (Superseded),BASIC,500311113,Use mathematical concepts and techniques
HCSHDR305,Hairdressing NC III (Superseded),BASIC,500311114,Use relevant technologies
SOCHDR310,Hairdressing NC III (Superseded),BASIC,500311109,Lead workplace communication
SOCHDR310,Hairdressing NC III (Superseded),BASIC,500311110,Lead small teams
SOCHDR310,Hairdressing NC III (Superseded),BASIC,500311111,Develop and practice negotiation skills
SOCHDR310,Hairdressing NC III (Superseded),BASIC,500311112,Solve problems related to work activities
SOCHDR310,Hairdressing NC III (Superseded),BASIC,500311113,Use mathematical concepts and techniques
SOCHDR310,Hairdressing NC III (Superseded),BASIC,500311114,Use relevant technologies
HCSHDR305,Hairdressing NC III (Superseded),COMMON,HCS515201,Maintain an effective relationship with clients/customers
HCSHDR305,Hairdressing NC III (Superseded),COMMON,HCS515202,Manage own performance
HCSHDR305,Hairdressing NC III (Superseded),COMMON,HCS515204,Apply quality standards
HCSHDR305,Hairdressing NC III (Superseded),CORE,HCS515315,Perm hair
CREHEM224,Hand Embroidery NC II,CORE,CRE731324,Perform embroidery
CREHEM224,Hand Embroidery NC II,CORE,CRE731323,Conduct preparatory activities
CREHEM224,Hand Embroidery NC II,COMMON,CRE731210,Perform mensuration and calculation
CREHEM224,Hand Embroidery NC II,COMMON,CRE731209,"Work with tools, materials, and equipment"
CREHEM224,Hand Embroidery NC II,COMMON,CRE731208,Develop artistic skills and cultural awareness of one-self
CREHEM224,Hand Embroidery NC II,COMMON,CRE731207,Provide and maintain effective customer service
CREHEM224,Hand Embroidery NC II,COMMON,CRE731206,"Maintain a safe, clean and efficient work environment"
CREHEM224,Hand Embroidery NC II,COMMON,CRE731205,Manage own performance
CREHEM224,Hand Embroidery NC II,COMMON,CRE731202,Enhance creative and artistic skills and cultural awareness
CREHEM224,Hand Embroidery NC II,COMMON,CRE731201,Enhance industry knowledge and skills
CREHEM224,Hand Embroidery NC II,BASIC,400311218,Practice entrepreneurial skills in the workplace
CREHEM224,Hand Embroidery NC II,BASIC,400311217,Exercise efficient and effective sustainable practices in the workplace
CREHEM224,Hand Embroidery NC II,BASIC,400311210,Participate in workplace communication
CREHEM224,Hand Embroidery NC II,BASIC,400311216,Practice occupational safety and health policies and procedures
CREHEM224,Hand Embroidery NC II,CORE,CRE731325,Market embroidered products
CREHEM224,Hand Embroidery NC II,BASIC,400311215,Present relevant information
CREHEM224,Hand Embroidery NC II,BASIC,400311214,Contribute to workplace innovation
CREHEM224,Hand Embroidery NC II,BASIC,400311213,Develop career and life decisions
CREHEM224,Hand Embroidery NC II,BASIC,400311212,Solve/address general workplace problems
CREHEM224,Hand Embroidery NC II,BASIC,400311211,Work in team environment
CREHWB223,Handloom Weaving (Backstrap) NC II,COMMON,CRE731207,Provide and maintain effective customer service
CREHWB223,Handloom Weaving (Backstrap) NC II,BASIC,400311214,Contribute to workplace innovation
CREHWB223,Handloom Weaving (Backstrap) NC II,BASIC,400311213,Develop career and life decisions
CREHWB223,Handloom Weaving (Backstrap) NC II,BASIC,400311212,Solve/address general workplace problems
CREHWB223,Handloom Weaving (Backstrap) NC II,BASIC,400311211,Work in team environment
CREHWB223,Handloom Weaving (Backstrap) NC II,BASIC,400311210,Participate in workplace communication
CREHWB223,Handloom Weaving (Backstrap) NC II,BASIC,400311215,Present relevant information
CREHWB223,Handloom Weaving (Backstrap) NC II,BASIC,400311216,Practice occupational safety and health policies and procedures
CREHWB223,Handloom Weaving (Backstrap) NC II,BASIC,400311217,Exercise efficient and effective sustainable practices in the workplace
CREHWB223,Handloom Weaving (Backstrap) NC II,BASIC,400311218,Practice entrepreneurial skills in the workplace
CREHWB223,Handloom Weaving (Backstrap) NC II,COMMON,CRE731201,Enhance industry knowledge and skills
CREHWB223,Handloom Weaving (Backstrap) NC II,COMMON,CRE731202,Enhance creative and artistic skills and cultural awareness
CREHWB223,Handloom Weaving (Backstrap) NC II,COMMON,CRE731205,Manage own performance
CREHWB223,Handloom Weaving (Backstrap) NC II,COMMON,CRE731206,"Maintain a safe, clean and efficient work environment"
CREHWB223,Handloom Weaving (Backstrap) NC II,COMMON,CRE731208,Develop artistic skills and cultural awareness of one-self
CREHWB223,Handloom Weaving (Backstrap) NC II,COMMON,CRE731209,"Work with tools, materials, and equipment"
CREHWB223,Handloom Weaving (Backstrap) NC II,COMMON,CRE731210,Perform mensuration and calculation
CREHWB223,Handloom Weaving (Backstrap) NC II,CORE,CRE731310,Conduct backstrap pre-weaving activities
CREHWB223,Handloom Weaving (Backstrap) NC II,CORE,CRE731311,Perform backstrap weaving
CREHWB223,Handloom Weaving (Backstrap) NC II,CORE,CRE731312,Conduct post- weaving activities
CREHWU220,Handloom Weaving (Upright) NC II,BASIC,400311210,Participate in workplace communication
CREHWU220,Handloom Weaving (Upright) NC II,BASIC,400311211,Work in team environment
CREHWU220,Handloom Weaving (Upright) NC II,BASIC,400311212,Solve/address general workplace problems
CREHWU220,Handloom Weaving (Upright) NC II,BASIC,400311213,Develop career and life decisions
CREHWU220,Handloom Weaving (Upright) NC II,BASIC,400311214,Contribute to workplace innovation
CREHWU220,Handloom Weaving (Upright) NC II,BASIC,400311215,Present relevant information
CREHWU220,Handloom Weaving (Upright) NC II,BASIC,400311216,Practice occupational safety and health policies and procedures
CREHWU220,Handloom Weaving (Upright) NC II,BASIC,400311217,Exercise efficient and effective sustainable practices in the workplace
CREHWU220,Handloom Weaving (Upright) NC II,BASIC,400311218,Practice entrepreneurial skills in the workplace
CREHWU220,Handloom Weaving (Upright) NC II,COMMON,CRE731201,Enhance industry knowledge and skills
CREHWU220,Handloom Weaving (Upright) NC II,COMMON,CRE731202,Enhance creative and artistic skills and cultural awareness
CREHWU220,Handloom Weaving (Upright) NC II,COMMON,CRE731203,"Observe procedures, specifications and manuals of instructions"
CREHWU220,Handloom Weaving (Upright) NC II,COMMON,CRE731204,Operate equipment
CREHWU220,Handloom Weaving (Upright) NC II,COMMON,CRE731205,Manage own performance
CREHWU220,Handloom Weaving (Upright) NC II,COMMON,CRE731206,"Maintain a safe, clean and efficient work environment"
CREHWU220,Handloom Weaving (Upright) NC II,COMMON,CRE731207,Provide and maintain effective customer service
CREHWU220,Handloom Weaving (Upright) NC II,COMMON,CRE731208,Observe quality system
CREHWU220,Handloom Weaving (Upright) NC II,CORE,CRE731301,Conduct pre-handloom weaving activities
CREHWU220,Handloom Weaving (Upright) NC II,CORE,CRE731302,Perform upright loom weaving
CREHWU220,Handloom Weaving (Upright) NC II,CORE,CRE731303,Conduct post-weaving activities
ELCHFO215,Hard Disk Drive (HDD) Front-of-line (FOL) Operations NC II,COMMON,ELC311204,Apply quality standards
ELCHFO215,Hard Disk Drive (HDD) Front-of-line (FOL) Operations NC II,BASIC,500311106,Work in team environment
ELCHFO215,Hard Disk Drive (HDD) Front-of-line (FOL) Operations NC II,BASIC,500311107,Practice career professionalism
ELCHFO215,Hard Disk Drive (HDD) Front-of-line (FOL) Operations NC II,BASIC,500311108,Practice occupational health and safety procedures
ELCHFO215,Hard Disk Drive (HDD) Front-of-line (FOL) Operations NC II,COMMON,ELC311205,Use hand tools
ELCHFO215,Hard Disk Drive (HDD) Front-of-line (FOL) Operations NC II,BASIC,500311105,Participate in workplace communication
ELCHFO215,Hard Disk Drive (HDD) Front-of-line (FOL) Operations NC II,COMMON,ELC311203,Perform computer operations
ELCHFO215,Hard Disk Drive (HDD) Front-of-line (FOL) Operations NC II,CORE,ELC313316,Set up front-of-line (FOL) operation workplace for hard disk drives (HDD) production line
ELCHFO215,Hard Disk Drive (HDD) Front-of-line (FOL) Operations NC II,CORE,ELC313317,"Analyze, carry-out and monitor front-of-line (FOL) operation for hard disk drives (HDD) production line"
ELCHFO215,Hard Disk Drive (HDD) Front-of-line (FOL) Operations NC II,CORE,ELC313318,Check quality compliance of front-of-line (FOL) operation for hard disk drives (HDD) production line
HHCHCS205,Health Care Services NC II,CORE,HCS323319,Handle waste in a health care environment
HHCHCS205,Health Care Services NC II,BASIC,500311106,Work in team environment
HHCHCS205,Health Care Services NC II,BASIC,500311107,Practice career professionalism
HHCHCS205,Health Care Services NC II,BASIC,500311108,Practice occupational health and safety procedures
HHCHCS205,Health Care Services NC II,COMMON,HCS323201,Implement and monitor infection control policies and procedures
HHCHCS205,Health Care Services NC II,COMMON,HCS323202,Respond effectively to difficult/challenging behavior
HHCHCS205,Health Care Services NC II,COMMON,HCS323203,Apply basic first aid
HHCHCS205,Health Care Services NC II,COMMON,HCS323204,Maintain high standard of patient services
HHCHCS205,Health Care Services NC II,CORE,HCS323314,Prepare and maintain beds
HHCHCS205,Health Care Services NC II,CORE,HCS323315,Collect and maintain linen stocks at end-users location
HHCHCS205,Health Care Services NC II,CORE,HCS323316,Assist in patient mobility
HHCHCS205,Health Care Services NC II,CORE,HCS323317,Assist in transporting patients
HHCHCS205,Health Care Services NC II,CORE,HCS323318,Assist in bio-psychosocial support care of patients
HHCHCS205,Health Care Services NC II,BASIC,500311105,Participate in workplace communication
ALTHET208,Heat Treatment NC II,COMMON,ALT742201,"Read, interpret and apply engineering drawings"
ALTHET208,Heat Treatment NC II,BASIC,500311106,Work in team environment
ALTHET208,Heat Treatment NC II,BASIC,500311107,Practice career professionalism
ALTHET208,Heat Treatment NC II,BASIC,500311108,Practice occupational health and safety procedures
ALTHET208,Heat Treatment NC II,BASIC,500311105,Participate in workplace communication
ALTHET208,Heat Treatment NC II,COMMON,ALT311202,Perform mensuration and calculation
ALTHET208,Heat Treatment NC II,COMMON,ALT723203,"Read, interpret and apply specifications and manuals"
ALTHET208,Heat Treatment NC II,COMMON,ALT723205,Perform shop maintenance
ALTHET208,Heat Treatment NC II,CORE,ALT812318,Select heat treatment process
ALTHET208,Heat Treatment NC II,CORE,ALT812319,Perform heat treatment process
CONART207,Heavy Equipment Operation (Articulated Off-Highway Dump Truck) NC II,BASIC,500311105,Participate in workplace communication
CONART207,Heavy Equipment Operation (Articulated Off-Highway Dump Truck) NC II,BASIC,500311106,Work in team environment
CONART207,Heavy Equipment Operation (Articulated Off-Highway Dump Truck) NC II,BASIC,500311107,Practice career professionalism
CONART207,Heavy Equipment Operation (Articulated Off-Highway Dump Truck) NC II,BASIC,500311108,Practice occupational health and safety procedures
CONART207,Heavy Equipment Operation (Articulated Off-Highway Dump Truck) NC II,COMMON,CON931201,Prepare construction materials and tools
CONART207,Heavy Equipment Operation (Articulated Off-Highway Dump Truck) NC II,COMMON,CON311201,"Observe procedures, specifications and manuals of instructions"
CONART207,Heavy Equipment Operation (Articulated Off-Highway Dump Truck) NC II,COMMON,CON311202,Interpret technical drawings and plans
CONART207,Heavy Equipment Operation (Articulated Off-Highway Dump Truck) NC II,COMMON,CON311203,Perform mensurations and calculations
CONART207,Heavy Equipment Operation (Articulated Off-Highway Dump Truck) NC II,COMMON,CON311204,Maintain tools and equipment
CONART207,Heavy Equipment Operation (Articulated Off-Highway Dump Truck) NC II,CORE,CON833316,Perform pre- and post-operation procedures for hauling equipment
CONART207,Heavy Equipment Operation (Articulated Off-Highway Dump Truck) NC II,CORE,CON 833317,Perform basic preventive maintenance servicing for hauling equipment
CONART207,Heavy Equipment Operation (Articulated Off-Highway Dump Truck) NC II,CORE,CON833320,Perform productive operation for off-highway dump truck (articulated)
CONBLO207,Heavy Equipment Operation (Backhoe Loader) NC II,COMMON,CON311203,Perform mensurations and calculations
CONBLO207,Heavy Equipment Operation (Backhoe Loader) NC II,BASIC,500311106,Work in team environment
CONBLO207,Heavy Equipment Operation (Backhoe Loader) NC II,BASIC,500311107,Practice career professionalism
CONBLO207,Heavy Equipment Operation (Backhoe Loader) NC II,BASIC,500311108,Practice occupational health and safety procedures
CONBLO207,Heavy Equipment Operation (Backhoe Loader) NC II,COMMON,CON931201,Prepare construction materials and tools
CONBLO207,Heavy Equipment Operation (Backhoe Loader) NC II,COMMON,CON311201,"Observe procedures, specifications and manuals of instructions"
CONBLO207,Heavy Equipment Operation (Backhoe Loader) NC II,COMMON,CON311202,Interpret technical drawings and plans
CONBLO207,Heavy Equipment Operation (Backhoe Loader) NC II,BASIC,500311105,Participate in workplace communication
CONBLO207,Heavy Equipment Operation (Backhoe Loader) NC II,COMMON,CON311204,Maintain tools and equipment
CONBLO207,Heavy Equipment Operation (Backhoe Loader) NC II,CORE,CON833301,Perform pre- and post-operation procedures for earth moving equipment
CONBLO207,Heavy Equipment Operation (Backhoe Loader) NC II,CORE,CON833302,Perform basic preventive maintenance servicing for earth-moving equipment
CONBLO207,Heavy Equipment Operation (Backhoe Loader) NC II,CORE,CON833303,Perform productive operation for backhoe loader
CONBUL207,Heavy Equipment Operation (Bulldozer) NC II,BASIC,500311105,Participate in workplace communication
CONBUL207,Heavy Equipment Operation (Bulldozer) NC II,BASIC,500311106,Work in team environment
CONBUL207,Heavy Equipment Operation (Bulldozer) NC II,BASIC,500311107,Practice career professionalism
CONBUL207,Heavy Equipment Operation (Bulldozer) NC II,BASIC,500311108,Practice occupational health and safety procedures
CONBUL207,Heavy Equipment Operation (Bulldozer) NC II,COMMON,CON931201,Prepare construction materials and tools
CONBUL207,Heavy Equipment Operation (Bulldozer) NC II,COMMON,CON311201,"Observe procedures, specifications and manuals of instructions"
CONBUL207,Heavy Equipment Operation (Bulldozer) NC II,COMMON,CON311202,Interpret technical drawings and plans
CONBUL207,Heavy Equipment Operation (Bulldozer) NC II,COMMON,CON311203,Perform mensurations and calculations
CONBUL207,Heavy Equipment Operation (Bulldozer) NC II,COMMON,CON311204,Maintain tools and equipment
CONBUL207,Heavy Equipment Operation (Bulldozer) NC II,CORE,CON833301,Perform pre- and post-operation procedures for earth moving equipment
CONBUL207,Heavy Equipment Operation (Bulldozer) NC II,CORE,CON833302,Perform basic preventive maintenance servicing for earth-moving equipment
CONBUL207,Heavy Equipment Operation (Bulldozer) NC II,CORE,CON833305,Perform productive operation for bulldozer
CONCPO207,Heavy Equipment Operation (Concrete Pump) NC II,COMMON,CON311202,Interpret technical drawings and plans
CONCPO207,Heavy Equipment Operation (Concrete Pump) NC II,BASIC,500311106,Work in team environment
CONCPO207,Heavy Equipment Operation (Concrete Pump) NC II,BASIC,500311107,Practice career professionalism
CONCPO207,Heavy Equipment Operation (Concrete Pump) NC II,BASIC,500311108,Practice occupational health and safety procedures
CONCPO207,Heavy Equipment Operation (Concrete Pump) NC II,COMMON,CON931201,Prepare construction materials and tools
CONCPO207,Heavy Equipment Operation (Concrete Pump) NC II,COMMON,CON311201,"Observe procedures, specifications and manuals of instructions"
CONCPO207,Heavy Equipment Operation (Concrete Pump) NC II,BASIC,500311105,Participate in workplace communication
CONCPO207,Heavy Equipment Operation (Concrete Pump) NC II,COMMON,CON311203,Perform mensurations and calculations
CONCPO207,Heavy Equipment Operation (Concrete Pump) NC II,COMMON,CON311204,Maintain tools and equipment
CONCPO207,Heavy Equipment Operation (Concrete Pump) NC II,CORE,CON833321,Perform pre- and post-operation procedures for concreting and asphalting equipment
CONCPO207,Heavy Equipment Operation (Concrete Pump) NC II,CORE,CON833322,Perform basic preventive maintenance servicing for concreting and asphalting equipment
CONCPO207,Heavy Equipment Operation (Concrete Pump) NC II,CORE,CON833324,Perform productive operation for concrete pump
CONCSO207,Heavy Equipment Operation (Container Stacker) NC II,COMMON,CON311202,Interpret technical drawings and plans
CONCSO207,Heavy Equipment Operation (Container Stacker) NC II,BASIC,500311106,Work in team environment
CONCSO207,Heavy Equipment Operation (Container Stacker) NC II,BASIC,500311107,Practice career professionalism
CONCSO207,Heavy Equipment Operation (Container Stacker) NC II,BASIC,500311108,Practice occupational health and safety procedures
CONCSO207,Heavy Equipment Operation (Container Stacker) NC II,COMMON,CON931201,Prepare construction materials and tools
CONCSO207,Heavy Equipment Operation (Container Stacker) NC II,COMMON,CON311201,"Observe procedures, specifications and manuals of instructions"
CONCSO207,Heavy Equipment Operation (Container Stacker) NC II,BASIC,500311105,Participate in workplace communication
CONCSO207,Heavy Equipment Operation (Container Stacker) NC II,COMMON,CON311203,Perform mensurations and calculations
CONCSO207,Heavy Equipment Operation (Container Stacker) NC II,COMMON,CON311204,Maintain tools and equipment
CONCSO207,Heavy Equipment Operation (Container Stacker) NC II,CORE,CON833328,Perform pre- and post-operation procedures for material handling equipment
CONCSO207,Heavy Equipment Operation (Container Stacker) NC II,CORE,CON833329,Perform basic preventive maintenance servicing for container stacker
CONCSO207,Heavy Equipment Operation (Container Stacker) NC II,CORE,CON833331,Perform productive operation for container stacker
CONCCO207,Heavy Equipment Operation (Crawler Crane) NC II (Superseded),BASIC,500311105,Participate in workplace communication
CONCCO207,Heavy Equipment Operation (Crawler Crane) NC II (Superseded),BASIC,500311106,Work in team environment
CONCCO207,Heavy Equipment Operation (Crawler Crane) NC II (Superseded),BASIC,500311107,Practice career professionalism
CONCCO207,Heavy Equipment Operation (Crawler Crane) NC II (Superseded),BASIC,500311108,Practice occupational health and safety procedures
CONCCO207,Heavy Equipment Operation (Crawler Crane) NC II (Superseded),COMMON,CON931201,Prepare construction materials and tools
CONCCO207,Heavy Equipment Operation (Crawler Crane) NC II (Superseded),COMMON,CON311201,"Observe procedures, specifications and manuals of instructions"
CONCCO207,Heavy Equipment Operation (Crawler Crane) NC II (Superseded),COMMON,CON311202,Interpret technical drawings and plans
CONCCO207,Heavy Equipment Operation (Crawler Crane) NC II (Superseded),CORE,CON833313,Perform productive operation for crawler crane
CONCCO207,Heavy Equipment Operation (Crawler Crane) NC II (Superseded),CORE,CON833310,Perform basic preventive maintenance servicing for lifting equipment
CONCCO207,Heavy Equipment Operation (Crawler Crane) NC II (Superseded),CORE,CON833309,Perform pre- and post-operation procedures for lifting equipment
CONCCO207,Heavy Equipment Operation (Crawler Crane) NC II (Superseded),COMMON,CON311204,Maintain tools and equipment
CONCCO207,Heavy Equipment Operation (Crawler Crane) NC II (Superseded),COMMON,CON311203,Perform mensurations and calculations
CONCRA319,Heavy Equipment Operation (Crawler Crane) NC III,COMMON,CON311202,Interpret technical drawings and plans
CONCRA319,Heavy Equipment Operation (Crawler Crane) NC III,BASIC,400311320,Lead small teams
CONCRA319,Heavy Equipment Operation (Crawler Crane) NC III,BASIC,400311321,Apply critical thinking and problem solving techniques in the workplace
CONCRA319,Heavy Equipment Operation (Crawler Crane) NC III,BASIC,400311322,Work in a diverse environment
CONCRA319,Heavy Equipment Operation (Crawler Crane) NC III,COMMON,CON311203,Perform mensurations and calculations
CONCRA319,Heavy Equipment Operation (Crawler Crane) NC III,BASIC,400311323,Propose methods of applying learning and innovation in the organization
CONCRA319,Heavy Equipment Operation (Crawler Crane) NC III,BASIC,400311324,Use information systematically
CONCRA319,Heavy Equipment Operation (Crawler Crane) NC III,BASIC,400311325,Evaluate occupational safety and health work practices
CONCRA319,Heavy Equipment Operation (Crawler Crane) NC III,BASIC,400311326,Evaluate environmental work practices
CONCRA319,Heavy Equipment Operation (Crawler Crane) NC III,BASIC,400311327,Facilitate entrepreneurial skills for micro-small-medium enterprises (MSMEs)
CONCRA319,Heavy Equipment Operation (Crawler Crane) NC III,COMMON,CON931201,Prepare construction materials and tools
CONCRA319,Heavy Equipment Operation (Crawler Crane) NC III,COMMON,CON311201,"Observe procedures, specifications and manuals of instructions"
CONCRA319,Heavy Equipment Operation (Crawler Crane) NC III,COMMON,CON311204,Maintain tools and equipment
CONCRA319,Heavy Equipment Operation (Crawler Crane) NC III,CORE,CON834307,Perform pre and post-operation procedures for crawler crane
CONCRA319,Heavy Equipment Operation (Crawler Crane) NC III,CORE,CON834308,Perform basic preventive maintenance servicing for crawler crane
CONCRA319,Heavy Equipment Operation (Crawler Crane) NC III,CORE,CON834309,Perform productive operation for crawler crane
CONCRA319,Heavy Equipment Operation (Crawler Crane) NC III,BASIC,400311319,Lead in workplace communication
CONFOR219,Heavy Equipment Operation (Forklift) NC II,COMMON,CON311203,Perform mensurations and calculations
CONFOR219,Heavy Equipment Operation (Forklift) NC II,CORE,CON834218,Perform productive operation for forklift
CONFOR219,Heavy Equipment Operation (Forklift) NC II,BASIC,400311210,Participate in workplace communication
CONFOR219,Heavy Equipment Operation (Forklift) NC II,CORE,CON834216,Perform pre and post-operation procedures for forklift
CONFOR219,Heavy Equipment Operation (Forklift) NC II,BASIC,400311211,Work in team environment
CONFOR219,Heavy Equipment Operation (Forklift) NC II,BASIC,400311212,Solve/address general workplace problems
CONFOR219,Heavy Equipment Operation (Forklift) NC II,BASIC,400311213,Develop career and life decisions
CONFOR219,Heavy Equipment Operation (Forklift) NC II,BASIC,400311214,Contribute to workplace innovation
CONFOR219,Heavy Equipment Operation (Forklift) NC II,BASIC,400311215,Present relevant information
CONFOR219,Heavy Equipment Operation (Forklift) NC II,BASIC,400311216,Practice occupational safety and health policies and procedures
CONFOR219,Heavy Equipment Operation (Forklift) NC II,BASIC,400311217,Exercise efficient and effective sustainable practices in the workplace
CONFOR219,Heavy Equipment Operation (Forklift) NC II,BASIC,400311218,Practice entrepreneurial skills in the workplace
CONFOR219,Heavy Equipment Operation (Forklift) NC II,COMMON,CON931201,Prepare construction materials and tools
CONFOR219,Heavy Equipment Operation (Forklift) NC II,COMMON,CON311201,"Observe procedures, specifications and manuals of instructions"
CONFOR219,Heavy Equipment Operation (Forklift) NC II,COMMON,CON311202,Interpret technical drawings and plans
CONFOR219,Heavy Equipment Operation (Forklift) NC II,COMMON,CON311204,Maintain tools and equipment
CONFOR219,Heavy Equipment Operation (Forklift) NC II,CORE,CON834217,Perform basic preventive maintenance servicing for crawler crane forklift
CONFOR207,Heavy Equipment Operation (Forklift) NC II (Superseded),CORE,CON833315,Perform productive operation for forklift
CONFOR207,Heavy Equipment Operation (Forklift) NC II (Superseded),BASIC,500311105,Participate in workplace communication
CONFOR207,Heavy Equipment Operation (Forklift) NC II (Superseded),BASIC,500311106,Work in team environment
CONFOR207,Heavy Equipment Operation (Forklift) NC II (Superseded),BASIC,500311107,Practice career professionalism
CONFOR207,Heavy Equipment Operation (Forklift) NC II (Superseded),BASIC,500311108,Practice occupational health and safety procedures
CONFOR207,Heavy Equipment Operation (Forklift) NC II (Superseded),COMMON,CON931201,Prepare construction materials and tools
CONFOR207,Heavy Equipment Operation (Forklift) NC II (Superseded),COMMON,CON311201,"Observe procedures, specifications and manuals of instructions"
CONFOR207,Heavy Equipment Operation (Forklift) NC II (Superseded),COMMON,CON311202,Interpret technical drawings and plans
CONFOR207,Heavy Equipment Operation (Forklift) NC II (Superseded),COMMON,CON311203,Perform mensurations and calculations
CONFOR207,Heavy Equipment Operation (Forklift) NC II (Superseded),COMMON,CON311204,Maintain tools and equipment
CONFOR207,Heavy Equipment Operation (Forklift) NC II (Superseded),CORE,CON833309,Perform pre- and post-operation procedures for lifting equipment
CONFOR207,Heavy Equipment Operation (Forklift) NC II (Superseded),CORE,CON833310,Perform basic preventive maintenance servicing for lifting equipment
CONGCO207,Heavy Equipment Operation (Gantry Crane) NC II (Superseded),COMMON,CON311203,Perform mensurations and calculations
CONGCO207,Heavy Equipment Operation (Gantry Crane) NC II (Superseded),CORE,CON833330,Perform productive operation for gantry crane
CONGCO207,Heavy Equipment Operation (Gantry Crane) NC II (Superseded),BASIC,500311106,Work in team environment
CONGCO207,Heavy Equipment Operation (Gantry Crane) NC II (Superseded),BASIC,500311107,Practice career professionalism
CONGCO207,Heavy Equipment Operation (Gantry Crane) NC II (Superseded),BASIC,500311108,Practice occupational health and safety procedures
CONGCO207,Heavy Equipment Operation (Gantry Crane) NC II (Superseded),COMMON,CON931201,Prepare construction materials and tools
CONGCO207,Heavy Equipment Operation (Gantry Crane) NC II (Superseded),COMMON,CON311201,"Observe procedures, specifications and manuals of instructions"
CONGCO207,Heavy Equipment Operation (Gantry Crane) NC II (Superseded),COMMON,CON311202,Interpret technical drawings and plans
CONGCO207,Heavy Equipment Operation (Gantry Crane) NC II (Superseded),BASIC,500311105,Participate in workplace communication
CONGCO207,Heavy Equipment Operation (Gantry Crane) NC II (Superseded),COMMON,CON311204,Maintain tools and equipment
CONGCO207,Heavy Equipment Operation (Gantry Crane) NC II (Superseded),CORE,CON833328,Perform pre- and post-operation procedures for material handling equipment
CONHEO219,Heavy Equipment Operation (Hydraulic Excavator) NC II,BASIC,400311212,Solve/address general workplace problems
CONHEO219,Heavy Equipment Operation (Hydraulic Excavator) NC II,BASIC,400311210,Participate in workplace communication
CONHEO219,Heavy Equipment Operation (Hydraulic Excavator) NC II,BASIC,400311211,Work in team environment
CONHEO219,Heavy Equipment Operation (Hydraulic Excavator) NC II,CORE,CON834220,Perform basic preventive maintenance servicing for hydraulic excavator
CONHEO219,Heavy Equipment Operation (Hydraulic Excavator) NC II,BASIC,400311213,Develop career and life decisions
CONHEO219,Heavy Equipment Operation (Hydraulic Excavator) NC II,BASIC,400311214,Contribute to workplace innovation
CONHEO219,Heavy Equipment Operation (Hydraulic Excavator) NC II,BASIC,400311215,Present relevant information
CONHEO219,Heavy Equipment Operation (Hydraulic Excavator) NC II,BASIC,400311216,Practice occupational safety and health policies and procedures
CONHEO219,Heavy Equipment Operation (Hydraulic Excavator) NC II,BASIC,400311217,Exercise efficient and effective sustainable practices in the workplace
CONHEO219,Heavy Equipment Operation (Hydraulic Excavator) NC II,BASIC,400311218,Practice entrepreneurial skills in the workplace
CONHEO219,Heavy Equipment Operation (Hydraulic Excavator) NC II,COMMON,CON931201,Prepare construction materials and tools
CONHEO219,Heavy Equipment Operation (Hydraulic Excavator) NC II,COMMON,CON311201,"Observe procedures, specifications and manuals of instructions"
CONHEO219,Heavy Equipment Operation (Hydraulic Excavator) NC II,COMMON,CON311202,Interpret technical drawings and plans
CONHEO219,Heavy Equipment Operation (Hydraulic Excavator) NC II,COMMON,CON311203,Perform mensurations and calculations
CONHEO219,Heavy Equipment Operation (Hydraulic Excavator) NC II,COMMON,CON311204,Maintain tools and equipment
CONHEO219,Heavy Equipment Operation (Hydraulic Excavator) NC II,CORE,CON834219,Perform pre and post-operation procedures for hydraulic excavator
CONHEO219,Heavy Equipment Operation (Hydraulic Excavator) NC II,CORE,CON834221,Perform productive operation for hydraulic excavator
CONHEO207,Heavy Equipment Operation (Hydraulic Excavator) NC II (Superseded),COMMON,CON311204,Maintain tools and equipment
CONHEO207,Heavy Equipment Operation (Hydraulic Excavator) NC II (Superseded),CORE,CON833302,Perform basic preventive maintenance servicing for earth-moving equipment
CONHEO207,Heavy Equipment Operation (Hydraulic Excavator) NC II (Superseded),BASIC,500311105,Participate in workplace communication
CONHEO207,Heavy Equipment Operation (Hydraulic Excavator) NC II (Superseded),CORE,CON833303,Perform productive operation for hydraulic excavator
CONHEO207,Heavy Equipment Operation (Hydraulic Excavator) NC II (Superseded),COMMON,CON311202,Interpret technical drawings and plans
CONHEO207,Heavy Equipment Operation (Hydraulic Excavator) NC II (Superseded),COMMON,CON311201,"Observe procedures, specifications and manuals of instructions"
CONHEO207,Heavy Equipment Operation (Hydraulic Excavator) NC II (Superseded),COMMON,CON931201,Prepare construction materials and tools
CONHEO207,Heavy Equipment Operation (Hydraulic Excavator) NC II (Superseded),BASIC,500311108,Practice occupational health and safety procedures
CONHEO207,Heavy Equipment Operation (Hydraulic Excavator) NC II (Superseded),BASIC,500311107,Practice career professionalism
CONHEO207,Heavy Equipment Operation (Hydraulic Excavator) NC II (Superseded),BASIC,500311106,Work in team environment
CONHEO207,Heavy Equipment Operation (Hydraulic Excavator) NC II (Superseded),CORE,CON833301,Perform pre- and post-operation procedures for earth-moving equipment
CONHEO207,Heavy Equipment Operation (Hydraulic Excavator) NC II (Superseded),COMMON,CON311203,Perform mensurations and calculations
CONMGO207,Heavy Equipment Operation (Motor Grader) NC II,CORE,CON833306,Perform productive operation for motor grader
CONMGO207,Heavy Equipment Operation (Motor Grader) NC II,BASIC,500311105,Participate in workplace communication
CONMGO207,Heavy Equipment Operation (Motor Grader) NC II,BASIC,500311106,Work in team environment
CONMGO207,Heavy Equipment Operation (Motor Grader) NC II,BASIC,500311107,Practice career professionalism
CONMGO207,Heavy Equipment Operation (Motor Grader) NC II,BASIC,500311108,Practice occupational health and safety procedures
CONMGO207,Heavy Equipment Operation (Motor Grader) NC II,COMMON,CON931201,Prepare construction materials and tools
CONMGO207,Heavy Equipment Operation (Motor Grader) NC II,COMMON,CON311201,"Observe procedures, specifications and manuals of instructions"
CONMGO207,Heavy Equipment Operation (Motor Grader) NC II,COMMON,CON311202,Interpret technical drawings and plans
CONMGO207,Heavy Equipment Operation (Motor Grader) NC II,COMMON,CON311203,Perform mensurations and calculations
CONMGO207,Heavy Equipment Operation (Motor Grader) NC II,COMMON,CON311204,Maintain tools and equipment
CONMGO207,Heavy Equipment Operation (Motor Grader) NC II,CORE,CON833301,Perform pre- and post-operation procedures for earth moving equipment
CONMGO207,Heavy Equipment Operation (Motor Grader) NC II,CORE,CON833302,Perform basic preventive maintenance servicing for earth-moving equipment
CONOGC319,Heavy Equipment Operation (Overhead and Gantry Crane) NC III,CORE,CON834315,Perform productive operation for overhead and gantry crane
CONOGC319,Heavy Equipment Operation (Overhead and Gantry Crane) NC III,BASIC,400311319,Lead in workplace communication
CONOGC319,Heavy Equipment Operation (Overhead and Gantry Crane) NC III,BASIC,400311320,Lead small teams
CONOGC319,Heavy Equipment Operation (Overhead and Gantry Crane) NC III,BASIC,400311321,Apply critical thinking and problem solving techniques in the workplace
CONOGC319,Heavy Equipment Operation (Overhead and Gantry Crane) NC III,BASIC,400311322,Work in a diverse environment
CONOGC319,Heavy Equipment Operation (Overhead and Gantry Crane) NC III,BASIC,400311323,Propose methods of applying learning and innovation in the organization
CONOGC319,Heavy Equipment Operation (Overhead and Gantry Crane) NC III,BASIC,400311324,Use information systematically
CONOGC319,Heavy Equipment Operation (Overhead and Gantry Crane) NC III,BASIC,400311325,Evaluate occupational safety and health work practices
CONOGC319,Heavy Equipment Operation (Overhead and Gantry Crane) NC III,BASIC,400311326,Evaluate environmental work practices
CONOGC319,Heavy Equipment Operation (Overhead and Gantry Crane) NC III,BASIC,400311327,Facilitate entrepreneurial skills for micro-small-medium enterprises (MSMEs)
CONOGC319,Heavy Equipment Operation (Overhead and Gantry Crane) NC III,COMMON,CON931201,Prepare construction materials and tools
CONOGC319,Heavy Equipment Operation (Overhead and Gantry Crane) NC III,COMMON,CON311201,"Observe procedures, specifications and manuals of instructions"
CONOGC319,Heavy Equipment Operation (Overhead and Gantry Crane) NC III,COMMON,CON311202,Interpret technical drawings and plans
CONOGC319,Heavy Equipment Operation (Overhead and Gantry Crane) NC III,COMMON,CON311203,Perform mensurations and calculations
CONOGC319,Heavy Equipment Operation (Overhead and Gantry Crane) NC III,COMMON,CON311204,Maintain tools and equipment
CONOGC319,Heavy Equipment Operation (Overhead and Gantry Crane) NC III,CORE,CON834313,Perform pre and post-operation procedures for overhead and gantry crane
CONOGC319,Heavy Equipment Operation (Overhead and Gantry Crane) NC III,CORE,CON834314,Perform basic preventive maintenance servicing for overhead and gantry
CONPAV207,Heavy Equipment Operation (Paver) NC II,CORE,CON833325,Perform productive operation for paver
CONPAV207,Heavy Equipment Operation (Paver) NC II,BASIC,500311105,Participate in workplace communication
CONPAV207,Heavy Equipment Operation (Paver) NC II,BASIC,500311106,Work in team environment
CONPAV207,Heavy Equipment Operation (Paver) NC II,BASIC,500311107,Practice career professionalism
CONPAV207,Heavy Equipment Operation (Paver) NC II,BASIC,500311108,Practice occupational health and safety procedures
CONPAV207,Heavy Equipment Operation (Paver) NC II,COMMON,CON931201,Prepare construction materials and tools
CONPAV207,Heavy Equipment Operation (Paver) NC II,COMMON,CON311201,"Observe procedures, specifications and manuals of instructions"
CONPAV207,Heavy Equipment Operation (Paver) NC II,COMMON,CON311202,Interpret technical drawings and plans
CONPAV207,Heavy Equipment Operation (Paver) NC II,COMMON,CON311203,Perform mensurations and calculations
CONPAV207,Heavy Equipment Operation (Paver) NC II,COMMON,CON311204,Maintain tools and equipment
CONPAV207,Heavy Equipment Operation (Paver) NC II,CORE,CON833321,Perform pre- and post-operation procedures for concreting and asphalting equipment
CONPAV207,Heavy Equipment Operation (Paver) NC II,CORE,CON833322,Perform basic preventive maintenance servicing for concreting and asphalting equipment
CONRIG207,Heavy Equipment Operation (Rigid Off-Highway Dump Truck) NC II,COMMON,CON311204,Maintain tools and equipment
CONRIG207,Heavy Equipment Operation (Rigid Off-Highway Dump Truck) NC II,CORE,CON833318,Perform productive operation for off-highway dump truck (rigid)
CONRIG207,Heavy Equipment Operation (Rigid Off-Highway Dump Truck) NC II,BASIC,500311106,Work in team environment
CONRIG207,Heavy Equipment Operation (Rigid Off-Highway Dump Truck) NC II,BASIC,500311107,Practice career professionalism
CONRIG207,Heavy Equipment Operation (Rigid Off-Highway Dump Truck) NC II,BASIC,500311108,Practice occupational health and safety procedures
CONRIG207,Heavy Equipment Operation (Rigid Off-Highway Dump Truck) NC II,COMMON,CON931201,Prepare construction materials and tools
CONRIG207,Heavy Equipment Operation (Rigid Off-Highway Dump Truck) NC II,COMMON,CON311201,"Observe procedures, specifications and manuals of instructions"
CONRIG207,Heavy Equipment Operation (Rigid Off-Highway Dump Truck) NC II,COMMON,CON311202,Interpret technical drawings and plans
CONRIG207,Heavy Equipment Operation (Rigid Off-Highway Dump Truck) NC II,COMMON,CON311203,Perform mensurations and calculations
CONRIG207,Heavy Equipment Operation (Rigid Off-Highway Dump Truck) NC II,BASIC,500311105,Participate in workplace communication
CONRIG207,Heavy Equipment Operation (Rigid Off-Highway Dump Truck) NC II,CORE,CON833316,Perform pre- and post-operation procedures for hauling equipment
CONRIG207,Heavy Equipment Operation (Rigid Off-Highway Dump Truck) NC II,CORE,CON833317,Perform basic preventive maintenance servicing for hauling equipment
CONROH219,Heavy Equipment Operation (Rigid On-Highway Dump Truck) NC II,BASIC,400311216,Practice occupational safety and health policies and procedures
CONROH219,Heavy Equipment Operation (Rigid On-Highway Dump Truck) NC II,BASIC,400311210,Participate in workplace communication
CONROH219,Heavy Equipment Operation (Rigid On-Highway Dump Truck) NC II,BASIC,400311214,Contribute to workplace innovation
CONROH219,Heavy Equipment Operation (Rigid On-Highway Dump Truck) NC II,BASIC,400311215,Present relevant information
CONROH219,Heavy Equipment Operation (Rigid On-Highway Dump Truck) NC II,BASIC,400311217,Exercise efficient and effective sustainable practices in the workplace
CONROH219,Heavy Equipment Operation (Rigid On-Highway Dump Truck) NC II,BASIC,400311218,Practice entrepreneurial skills in the workplace
CONROH219,Heavy Equipment Operation (Rigid On-Highway Dump Truck) NC II,COMMON,CON931201,Prepare construction materials and tools
CONROH219,Heavy Equipment Operation (Rigid On-Highway Dump Truck) NC II,COMMON,CON311201,"Observe procedures, specifications and manuals of instructions"
CONROH219,Heavy Equipment Operation (Rigid On-Highway Dump Truck) NC II,COMMON,CON311202,Interpret technical drawings and plans
CONROH219,Heavy Equipment Operation (Rigid On-Highway Dump Truck) NC II,COMMON,CON311203,Perform mensurations and calculations
CONROH219,Heavy Equipment Operation (Rigid On-Highway Dump Truck) NC II,COMMON,CON311204,Maintain tools and equipment
CONROH219,Heavy Equipment Operation (Rigid On-Highway Dump Truck) NC II,CORE,CON834222,Perform pre and post-operation procedures for rigid on highway dump truck
CONROH219,Heavy Equipment Operation (Rigid On-Highway Dump Truck) NC II,CORE,CON834223,Perform basic preventive maintenance servicing for rigid on highway dump truck
CONROH219,Heavy Equipment Operation (Rigid On-Highway Dump Truck) NC II,CORE,CON834224,Perform productive operation for rigid on-highway dump truck
CONROH219,Heavy Equipment Operation (Rigid On-Highway Dump Truck) NC II,BASIC,400311211,Work in team environment
CONROH219,Heavy Equipment Operation (Rigid On-Highway Dump Truck) NC II,BASIC,400311212,Solve/address general workplace problems
CONROH219,Heavy Equipment Operation (Rigid On-Highway Dump Truck) NC II,BASIC,400311213,Develop career and life decisions
CONROH207,Heavy Equipment Operation (Rigid On-Highway Dump Truck) NC II (Superseded),BASIC,500311108,Practice occupational health and safety procedures
CONROH207,Heavy Equipment Operation (Rigid On-Highway Dump Truck) NC II (Superseded),BASIC,500311105,Participate in workplace communication
CONROH207,Heavy Equipment Operation (Rigid On-Highway Dump Truck) NC II (Superseded),BASIC,500311107,Practice career professionalism
CONROH207,Heavy Equipment Operation (Rigid On-Highway Dump Truck) NC II (Superseded),COMMON,CON931201,Prepare construction materials and tools
CONROH207,Heavy Equipment Operation (Rigid On-Highway Dump Truck) NC II (Superseded),COMMON,CON311201,"Observe procedures, specifications and manuals of instructions"
CONROH207,Heavy Equipment Operation (Rigid On-Highway Dump Truck) NC II (Superseded),COMMON,CON311202,Interpret technical drawings and plans
CONROH207,Heavy Equipment Operation (Rigid On-Highway Dump Truck) NC II (Superseded),COMMON,CON311203,Perform mensurations and calculations
CONROH207,Heavy Equipment Operation (Rigid On-Highway Dump Truck) NC II (Superseded),COMMON,CON311204,Maintain tools and equipment
CONROH207,Heavy Equipment Operation (Rigid On-Highway Dump Truck) NC II (Superseded),CORE,CON833316,Perform pre- and post-operation procedures for hauling equipment
CONROH207,Heavy Equipment Operation (Rigid On-Highway Dump Truck) NC II (Superseded),CORE,CON833317,Perform basic preventive maintenance servicing for hauling equipment
CONROH207,Heavy Equipment Operation (Rigid On-Highway Dump Truck) NC II (Superseded),CORE,CON833318,Perform productive operation for on-highway dump truck (rigid)
CONROH207,Heavy Equipment Operation (Rigid On-Highway Dump Truck) NC II (Superseded),BASIC,500311106,Work in team environment
CONRRO207,Heavy Equipment Operation (Road Roller) NC II,BASIC,500311105,Participate in workplace communication
CONRRO207,Heavy Equipment Operation (Road Roller) NC II,BASIC,500311107,Practice career professionalism
CONRRO207,Heavy Equipment Operation (Road Roller) NC II,BASIC,500311108,Practice occupational health and safety procedures
CONRRO207,Heavy Equipment Operation (Road Roller) NC II,COMMON,CON931201,Prepare construction materials and tools
CONRRO207,Heavy Equipment Operation (Road Roller) NC II,COMMON,CON311201,"Observe procedures, specifications and manuals of instructions"
CONRRO207,Heavy Equipment Operation (Road Roller) NC II,COMMON,CON311202,Interpret technical drawings and plans
CONRRO207,Heavy Equipment Operation (Road Roller) NC II,COMMON,CON311203,Perform mensurations and calculations
CONRRO207,Heavy Equipment Operation (Road Roller) NC II,COMMON,CON311204,Maintain tools and equipment
CONRRO207,Heavy Equipment Operation (Road Roller) NC II,CORE,CON833301,Perform pre- and post-operation procedures for earth moving equipment
CONRRO207,Heavy Equipment Operation (Road Roller) NC II,CORE,CON833302,Perform basic preventive maintenance servicing for earth-moving equipment
CONRRO207,Heavy Equipment Operation (Road Roller) NC II,CORE,CON833308,Perform productive operation for road roller [compactor]
CONRRO207,Heavy Equipment Operation (Road Roller) NC II,BASIC,500311106,Work in team environment
CONRTC207,Heavy Equipment Operation (Rough Terrain Crane) NC II (Superseded),CORE,CON833309,Perform pre- and post-operation procedures for lifting equipment
CONRTC207,Heavy Equipment Operation (Rough Terrain Crane) NC II (Superseded),BASIC,500311105,Participate in workplace communication
CONRTC207,Heavy Equipment Operation (Rough Terrain Crane) NC II (Superseded),BASIC,500311108,Practice occupational health and safety procedures
CONRTC207,Heavy Equipment Operation (Rough Terrain Crane) NC II (Superseded),COMMON,CON931201,Prepare construction materials and tools
CONRTC207,Heavy Equipment Operation (Rough Terrain Crane) NC II (Superseded),COMMON,CON311201,"Observe procedures, specifications and manuals of instructions"
CONRTC207,Heavy Equipment Operation (Rough Terrain Crane) NC II (Superseded),COMMON,CON311202,Interpret technical drawings and plans
CONRTC207,Heavy Equipment Operation (Rough Terrain Crane) NC II (Superseded),COMMON,CON311203,Perform mensurations and calculations
CONRTC207,Heavy Equipment Operation (Rough Terrain Crane) NC II (Superseded),COMMON,CON311204,Maintain tools and equipment
CONRTC207,Heavy Equipment Operation (Rough Terrain Crane) NC II (Superseded),BASIC,500311106,Work in team environment
CONRTC207,Heavy Equipment Operation (Rough Terrain Crane) NC II (Superseded),CORE,CON833310,Perform basic preventive maintenance servicing for lifting equipment
CONRTC207,Heavy Equipment Operation (Rough Terrain Crane) NC II (Superseded),CORE,CON833311,Perform productive operation for rough-terrain crane
CONRTC207,Heavy Equipment Operation (Rough Terrain Crane) NC II (Superseded),BASIC,500311107,Practice career professionalism
CONRTC319,Heavy Equipment Operation (Rough Terrain Crane) NC III,COMMON,CON931201,Prepare construction materials and tools
CONRTC319,Heavy Equipment Operation (Rough Terrain Crane) NC III,BASIC,400311321,Apply critical thinking and problem solving techniques in the workplace
CONRTC319,Heavy Equipment Operation (Rough Terrain Crane) NC III,BASIC,400311322,Work in a diverse environment
CONRTC319,Heavy Equipment Operation (Rough Terrain Crane) NC III,BASIC,400311323,Propose methods of applying learning and innovation in the organization
CONRTC319,Heavy Equipment Operation (Rough Terrain Crane) NC III,BASIC,400311324,Use information systematically
CONRTC319,Heavy Equipment Operation (Rough Terrain Crane) NC III,BASIC,400311325,Evaluate occupational safety and health work practices
CONRTC319,Heavy Equipment Operation (Rough Terrain Crane) NC III,BASIC,400311326,Evaluate environmental work practices
CONRTC319,Heavy Equipment Operation (Rough Terrain Crane) NC III,BASIC,400311327,Facilitate entrepreneurial skills for micro-small-medium enterprises (MSMEs)
CONRTC319,Heavy Equipment Operation (Rough Terrain Crane) NC III,BASIC,400311319,Lead in workplace communication
CONRTC319,Heavy Equipment Operation (Rough Terrain Crane) NC III,COMMON,CON311201,"Observe procedures, specifications and manuals of instructions"
CONRTC319,Heavy Equipment Operation (Rough Terrain Crane) NC III,COMMON,CON311202,Interpret technical drawings and plans
CONRTC319,Heavy Equipment Operation (Rough Terrain Crane) NC III,COMMON,CON311203,Perform mensurations and calculations
CONRTC319,Heavy Equipment Operation (Rough Terrain Crane) NC III,COMMON,CON311204,Maintain tools and equipment
CONRTC319,Heavy Equipment Operation (Rough Terrain Crane) NC III,CORE,CON834304,Perform pre and post-operation procedures for rough terrain crane
CONRTC319,Heavy Equipment Operation (Rough Terrain Crane) NC III,CORE,CON834305,Perform basic preventive maintenance servicing for rough terrain crane
CONRTC319,Heavy Equipment Operation (Rough Terrain Crane) NC III,CORE,CON834306,Perform productive operation for rough terrain crane
CONRTC319,Heavy Equipment Operation (Rough Terrain Crane) NC III,BASIC,400311320,Lead small teams
CONSCR107,Heavy Equipment Operation (Screed) NC I,BASIC,500311102,Work with others
CONSCR107,Heavy Equipment Operation (Screed) NC I,BASIC,500311103,Demonstrate work values
CONSCR107,Heavy Equipment Operation (Screed) NC I,BASIC,500311104,Practice basic housekeeping procedures
CONSCR107,Heavy Equipment Operation (Screed) NC I,COMMON,CON931201,Prepare construction materials and tools
CONSCR107,Heavy Equipment Operation (Screed) NC I,COMMON,CON311201,"Observe procedures, specifications and manuals of instructions"
CONSCR107,Heavy Equipment Operation (Screed) NC I,COMMON,CON311203,Perform mensurations and calculations
CONSCR107,Heavy Equipment Operation (Screed) NC I,COMMON,CON311204,Maintain tools and equipment
CONSCR107,Heavy Equipment Operation (Screed) NC I,CORE,CON833326,Perform pre- and post-checking procedures for screed
CONSCR107,Heavy Equipment Operation (Screed) NC I,CORE,CON833327,Operate and monitor screed
CONSCR107,Heavy Equipment Operation (Screed) NC I,BASIC,500311101,Receive and respond to workplace communication
CONTCO207,Heavy Equipment Operation (Tower Crane) NC II (Superseded),BASIC,500311106,Work in team environment
CONTCO207,Heavy Equipment Operation (Tower Crane) NC II (Superseded),CORE,CON833314,Perform productive operation for tower crane
CONTCO207,Heavy Equipment Operation (Tower Crane) NC II (Superseded),BASIC,500311107,Practice career professionalism
CONTCO207,Heavy Equipment Operation (Tower Crane) NC II (Superseded),COMMON,CON931201,Prepare construction materials and tools
CONTCO207,Heavy Equipment Operation (Tower Crane) NC II (Superseded),BASIC,500311105,Participate in workplace communication
CONTCO207,Heavy Equipment Operation (Tower Crane) NC II (Superseded),COMMON,CON311201,"Observe procedures, specifications and manuals of instructions"
CONTCO207,Heavy Equipment Operation (Tower Crane) NC II (Superseded),COMMON,CON311202,Interpret technical drawings and plans
CONTCO207,Heavy Equipment Operation (Tower Crane) NC II (Superseded),BASIC,500311108,Practice occupational health and safety procedures
CONTCO207,Heavy Equipment Operation (Tower Crane) NC II (Superseded),COMMON,CON311203,Perform mensurations and calculations
CONTCO207,Heavy Equipment Operation (Tower Crane) NC II (Superseded),COMMON,CON311204,Maintain tools and equipment
CONTCO207,Heavy Equipment Operation (Tower Crane) NC II (Superseded),CORE,CON833309,Perform pre- and post-operation procedures for lifting equipment
CONTOW319,Heavy Equipment Operation (Tower Crane) NC III,BASIC,400311321,Apply critical thinking and problem solving techniques in the workplace
CONTOW319,Heavy Equipment Operation (Tower Crane) NC III,BASIC,400311319,Lead in workplace communication
CONTOW319,Heavy Equipment Operation (Tower Crane) NC III,BASIC,400311320,Lead small teams
CONTOW319,Heavy Equipment Operation (Tower Crane) NC III,CORE,CON834312,Perform productive operation for tower crane
CONTOW319,Heavy Equipment Operation (Tower Crane) NC III,BASIC,400311322,Work in a diverse environment
CONTOW319,Heavy Equipment Operation (Tower Crane) NC III,BASIC,400311323,Propose methods of applying learning and innovation in the organization
CONTOW319,Heavy Equipment Operation (Tower Crane) NC III,BASIC,400311324,Use information systematically
CONTOW319,Heavy Equipment Operation (Tower Crane) NC III,BASIC,400311325,Evaluate occupational safety and health work practices
CONTOW319,Heavy Equipment Operation (Tower Crane) NC III,BASIC,400311326,Evaluate environmental work practices
CONTOW319,Heavy Equipment Operation (Tower Crane) NC III,BASIC,400311327,Facilitate entrepreneurial skills for micro-small-medium enterprises (MSMEs)
CONTOW319,Heavy Equipment Operation (Tower Crane) NC III,COMMON,CON931201,Prepare construction materials and tools
CONTOW319,Heavy Equipment Operation (Tower Crane) NC III,COMMON,CON311201,"Observe procedures, specifications and manuals of instructions"
CONTOW319,Heavy Equipment Operation (Tower Crane) NC III,COMMON,CON311202,Interpret technical drawings and plans
CONTOW319,Heavy Equipment Operation (Tower Crane) NC III,COMMON,CON311203,Perform mensurations and calculations
CONTOW319,Heavy Equipment Operation (Tower Crane) NC III,COMMON,CON311204,Maintain tools and equipment
CONTOW319,Heavy Equipment Operation (Tower Crane) NC III,CORE,CON834310,Perform pre and post-operation procedures for tower crane
CONTOW319,Heavy Equipment Operation (Tower Crane) NC III,CORE,CON834311,Perform basic preventive maintenance servicing for tower crane
CONTMO207,Heavy Equipment Operation (Transit Mixer) NC II,COMMON,CON311202,Interpret technical drawings and plans
CONTMO207,Heavy Equipment Operation (Transit Mixer) NC II,CORE,CON833322,Perform basic preventive maintenance servicing for concreting and asphalting equipment
CONTMO207,Heavy Equipment Operation (Transit Mixer) NC II,CORE,CON833323,Perform productive operation for transit mixer
CONTMO207,Heavy Equipment Operation (Transit Mixer) NC II,COMMON,CON311201,"Observe procedures, specifications and manuals of instructions"
CONTMO207,Heavy Equipment Operation (Transit Mixer) NC II,COMMON,CON311204,Maintain tools and equipment
CONTMO207,Heavy Equipment Operation (Transit Mixer) NC II,COMMON,CON931201,Prepare construction materials and tools
CONTMO207,Heavy Equipment Operation (Transit Mixer) NC II,BASIC,500311108,Practice occupational health and safety procedures
CONTMO207,Heavy Equipment Operation (Transit Mixer) NC II,CORE,CON833321,Perform pre- and post-operation procedures for concreting and asphalting equipment
CONTMO207,Heavy Equipment Operation (Transit Mixer) NC II,BASIC,500311107,Practice career professionalism
CONTMO207,Heavy Equipment Operation (Transit Mixer) NC II,BASIC,500311106,Work in team environment
CONTMO207,Heavy Equipment Operation (Transit Mixer) NC II,BASIC,500311105,Participate in workplace communication
CONTMO207,Heavy Equipment Operation (Transit Mixer) NC II,COMMON,CON311203,Perform mensurations and calculations
CONTMC207,Heavy Equipment Operation (Truck Mounted Crane) NC II (Superseded),COMMON,CON931201,Prepare construction materials and tools
CONTMC207,Heavy Equipment Operation (Truck Mounted Crane) NC II (Superseded),CORE,CON833310,Perform basic preventive maintenance servicing for lifting equipment
CONTMC207,Heavy Equipment Operation (Truck Mounted Crane) NC II (Superseded),CORE,CON833312,Perform productive operation for truck-mounted crane
CONTMC207,Heavy Equipment Operation (Truck Mounted Crane) NC II (Superseded),BASIC,500311105,Participate in workplace communication
CONTMC207,Heavy Equipment Operation (Truck Mounted Crane) NC II (Superseded),BASIC,500311106,Work in team environment
CONTMC207,Heavy Equipment Operation (Truck Mounted Crane) NC II (Superseded),BASIC,500311107,Practice career professionalism
CONTMC207,Heavy Equipment Operation (Truck Mounted Crane) NC II (Superseded),BASIC,500311108,Practice occupational health and safety procedures
CONTMC207,Heavy Equipment Operation (Truck Mounted Crane) NC II (Superseded),COMMON,CON311201,"Observe procedures, specifications and manuals of instructions"
CONTMC207,Heavy Equipment Operation (Truck Mounted Crane) NC II (Superseded),COMMON,CON311202,Interpret technical drawings and plans
CONTMC207,Heavy Equipment Operation (Truck Mounted Crane) NC II (Superseded),CORE,CON833309,Perform pre- and post-operation procedures for lifting equipment
CONTMC207,Heavy Equipment Operation (Truck Mounted Crane) NC II (Superseded),COMMON,CON311203,Perform mensurations and calculations
CONTMC207,Heavy Equipment Operation (Truck Mounted Crane) NC II (Superseded),COMMON,CON311204,Maintain tools and equipment
CONTMC319,Heavy Equipment Operation (Truck Mounted Crane) NC III,COMMON,CON311203,Perform mensurations and calculations
CONTMC319,Heavy Equipment Operation (Truck Mounted Crane) NC III,COMMON,CON311201,"Observe procedures, specifications and manuals of instructions"
CONTMC319,Heavy Equipment Operation (Truck Mounted Crane) NC III,COMMON,CON311202,Interpret technical drawings and plans
CONTMC319,Heavy Equipment Operation (Truck Mounted Crane) NC III,COMMON,CON931201,Prepare construction materials and tools
CONTMC319,Heavy Equipment Operation (Truck Mounted Crane) NC III,COMMON,CON311204,Maintain tools and equipment
CONTMC319,Heavy Equipment Operation (Truck Mounted Crane) NC III,CORE,CON834301,Perform pre and post-operation procedures for truck mounted crane
CONTMC319,Heavy Equipment Operation (Truck Mounted Crane) NC III,CORE,CON834302,Perform basic preventive maintenance servicing for truck mounted crane
CONTMC319,Heavy Equipment Operation (Truck Mounted Crane) NC III,CORE,CON834303,Perform productive operation for truck mounted crane
CONTMC319,Heavy Equipment Operation (Truck Mounted Crane) NC III,BASIC,400311327,Facilitate entrepreneurial skills for micro-small-medium enterprises (MSMEs)
CONTMC319,Heavy Equipment Operation (Truck Mounted Crane) NC III,BASIC,400311326,Evaluate environmental work practices
CONTMC319,Heavy Equipment Operation (Truck Mounted Crane) NC III,BASIC,400311324,Use information systematically
CONTMC319,Heavy Equipment Operation (Truck Mounted Crane) NC III,BASIC,400311323,Propose methods of applying learning and innovation in the organization
CONTMC319,Heavy Equipment Operation (Truck Mounted Crane) NC III,BASIC,400311322,Work in a diverse environment
CONTMC319,Heavy Equipment Operation (Truck Mounted Crane) NC III,BASIC,400311321,Apply critical thinking and problem solving techniques in the workplace
CONTMC319,Heavy Equipment Operation (Truck Mounted Crane) NC III,BASIC,400311320,Lead small teams
CONTMC319,Heavy Equipment Operation (Truck Mounted Crane) NC III,BASIC,400311319,Lead in workplace communication
CONTMC319,Heavy Equipment Operation (Truck Mounted Crane) NC III,BASIC,400311325,Evaluate occupational safety and health work practices
CONWLO207,Heavy Equipment Operation (Wheel Loader) NC II,COMMON,CON311203,Perform mensurations and calculations
CONWLO207,Heavy Equipment Operation (Wheel Loader) NC II,CORE,CON833304,Perform productive operation for wheel loader
CONWLO207,Heavy Equipment Operation (Wheel Loader) NC II,COMMON,CON311201,"Observe procedures, specifications and manuals of instructions"
CONWLO207,Heavy Equipment Operation (Wheel Loader) NC II,COMMON,CON311202,Interpret technical drawings and plans
CONWLO207,Heavy Equipment Operation (Wheel Loader) NC II,COMMON,CON931201,Prepare construction materials and tools
CONWLO207,Heavy Equipment Operation (Wheel Loader) NC II,BASIC,500311108,Practice occupational health and safety procedures
CONWLO207,Heavy Equipment Operation (Wheel Loader) NC II,BASIC,500311107,Practice career professionalism
CONWLO207,Heavy Equipment Operation (Wheel Loader) NC II,BASIC,500311106,Work in team environment
CONWLO207,Heavy Equipment Operation (Wheel Loader) NC II,BASIC,500311105,Participate in workplace communication
CONWLO207,Heavy Equipment Operation (Wheel Loader) NC II,COMMON,CON311204,Maintain tools and equipment
CONWLO207,Heavy Equipment Operation (Wheel Loader) NC II,CORE,CON833301,Perform pre- and post-operation procedures for earth-moving equipment
CONWLO207,Heavy Equipment Operation (Wheel Loader) NC II,CORE,CON833302,Perform basic preventive maintenance servicing for earth-moving equipment
CONHEM206,Heavy Equipment Servicing (Mechanical) NC II,CORE,CON723306,Service power train system II
CONHEM206,Heavy Equipment Servicing (Mechanical) NC II,BASIC,500311105,Participate in workplace communication
CONHEM206,Heavy Equipment Servicing (Mechanical) NC II,CORE,CON723307,Service hydraulic system II
CONHEM206,Heavy Equipment Servicing (Mechanical) NC II,BASIC,500311106,Work in team environment
CONHEM206,Heavy Equipment Servicing (Mechanical) NC II,CORE,CON723308,Service undercarriage system II
CONHEM206,Heavy Equipment Servicing (Mechanical) NC II,BASIC,500311107,Practice career professionalism
CONHEM206,Heavy Equipment Servicing (Mechanical) NC II,BASIC,500311108,Practice occupational health and safety procedures
CONHEM206,Heavy Equipment Servicing (Mechanical) NC II,COMMON,CON931201,Prepare construction materials and tools
CONHEM206,Heavy Equipment Servicing (Mechanical) NC II,COMMON,CON311201,"Observe procedures, specifications and manuals of instructions"
CONHEM206,Heavy Equipment Servicing (Mechanical) NC II,COMMON,CON311202,Interpret technical drawings and plans
CONHEM206,Heavy Equipment Servicing (Mechanical) NC II,COMMON,CON311203,Perform mensurations and calculations
CONHEM206,Heavy Equipment Servicing (Mechanical) NC II,COMMON,CON311204,Maintain tools and equipment
CONHEM206,Heavy Equipment Servicing (Mechanical) NC II,CORE,CON723305,Service engine system II
HHCHIL208,Hilot (Wellness Massage) NC II,CORE,HCS222302,Provide pre-service to hilot client/s
HHCHIL208,Hilot (Wellness Massage) NC II,CORE,HCS222303,Apply hilot wellness massage techniques
HHCHIL208,Hilot (Wellness Massage) NC II,CORE,HCS222304,Provide post advice and post-services to hilot clients
HHCHIL208,Hilot (Wellness Massage) NC II,BASIC,500311105,Participate in workplace communication
HHCHIL208,Hilot (Wellness Massage) NC II,BASIC,500311106,Work in team environment
HHCHIL208,Hilot (Wellness Massage) NC II,BASIC,500311107,Practice career professionalism
HHCHIL208,Hilot (Wellness Massage) NC II,BASIC,500311108,Practice occupational health and safety procedures
HHCHIL208,Hilot (Wellness Massage) NC II,COMMON,HCS323201,Implement and monitor infection control policies and procedures
HHCHIL208,Hilot (Wellness Massage) NC II,COMMON,HCS323202,Respond effectively to difficult/challenging behavior
HHCHIL208,Hilot (Wellness Massage) NC II,COMMON,HCS323203,Apply basic first aid
HHCHIL208,Hilot (Wellness Massage) NC II,COMMON,HCS323204,Maintain high standards of patient/client services
HHCHIL208,Hilot (Wellness Massage) NC II,CORE,HCS222301,Plan the hilot wellness program of client/s
AFFHTC204,Horticulture NC II (Superseded),CORE,AGR611103,Produce fruit bearing crops
AFFHTC204,Horticulture NC II (Superseded),CORE,AGR611104,Perform post harvest operations of major tropical fruits
AFFHTC204,Horticulture NC II (Superseded),CORE,AGR611105,Perform post harvest operations of major lowland and semi-temperate vegetable crops
AFFHTC204,Horticulture NC II (Superseded),BASIC,500311105,Participate in workplace communication
AFFHTC204,Horticulture NC II (Superseded),BASIC,500311106,Work in team environment
AFFHTC204,Horticulture NC II (Superseded),BASIC,500311107,Practice career professionalism
AFFHTC204,Horticulture NC II (Superseded),BASIC,500311108,Practice occupational health and safety procedures
AFFHTC204,Horticulture NC II (Superseded),COMMON,AGR321201,Apply safety measures in farm operations
AFFHTC204,Horticulture NC II (Superseded),COMMON,AGR321202,Use farm tools and equipment
AFFHTC204,Horticulture NC II (Superseded),COMMON,AGR321203,Perform estimation and basic calculation
AFFHTC204,Horticulture NC II (Superseded),CORE,AGR611101,Conduct pre-horticultural farm operations
AFFHTC204,Horticulture NC II (Superseded),CORE,AGR611102,Produce vegetables
AFFHTC306,Horticulture NC III,ELECTIVE,AGR611325,Follow site quarantine procedures
AFFHTC306,Horticulture NC III,CORE,AGR611319,Undertake propagation activities
AFFHTC306,Horticulture NC III,ELECTIVE,AGR611327,Handle bulk materials in storage area
AFFHTC306,Horticulture NC III,BASIC,500311109,Lead workplace communication
AFFHTC306,Horticulture NC III,BASIC,500311110,Lead small teams
AFFHTC306,Horticulture NC III,BASIC,500311111,Develop and practice negotiation skills
AFFHTC306,Horticulture NC III,BASIC,500311112,Solve problems related to work activities
AFFHTC306,Horticulture NC III,BASIC,500311113,Use mathematical concepts and techniques
AFFHTC306,Horticulture NC III,BASIC,500311114,Use relevant technologies
AFFHTC306,Horticulture NC III,COMMON,AGR321201,Apply safety measures in farm operations
AFFHTC306,Horticulture NC III,COMMON,AGR321202,Use farm tools and equipment
AFFHTC306,Horticulture NC III,COMMON,AGR321203,Perform estimation and basic calculation
AFFHTC306,Horticulture NC III,CORE,AGR611310,Prepare land for agricultural crop production
AFFHTC306,Horticulture NC III,CORE,AGR611311,Implement post-harvest program
AFFHTC306,Horticulture NC III,CORE,AGR611312,Implement plant nutrition program
AFFHTC306,Horticulture NC III,CORE,AGR611313,Control weeds
AFFHTC306,Horticulture NC III,CORE,AGR611314,Prepare and apply chemicals
AFFHTC306,Horticulture NC III,CORE,AGR611315,Establish horticultural crops
AFFHTC306,Horticulture NC III,CORE,AGR611316,Coordinate horticultural maintenance program
AFFHTC306,Horticulture NC III,CORE,AGR611317,Coordinate horticultural crop harvesting
AFFHTC306,Horticulture NC III,ELECTIVE,AGR611328,Prepare grain storage
AFFHTC306,Horticulture NC III,ELECTIVE,AGR611329,Comply with industry quality assurance requirements
AFFHTC306,Horticulture NC III,ELECTIVE,AGR611326,Collect samples for a rural production or horticultural monitoring program
AFFHTC306,Horticulture NC III,ELECTIVE,AGR611330,Maintain and monitor environmental work practices
AFFHTC306,Horticulture NC III,ELECTIVE,AGR611331,Keep records for farm business
AFFHTC306,Horticulture NC III,ELECTIVE,AGR611332,Perform specialized machinery maintenance
AFFHTC306,Horticulture NC III,ELECTIVE,AGR611333,Install irrigation systems
AFFHTC306,Horticulture NC III,CORE,AGR611318,Undertake field budding and grafting
TRSHSK213,Housekeeping NC II,CORE,TRS5123114,Laundry linen and guest clothes
TRSHSK213,Housekeeping NC II,COMMON,TRS311202,Observe workplace hygiene procedures
TRSHSK213,Housekeeping NC II,COMMON,TRS311201,Develop and update industry knowledge
TRSHSK213,Housekeeping NC II,COMMON,TRS311203,Perform computer operations
TRSHSK213,Housekeeping NC II,BASIC,500311107,Practice career professionalism
TRSHSK213,Housekeeping NC II,COMMON,TRS311204,Perform workplace and safety practices
TRSHSK213,Housekeeping NC II,BASIC,500311105,Participate in workplace communication
TRSHSK213,Housekeeping NC II,COMMON,TRS311205,Provide effective customer service
TRSHSK213,Housekeeping NC II,CORE,TRS5123111,Provide housekeeping services to guests
TRSHSK213,Housekeeping NC II,CORE,TRS5123112,Clean and prepare rooms for incoming guests
TRSHSK213,Housekeeping NC II,CORE,TRS5123113,Provide valet/butler service
TRSHSK213,Housekeeping NC II,CORE,TRS5123115,"Clean public areas, facilities and equipment"
TRSHSK213,Housekeeping NC II,CORE,TRS5123122,Deal with/handle intoxicated guests
TRSHSK213,Housekeeping NC II,BASIC,500311108,Practice occupational health and safety procedures
TRSHSK213,Housekeeping NC II,BASIC,500311106,Work in team environment
TRSHSK205,Housekeeping NC II (Superseded),COMMON,TRS311203,Perform computer operations
TRSHSK205,Housekeeping NC II (Superseded),COMMON,TRS311205,Provide effective customer service
TRSHSK205,Housekeeping NC II (Superseded),COMMON,TRS311204,Perform workplace and safety practices
TRSHSK205,Housekeeping NC II (Superseded),BASIC,500311105,Participate in workplace communication
TRSHSK205,Housekeeping NC II (Superseded),BASIC,500311106,Work in team environment
TRSHSK205,Housekeeping NC II (Superseded),BASIC,500311107,Practice career professionalism
TRSHSK205,Housekeeping NC II (Superseded),CORE,TRS512307,Provide housekeeping services to guest
TRSHSK205,Housekeeping NC II (Superseded),BASIC,500311108,Practice occupational health and safety procedures
TRSHSK205,Housekeeping NC II (Superseded),COMMON,TRS311201,Develop and update industry knowledge
TRSHSK205,Housekeeping NC II (Superseded),CORE,TRS512311,Laundry linen and guest clothes
TRSHSK205,Housekeeping NC II (Superseded),CORE,TRS512308,Prepare rooms for guest
TRSHSK205,Housekeeping NC II (Superseded),CORE,TRS512310,Provide valet service
TRSHSK205,Housekeeping NC II (Superseded),CORE,TRS512309,Clean premises
TRSHSK205,Housekeeping NC II (Superseded),COMMON,TRS311202,Observe workplace hygiene procedures
TRSHSK319,Housekeeping NC III,BASIC,400311325,Evaluate occupational safety and health work practices
TRSHSK319,Housekeeping NC III,CORE,TRS515304,"Supervise laundry of linen, uniform and guest clothes"
TRSHSK319,Housekeeping NC III,BASIC,400311324,Use information systematically
TRSHSK319,Housekeeping NC III,BASIC,400311326,Evaluate environmental work practices
TRSHSK319,Housekeeping NC III,BASIC,400311319,Lead in workplace communication
TRSHSK319,Housekeeping NC III,BASIC,400311320,Lead small teams
TRSHSK319,Housekeeping NC III,BASIC,400311321,Apply critical thinking and problem solving techniques in the workplace
TRSHSK319,Housekeeping NC III,BASIC,400311322,Work in a diverse environment
TRSHSK319,Housekeeping NC III,BASIC,400311323,Propose methods of applying learning and innovation in the organization
TRSHSK319,Housekeeping NC III,BASIC,400311327,Facilitate entrepreneurial skills for micro-small-medium enterprises (MSMEs)
TRSHSK319,Housekeeping NC III,COMMON,TRS141205,Control and order stock
TRSHSK319,Housekeeping NC III,COMMON,TRS141201,Receive and resolve customer complaints
TRSHSK319,Housekeeping NC III,COMMON,TRS141202,Work cooperatively in a general administration environment
TRSHSK319,Housekeeping NC III,COMMON,TRS141203,Maintain quality customer/guest service
TRSHSK319,Housekeeping NC III,COMMON,TRS141204,Roster staff
TRSHSK319,Housekeeping NC III,COMMON,TRS141206,Prepare and deliver training sessions
TRSHSK319,Housekeeping NC III,COMMON,TRS311207,"Plan, conduct and evaluate staff performance assessment"
TRSHSK319,Housekeeping NC III,CORE,TRS515301,Supervise room cleaning and maintenance requirement
TRSHSK319,Housekeeping NC III,CORE,TRS515302,Supervise housekeeping services to guests
TRSHSK319,Housekeeping NC III,CORE,TRS515303,Implement lost and found procedures
TRSHSK307,Housekeeping NC III (Superseded),COMMON,TRS311207,Control and order stock
TRSHSK307,Housekeeping NC III (Superseded),CORE,TRS512374,"Escort, carry and store valuable items"
TRSHSK307,Housekeeping NC III (Superseded),COMMON,TRS311206,Roster staff
TRSHSK307,Housekeeping NC III (Superseded),BASIC,500311114,Use relevant technologies
TRSHSK307,Housekeeping NC III (Superseded),BASIC,500311113,Use mathematical concepts and techniques
TRSHSK307,Housekeeping NC III (Superseded),BASIC,500311112,Solve problems related to work activities
TRSHSK307,Housekeeping NC III (Superseded),BASIC,500311111,Develop and practice negotiation skills
TRSHSK307,Housekeeping NC III (Superseded),BASIC,500311110,Lead small teams
TRSHSK307,Housekeeping NC III (Superseded),BASIC,500311109,Lead workplace communication
TRSHSK307,Housekeeping NC III (Superseded),COMMON,TRS311208,Train small groups
TRSHSK307,Housekeeping NC III (Superseded),COMMON,TRS311209,Establish and conduct business relationships
TRSHSK307,Housekeeping NC III (Superseded),CORE,TRS512371,"Plan and schedule routine maintenance, repairs and modifications"
TRSHSK307,Housekeeping NC III (Superseded),CORE,TRS512372,Contribute to the implementation of emergency procedures
TRSHSK307,Housekeeping NC III (Superseded),CORE,TRS512373,Observe and monitor people
TRSHSK419,Housekeeping NC IV,COMMON,TRS141213,Plan and implement a series of training events
TRSHSK419,Housekeeping NC IV,BASIC,500311407,"Lead in improvement of occupational safety and health (OSH) programs, policies and procedures"
TRSHSK419,Housekeeping NC IV,BASIC,500311401,Utilize specialized communication skill
TRSHSK419,Housekeeping NC IV,BASIC,500311402,Develop and lead teams
TRSHSK419,Housekeeping NC IV,BASIC,500311403,Perform higher-order thinking processes and apply techniques in the workplace
TRSHSK419,Housekeeping NC IV,BASIC,500311404,Contribute to the practice of social justice in the workplace
TRSHSK419,Housekeeping NC IV,BASIC,500311405,Manage innovative work instructions
TRSHSK419,Housekeeping NC IV,COMMON,TRS141214,Use the assessment system for training outcomes
TRSHSK419,Housekeeping NC IV,BASIC,500311406,Manage and evaluate usage of information
TRSHSK419,Housekeeping NC IV,BASIC,500311408,"Lead towards improvement of environmental work programs, policies and procedures"
TRSHSK419,Housekeeping NC IV,BASIC,500311409,Sustain entrepreneurial skills
TRSHSK419,Housekeeping NC IV,COMMON,TRS141208,Maintain hospitality industry knowledge
TRSHSK419,Housekeeping NC IV,COMMON,TRS141209,Perform child protection duties relevant to the tourism industry
TRSHSK419,Housekeeping NC IV,CORE,TRS515309,Manage laundry/valet service
TRSHSK419,Housekeeping NC IV,CORE,TRS515305,"Plan and schedule routine maintenance, repairs of physical assets"
TRSHSK419,Housekeeping NC IV,CORE,TRS515306,Plan and manage housekeeping services for guests
TRSHSK419,Housekeeping NC IV,CORE,TRS515307,Manage lost and found procedures
TRSHSK419,Housekeeping NC IV,CORE,TRS515308,"Manage inventory, storage and issuance of linen and uniforms"
TRSHSK419,Housekeeping NC IV,COMMON,TRS141210,Develop and supervise operational approaches
TRSHSK419,Housekeeping NC IV,COMMON,TRS141211,Manage quality customer service
TRSHSK419,Housekeeping NC IV,COMMON,TRS141212,Manage finances within a budget
TRSHSK407,Housekeeping NC IV (Superseded),COMMON,TRS311212,Manage finances within a budget
TRSHSK407,Housekeeping NC IV (Superseded),COMMON,TRS311213,Manage quality customer service
TRSHSK407,Housekeeping NC IV (Superseded),COMMON,TRS311210,Conduct assessment
TRSHSK407,Housekeeping NC IV (Superseded),BASIC,500311120,Promote environmental protection
TRSHSK407,Housekeeping NC IV (Superseded),BASIC,500311119,Plan and organize work
TRSHSK407,Housekeeping NC IV (Superseded),BASIC,500311118,"Collect, analyze and organize information"
TRSHSK407,Housekeeping NC IV (Superseded),BASIC,500311117,Apply problem solving techniques in the workplace
TRSHSK407,Housekeeping NC IV (Superseded),BASIC,500311116,Develop teams and individuals
TRSHSK407,Housekeeping NC IV (Superseded),BASIC,500311115,Utilize specialized communication skills
TRSHSK407,Housekeeping NC IV (Superseded),CORE,TRS512378,Provide for the safety of VIPs
TRSHSK407,Housekeeping NC IV (Superseded),CORE,TRS512376,Manage physical assets
TRSHSK407,Housekeeping NC IV (Superseded),CORE,TRS512377,Manage stock purchases and inventory
TRSHSK407,Housekeeping NC IV (Superseded),CORE,TRS512379,Provide a lost and found facility
TRSHSK407,Housekeeping NC IV (Superseded),COMMON,TRS311211,Manage workplace diversity
HVCIPR306,Ice Plant Refrigeration Servicing NC III,BASIC,500311110,Lead small teams
HVCIPR306,Ice Plant Refrigeration Servicing NC III,BASIC,500311111,Develop and practice negotiation skills
HVCIPR306,Ice Plant Refrigeration Servicing NC III,BASIC,500311112,Solve problems related to work activities
HVCIPR306,Ice Plant Refrigeration Servicing NC III,BASIC,500311113,Use mathematical concepts and techniques
HVCIPR306,Ice Plant Refrigeration Servicing NC III,BASIC,500311114,Use relevant technologies
HVCIPR306,Ice Plant Refrigeration Servicing NC III,BASIC,500311109,Lead workplace communication
HVCIPR306,Ice Plant Refrigeration Servicing NC III,COMMON,CON311201,"Observe procedures, specifications and manuals of instructions"
HVCIPR306,Ice Plant Refrigeration Servicing NC III,COMMON,HVC311203,Perform mensuration and calculation
HVCIPR306,Ice Plant Refrigeration Servicing NC III,COMMON,HVC713202,Perform basic benchworks
HVCIPR306,Ice Plant Refrigeration Servicing NC III,COMMON,HVC724201,Perform basic electrical works
HVCIPR306,Ice Plant Refrigeration Servicing NC III,COMMON,HVC311205,Maintain tools and equipment
HVCIPR306,Ice Plant Refrigeration Servicing NC III,COMMON,HVC315201,Perform housekeeping and safety practices
HVCIPR306,Ice Plant Refrigeration Servicing NC III,COMMON,HVC311205,Document work accomplished
HVCIPR306,Ice Plant Refrigeration Servicing NC III,CORE,HVC723322,Survey site for installation of ice plant refrigeration equipment
HVCIPR306,Ice Plant Refrigeration Servicing NC III,CORE,HVC723323,Install ice plant refrigeration piping system
HVCIPR306,Ice Plant Refrigeration Servicing NC III,CORE,HVC723324,Install ice plant refrigeration electrical system
HVCIPR306,Ice Plant Refrigeration Servicing NC III,CORE,HVC723325,Install ice plant refrigeration equipment
HVCIPR306,Ice Plant Refrigeration Servicing NC III,CORE,HVC723326,Service and maintain ice plant refrigeration system
HVCIPR306,Ice Plant Refrigeration Servicing NC III,CORE,HVC723327,Troubleshoot ice plant refrigeration system
HVCIPR306,Ice Plant Refrigeration Servicing NC III,CORE,HVC723328,Recover and recycle refrigerant from ice plant refrigeration system
HVCIPR306,Ice Plant Refrigeration Servicing NC III,CORE,HVC723329,Repair and retrofit ice plant refrigeration system and its accessories
HVCIPR306,Ice Plant Refrigeration Servicing NC III,CORE,HVC723330,Perform start-up and commissioning for ice plant refrigeration system
HVCIPR306,Ice Plant Refrigeration Servicing NC III,COMMON,HVC713201,Prepare materials and tools
VSAILU208,Illustration NC II,COMMON,TRS311203,Perform computer operations
VSAILU208,Illustration NC II,BASIC,500311107,Practice career professionalism
VSAILU208,Illustration NC II,BASIC,500311108,Practice occupational health and safety procedures
VSAILU208,Illustration NC II,COMMON,TRS311201,Develop and update industry knowledge
VSAILU208,Illustration NC II,BASIC,500311106,Work in team environment
VSAILU208,Illustration NC II,BASIC,500311105,Participate in workplace communication
VSAILU208,Illustration NC II,CORE,VSA245305,"Prepare, Store and Maintain Finished Work"
VSAILU208,Illustration NC II,CORE,VSA245304,Use drawing techniques to represent the object of idea
VSAILU208,Illustration NC II,CORE,VSA245303,Develop and articulate concept for own work
VSAILU208,Illustration NC II,CORE,VSA245302,Source concept for own work
VSAILU208,Illustration NC II,CORE,VSA245301,Apply techniques to produce drawings
VSAILU208,Illustration NC II,COMMON,VSA313202,Select and prepare work for exhibition
VSAILU208,Illustration NC II,COMMON,VSA313201,Develop self as an artist
ELCICS223,Instrumentation and Control Servicing NC II,BASIC,400311215,Present relevant information
ELCICS223,Instrumentation and Control Servicing NC II,CORE,ELC311314,Configure Instrumentation and Control  Devices
ELCICS223,Instrumentation and Control Servicing NC II,BASIC,400311210,Participate in workplace communication
ELCICS223,Instrumentation and Control Servicing NC II,BASIC,400311211,Work in team environment
ELCICS223,Instrumentation and Control Servicing NC II,BASIC,400311212,Solve/address general workplace problems
ELCICS223,Instrumentation and Control Servicing NC II,BASIC,400311213,Develop career and life decisions
ELCICS223,Instrumentation and Control Servicing NC II,BASIC,400311214,Contribute to workplace innovation
ELCICS223,Instrumentation and Control Servicing NC II,BASIC,400311216,Practice occupational safety and health policies and procedures
ELCICS223,Instrumentation and Control Servicing NC II,BASIC,400311217,Exercise efficient and effective sustainable practices in the workplace
ELCICS223,Instrumentation and Control Servicing NC II,BASIC,400311218,Practice entrepreneurial skills in the workplace
ELCICS223,Instrumentation and Control Servicing NC II,COMMON,ELC311205,Use hand tools
ELCICS223,Instrumentation and Control Servicing NC II,COMMON,ELC311201,Perform mensuration and calculation
ELCICS223,Instrumentation and Control Servicing NC II,COMMON,ELC311202,Prepare and interpret technical drawing
ELCICS223,Instrumentation and Control Servicing NC II,COMMON,ELC311204,Apply quality standards
ELCICS223,Instrumentation and Control Servicing NC II,COMMON,ELC311203,Perform computer operations
ELCICS223,Instrumentation and Control Servicing NC II,COMMON,ELC311206,Terminate and connect electrical wiring and electronic circuits
ELCICS223,Instrumentation and Control Servicing NC II,COMMON,ELC311209,Test electronic components
ELCICS223,Instrumentation and Control Servicing NC II,CORE,ELC311313,Install Instrumentation and Control Devices
ELCICS206,Instrumentation and Control Servicing NC II (Superseded),CORE,ELC724301,Install instrumentation and control devices
ELCICS206,Instrumentation and Control Servicing NC II (Superseded),COMMON,ELC724202,Terminate and connect electrical wiring and electronic circuits
ELCICS206,Instrumentation and Control Servicing NC II (Superseded),COMMON,ELC311203,Perform computer operations
ELCICS206,Instrumentation and Control Servicing NC II (Superseded),COMMON,ELC315202,Apply quality standards
ELCICS206,Instrumentation and Control Servicing NC II (Superseded),COMMON,ELC311202,Prepare and interpret technical drawing
ELCICS206,Instrumentation and Control Servicing NC II (Superseded),COMMON,ELC311201,Perform mensuration and calculation
ELCICS206,Instrumentation and Control Servicing NC II (Superseded),COMMON,ELC724201,Use hand tools
ELCICS206,Instrumentation and Control Servicing NC II (Superseded),BASIC,500311108,Practice occupational health and safety procedures
ELCICS206,Instrumentation and Control Servicing NC II (Superseded),BASIC,500311107,Practice career professionalism
ELCICS206,Instrumentation and Control Servicing NC II (Superseded),BASIC,500311106,Work in team environment
ELCICS206,Instrumentation and Control Servicing NC II (Superseded),BASIC,500311105,Participate in workplace communication
ELCICS206,Instrumentation and Control Servicing NC II (Superseded),CORE,ELC724302,Calibrate instrumentation and control devices
ELCICS206,Instrumentation and Control Servicing NC II (Superseded),CORE,ELC724303,Configure instrumentation and control devices
ELCICS323,Instrumentation and Control Servicing NC III,BASIC,400311326,Evaluate environmental work practices
ELCICS323,Instrumentation and Control Servicing NC III,COMMON,ELC311202,Prepare and interpret technical drawing
ELCICS323,Instrumentation and Control Servicing NC III,COMMON,ELC311206,Terminate and connect electrical wiring and electronic circuits
ELCICS323,Instrumentation and Control Servicing NC III,COMMON,ELC311209,Test electronic components
ELCICS323,Instrumentation and Control Servicing NC III,CORE,ELC311315,Calibrate instrumentation and control devices
ELCICS323,Instrumentation and Control Servicing NC III,CORE,ELC311316,"Maintain, troubleshoot & repair instrumentation and control devices"
ELCICS323,Instrumentation and Control Servicing NC III,BASIC,400311325,Evaluate occupational safety and health work practices
ELCICS323,Instrumentation and Control Servicing NC III,BASIC,400311324,Use information systematically
ELCICS323,Instrumentation and Control Servicing NC III,BASIC,400311323,Propose methods of applying learning and innovation in the organization
ELCICS323,Instrumentation and Control Servicing NC III,BASIC,400311322,Work in a diverse environment
ELCICS323,Instrumentation and Control Servicing NC III,COMMON,ELC311204,Apply quality standards
ELCICS323,Instrumentation and Control Servicing NC III,BASIC,400311321,Apply critical thinking and problem solving techniques in the workplace
ELCICS323,Instrumentation and Control Servicing NC III,BASIC,400311320,Lead small teams
ELCICS323,Instrumentation and Control Servicing NC III,BASIC,400311319,Lead in workplace communication
ELCICS323,Instrumentation and Control Servicing NC III,BASIC,400311327,Facilitate entrepreneurial skills for micro-small-medium enterprises (MSMEs)
ELCICS323,Instrumentation and Control Servicing NC III,COMMON,ELC311205,Use hand tools
ELCICS323,Instrumentation and Control Servicing NC III,COMMON,ELC311203,Perform computer operations
ELCICS323,Instrumentation and Control Servicing NC III,COMMON,ELC311201,Perform mensuration and calculation
ELCICS306,Instrumentation and Control Servicing NC III (Superseded),BASIC,500311112,Solve problems related to work activities
ELCICS306,Instrumentation and Control Servicing NC III (Superseded),BASIC,500311109,Lead workplace communication
ELCICS306,Instrumentation and Control Servicing NC III (Superseded),BASIC,500311110,Lead small teams
ELCICS306,Instrumentation and Control Servicing NC III (Superseded),BASIC,500311111,Develop and practice negotiation skills
ELCICS306,Instrumentation and Control Servicing NC III (Superseded),BASIC,500311113,Use mathematical concepts and techniques
ELCICS306,Instrumentation and Control Servicing NC III (Superseded),BASIC,500311114,Use relevant technologies
ELCICS306,Instrumentation and Control Servicing NC III (Superseded),CORE,ELC724305,Maintain and repair instrumentation and control devices
ELCICS306,Instrumentation and Control Servicing NC III (Superseded),CORE,ELC724304,Loop check instrumentation and control devices
ELCICS306,Instrumentation and Control Servicing NC III (Superseded),COMMON,ELC724202,Terminate and connect electrical wiring and electronic circuits
ELCICS306,Instrumentation and Control Servicing NC III (Superseded),COMMON,ELC315202,Apply quality standards
ELCICS306,Instrumentation and Control Servicing NC III (Superseded),COMMON,ELC724201,Use hand tools
ELCICS306,Instrumentation and Control Servicing NC III (Superseded),COMMON,ELC311202,Prepare and interpret technical drawing
ELCICS306,Instrumentation and Control Servicing NC III (Superseded),COMMON,ELC311201,Perform mensuration and calculation
ELCICS306,Instrumentation and Control Servicing NC III (Superseded),COMMON,ELC311203,Perform computer operations
ELCICS423,Instrumentation and Control Servicing NC IV,BASIC,500311408,"Lead towards improvement of environmental work programs, policies and procedures"
ELCICS423,Instrumentation and Control Servicing NC IV,BASIC,500311406,Manage and evaluate usage of information
ELCICS423,Instrumentation and Control Servicing NC IV,COMMON,ELC311206,Terminate and connect electrical wiring and electronic circuits
ELCICS423,Instrumentation and Control Servicing NC IV,COMMON,ELC311203,Perform computer operations
ELCICS423,Instrumentation and Control Servicing NC IV,COMMON,ELC311204,Apply quality standards
ELCICS423,Instrumentation and Control Servicing NC IV,COMMON,ELC311202,Prepare and interpret technical drawing
ELCICS423,Instrumentation and Control Servicing NC IV,COMMON,ELC311201,Perform mensuration and calculation
ELCICS423,Instrumentation and Control Servicing NC IV,COMMON,ELC311205,Use hand tools
ELCICS423,Instrumentation and Control Servicing NC IV,BASIC,500311409,Sustain entrepreneurial skills
ELCICS423,Instrumentation and Control Servicing NC IV,COMMON,ELC311209,Test electronic components
ELCICS423,Instrumentation and Control Servicing NC IV,BASIC,500311407,"Lead in improvement of occupational safety and health (OSH) programs, policies and procedures"
ELCICS423,Instrumentation and Control Servicing NC IV,BASIC,500311401,Utilize specialized communication skill
ELCICS423,Instrumentation and Control Servicing NC IV,BASIC,500311402,Develop and lead teams
ELCICS423,Instrumentation and Control Servicing NC IV,BASIC,500311403,Perform higher-order thinking processes and apply techniques in the workplace
ELCICS423,Instrumentation and Control Servicing NC IV,BASIC,500311404,Contribute to the practice of social justice in the workplace
ELCICS423,Instrumentation and Control Servicing NC IV,CORE,ELC311317,Loop check instrumentation and control devices
ELCICS423,Instrumentation and Control Servicing NC IV,CORE,ELC311318,Commission and start-up instrumentation & control loops and systems
ELCICS423,Instrumentation and Control Servicing NC IV,BASIC,500311405,Manage innovative work instructions
ELCICS406,Instrumentation and Control Servicing NC IV (Superseded),COMMON,ELC311201,Perform mensuration and calculation
ELCICS406,Instrumentation and Control Servicing NC IV (Superseded),BASIC,500311115,Utilize specialized communication skills
ELCICS406,Instrumentation and Control Servicing NC IV (Superseded),BASIC,500311116,Develop teams and individuals
ELCICS406,Instrumentation and Control Servicing NC IV (Superseded),BASIC,500311117,Apply problem solving techniques in the workplace
ELCICS406,Instrumentation and Control Servicing NC IV (Superseded),BASIC,500311118,"Collect, analyze and organize information"
ELCICS406,Instrumentation and Control Servicing NC IV (Superseded),BASIC,500311119,Plan and organize work
ELCICS406,Instrumentation and Control Servicing NC IV (Superseded),BASIC,500311120,Promote environmental protection
ELCICS406,Instrumentation and Control Servicing NC IV (Superseded),COMMON,ELC311202,Prepare and interpret technical drawing
ELCICS406,Instrumentation and Control Servicing NC IV (Superseded),COMMON,ELC315202,Apply quality standards
ELCICS406,Instrumentation and Control Servicing NC IV (Superseded),COMMON,ELC311203,Perform computer operations
ELCICS406,Instrumentation and Control Servicing NC IV (Superseded),COMMON,ELC724202,Terminate and connect electrical wiring and electronic circuits
ELCICS406,Instrumentation and Control Servicing NC IV (Superseded),CORE,ELC724306,Start-up and commissioning instrumentation & control systems
ELCICS406,Instrumentation and Control Servicing NC IV (Superseded),CORE,ELC724307,Diagnose and troubleshoot instrumentation & control systems
ELCICS406,Instrumentation and Control Servicing NC IV (Superseded),COMMON,ELC724201,Use hand tools
DCRJMF210,Jewelry Making (Fine Jewelry) NC II,CORE,DCJ731301,Fabricate basic jewelry components
DCRJMF210,Jewelry Making (Fine Jewelry) NC II,BASIC,500311106,Work in team environment
DCRJMF210,Jewelry Making (Fine Jewelry) NC II,BASIC,500311107,Practice career professionalism
DCRJMF210,Jewelry Making (Fine Jewelry) NC II,BASIC,500311108,Practice occupational health and safety procedures
DCRJMF210,Jewelry Making (Fine Jewelry) NC II,COMMON,CON311201,"Observe procedures, specifications and manuals of instructions"
DCRJMF210,Jewelry Making (Fine Jewelry) NC II,COMMON,CON311203,Perform mensurations and calculations
DCRJMF210,Jewelry Making (Fine Jewelry) NC II,COMMON,HCS311202,Manage own performance
DCRJMF210,Jewelry Making (Fine Jewelry) NC II,COMMON,ICT311202,Apply quality standards
DCRJMF210,Jewelry Making (Fine Jewelry) NC II,BASIC,500311105,Participate in workplace communication
DCRJMF210,Jewelry Making (Fine Jewelry) NC II,COMMON,HCS311204,Apply basic first aid
DCRJMF210,Jewelry Making (Fine Jewelry) NC II,CORE,DCJ731304,Perform rubber mold making
DCRJMF210,Jewelry Making (Fine Jewelry) NC II,CORE,DCJ731303,Plate jewelry
DCRJMF210,Jewelry Making (Fine Jewelry) NC II,CORE,DCJ731302,Polish jewelry
DCRJMF310,Jewelry Making (Fine Jewelry) NC III,BASIC,500311110,Lead small teams
DCRJMF310,Jewelry Making (Fine Jewelry) NC III,BASIC,500311109,Lead workplace communication
DCRJMF310,Jewelry Making (Fine Jewelry) NC III,BASIC,500311111,Develop and practice negotiation skills
DCRJMF310,Jewelry Making (Fine Jewelry) NC III,BASIC,500311112,Solve problems related to work activities
DCRJMF310,Jewelry Making (Fine Jewelry) NC III,BASIC,500311113,Use mathematical concepts and techniques
DCRJMF310,Jewelry Making (Fine Jewelry) NC III,BASIC,500311114,Use relevant technologies
DCRJMF310,Jewelry Making (Fine Jewelry) NC III,COMMON,CON311201,"Observe procedures, specifications and manuals of instructions"
DCRJMF310,Jewelry Making (Fine Jewelry) NC III,COMMON,CON311203,Perform mensurations and calculations
DCRJMF310,Jewelry Making (Fine Jewelry) NC III,COMMON,HCS515202,Manage own performance
DCRJMF310,Jewelry Making (Fine Jewelry) NC III,COMMON,ICT315202,Apply quality standards
DCRJMF310,Jewelry Making (Fine Jewelry) NC III,CORE,DCJ731305,Fabricate multi-parts jewelry
DCRJMF310,Jewelry Making (Fine Jewelry) NC III,CORE,DCJ731306,Fabricate complex and intricately designed jewelry
DCRJMF310,Jewelry Making (Fine Jewelry) NC III,CORE,DCJ731307,Perform stone setting activities
DCRJMF310,Jewelry Making (Fine Jewelry) NC III,CORE,DCJ731308,Perform jewelry metal casting
DCRJMF310,Jewelry Making (Fine Jewelry) NC III,CORE,DCJ731309,Produce jewelry wax model
DCRJMF310,Jewelry Making (Fine Jewelry) NC III,CORE,DCJ731310,Engrave jewelry
DCRJMF310,Jewelry Making (Fine Jewelry) NC III,COMMON,HCS323204,Maintain high standard of patient services
ALTLMC208,Laboratory and Metrology/Calibration Services NC II,CORE,ALT315306,Perform precision mechanical measurement
ALTLMC208,Laboratory and Metrology/Calibration Services NC II,BASIC,500311105,Participate in workplace communication
ALTLMC208,Laboratory and Metrology/Calibration Services NC II,BASIC,500311106,Work in team environment
ALTLMC208,Laboratory and Metrology/Calibration Services NC II,BASIC,500311107,Practice career professionalism
ALTLMC208,Laboratory and Metrology/Calibration Services NC II,BASIC,500311108,Practice occupational health and safety procedures
ALTLMC208,Laboratory and Metrology/Calibration Services NC II,COMMON,ALT742201,"Read, interpret and apply engineering drawings"
ALTLMC208,Laboratory and Metrology/Calibration Services NC II,COMMON,ALT311202,Perform mensuration and calculation
ALTLMC208,Laboratory and Metrology/Calibration Services NC II,COMMON,ALT723203,"Read, interpret and apply specifications and manuals"
ALTLMC208,Laboratory and Metrology/Calibration Services NC II,COMMON,ALT723205,Perform shop maintenance
ALTLMC208,Laboratory and Metrology/Calibration Services NC II,CORE,ALT315307,Calibrate measuring equipment
ALTLMC208,Laboratory and Metrology/Calibration Services NC II,CORE,ALT315305,Perform engineering measurement
ALTLMC309,Laboratory and Metrology/Calibration Services NC III,BASIC,500311109,Lead workplace communication
ALTLMC309,Laboratory and Metrology/Calibration Services NC III,BASIC,500311111,Develop and practice negotiation skills
ALTLMC309,Laboratory and Metrology/Calibration Services NC III,BASIC,500311112,Solve problems related to work activities
ALTLMC309,Laboratory and Metrology/Calibration Services NC III,BASIC,500311113,Use mathematical concepts and techniques
ALTLMC309,Laboratory and Metrology/Calibration Services NC III,BASIC,500311114,Use relevant technologies
ALTLMC309,Laboratory and Metrology/Calibration Services NC III,COMMON,ALT742201,"Read, interpret and apply engineering drawings"
ALTLMC309,Laboratory and Metrology/Calibration Services NC III,COMMON,ALT311202,Perform mensuration and calculation
ALTLMC309,Laboratory and Metrology/Calibration Services NC III,COMMON,ALT723203,"Read, interpret and apply specifications and manuals"
ALTLMC309,Laboratory and Metrology/Calibration Services NC III,COMMON,ALT723205,Perform shop maintenance
ALTLMC309,Laboratory and Metrology/Calibration Services NC III,CORE,ALT315311,Use comparison and basic measuring devices
ALTLMC309,Laboratory and Metrology/Calibration Services NC III,CORE,ALT315312,Measure components using coordinate measuring machines
ALTLMC309,Laboratory and Metrology/Calibration Services NC III,CORE,ALT315313,Use graphical techniques and perform simple statistical computations
ALTLMC309,Laboratory and Metrology/Calibration Services NC III,BASIC,500311110,Lead small teams
HVCMAC221,Land-Based Transport Mobile Air-conditioning (MAC) Servicing NC II,CORE,HVC723348,Service and maintain mobile air-conditioning units
HVCMAC221,Land-Based Transport Mobile Air-conditioning (MAC) Servicing NC II,BASIC,400311210,Participate in workplace communication
HVCMAC221,Land-Based Transport Mobile Air-conditioning (MAC) Servicing NC II,BASIC,400311213,Develop career and life decisions
HVCMAC221,Land-Based Transport Mobile Air-conditioning (MAC) Servicing NC II,BASIC,400311214,Contribute to workplace innovation
HVCMAC221,Land-Based Transport Mobile Air-conditioning (MAC) Servicing NC II,BASIC,400311215,Present relevant information
HVCMAC221,Land-Based Transport Mobile Air-conditioning (MAC) Servicing NC II,BASIC,400311216,Practice occupational safety and health policies and procedures
HVCMAC221,Land-Based Transport Mobile Air-conditioning (MAC) Servicing NC II,BASIC,400311217,Exercise efficient and effective sustainable practices in the workplace
HVCMAC221,Land-Based Transport Mobile Air-conditioning (MAC) Servicing NC II,BASIC,400311218,Practice entrepreneurial skills in the workplace
HVCMAC221,Land-Based Transport Mobile Air-conditioning (MAC) Servicing NC II,COMMON,HVC713201,Prepare materials and tools
HVCMAC221,Land-Based Transport Mobile Air-conditioning (MAC) Servicing NC II,COMMON,HVC311202,Interpret technical drawing and plans
HVCMAC221,Land-Based Transport Mobile Air-conditioning (MAC) Servicing NC II,COMMON,HVC311201,"Observe procedures, specifications and manuals of instructions"
HVCMAC221,Land-Based Transport Mobile Air-conditioning (MAC) Servicing NC II,COMMON,HVC311203,Perform mensuration and calculation
HVCMAC221,Land-Based Transport Mobile Air-conditioning (MAC) Servicing NC II,COMMON,HVC713202,Perform basic benchworks
HVCMAC221,Land-Based Transport Mobile Air-conditioning (MAC) Servicing NC II,COMMON,HVC724201,Perform basic electrical works
HVCMAC221,Land-Based Transport Mobile Air-conditioning (MAC) Servicing NC II,COMMON,HVC311205,"Maintain tools, instruments and equipment"
HVCMAC221,Land-Based Transport Mobile Air-conditioning (MAC) Servicing NC II,COMMON,HVC315201,Perform housekeeping and safety practices
HVCMAC221,Land-Based Transport Mobile Air-conditioning (MAC) Servicing NC II,COMMON,HVC311205,Document work accomplished
HVCMAC221,Land-Based Transport Mobile Air-conditioning (MAC) Servicing NC II,BASIC,400311211,Work in team environment
HVCMAC221,Land-Based Transport Mobile Air-conditioning (MAC) Servicing NC II,CORE,HVC723349,Troubleshoot and repair mobile air-conditioning systems
HVCMAC221,Land-Based Transport Mobile Air-conditioning (MAC) Servicing NC II,CORE,HVC723350,"Perform start-up, test and commissioning for mobile air-conditioning systems"
HVCMAC221,Land-Based Transport Mobile Air-conditioning (MAC) Servicing NC II,BASIC,400311212,Solve/address general workplace problems
HVCTRS215,Land-based Transport Refrigeration Servicing NC II,COMMON,HVC724201,Perform basic electrical works
HVCTRS215,Land-based Transport Refrigeration Servicing NC II,BASIC,500311106,Work in team environment
HVCTRS215,Land-based Transport Refrigeration Servicing NC II,BASIC,500311108,Practice occupational health and safety procedures
HVCTRS215,Land-based Transport Refrigeration Servicing NC II,COMMON,HVC713201,Prepare materials and tools
HVCTRS215,Land-based Transport Refrigeration Servicing NC II,COMMON,HVC311202,Interpret technical drawing and plans
HVCTRS215,Land-based Transport Refrigeration Servicing NC II,COMMON,HVC311201,"Observe procedures, specifications and manuals of instructions"
HVCTRS215,Land-based Transport Refrigeration Servicing NC II,COMMON,HVC311203,Perform mensuration and calculation
HVCTRS215,Land-based Transport Refrigeration Servicing NC II,COMMON,HVC713202,Perform basic benchworks
HVCTRS215,Land-based Transport Refrigeration Servicing NC II,BASIC,500311105,Participate in workplace communication
HVCTRS215,Land-based Transport Refrigeration Servicing NC II,COMMON,HVC311205,Maintain tools and equipment
HVCTRS215,Land-based Transport Refrigeration Servicing NC II,COMMON,HVC315201,Perform housekeeping and safety practices
HVCTRS215,Land-based Transport Refrigeration Servicing NC II,COMMON,HVC311205,Document work accomplished
HVCTRS215,Land-based Transport Refrigeration Servicing NC II,CORE,HVC712304,Service and maintain transport refrigeration units
HVCTRS215,Land-based Transport Refrigeration Servicing NC II,CORE,HVC712305,Troubleshoot and repair transport refrigeration systems
HVCTRS215,Land-based Transport Refrigeration Servicing NC II,CORE,HVC712306,"Perform start-up, test and commissioning of transport refrigeration unit"
HVCTRS215,Land-based Transport Refrigeration Servicing NC II,BASIC,500311107,Practice career professionalism
AFFLIM208,Landscape Installation and Maintenance (Softscape) NC II (Superseded),BASIC,500311106,Work in team environment
AFFLIM208,Landscape Installation and Maintenance (Softscape) NC II (Superseded),BASIC,500311107,Practice career professionalism
AFFLIM208,Landscape Installation and Maintenance (Softscape) NC II (Superseded),BASIC,500311108,Practice occupational health and safety procedures
AFFLIM208,Landscape Installation and Maintenance (Softscape) NC II (Superseded),BASIC,500311105,Participate in workplace communication
AFFLIM208,Landscape Installation and Maintenance (Softscape) NC II (Superseded),COMMON,AGR321202,Use farm and nursery tools and equipment
AFFLIM208,Landscape Installation and Maintenance (Softscape) NC II (Superseded),COMMON,AGR321203,Perform estimation and basic calculation
AFFLIM208,Landscape Installation and Maintenance (Softscape) NC II (Superseded),CORE,AGR611371,Provide site clearing and grubbing activities
AFFLIM208,Landscape Installation and Maintenance (Softscape) NC II (Superseded),CORE,AGR611372,Perform rough grading operations
AFFLIM208,Landscape Installation and Maintenance (Softscape) NC II (Superseded),CORE,AGR611373,Perform site preparation activities
AFFLIM208,Landscape Installation and Maintenance (Softscape) NC II (Superseded),CORE,AGR611374,Install plants at designated locations as designed
AFFLIM208,Landscape Installation and Maintenance (Softscape) NC II (Superseded),CORE,AGR611375,Install plant supports
AFFLIM208,Landscape Installation and Maintenance (Softscape) NC II (Superseded),CORE,AGR611376,Trim and prune landscape plants
AFFLIM208,Landscape Installation and Maintenance (Softscape) NC II (Superseded),CORE,AGR611377,Perform weeding and cultivation
AFFLIM208,Landscape Installation and Maintenance (Softscape) NC II (Superseded),CORE,AGR611378,Apply fertilizer (nutrition)
AFFLIM208,Landscape Installation and Maintenance (Softscape) NC II (Superseded),CORE,AGR611379,Water/irrigate plants
AFFLIM208,Landscape Installation and Maintenance (Softscape) NC II (Superseded),CORE,AGR611380,Control and prevent plant pest and diseases
AFFLIM208,Landscape Installation and Maintenance (Softscape) NC II (Superseded),CORE,AGR611381,Provide plant support
AFFLIM208,Landscape Installation and Maintenance (Softscape) NC II (Superseded),CORE,AGR611382,Perform lawn grass maintenance
AFFLIM208,Landscape Installation and Maintenance (Softscape) NC II (Superseded),CORE,AGR611383,Perform re-planting activities
AFFLIM208,Landscape Installation and Maintenance (Softscape) NC II (Superseded),CORE,AGR611384,"Collect, dispose and utilize organic waste"
AFFLIM208,Landscape Installation and Maintenance (Softscape) NC II (Superseded),COMMON,AGR321201,Apply safety measures in farm and nursery operations
-,Landscape Installation and Maintenance NC II,-,-,-
SOCLGS215,Lifeguard Services NC II,BASIC,500311107,Practice career professionalism
SOCLGS215,Lifeguard Services NC II,COMMON,SOC541203,Demonstrate water safety
SOCLGS215,Lifeguard Services NC II,CORE,SOC541305,Monitor water quality for swimming
SOCLGS215,Lifeguard Services NC II,CORE,SOC541304,Perform lifeguarding scanning
SOCLGS215,Lifeguard Services NC II,CORE,SOC541303,Demonstrate contact water rescue
SOCLGS215,Lifeguard Services NC II,CORE,SOC541302,Demonstrate non-contact rescue
SOCLGS215,Lifeguard Services NC II,CORE,SOC541301,Perform water-based skills in a pool environment
SOCLGS215,Lifeguard Services NC II,COMMON,SOC541206,Perform lifeguarding hand and whistle signals
SOCLGS215,Lifeguard Services NC II,COMMON,SOC541205,Provide emergency care (first aid)
SOCLGS215,Lifeguard Services NC II,COMMON,SOC541204,Perform resuscitation (cpr + ilcor + after care)
SOCLGS215,Lifeguard Services NC II,BASIC,500311106,Work in team environment
SOCLGS215,Lifeguard Services NC II,BASIC,500311108,Practice occupational health and safety procedures
SOCLGS215,Lifeguard Services NC II,BASIC,500311105,Participate in workplace communication
SOCLGS315,Lifeguard Services NC III,BASIC,500311109,Lead workplace communication
SOCLGS315,Lifeguard Services NC III,BASIC,500311110,Lead small teams
SOCLGS315,Lifeguard Services NC III,BASIC,500311111,Develop and practice negotiation skills
SOCLGS315,Lifeguard Services NC III,BASIC,500311112,Solve problems related to work activities
SOCLGS315,Lifeguard Services NC III,BASIC,500311113,Use mathematical concepts and techniques
SOCLGS315,Lifeguard Services NC III,BASIC,500311114,Use relevant technologies
SOCLGS315,Lifeguard Services NC III,COMMON,SOC541203,Demonstrate water safety
SOCLGS315,Lifeguard Services NC III,COMMON,SOC541204,Perform resuscitation (cpr + ilcor + after care)
SOCLGS315,Lifeguard Services NC III,COMMON,SOC541205,Provide emergency care (first aid)
SOCLGS315,Lifeguard Services NC III,COMMON,SOC541206,Perform lifeguarding hand and whistle signals
SOCLGS315,Lifeguard Services NC III,CORE,SOC541307,"Demonstrate level of fitness appropriate for open water environment (leisure pools, beach, river and surf)"
SOCLGS315,Lifeguard Services NC III,CORE,SOC541308,Provide lifeguard supervision in outdoor and indoor leisure facilities
SOCLGS315,Lifeguard Services NC III,CORE,SOC541309,Perform emergency response techniques
SOCLGS315,Lifeguard Services NC III,CORE,SOC541310,Perform defibrillation and oxygen therapy
SOCLGS315,Lifeguard Services NC III,CORE,SOC541311,Communicate using radio transceiver
SOCLGS315,Lifeguard Services NC III,CORE,SOC541312,Establish public safety consciousness and measures in aquatic related events
CRELLP219,Lighting for Live Performances NC II,BASIC,400311212,Solve/address general workplace problems
CRELLP219,Lighting for Live Performances NC II,BASIC,400311211,Work in team environment
CRELLP219,Lighting for Live Performances NC II,CORE,CRE343303,Operate and monitor the lighting system
CRELLP219,Lighting for Live Performances NC II,CORE,CRE343302,Set-up lighting equipment according to the lighting plan
CRELLP219,Lighting for Live Performances NC II,CORE,CRE343301,"Prepare lighting equipment, tools and supplies"
CRELLP219,Lighting for Live Performances NC II,COMMON,CRE265207,Provide and maintain effective client relations
CRELLP219,Lighting for Live Performances NC II,COMMON,CRE265206,"Maintain safe, clean and efficient work environment"
CRELLP219,Lighting for Live Performances NC II,COMMON,CRE265205,Manage own performance
CRELLP219,Lighting for Live Performances NC II,COMMON,CRE265204,Operate equipment
CRELLP219,Lighting for Live Performances NC II,COMMON,CRE265203,"Observe procedures, specifications and manuals of instructions"
CRELLP219,Lighting for Live Performances NC II,COMMON,CRE265202,"Develop creative thinking, artistic skills and cultural awareness"
CRELLP219,Lighting for Live Performances NC II,COMMON,CRE265201,Develop and update industry knowledge
CRELLP219,Lighting for Live Performances NC II,BASIC,400311218,Practice entrepreneurial skills in the workplace
CRELLP219,Lighting for Live Performances NC II,BASIC,400311217,Exercise efficient and effective sustainable practices in the workplace
CRELLP219,Lighting for Live Performances NC II,BASIC,400311216,Practice occupational safety and health policies and procedures
CRELLP219,Lighting for Live Performances NC II,BASIC,400311215,Present relevant information
CRELLP219,Lighting for Live Performances NC II,BASIC,400311214,Contribute to workplace innovation
CRELLP219,Lighting for Live Performances NC II,BASIC,400311213,Develop career and life decisions
CRELLP219,Lighting for Live Performances NC II,BASIC,400311210,Participate in workplace communication
CRELLP219,Lighting for Live Performances NC II,CORE,CRE343304,"Dismount, maintain and store lighting equipment"
UTLDLC210,Line Construction (Electric Power Distribution) NC II (Superseded),BASIC,500311105,Participate in workplace communication
UTLDLC210,Line Construction (Electric Power Distribution) NC II (Superseded),BASIC,500311106,Work in team environment
UTLDLC210,Line Construction (Electric Power Distribution) NC II (Superseded),BASIC,500311107,Practice career professionalism
UTLDLC210,Line Construction (Electric Power Distribution) NC II (Superseded),BASIC,500311108,Practice occupational health and safety procedures
UTLDLC210,Line Construction (Electric Power Distribution) NC II (Superseded),COMMON,UTL311203,Apply quality standards
UTLDLC210,Line Construction (Electric Power Distribution) NC II (Superseded),COMMON,UTL311206,Comply with environmental protection procedures
UTLDLC210,Line Construction (Electric Power Distribution) NC II (Superseded),COMMON,UTL311201,"Observe procedures, specifications and manuals of instruction"
UTLDLC210,Line Construction (Electric Power Distribution) NC II (Superseded),COMMON,UTL311205,Operate and maintain line tools and equipment
UTLDLC210,Line Construction (Electric Power Distribution) NC II (Superseded),CORE,UTL724603,Erect distribution line poles
UTLDLC210,Line Construction (Electric Power Distribution) NC II (Superseded),CORE,UTL723220,Climb pole and install pole assembly/conductors
UTLDLC210,Line Construction (Electric Power Distribution) NC II (Superseded),CORE,UTL724604,Install distribution line equipment and devices
UTLDLC210,Line Construction (Electric Power Distribution) NC II (Superseded),CORE,UTL724605,Install consumer service connection facility
TRSLOG213,Local Guiding Services NC II,COMMON,TRS311205,Provide effective customer service
TRSLOG213,Local Guiding Services NC II,CORE,TRS511318,Accompany and guide clients in accordance with the tour itinerary
TRSLOG213,Local Guiding Services NC II,COMMON,TRS311204,Perform workplace and safety practices
TRSLOG213,Local Guiding Services NC II,COMMON,TRS311203,Perform computer operations
TRSLOG213,Local Guiding Services NC II,COMMON,TRS311202,Observe workplace hygiene procedures
TRSLOG213,Local Guiding Services NC II,COMMON,TRS311201,Develop and update industry knowledge
TRSLOG213,Local Guiding Services NC II,BASIC,500311108,Practice occupational health and safety procedures
TRSLOG213,Local Guiding Services NC II,CORE,TRS511316,Research information relevant to locality and tour itinerary
TRSLOG213,Local Guiding Services NC II,BASIC,500311107,Practice career professionalism
TRSLOG213,Local Guiding Services NC II,BASIC,500311106,Work in team environment
TRSLOG213,Local Guiding Services NC II,BASIC,500311105,Participate in workplace communication
TRSLOG213,Local Guiding Services NC II,CORE,TRS511317,Coordinate tour arrangements for clients
MEEMCG119,Machining NC I,BASIC,400311105,Support innovation
MEEMCG119,Machining NC I,BASIC,400311101,Receive and respond to workplace communication
MEEMCG119,Machining NC I,BASIC,400311102,Work with others
MEEMCG119,Machining NC I,BASIC,400311103,Solve/address routine problems
MEEMCG119,Machining NC I,BASIC,400311104,Enhance self-management skills
MEEMCG119,Machining NC I,CORE,MEE722316,Repair workpiece
MEEMCG119,Machining NC I,BASIC,400311106,Access and maintain information
MEEMCG119,Machining NC I,BASIC,400311107,Follow occupational safety and health policies and procedures
MEEMCG119,Machining NC I,BASIC,400311108,Apply environmental work standards
MEEMCG119,Machining NC I,BASIC,400311109,Adopt entrepreneurial mindset in the workplace
MEEMCG119,Machining NC I,COMMON,MEE722204,Perform shop computations (basic)
MEEMCG119,Machining NC I,COMMON,MEE722205,Measure workpiece (basic)
MEEMCG119,Machining NC I,COMMON,MEE722201,Apply safety practices
MEEMCG119,Machining NC I,COMMON,MEE722202,Interpret working drawings and sketches
MEEMCG119,Machining NC I,COMMON,MEE722203,Select and cut workshop materials
MEEMCG119,Machining NC I,COMMON,MEE722206,Perform routine housekeeping
MEEMCG119,Machining NC I,COMMON,MEE722211,Perform preventive and corrective maintenance
MEEMCG119,Machining NC I,CORE,MEE722311,Perform bench work (Basic)
MEEMCG119,Machining NC I,CORE,MEE722312,Turn workpiece
MEEMCG119,Machining NC I,CORE,MEE722313,Mill workpiece
MEEMCG119,Machining NC I,CORE,MEE722314,Grind workpiece
MEEMCG119,Machining NC I,CORE,MEE722315,Shape workpiece
MEEMCG106,Machining NC I (Superseded),CORE,MEE722304,Grind workpiece (Basic)
MEEMCG106,Machining NC I (Superseded),BASIC,500311102,Work with others
MEEMCG106,Machining NC I (Superseded),BASIC,500311101,Receive and respond to workplace communication
MEEMCG106,Machining NC I (Superseded),BASIC,500311103,Demonstrate work values
MEEMCG106,Machining NC I (Superseded),BASIC,500311104,Practice basic housekeeping procedures
MEEMCG106,Machining NC I (Superseded),COMMON,MEE722204,Perform shop computations (basic)
MEEMCG106,Machining NC I (Superseded),COMMON,MEE722205,Measure workpiece (basic)
MEEMCG106,Machining NC I (Superseded),COMMON,MEE722201,Apply safety practices
MEEMCG106,Machining NC I (Superseded),COMMON,MEE722202,Interpret working drawings and sketches
MEEMCG106,Machining NC I (Superseded),COMMON,MEE722203,Select and cut workshop materials
MEEMCG106,Machining NC I (Superseded),COMMON,MEE722206,Perform routine housekeeping
MEEMCG106,Machining NC I (Superseded),COMMON,MEE722211,Perform preventive and corrective maintenance
MEEMCG106,Machining NC I (Superseded),CORE,MEE722301,Perform bench work (Basic)
MEEMCG106,Machining NC I (Superseded),CORE,MEE722302,Turn workpiece (Basic)
MEEMCG106,Machining NC I (Superseded),CORE,MEE722303,Mill workpiece (Basic)
MEEMCG205,Machining NC II,CORE,MEE722301,Perform bench work (Basic)
MEEMCG205,Machining NC II,COMMON,MEE722207,Perform shop computations (intermediate)
MEEMCG205,Machining NC II,BASIC,500311106,Work in team environment
MEEMCG205,Machining NC II,BASIC,500311107,Practice career professionalism
MEEMCG205,Machining NC II,BASIC,500311108,Practice occupational health and safety procedures
MEEMCG205,Machining NC II,COMMON,MEE722202,Interpret working drawings and sketches
MEEMCG205,Machining NC II,COMMON,MEE722203,Select and cut workshop materials
MEEMCG205,Machining NC II,COMMON,MEE722204,Perform shop computations (basic)
MEEMCG205,Machining NC II,COMMON,MEE722205,Measure workpiece (basic)
MEEMCG205,Machining NC II,CORE,MEE722308,Grind workpiece (complex)
MEEMCG205,Machining NC II,COMMON,MEE722211,Perform preventive and corrective maintenance
MEEMCG205,Machining NC II,CORE,MEE722304,Grind workpiece (basic)
MEEMCG205,Machining NC II,CORE,MEE722307,Mill workpiece (intermediate)
MEEMCG205,Machining NC II,CORE,MEE722303,Mill workpiece (basic)
MEEMCG205,Machining NC II,CORE,MEE722306,Turn workpiece (intermediate)
MEEMCG205,Machining NC II,CORE,MEE722302,Turn workpiece (basic)
MEEMCG205,Machining NC II,CORE,MEE722305,Perform bench work (complex)
MEEMCG205,Machining NC II,BASIC,500311105,Participate in workplace communication
MEEMCG205,Machining NC II,COMMON,MEE722208,Measure workpiece using angular measuring instruments
MEEMCG306,Machining NC III,COMMON,MEE722208,Measure workpiece using angular measuring instruments
MEEMCG306,Machining NC III,COMMON,MEE722209,Perform shop computations (advanced)
MEEMCG306,Machining NC III,CORE,MEE722304,Grind workpiece (basic)
MEEMCG306,Machining NC III,CORE,MEE722308,Grind workpiece (complex)
MEEMCG306,Machining NC III,COMMON,MEE722201,Apply safety practices
MEEMCG306,Machining NC III,COMMON,MEE722202,Interpret working drawings and sketches
MEEMCG306,Machining NC III,COMMON,MEE722203,Select/ cut workshop materials
MEEMCG306,Machining NC III,COMMON,MEE722204,Perform shop computations (basic)
MEEMCG306,Machining NC III,COMMON,MEE722205,Measure workpiece (basic)
MEEMCG306,Machining NC III,COMMON,MEE722206,Perform routine housekeeping
MEEMCG306,Machining NC III,COMMON,MEE722207,Perform shop computations (intermediate)
MEEMCG306,Machining NC III,BASIC,500311109,Lead workplace communication
MEEMCG306,Machining NC III,BASIC,500311110,Lead small teams
MEEMCG306,Machining NC III,BASIC,500311111,Develop and practice negotiation skills
MEEMCG306,Machining NC III,BASIC,500311112,Solve problems related to work activities
MEEMCG306,Machining NC III,BASIC,500311113,Use mathematical concepts and techniques
MEEMCG306,Machining NC III,BASIC,500311114,Use relevant technologies
MEEMCG306,Machining NC III,CORE,MEE722307,Mill workpiece (intermediate)
MEEMCG306,Machining NC III,CORE,MEE722303,Mill workpiece (basic)
MEEMCG306,Machining NC III,CORE,MEE722309,Turn workpiece (advanced)
MEEMCG306,Machining NC III,CORE,MEE722306,Turn workpiece (intermediate)
MEEMCG306,Machining NC III,CORE,MEE722302,Turn workpiece (basic)
MEEMCG306,Machining NC III,CORE,MEE722305,Perform bench work (complex)
MEEMCG306,Machining NC III,CORE,MEE722301,Perform bench work (basic)
MEEMCG306,Machining NC III,COMMON,MEE722211,Perform preventive and corrective maintenance
MEEMCG306,Machining NC III,COMMON,MEE722210,Measure workpiece using gages and surface texture comparator
MEEMCG306,Machining NC III,CORE,MEE722310,Mill workpiece (advanced)
MEEMAW121,Manual Metal Arc Welding (MMAW) NC I,COMMON,MEE721205,Use hand tools
MEEMAW121,Manual Metal Arc Welding (MMAW) NC I,BASIC,400311101,Receive and respond to workplace communication
MEEMAW121,Manual Metal Arc Welding (MMAW) NC I,COMMON,MEE721212,Prepare materials and consumables
MEEMAW121,Manual Metal Arc Welding (MMAW) NC I,CORE,MEE721323,Weld carbon steel plates using MMAW
MEEMAW121,Manual Metal Arc Welding (MMAW) NC I,CORE,MEE721322,Prepare / fit up welding joints
MEEMAW121,Manual Metal Arc Welding (MMAW) NC I,CORE,MEE721321,Set up welding equipment
MEEMAW121,Manual Metal Arc Welding (MMAW) NC I,BASIC,400311109,Adopt entrepreneurial mindset in the workplace
MEEMAW121,Manual Metal Arc Welding (MMAW) NC I,BASIC,400311108,Apply environmental work standards
MEEMAW121,Manual Metal Arc Welding (MMAW) NC I,BASIC,400311107,Follow occupational safety and health policies and procedures
MEEMAW121,Manual Metal Arc Welding (MMAW) NC I,BASIC,400311106,Access and maintain information
MEEMAW121,Manual Metal Arc Welding (MMAW) NC I,BASIC,400311105,Support innovation
MEEMAW121,Manual Metal Arc Welding (MMAW) NC I,COMMON,MEE721211,Contribute to quality system
MEEMAW121,Manual Metal Arc Welding (MMAW) NC I,BASIC,400311104,Enhance self-management skills
MEEMAW121,Manual Metal Arc Welding (MMAW) NC I,BASIC,400311103,Solve/address routine problems
MEEMAW121,Manual Metal Arc Welding (MMAW) NC I,BASIC,400311102,Work with others
MEEMAW121,Manual Metal Arc Welding (MMAW) NC I,COMMON,MEE721202,Interpret drawings and sketches
MEEMAW121,Manual Metal Arc Welding (MMAW) NC I,COMMON,MEE721210,Perform basic workshop measurements & computations
MEEMAW221,Manual Metal Arc Welding (MMAW) NC II,BASIC,400311218,Practice entrepreneurial skills in the workplace
MEEMAW221,Manual Metal Arc Welding (MMAW) NC II,BASIC,400311211,Work in team environment
MEEMAW221,Manual Metal Arc Welding (MMAW) NC II,COMMON,MEE721210,Perform basic workshop measurements & computations
MEEMAW221,Manual Metal Arc Welding (MMAW) NC II,COMMON,MEE721202,Interpret drawings and sketches
MEEMAW221,Manual Metal Arc Welding (MMAW) NC II,COMMON,MEE721211,Contribute to quality system
MEEMAW221,Manual Metal Arc Welding (MMAW) NC II,COMMON,MEE721205,Use hand tools
MEEMAW221,Manual Metal Arc Welding (MMAW) NC II,COMMON,MEE721212,Prepare materials and consumables
MEEMAW221,Manual Metal Arc Welding (MMAW) NC II,CORE,MEE721324,Weld carbon steel plates and pipes using MMAW
MEEMAW221,Manual Metal Arc Welding (MMAW) NC II,CORE,MEE721322,Prepare / fit up welding joints
MEEMAW221,Manual Metal Arc Welding (MMAW) NC II,CORE,MEE721321,Set up welding equipment
MEEMAW221,Manual Metal Arc Welding (MMAW) NC II,BASIC,400311217,Exercise efficient and effective sustainable practices in the workplace
MEEMAW221,Manual Metal Arc Welding (MMAW) NC II,BASIC,400311210,Participate in workplace communication
MEEMAW221,Manual Metal Arc Welding (MMAW) NC II,BASIC,400311216,Practice occupational safety and health policies and procedures
MEEMAW221,Manual Metal Arc Welding (MMAW) NC II,BASIC,400311215,Present relevant information
MEEMAW221,Manual Metal Arc Welding (MMAW) NC II,BASIC,400311214,Contribute to workplace innovation
MEEMAW221,Manual Metal Arc Welding (MMAW) NC II,BASIC,400311213,Develop career and life decisions
MEEMAW221,Manual Metal Arc Welding (MMAW) NC II,BASIC,400311212,Solve/address general workplace problems
MEEMAW321,Manual Metal Arc Welding (MMAW) NC III,CORE,MEE721321,Set up welding equipment
MEEMAW321,Manual Metal Arc Welding (MMAW) NC III,BASIC,400311322,Work in a diverse environment
MEEMAW321,Manual Metal Arc Welding (MMAW) NC III,BASIC,400311323,Propose methods of applying learning and innovation in the organization
MEEMAW321,Manual Metal Arc Welding (MMAW) NC III,BASIC,400311324,Use information systematically
MEEMAW321,Manual Metal Arc Welding (MMAW) NC III,BASIC,400311325,Evaluate occupational safety and health work practices
MEEMAW321,Manual Metal Arc Welding (MMAW) NC III,BASIC,400311326,Evaluate environmental work practices
MEEMAW321,Manual Metal Arc Welding (MMAW) NC III,BASIC,400311327,Facilitate entrepreneurial skills for micro-small-medium enterprises (MSMEs)
MEEMAW321,Manual Metal Arc Welding (MMAW) NC III,COMMON,MEE721210,Perform basic workshop measurements & computations
MEEMAW321,Manual Metal Arc Welding (MMAW) NC III,COMMON,MEE721211,Contribute to quality system
MEEMAW321,Manual Metal Arc Welding (MMAW) NC III,BASIC,400311321,Apply critical thinking and problem solving techniques in the workplace
MEEMAW321,Manual Metal Arc Welding (MMAW) NC III,BASIC,400311320,Lead small teams
MEEMAW321,Manual Metal Arc Welding (MMAW) NC III,BASIC,400311319,Lead in workplace communication
MEEMAW321,Manual Metal Arc Welding (MMAW) NC III,COMMON,MEE721205,Use hand tools
MEEMAW321,Manual Metal Arc Welding (MMAW) NC III,COMMON,MEE721212,Prepare materials and consumables
MEEMAW321,Manual Metal Arc Welding (MMAW) NC III,CORE,MEE721325,Weld austenitic stainless steel plates using MMAW
MEEMAW321,Manual Metal Arc Welding (MMAW) NC III,CORE,MEE721322,Prepare / fit up welding joints
MEEMAW321,Manual Metal Arc Welding (MMAW) NC III,COMMON,MEE721202,Interpret drawings and sketches
MEEMAW421,Manual Metal Arc Welding (MMAW) NC IV,BASIC,500311406,Manage and evaluate usage of information
MEEMAW421,Manual Metal Arc Welding (MMAW) NC IV,BASIC,500311407,"Lead in improvement of occupational safety and health (OSH) programs, policies and procedures"
MEEMAW421,Manual Metal Arc Welding (MMAW) NC IV,BASIC,500311401,Utilize specialized communication skill
MEEMAW421,Manual Metal Arc Welding (MMAW) NC IV,BASIC,500311402,Develop and lead teams
MEEMAW421,Manual Metal Arc Welding (MMAW) NC IV,BASIC,500311403,Perform higher-order thinking processes and apply techniques in the workplace
MEEMAW421,Manual Metal Arc Welding (MMAW) NC IV,BASIC,500311404,Contribute to the practice of social justice in the workplace
MEEMAW421,Manual Metal Arc Welding (MMAW) NC IV,BASIC,500311405,Manage innovative work instructions
MEEMAW421,Manual Metal Arc Welding (MMAW) NC IV,CORE,MEE721322,Prepare / fit up welding joints
MEEMAW421,Manual Metal Arc Welding (MMAW) NC IV,CORE,MEE721326,Weld austenitic stainless steel plates and pipes using MMAW
MEEMAW421,Manual Metal Arc Welding (MMAW) NC IV,COMMON,MEE721212,Prepare materials and consumables
MEEMAW421,Manual Metal Arc Welding (MMAW) NC IV,COMMON,MEE721205,Use hand tools
MEEMAW421,Manual Metal Arc Welding (MMAW) NC IV,COMMON,MEE721211,Contribute to quality system
MEEMAW421,Manual Metal Arc Welding (MMAW) NC IV,COMMON,MEE721202,Interpret drawings and sketches
MEEMAW421,Manual Metal Arc Welding (MMAW) NC IV,COMMON,MEE721210,Perform basic workshop measurements & computations
MEEMAW421,Manual Metal Arc Welding (MMAW) NC IV,BASIC,500311409,Sustain entrepreneurial skills
MEEMAW421,Manual Metal Arc Welding (MMAW) NC IV,BASIC,500311408,"Lead towards improvement of environmental work programs, policies and procedures"
MEEMAW421,Manual Metal Arc Welding (MMAW) NC IV,CORE,MEE721321,Set up welding equipment
MTMMEL208,Marine Electricity NC II,CORE,MTM311306,Service marine electrical appliances
MTMMEL208,Marine Electricity NC II,COMMON,MTM834204,Perform first aid treatment on board
MTMMEL208,Marine Electricity NC II,BASIC,500311105,Participate in workplace communication
MTMMEL208,Marine Electricity NC II,BASIC,500311106,Work in team environment
MTMMEL208,Marine Electricity NC II,BASIC,500311107,Practice career professionalism
MTMMEL208,Marine Electricity NC II,BASIC,500311108,Practice occupational health and safety procedures
MTMMEL208,Marine Electricity NC II,COMMON,MTM834201,Launch survival craft and rescue boats / lifeboats
MTMMEL208,Marine Electricity NC II,COMMON,MTM834202,Prevent and fight fire
MTMMEL208,Marine Electricity NC II,COMMON,MTM834203,Perform survival techniques during ship abandonment
MTMMEL208,Marine Electricity NC II,CORE,MTM311307,Maintain basic alarm systems on board ship
MTMMEL208,Marine Electricity NC II,CORE,MTM311305,Maintain marine motor controls and other basic electronic control systems
MTMMEL208,Marine Electricity NC II,CORE,MTM311304,Service and maintain marine batteries
MTMMEL208,Marine Electricity NC II,CORE,MTM311303,Service marine lighting system
MTMMEL208,Marine Electricity NC II,CORE,MTM311302,Service marine electric motors
MTMMEL208,Marine Electricity NC II,CORE,MTM311301,Service marine electric generators
MTMMEL208,Marine Electricity NC II,COMMON,MTM834207,Conduct shipboard security checks
MTMMEL208,Marine Electricity NC II,COMMON,MTM834206,Comply with emergency procedures
MTMMEL208,Marine Electricity NC II,COMMON,MTM834205,Protect marine environment
CONMAS118,Masonry NC I,BASIC,400311108,Apply environmental work standards
CONMAS118,Masonry NC I,BASIC,400311101,Receive and respond to workplace communication
CONMAS118,Masonry NC I,BASIC,400311102,Work with others
CONMAS118,Masonry NC I,BASIC,400311103,Solve/address routine problems
CONMAS118,Masonry NC I,BASIC,400311104,Enhance self-management skills
CONMAS118,Masonry NC I,BASIC,400311105,Support innovation
CONMAS118,Masonry NC I,BASIC,400311106,Access and maintain information
CONMAS118,Masonry NC I,BASIC,400311107,Follow occupational safety and health policies and procedures
CONMAS118,Masonry NC I,BASIC,400311109,Adopt entrepreneurial mindset in the workplace
CONMAS118,Masonry NC I,COMMON,CON931201,Prepare construction materials and tools
CONMAS118,Masonry NC I,COMMON,CON311201,"Observe procedures, specifications and manuals of instructions"
CONMAS118,Masonry NC I,COMMON,CON311203,Perform mensurations and calculations
CONMAS118,Masonry NC I,COMMON,CON311204,Maintain tools and equipment
CONMAS118,Masonry NC I,CORE,CON711315,Prepare masonry materials
CONMAS118,Masonry NC I,CORE,CON711316,Prepare masonry tools and equipment
CONMAS118,Masonry NC I,CORE,CON711317,Perform basic masonry works
CONMAS106,Masonry NC I (Superseded),COMMON,CON931201,Prepare construction materials and tools
CONMAS106,Masonry NC I (Superseded),BASIC,500311102,Work with others
CONMAS106,Masonry NC I (Superseded),BASIC,500311103,Demonstrate work values
CONMAS106,Masonry NC I (Superseded),BASIC,500311104,Practice basic housekeeping procedures
CONMAS106,Masonry NC I (Superseded),BASIC,500311101,Receive and respond to workplace communication
CONMAS106,Masonry NC I (Superseded),COMMON,CON311201,"Observe procedures, specifications and manuals of instructions"
CONMAS106,Masonry NC I (Superseded),COMMON,CON311203,Perform mensurations and calculations
CONMAS106,Masonry NC I (Superseded),COMMON,CON311204,Maintain tools and equipment
CONMAS106,Masonry NC I (Superseded),CORE,CON712301,Prepare masonry materials
CONMAS106,Masonry NC I (Superseded),CORE,CON712302,Perform basic masonry works
CONMAS218,Masonry NC II,BASIC,400311213,Develop career and life decisions
CONMAS218,Masonry NC II,BASIC,400311211,Work in team environment
CONMAS218,Masonry NC II,BASIC,400311212,Solve/address general workplace problems
CONMAS218,Masonry NC II,BASIC,400311210,Participate in workplace communication
CONMAS218,Masonry NC II,BASIC,400311214,Contribute to workplace innovation
CONMAS218,Masonry NC II,BASIC,400311215,Present relevant information
CONMAS218,Masonry NC II,BASIC,400311216,Practice occupational safety and health policies and procedures
CONMAS218,Masonry NC II,BASIC,400311217,Exercise efficient and effective sustainable practices in the workplace
CONMAS218,Masonry NC II,BASIC,400311218,Practice entrepreneurial skills in the workplace
CONMAS218,Masonry NC II,COMMON,CON931201,Prepare construction materials and tools
CONMAS218,Masonry NC II,COMMON,CON311201,"Observe procedures, specifications and manuals of instructions"
CONMAS218,Masonry NC II,COMMON,CON311203,Perform mensurations and calculations
CONMAS218,Masonry NC II,COMMON,CON311204,Maintain tools and equipment
CONMAS218,Masonry NC II,CORE,CON711318,Lay concrete hollow block for structure
CONMAS218,Masonry NC II,CORE,CON711319,Plaster wall surface
CONMAS205,Masonry NC II (Superseded),CORE,CON712305,Install pre-cast balusters and handrail
CONMAS205,Masonry NC II (Superseded),BASIC,500311106,Work in team environment
CONMAS205,Masonry NC II (Superseded),BASIC,500311107,Practice career professionalism
CONMAS205,Masonry NC II (Superseded),BASIC,500311108,Practice occupational health and safety procedures
CONMAS205,Masonry NC II (Superseded),COMMON,CON931201,Prepare construction materials and tools
CONMAS205,Masonry NC II (Superseded),COMMON,CON311201,"Observe procedures, specifications and manuals of instructions"
CONMAS205,Masonry NC II (Superseded),COMMON,CON311203,Perform mensurations and calculations
CONMAS205,Masonry NC II (Superseded),COMMON,CON311204,Maintain tools and equipment
CONMAS205,Masonry NC II (Superseded),CORE,CON712301,Prepare masonry materials
CONMAS205,Masonry NC II (Superseded),CORE,CON712302,Perform basic masonry works
CONMAS205,Masonry NC II (Superseded),CORE,CON712303,Lay brick/block for structure
CONMAS205,Masonry NC II (Superseded),CORE,CON712304,Plaster wall surface
CONMAS205,Masonry NC II (Superseded),BASIC,500311105,Participate in workplace communication
CONMAS318,Masonry NC III,COMMON,CON311203,Perform mensurations and calculations
CONMAS318,Masonry NC III,BASIC,400311320,Lead small teams
CONMAS318,Masonry NC III,BASIC,400311321,Apply critical thinking and problem solving techniques in the workplace
CONMAS318,Masonry NC III,BASIC,400311322,Work in a diverse environment
CONMAS318,Masonry NC III,BASIC,400311323,Propose methods of applying learning and innovation in the organization
CONMAS318,Masonry NC III,BASIC,400311324,Use information systematically
CONMAS318,Masonry NC III,BASIC,400311325,Evaluate occupational safety and health work practices
CONMAS318,Masonry NC III,BASIC,400311326,Evaluate environmental work practices
CONMAS318,Masonry NC III,BASIC,400311327,Facilitate entrepreneurial skills for micro-small-medium enterprises (MSMEs)
CONMAS318,Masonry NC III,COMMON,CON931201,Prepare construction materials and tools
CONMAS318,Masonry NC III,COMMON,CON311201,"Observe procedures, specifications and manuals of instructions"
CONMAS318,Masonry NC III,BASIC,400311319,Lead in workplace communication
CONMAS318,Masonry NC III,COMMON,CON311204,Maintain tools and equipment
CONMAS318,Masonry NC III,COMMON,CON311202,Interpret technical drawings and plans
CONMAS318,Masonry NC III,CORE,CON711320,Perform basic tile setting
CONMAS318,Masonry NC III,CORE,CON711321,Perform straight-to-finish floor concreting
CONMAS318,Masonry NC III,CORE,CON711322,Rectify non-conforming concrete and masonry surfaces
CONMAS306,Masonry NC III (Superseded),BASIC,500311109,Lead workplace communication
CONMAS306,Masonry NC III (Superseded),BASIC,500311113,Use mathematical concepts and techniques
CONMAS306,Masonry NC III (Superseded),BASIC,500311110,Lead small teams
CONMAS306,Masonry NC III (Superseded),BASIC,500311111,Develop and practice negotiation skills
CONMAS306,Masonry NC III (Superseded),BASIC,500311112,Solve problems related to work activities
CONMAS306,Masonry NC III (Superseded),BASIC,500311114,Use relevant technologies
CONMAS306,Masonry NC III (Superseded),COMMON,CON931201,Prepare construction materials and tools
CONMAS306,Masonry NC III (Superseded),COMMON,CON311201,"Observe procedures, specifications and manuals of instructions"
CONMAS306,Masonry NC III (Superseded),COMMON,CON311203,Perform mensurations and calculations
CONMAS306,Masonry NC III (Superseded),COMMON,CON311204,Maintain tools and equipment
CONMAS306,Masonry NC III (Superseded),COMMON,CON311202,Interpret technical drawings and plans
CONMAS306,Masonry NC III (Superseded),CORE,CON712301,Prepare masonry materials
CONMAS306,Masonry NC III (Superseded),CORE,CON712302,Perform basic masonry work
CONMAS306,Masonry NC III (Superseded),CORE,CON712303,Lay bricks / blocks for structure
CONMAS306,Masonry NC III (Superseded),CORE,CON712304,Plaster concrete / masonry surface
CONMAS306,Masonry NC III (Superseded),CORE,CON712305,Install pre-cast baluster and handrail
CONMAS306,Masonry NC III (Superseded),CORE,CON712306,Apply special cement finishes to concrete and masonry surface
CONMAS306,Masonry NC III (Superseded),CORE,CON712307,Repair defective concrete and masonry surface
HHCMAT217,Massage Therapy NC II,COMMON,HHC321201,Implement and monitor infection control policies and procedures
HHCMAT217,Massage Therapy NC II,BASIC,500311106,Work in team environment
HHCMAT217,Massage Therapy NC II,BASIC,500311107,Practice career professionalism
HHCMAT217,Massage Therapy NC II,BASIC,500311108,Practice occupational health and safety procedures
HHCMAT217,Massage Therapy NC II,COMMON,HHC323201,Maintain effective relationship with clients
HHCMAT217,Massage Therapy NC II,BASIC,500311105,Participate in workplace communication
HHCMAT217,Massage Therapy NC II,COMMON,HCS323202,Respond effectively to difficult/challenging behavior
HHCMAT217,Massage Therapy NC II,COMMON,HCS323203,Apply basic first aid
HHCMAT217,Massage Therapy NC II,COMMON,HCS323204,Maintain high standard of patient services
HHCMAT217,Massage Therapy NC II,CORE,HHC322301,Develop massage practice
HHCMAT217,Massage Therapy NC II,CORE,HHC322302,Perform client consultation
HHCMAT217,Massage Therapy NC II,CORE,HHC322303,Perform body massage
HHCMAT217,Massage Therapy NC II,CORE,HHC322304,"Maintain and organize tools, equipment, supplies and work area"
HHCMAT206,Massage Therapy NC II (Superseded),COMMON,HCS323204,Maintain high standard of patient services
HHCMAT206,Massage Therapy NC II (Superseded),BASIC,500311106,Work in team environment
HHCMAT206,Massage Therapy NC II (Superseded),BASIC,500311107,Practice career professionalism
HHCMAT206,Massage Therapy NC II (Superseded),CORE,HCS322323,Assist in the therapeutic massage clinic administration
HHCMAT206,Massage Therapy NC II (Superseded),BASIC,500311108,Practice occupational health and safety procedures
HHCMAT206,Massage Therapy NC II (Superseded),COMMON,HCS323201,Implement and monitor infection control policies and procedures
HHCMAT206,Massage Therapy NC II (Superseded),COMMON,HCS323202,Respond effectively to difficult/challenging behavior
HHCMAT206,Massage Therapy NC II (Superseded),COMMON,HCS323203,Apply basic first aid
HHCMAT206,Massage Therapy NC II (Superseded),BASIC,500311105,Participate in workplace communication
HHCMAT206,Massage Therapy NC II (Superseded),CORE,HCS322318,Work within a holistic therapeutic massage framework
HHCMAT206,Massage Therapy NC II (Superseded),CORE,HCS322319,Perform therapeutic massage assessment
HHCMAT206,Massage Therapy NC II (Superseded),CORE,HCS322320,Plan the therapeutic massage treatment
HHCMAT206,Massage Therapy NC II (Superseded),CORE,HCS322321,Implement therapeutic massage treatment
HHCMAT206,Massage Therapy NC II (Superseded),CORE,HCS322322,Perform remedial therapeutic massage treatment
CREMWD224,Mat Weaving and Diversified Mat Products Making NC II,CORE,CRE731320,Produce mat
CREMWD224,Mat Weaving and Diversified Mat Products Making NC II,CORE,CRE731319,Produce processed weaving materials
CREMWD224,Mat Weaving and Diversified Mat Products Making NC II,COMMON,CRE731210,Perform mensuration and calculation
CREMWD224,Mat Weaving and Diversified Mat Products Making NC II,COMMON,CRE731209,"Work with tools, materials, and equipment"
CREMWD224,Mat Weaving and Diversified Mat Products Making NC II,CORE,CRE731321,Produce diversified mat products
CREMWD224,Mat Weaving and Diversified Mat Products Making NC II,COMMON,CRE731207,Provide and maintain effective customer service
CREMWD224,Mat Weaving and Diversified Mat Products Making NC II,COMMON,CRE731206,"Maintain a safe, clean and efficient work environment"
CREMWD224,Mat Weaving and Diversified Mat Products Making NC II,COMMON,CRE731205,Manage own performance
CREMWD224,Mat Weaving and Diversified Mat Products Making NC II,COMMON,CRE731202,Enhance creative and artistic skills and cultural awareness
CREMWD224,Mat Weaving and Diversified Mat Products Making NC II,COMMON,CRE731201,Enhance industry knowledge and skills
CREMWD224,Mat Weaving and Diversified Mat Products Making NC II,BASIC,400311218,Practice entrepreneurial skills in the workplace
CREMWD224,Mat Weaving and Diversified Mat Products Making NC II,BASIC,400311217,Exercise efficient and effective sustainable practices in the workplace
CREMWD224,Mat Weaving and Diversified Mat Products Making NC II,BASIC,400311216,Practice occupational safety and health policies and procedures
CREMWD224,Mat Weaving and Diversified Mat Products Making NC II,BASIC,400311215,Present relevant information
CREMWD224,Mat Weaving and Diversified Mat Products Making NC II,BASIC,400311214,Contribute to workplace innovation
CREMWD224,Mat Weaving and Diversified Mat Products Making NC II,BASIC,400311213,Develop career and life decisions
CREMWD224,Mat Weaving and Diversified Mat Products Making NC II,BASIC,400311212,Solve/address general workplace problems
CREMWD224,Mat Weaving and Diversified Mat Products Making NC II,BASIC,400311211,Work in team environment
CREMWD224,Mat Weaving and Diversified Mat Products Making NC II,BASIC,400311210,Participate in workplace communication
CREMWD224,Mat Weaving and Diversified Mat Products Making NC II,CORE,CRE731322,Market products
CREMWD224,Mat Weaving and Diversified Mat Products Making NC II,COMMON,CRE731208,Develop artistic skills and cultural awareness of one-self
MEEDFT108,Mechanical Drafting NC I,BASIC,500311101,Receive and respond to workplace communication
MEEDFT108,Mechanical Drafting NC I,BASIC,500311102,Work with others
MEEDFT108,Mechanical Drafting NC I,BASIC,500311103,Demonstrate work values
MEEDFT108,Mechanical Drafting NC I,BASIC,500311104,Practice housekeeping procedures
MEEDFT108,Mechanical Drafting NC I,COMMON,MEE722201,Apply safety practices
MEEDFT108,Mechanical Drafting NC I,COMMON,MEE722202,Interpret working drawings and sketches
MEEDFT108,Mechanical Drafting NC I,COMMON,MEE722204,Perform shop computations (basic)
MEEDFT108,Mechanical Drafting NC I,COMMON,MEE722205,Measure workpiece (basic)
MEEDFT108,Mechanical Drafting NC I,CORE,MEE311301,Prepare basic engineering drafting
MEEDFT108,Mechanical Drafting NC I,CORE,MEE311302,Perform basic engineering detail drafting
ELCMEC215,Mechatronics Servicing NC II,BASIC,500311106,Work in team environment
ELCMEC215,Mechatronics Servicing NC II,CORE,ELC311301,Install mechatronics and automation devices
ELCMEC215,Mechatronics Servicing NC II,COMMON,ELC311209,Test electronic components
ELCMEC215,Mechatronics Servicing NC II,COMMON,ELC311206,Terminate and connect electrical wiring and electronic circuits
ELCMEC215,Mechatronics Servicing NC II,COMMON,ELC311203,Perform computer operations
ELCMEC215,Mechatronics Servicing NC II,COMMON,ELC311204,Apply quality standards
ELCMEC215,Mechatronics Servicing NC II,COMMON,ELC311202,Prepare and interpret technical drawing
ELCMEC215,Mechatronics Servicing NC II,COMMON,ELC311201,Perform mensuration and calculation
ELCMEC215,Mechatronics Servicing NC II,CORE,ELC311302,Configure and test mechatronics and automation system
ELCMEC215,Mechatronics Servicing NC II,BASIC,500311105,Participate in workplace communication
ELCMEC215,Mechatronics Servicing NC II,COMMON,ELC311205,Use hand tools
ELCMEC215,Mechatronics Servicing NC II,BASIC,500311108,Practice occupational health and safety procedures
ELCMEC215,Mechatronics Servicing NC II,BASIC,500311107,Practice career professionalism
ELCMEC206,Mechatronics Servicing NC II (Superseded),BASIC,500311106,Work in team environment
ELCMEC206,Mechatronics Servicing NC II (Superseded),BASIC,500311105,Participate in workplace communication
ELCMEC206,Mechatronics Servicing NC II (Superseded),BASIC,500311107,Practice career professionalism
ELCMEC206,Mechatronics Servicing NC II (Superseded),BASIC,500311108,Practice occupational health and safety procedures
ELCMEC206,Mechatronics Servicing NC II (Superseded),COMMON,ELC724202,Terminate and connect electrical wiring and electronic circuits
ELCMEC206,Mechatronics Servicing NC II (Superseded),COMMON,ELC311202,Prepare and interpret technical drawing
ELCMEC206,Mechatronics Servicing NC II (Superseded),COMMON,ELC724201,Use hand tools
ELCMEC206,Mechatronics Servicing NC II (Superseded),COMMON,ELC311201,Perform mensuration and calculation
ELCMEC206,Mechatronics Servicing NC II (Superseded),COMMON,ELC315202,Apply quality standards
ELCMEC206,Mechatronics Servicing NC II (Superseded),COMMON,ELC311203,Perform computer operations
ELCMEC206,Mechatronics Servicing NC II (Superseded),CORE,ELC724309,Configure and test mechatronics devices
ELCMEC206,Mechatronics Servicing NC II (Superseded),CORE,ELC724308,Install mechatronics devices
ELCMEC315,Mechatronics Servicing NC III,COMMON,ELC311206,Terminate and connect electrical wiring and electronic circuits
ELCMEC315,Mechatronics Servicing NC III,BASIC,500311109,Lead workplace communication
ELCMEC315,Mechatronics Servicing NC III,BASIC,500311110,Lead small teams
ELCMEC315,Mechatronics Servicing NC III,BASIC,500311111,Develop and practice negotiation skills
ELCMEC315,Mechatronics Servicing NC III,BASIC,500311112,Solve problems related to work activities
ELCMEC315,Mechatronics Servicing NC III,BASIC,500311113,Use mathematical concepts and techniques
ELCMEC315,Mechatronics Servicing NC III,BASIC,500311114,Use relevant technologies
ELCMEC315,Mechatronics Servicing NC III,COMMON,ELC311205,Use hand tools
ELCMEC315,Mechatronics Servicing NC III,COMMON,ELC311201,Perform mensuration and calculation
ELCMEC315,Mechatronics Servicing NC III,COMMON,ELC311202,Prepare and interpret technical drawing
ELCMEC315,Mechatronics Servicing NC III,COMMON,ELC311204,Apply quality standards
ELCMEC315,Mechatronics Servicing NC III,COMMON,ELC311209,Test electronic components
ELCMEC315,Mechatronics Servicing NC III,CORE,ELC311303,Develop mechatronics and automation control circuits and plc application programs
ELCMEC315,Mechatronics Servicing NC III,CORE,ELC311304,Develop motion control and system configuration
ELCMEC315,Mechatronics Servicing NC III,CORE,ELC311305,Maintain and repair plc-based mechatronics and automation system
ELCMEC315,Mechatronics Servicing NC III,COMMON,ELC311203,Perform computer operations
ELCMEC306,Mechatronics Servicing NC III (Superseded),COMMON,ELC724201,Use hand tools
ELCMEC306,Mechatronics Servicing NC III (Superseded),BASIC,500311111,Develop and practice negotiation skills
ELCMEC306,Mechatronics Servicing NC III (Superseded),BASIC,500311112,Solve problems related to work activities
ELCMEC306,Mechatronics Servicing NC III (Superseded),BASIC,500311113,Use mathematical concepts and techniques
ELCMEC306,Mechatronics Servicing NC III (Superseded),BASIC,500311114,Use relevant technologies
ELCMEC306,Mechatronics Servicing NC III (Superseded),COMMON,ELC724202,Terminate and connect electrical wiring and electronic circuits
ELCMEC306,Mechatronics Servicing NC III (Superseded),COMMON,ELC311202,Prepare and interpret technical drawing
ELCMEC306,Mechatronics Servicing NC III (Superseded),BASIC,500311109,Lead workplace communication
ELCMEC306,Mechatronics Servicing NC III (Superseded),COMMON,ELC311201,Perform mensuration and calculation
ELCMEC306,Mechatronics Servicing NC III (Superseded),COMMON,ELC315202,Apply quality standards
ELCMEC306,Mechatronics Servicing NC III (Superseded),COMMON,ELC311203,Perform computer operations
ELCMEC306,Mechatronics Servicing NC III (Superseded),CORE,ELC724310,Develop mechatronics control circuits and software application programs
ELCMEC306,Mechatronics Servicing NC III (Superseded),CORE,ELC724311,Maintain and repair mechatronics devices
ELCMEC306,Mechatronics Servicing NC III (Superseded),BASIC,500311110,Lead small teams
ELCMEC415,Mechatronics Servicing NC IV,BASIC,500311115,Utilize specialized communication skills
ELCMEC415,Mechatronics Servicing NC IV,BASIC,500311116,Develop teams and individuals
ELCMEC415,Mechatronics Servicing NC IV,BASIC,500311118,"Collect, analyze and organize information"
ELCMEC415,Mechatronics Servicing NC IV,BASIC,500311119,Plan and organize work
ELCMEC415,Mechatronics Servicing NC IV,BASIC,500311120,Promote environmental protection
ELCMEC415,Mechatronics Servicing NC IV,COMMON,ELC311205,Use hand tools
ELCMEC415,Mechatronics Servicing NC IV,COMMON,ELC311201,Perform mensuration and calculation
ELCMEC415,Mechatronics Servicing NC IV,COMMON,ELC311202,Prepare and interpret technical drawing
ELCMEC415,Mechatronics Servicing NC IV,COMMON,ELC311204,Apply quality standards
ELCMEC415,Mechatronics Servicing NC IV,COMMON,ELC311203,Perform computer operations
ELCMEC415,Mechatronics Servicing NC IV,COMMON,ELC311206,Terminate and connect electrical wiring and electronic circuits
ELCMEC415,Mechatronics Servicing NC IV,COMMON,ELC311209,Test electronic components
ELCMEC415,Mechatronics Servicing NC IV,CORE,ELC311306,Develop advanced plc and hmi application program
ELCMEC415,Mechatronics Servicing NC IV,CORE,ELC311307,Commission advanced plc- and hmi-based mechatronics and automation systems
ELCMEC415,Mechatronics Servicing NC IV,CORE,ELC311308,Diagnose and troubleshoot advanced plc- and hmi-based mechatronics and automation systems
ELCMEC415,Mechatronics Servicing NC IV,BASIC,500311117,Apply problem solving techniques in the workplace
ELCMEC406,Mechatronics Servicing NC IV (Superseded),COMMON,ELC724202,Terminate and connect electrical wiring and electronic circuits
ELCMEC406,Mechatronics Servicing NC IV (Superseded),COMMON,ELC311202,Prepare and interpret technical drawing
ELCMEC406,Mechatronics Servicing NC IV (Superseded),BASIC,500311115,Utilize specialized communication skills
ELCMEC406,Mechatronics Servicing NC IV (Superseded),BASIC,500311116,Develop teams and individuals
ELCMEC406,Mechatronics Servicing NC IV (Superseded),BASIC,500311117,Apply problem solving techniques in the workplace
ELCMEC406,Mechatronics Servicing NC IV (Superseded),BASIC,500311118,"Collect, analyze and organize information"
ELCMEC406,Mechatronics Servicing NC IV (Superseded),BASIC,500311119,Plan and organize work
ELCMEC406,Mechatronics Servicing NC IV (Superseded),BASIC,500311120,Promote environmental protection
ELCMEC406,Mechatronics Servicing NC IV (Superseded),COMMON,ELC724201,Use hand tools
ELCMEC406,Mechatronics Servicing NC IV (Superseded),COMMON,ELC311201,Perform mensuration and calculation
ELCMEC406,Mechatronics Servicing NC IV (Superseded),CORE,ELC724313,Diagnose and troubleshoot mechatronics systems
ELCMEC406,Mechatronics Servicing NC IV (Superseded),CORE,ELC724312,Commission mechatronics systems
ELCMEC406,Mechatronics Servicing NC IV (Superseded),COMMON,ELC315202,Apply quality standards
ELCMEC406,Mechatronics Servicing NC IV (Superseded),COMMON,ELC311203,Perform computer operations
ICTMCC315,Medical Coding and Claims Processing NC III,BASIC,500311111,Develop and practice negotiation skills
ICTMCC315,Medical Coding and Claims Processing NC III,CORE,ICT325303,Manage medical claims
ICTMCC315,Medical Coding and Claims Processing NC III,CORE,ICT325302,Process medical claims/ billing
ICTMCC315,Medical Coding and Claims Processing NC III,CORE,ICT325301,Assign medical codes
ICTMCC315,Medical Coding and Claims Processing NC III,COMMON,ICT311203,Perform computer operations
ICTMCC315,Medical Coding and Claims Processing NC III,COMMON,ICT315202,Apply quality standards
ICTMCC315,Medical Coding and Claims Processing NC III,BASIC,500311114,Use relevant technologies
ICTMCC315,Medical Coding and Claims Processing NC III,BASIC,500311113,Use mathematical concepts and techniques
ICTMCC315,Medical Coding and Claims Processing NC III,BASIC,500311112,Solve problems related to work activities
ICTMCC315,Medical Coding and Claims Processing NC III,BASIC,500311110,Lead small teams
ICTMCC315,Medical Coding and Claims Processing NC III,BASIC,500311109,Lead workplace communication
ICTMDT206,Medical Transcription NC II,BASIC,500311108,Practice occupational health and safety procedures
ICTMDT206,Medical Transcription NC II,BASIC,500311105,Participate in workplace communication
ICTMDT206,Medical Transcription NC II,BASIC,500311106,Work in team environment
ICTMDT206,Medical Transcription NC II,BASIC,500311107,Practice career professionalism
ICTMDT206,Medical Transcription NC II,COMMON,ICT315202,Apply quality standards
ICTMDT206,Medical Transcription NC II,COMMON,ICT311203,Perform computer operations
ICTMDT206,Medical Transcription NC II,CORE,ICT313307,Use business technology
ICTMDT206,Medical Transcription NC II,CORE,ICT313308,Use medical terminology to carry out task
ICTMDT206,Medical Transcription NC II,CORE,ICT313309,Produce text from audio transcription
ALTMST209,Metal Stamping NC II,COMMON,ALT723203,"Read, interpret and apply specifications and manuals"
ALTMST209,Metal Stamping NC II,COMMON,ALT723205,Perform shop maintenance
ALTMST209,Metal Stamping NC II,CORE,MEE722301,Perform press machine setting
ALTMST209,Metal Stamping NC II,CORE,ALT722309,Perform mechanical shearing operation
ALTMST209,Metal Stamping NC II,CORE,ALT722310,Perform mechanical press forming operation
ALTMST209,Metal Stamping NC II,COMMON,ALT311202,Perform mensuration and calculation
ALTMST209,Metal Stamping NC II,BASIC,500311105,Participate in workplace communication
ALTMST209,Metal Stamping NC II,BASIC,500311106,Work in team environment
ALTMST209,Metal Stamping NC II,BASIC,500311107,Practice career professionalism
ALTMST209,Metal Stamping NC II,BASIC,500311108,Practice occupational health and safety procedures
ALTMST209,Metal Stamping NC II,COMMON,ALT742201,"Read, interpret and apply engineering drawings"
SOCMIC210,Microfinance Technology NC II,COMMON,HCS315202,Comply with quality and ethical standards
SOCMIC210,Microfinance Technology NC II,CORE,HCS341306,Collect dues
SOCMIC210,Microfinance Technology NC II,BASIC,500311105,Participate in workplace communication
SOCMIC210,Microfinance Technology NC II,BASIC,500311106,Work in team environment
SOCMIC210,Microfinance Technology NC II,BASIC,500311107,Practice career professionalism
SOCMIC210,Microfinance Technology NC II,BASIC,500311108,Practice occupational health and safety procedures
SOCMIC210,Microfinance Technology NC II,COMMON,HCS421201,Provide quality customer service
SOCMIC210,Microfinance Technology NC II,COMMON,HCS311201,Perform computer operations
SOCMIC210,Microfinance Technology NC II,CORE,HCS341301,Select potential area for microfinance operation
SOCMIC210,Microfinance Technology NC II,CORE,HCS341302,Promote microfinance products and other services
SOCMIC210,Microfinance Technology NC II,CORE,HCS341303,Form group of microfinance clients
SOCMIC210,Microfinance Technology NC II,CORE,HCS341304,Facilitate center meeting
SOCMIC210,Microfinance Technology NC II,CORE,HCS341305,Process application for loans and other services
SOCMIC210,Microfinance Technology NC II,CORE,HCS341307,Update financial records
SOCMIC412,Microfinance Technology NC IV,BASIC,500311116,Develop teams and individuals
SOCMIC412,Microfinance Technology NC IV,CORE,HCS341304,Evaluate and support staff performance
SOCMIC412,Microfinance Technology NC IV,CORE,HCS341303,Monitor progress of workplan implementation
SOCMIC412,Microfinance Technology NC IV,CORE,HCS341302,Oversee implementation of microfinance products and services
SOCMIC412,Microfinance Technology NC IV,CORE,HCS341301,Supervise MFI loan officers
SOCMIC412,Microfinance Technology NC IV,COMMON,HCS311201,Perform computer operations
SOCMIC412,Microfinance Technology NC IV,COMMON,HCS315202,Comply with quality and ethical standards
SOCMIC412,Microfinance Technology NC IV,COMMON,HCS421201,Provide quality customer service
SOCMIC412,Microfinance Technology NC IV,BASIC,500311120,Promote environmental protection
SOCMIC412,Microfinance Technology NC IV,BASIC,500311115,Utilize specialized communication skills
SOCMIC412,Microfinance Technology NC IV,BASIC,500311118,"Collect, analyze and organize information"
SOCMIC412,Microfinance Technology NC IV,BASIC,500311117,Apply problem solving techniques in the workplace
SOCMIC412,Microfinance Technology NC IV,BASIC,500311119,Plan and organize work
SOCMIS219,Microinsurance Services (Mutual Benefit) NC II,CORE,SOC332303,Monitor insurance policy status
SOCMIS219,Microinsurance Services (Mutual Benefit) NC II,BASIC,400311210,Participate in workplace communication
SOCMIS219,Microinsurance Services (Mutual Benefit) NC II,COMMON,SOC941201,Provide quality customer service
SOCMIS219,Microinsurance Services (Mutual Benefit) NC II,BASIC,400311218,Practice entrepreneurial skills in the workplace
SOCMIS219,Microinsurance Services (Mutual Benefit) NC II,BASIC,400311217,Exercise efficient and effective sustainable practices in the workplace
SOCMIS219,Microinsurance Services (Mutual Benefit) NC II,BASIC,400311216,Practice occupational safety and health policies and procedures
SOCMIS219,Microinsurance Services (Mutual Benefit) NC II,BASIC,400311215,Present relevant information
SOCMIS219,Microinsurance Services (Mutual Benefit) NC II,BASIC,400311214,Contribute to workplace innovation
SOCMIS219,Microinsurance Services (Mutual Benefit) NC II,BASIC,400311213,Develop career and life decisions
SOCMIS219,Microinsurance Services (Mutual Benefit) NC II,BASIC,400311212,Solve/address general workplace problems
SOCMIS219,Microinsurance Services (Mutual Benefit) NC II,BASIC,400311211,Work in team environment
SOCMIS219,Microinsurance Services (Mutual Benefit) NC II,CORE,SOC332301,Promote microinsurance products and services
SOCMIS219,Microinsurance Services (Mutual Benefit) NC II,COMMON,SOC941203,Perform computer operation
SOCMIS219,Microinsurance Services (Mutual Benefit) NC II,COMMON,SOC941202,Comply with quality and ethical standards
SOCMIS219,Microinsurance Services (Mutual Benefit) NC II,CORE,SOC332302,Process membership enrollment
AFFMLO217,Milking Operation NC II,BASIC,500311108,Practice occupational health and safety procedures
AFFMLO217,Milking Operation NC II,COMMON,AFF321201,Apply safety measures in farm operations
AFFMLO217,Milking Operation NC II,COMMON,AFF321202,Use farm tools and equipment
AFFMLO217,Milking Operation NC II,COMMON,AFF321203,Perform estimation and basic calculation
AFFMLO217,Milking Operation NC II,COMMON,AFF321206,Process farm wastes
AFFMLO217,Milking Operation NC II,COMMON,SOC413206,Perform record keeping
AFFMLO217,Milking Operation NC II,CORE,AFF751301,Conduct pre-milking activities
AFFMLO217,Milking Operation NC II,CORE,AFF751302,Perform milking operation
AFFMLO217,Milking Operation NC II,CORE,AFF751303,Carry-out post-milking operation
AFFMLO217,Milking Operation NC II,BASIC,500311106,Work in team environment
AFFMLO217,Milking Operation NC II,BASIC,500311105,Participate in workplace communication
AFFMLO217,Milking Operation NC II,BASIC,500311107,Practice career professionalism
ELCMPS321,Mobile Phones and Handheld Gadgets Servicing NC III,BASIC,400311319,Lead in workplace communication
ELCMPS321,Mobile Phones and Handheld Gadgets Servicing NC III,BASIC,400311323,Propose methods of applying learning and innovation in the organization
ELCMPS321,Mobile Phones and Handheld Gadgets Servicing NC III,BASIC,400311324,Use information systematically
ELCMPS321,Mobile Phones and Handheld Gadgets Servicing NC III,BASIC,400311325,Evaluate occupational safety and health work practices
ELCMPS321,Mobile Phones and Handheld Gadgets Servicing NC III,BASIC,400311326,Evaluate environmental work practices
ELCMPS321,Mobile Phones and Handheld Gadgets Servicing NC III,BASIC,400311327,Facilitate entrepreneurial skills for micro-small-medium enterprises (MSMEs)
ELCMPS321,Mobile Phones and Handheld Gadgets Servicing NC III,COMMON,ELC311206,Terminate and connect electrical wiring and electronic circuits
ELCMPS321,Mobile Phones and Handheld Gadgets Servicing NC III,COMMON,ELC311202,Prepare and interpret technical drawing
ELCMPS321,Mobile Phones and Handheld Gadgets Servicing NC III,COMMON,ELC311205,Use hand tools
ELCMPS321,Mobile Phones and Handheld Gadgets Servicing NC III,COMMON,ELC311201,Perform mensuration and calculation
ELCMPS321,Mobile Phones and Handheld Gadgets Servicing NC III,COMMON,ELC311204,Apply quality standards
ELCMPS321,Mobile Phones and Handheld Gadgets Servicing NC III,COMMON,ELC311203,Perform computer operations
ELCMPS321,Mobile Phones and Handheld Gadgets Servicing NC III,COMMON,ELC311209,Test electronic components
ELCMPS321,Mobile Phones and Handheld Gadgets Servicing NC III,CORE,ELC742301,Prepare workplace for servicing mobile phone unit and handheld gadget
ELCMPS321,Mobile Phones and Handheld Gadgets Servicing NC III,CORE,ELC742302,Diagnose and identity hardware and software related problems
ELCMPS321,Mobile Phones and Handheld Gadgets Servicing NC III,CORE,ELC742303,Troubleshoot and repair mobile phone unit and handheld gadget
ELCMPS321,Mobile Phones and Handheld Gadgets Servicing NC III,BASIC,400311322,Work in a diverse environment
ELCMPS321,Mobile Phones and Handheld Gadgets Servicing NC III,BASIC,400311321,Apply critical thinking and problem solving techniques in the workplace
ELCMPS321,Mobile Phones and Handheld Gadgets Servicing NC III,BASIC,400311320,Lead small teams
ELCMPS321,Mobile Phones and Handheld Gadgets Servicing NC III,CORE,ELC742304,Perform functionality testing and documentation
MEEMOD419,Mold Designing NC IV,BASIC,500311401,Utilize specialized communication skill
MEEMOD419,Mold Designing NC IV,BASIC,500311407,"Lead in improvement of occupational safety and health (OSH) programs, policies and procedures"
MEEMOD419,Mold Designing NC IV,BASIC,500311402,Develop and lead teams
MEEMOD419,Mold Designing NC IV,BASIC,500311403,Perform higher-order thinking processes and apply techniques in the workplace
MEEMOD419,Mold Designing NC IV,BASIC,500311404,Contribute to the practice of social justice in the workplace
MEEMOD419,Mold Designing NC IV,BASIC,500311405,Manage innovative work instructions
MEEMOD419,Mold Designing NC IV,BASIC,500311406,Manage and evaluate usage of information
MEEMOD419,Mold Designing NC IV,BASIC,500311408,"Lead towards improvement of environmental work programs, policies and procedures"
MEEMOD419,Mold Designing NC IV,BASIC,500311409,Sustain entrepreneurial skills
MEEMOD419,Mold Designing NC IV,COMMON,MEE722204,Perform shop computations (basic)
MEEMOD419,Mold Designing NC IV,COMMON,MEE722205,Measure workpiece (basic)
MEEMOD419,Mold Designing NC IV,COMMON,MEE722207,Perform shop computations (intermediate)
MEEMOD419,Mold Designing NC IV,COMMON,MEE722201,Apply safety practices
MEEMOD419,Mold Designing NC IV,COMMON,MEE722202,Interpret working drawings and sketches
MEEMOD419,Mold Designing NC IV,COMMON,MEE722203,Select/ cut workshop materials
MEEMOD419,Mold Designing NC IV,COMMON,MEE722206,Perform routine housekeeping
MEEMOD419,Mold Designing NC IV,COMMON,MEE722208,Measure workpiece using angular measuring instruments
MEEMOD419,Mold Designing NC IV,COMMON,MEE722210,Measure workpiece using gages and surface texture comparator
MEEMOD419,Mold Designing NC IV,COMMON,MEE722211,Perform preventive and corrective maintenance
MEEMOD419,Mold Designing NC IV,COMMON,ICT311201,Operate a personal computer
MEEMOD419,Mold Designing NC IV,CORE,MEE722327,Perform CAD operation
MEEMOD419,Mold Designing NC IV,CORE,MEE722326,Determine mold design parameters
MEEMOD419,Mold Designing NC IV,CORE,MEE722328,Simulate and verify mold design
MEEMOD419,Mold Designing NC IV,CORE,MEE722329,Modify and finalize mold design
MEEMOD419,Mold Designing NC IV,CORE,MEE722330,Create fabrication drawing
MEEMOM319,Mold Making NC III,BASIC,400311319,Lead in workplace communication
MEEMOM319,Mold Making NC III,BASIC,400311320,Lead small teams
MEEMOM319,Mold Making NC III,BASIC,400311321,Apply critical thinking and problem solving techniques in the workplace
MEEMOM319,Mold Making NC III,BASIC,400311322,Work in a diverse environment
MEEMOM319,Mold Making NC III,BASIC,400311323,Propose methods of applying learning and innovation in the organization
MEEMOM319,Mold Making NC III,BASIC,400311324,Use information systematically
MEEMOM319,Mold Making NC III,BASIC,400311325,Evaluate occupational safety and health work practices
MEEMOM319,Mold Making NC III,BASIC,400311326,Evaluate environmental work practices
MEEMOM319,Mold Making NC III,BASIC,400311327,Facilitate entrepreneurial skills for micro-small-medium enterprises (MSMEs)
MEEMOM319,Mold Making NC III,COMMON,MEE722204,Perform shop computations (basic)
MEEMOM319,Mold Making NC III,COMMON,MEE722205,Measure workpiece (basic)
MEEMOM319,Mold Making NC III,COMMON,MEE722207,Perform shop computations (intermediate)
MEEMOM319,Mold Making NC III,COMMON,MEE722201,Apply safety practices
MEEMOM319,Mold Making NC III,COMMON,MEE722202,Interpret working drawings and sketches
MEEMOM319,Mold Making NC III,COMMON,MEE722203,Select/ cut workshop materials
MEEMOM319,Mold Making NC III,COMMON,MEE722206,Perform routine housekeeping
MEEMOM319,Mold Making NC III,COMMON,MEE722208,Measure workpiece using angular measuring instruments
MEEMOM319,Mold Making NC III,COMMON,MEE722210,Measure workpiece using gages and surface texture comparator
MEEMOM319,Mold Making NC III,COMMON,MEE722211,Perform preventive and corrective maintenance
MEEMOM319,Mold Making NC III,COMMON,ICT311201,Operate a personal computer
MEEMOM319,Mold Making NC III,CORE,MEE722317,Machine mold components
MEEMOM319,Mold Making NC III,CORE,MEE722318,Implement surface finishing
MEEMOM319,Mold Making NC III,CORE,MEE722319,Fit and assemble mold
MEEMOM319,Mold Making NC III,CORE,MEE722320,Rectify mold flaws
ALTMMK209,Moldmaking NC II,CORE,ALT722308,Perform precision assembly
ALTMMK209,Moldmaking NC II,BASIC,500311106,Work in team environment
ALTMMK209,Moldmaking NC II,BASIC,500311107,Practice career professionalism
ALTMMK209,Moldmaking NC II,BASIC,500311108,Practice occupational health and safety procedures
ALTMMK209,Moldmaking NC II,COMMON,ALT742202,"Read, interpret and apply engineering drawings"
ALTMMK209,Moldmaking NC II,COMMON,ALT311202,Perform mensuration and calculation
ALTMMK209,Moldmaking NC II,COMMON,ALT723203,"Read, interpret and apply specifications and manuals"
ALTMMK209,Moldmaking NC II,BASIC,500311105,Participate in workplace communication
ALTMMK209,Moldmaking NC II,COMMON,ALT723205,Perform shop maintenance
ALTMMK209,Moldmaking NC II,CORE,ALT722307,Machine parts
ALTMSE215,Motorcycle/Small Engine Servicing NC II,COMMON,ALT723204,Use and apply lubricants/coolants
ALTMSE215,Motorcycle/Small Engine Servicing NC II,COMMON,ALT723201,Apply appropriate sealant/adhesive
ALTMSE215,Motorcycle/Small Engine Servicing NC II,BASIC,500311108,Practice occupational health and safety procedures
ALTMSE215,Motorcycle/Small Engine Servicing NC II,BASIC,500311107,Practice career professionalism
ALTMSE215,Motorcycle/Small Engine Servicing NC II,BASIC,500311106,Work in team environment
ALTMSE215,Motorcycle/Small Engine Servicing NC II,BASIC,500311105,Participate in workplace communication
ALTMSE215,Motorcycle/Small Engine Servicing NC II,COMMON,ALT723202,Move and position vehicle
ALTMSE215,Motorcycle/Small Engine Servicing NC II,COMMON,ALT311202,Perform mensuration and calculation
ALTMSE215,Motorcycle/Small Engine Servicing NC II,COMMON,ALT723203,"Read, interpret and apply specifications and manuals"
ALTMSE215,Motorcycle/Small Engine Servicing NC II,COMMON,ALT723205,Perform shop maintenance
ALTMSE215,Motorcycle/Small Engine Servicing NC II,COMMON,ALT311211,Prepare job estimate/costing
ALTMSE215,Motorcycle/Small Engine Servicing NC II,COMMON,ALT311212,Observe quality systems
ALTMSE215,Motorcycle/Small Engine Servicing NC II,COMMON,ALT723213,Perform periodic maintenance
ALTMSE215,Motorcycle/Small Engine Servicing NC II,CORE,ALT723372,Service motorcycle/small engine system
ALTMSE215,Motorcycle/Small Engine Servicing NC II,CORE,ALT723373,Service electrical system
ALTMSE215,Motorcycle/Small Engine Servicing NC II,CORE,ALT723374,Service chassis
ALTMSE215,Motorcycle/Small Engine Servicing NC II,CORE,ALT723375,Overhaul motorcycle/small engine
ALTMSE204,Motorcycle/Small Engine Servicing NC II (Superseded),BASIC,500311108,Practice occupational health and safety procedures
ALTMSE204,Motorcycle/Small Engine Servicing NC II (Superseded),BASIC,500311106,Work in team environment
ALTMSE204,Motorcycle/Small Engine Servicing NC II (Superseded),BASIC,500311107,Practice career professionalism
ALTMSE204,Motorcycle/Small Engine Servicing NC II (Superseded),BASIC,500311105,Participate in workplace communication
ALTMSE204,Motorcycle/Small Engine Servicing NC II (Superseded),COMMON,ALT723203,"Read, interpret and apply specifications and manuals"
ALTMSE204,Motorcycle/Small Engine Servicing NC II (Superseded),COMMON,ALT723201,Apply appropriate sealant/adhesive
ALTMSE204,Motorcycle/Small Engine Servicing NC II (Superseded),COMMON,ALT723204,Use and apply lubricants/coolants
ALTMSE204,Motorcycle/Small Engine Servicing NC II (Superseded),COMMON,ALT723202,Move and position vehicle
ALTMSE204,Motorcycle/Small Engine Servicing NC II (Superseded),COMMON,ALT311202,Perform mensuration and calculation
ALTMSE204,Motorcycle/Small Engine Servicing NC II (Superseded),COMMON,ALT723205,Perform shop maintenance
ALTMSE204,Motorcycle/Small Engine Servicing NC II (Superseded),CORE,ALT723347,Overhaul motorcycle/small engine
ALTMSE204,Motorcycle/Small Engine Servicing NC II (Superseded),CORE,ALT723335,Perform periodic maintenance
ALTMSE204,Motorcycle/Small Engine Servicing NC II (Superseded),CORE,ALT723336,Service fuel system
ALTMSE204,Motorcycle/Small Engine Servicing NC II (Superseded),CORE,ALT723337,Service lubrication system
ALTMSE204,Motorcycle/Small Engine Servicing NC II (Superseded),CORE,ALT723338,Service ignition system
ALTMSE204,Motorcycle/Small Engine Servicing NC II (Superseded),CORE,ALT723339,Service exhaust system
ALTMSE204,Motorcycle/Small Engine Servicing NC II (Superseded),CORE,ALT723340,Service suspension system
ALTMSE204,Motorcycle/Small Engine Servicing NC II (Superseded),CORE,ALT723341,Service brake system
ALTMSE204,Motorcycle/Small Engine Servicing NC II (Superseded),CORE,ALT723342,Service wheels and tires
ALTMSE204,Motorcycle/Small Engine Servicing NC II (Superseded),CORE,ALT723343,Service clutch system
ALTMSE204,Motorcycle/Small Engine Servicing NC II (Superseded),CORE,ALT723344,Service electrical system
ALTMSE204,Motorcycle/Small Engine Servicing NC II (Superseded),CORE,ALT723345,Service final drive
ALTMSE204,Motorcycle/Small Engine Servicing NC II (Superseded),CORE,ALT723346,Service cooling system
LOGMTO219,Multimodal Transport Operations and Logistics (Seafreight Import) Services NC II,COMMON,MTO491202,Perform workplace security and safety
LOGMTO219,Multimodal Transport Operations and Logistics (Seafreight Import) Services NC II,BASIC,400311211,Work in team environment
LOGMTO219,Multimodal Transport Operations and Logistics (Seafreight Import) Services NC II,BASIC,400311212,Solve/address general workplace problems
LOGMTO219,Multimodal Transport Operations and Logistics (Seafreight Import) Services NC II,BASIC,400311213,Develop career and life decisions
LOGMTO219,Multimodal Transport Operations and Logistics (Seafreight Import) Services NC II,BASIC,400311214,Contribute to workplace innovation
LOGMTO219,Multimodal Transport Operations and Logistics (Seafreight Import) Services NC II,BASIC,400311215,Present relevant information
LOGMTO219,Multimodal Transport Operations and Logistics (Seafreight Import) Services NC II,BASIC,400311216,Practice occupational safety and health policies and procedures
LOGMTO219,Multimodal Transport Operations and Logistics (Seafreight Import) Services NC II,BASIC,400311217,Exercise efficient and effective sustainable practices in the workplace
LOGMTO219,Multimodal Transport Operations and Logistics (Seafreight Import) Services NC II,BASIC,400311218,Practice entrepreneurial skills in the workplace
LOGMTO219,Multimodal Transport Operations and Logistics (Seafreight Import) Services NC II,COMMON,MTO491201,Apply freight forwarding documentation services and workplace procedures
LOGMTO219,Multimodal Transport Operations and Logistics (Seafreight Import) Services NC II,BASIC,400311210,Participate in workplace communication
LOGMTO219,Multimodal Transport Operations and Logistics (Seafreight Import) Services NC II,COMMON,MTO491203,Provide effective customer service
LOGMTO219,Multimodal Transport Operations and Logistics (Seafreight Import) Services NC II,COMMON,MTO491204,Contribute to quality system
LOGMTO219,Multimodal Transport Operations and Logistics (Seafreight Import) Services NC II,COMMON,MTO491205,Perform computer operations
LOGMTO219,Multimodal Transport Operations and Logistics (Seafreight Import) Services NC II,CORE,MTO432301,Perform industry calculation in freight forwarding and documentation services
LOGMTO219,Multimodal Transport Operations and Logistics (Seafreight Import) Services NC II,CORE,MTO432302,Process transport documents for import cargo
LOGMTO219,Multimodal Transport Operations and Logistics (Seafreight Import) Services NC II,CORE,MTO432303,Prepare request for payment and billings
LOGMTO219,Multimodal Transport Operations and Logistics (Seafreight Import) Services NC II,CORE,MTO432304,Prepare and complete statistical reports
LOGMTO219,Multimodal Transport Operations and Logistics (Seafreight Import) Services NC II,CORE,MTO432305,Process shipping documents
LOGMTO219,Multimodal Transport Operations and Logistics (Seafreight Import) Services NC II,CORE,MTO432306,Liaise with relevant stakeholders
LOGMTO219,Multimodal Transport Operations and Logistics (Seafreight Import) Services NC II,CORE,MTO432307,Address bottlenecks and work disruptions
LOGMTO319,Multimodal Transport Operations and Logistics (Seafreight Import) Services NC III,COMMON,MTO491204,Contribute to quality system
LOGMTO319,Multimodal Transport Operations and Logistics (Seafreight Import) Services NC III,BASIC,400311320,Lead small teams
LOGMTO319,Multimodal Transport Operations and Logistics (Seafreight Import) Services NC III,BASIC,400311321,Apply critical thinking and problem solving techniques in the workplace
LOGMTO319,Multimodal Transport Operations and Logistics (Seafreight Import) Services NC III,BASIC,400311322,Work in a diverse environment
LOGMTO319,Multimodal Transport Operations and Logistics (Seafreight Import) Services NC III,BASIC,400311323,Propose methods of applying learning and innovation in the organization
LOGMTO319,Multimodal Transport Operations and Logistics (Seafreight Import) Services NC III,BASIC,400311327,Facilitate entrepreneurial skills for micro-small-medium enterprises (MSMEs)
LOGMTO319,Multimodal Transport Operations and Logistics (Seafreight Import) Services NC III,COMMON,MTO491201,Apply freight forwarding documentation services and workplace procedures
LOGMTO319,Multimodal Transport Operations and Logistics (Seafreight Import) Services NC III,COMMON,MTO491202,Perform workplace security and safety
LOGMTO319,Multimodal Transport Operations and Logistics (Seafreight Import) Services NC III,COMMON,MTO491203,Provide effective customer service
LOGMTO319,Multimodal Transport Operations and Logistics (Seafreight Import) Services NC III,BASIC,400311319,Lead in workplace communication
LOGMTO319,Multimodal Transport Operations and Logistics (Seafreight Import) Services NC III,COMMON,MTO491205,Perform computer operations
LOGMTO319,Multimodal Transport Operations and Logistics (Seafreight Import) Services NC III,CORE,MTO333301,Provide transport information to customers
LOGMTO319,Multimodal Transport Operations and Logistics (Seafreight Import) Services NC III,CORE,MTO333302,Promote and develop freight services to customers
LOGMTO319,Multimodal Transport Operations and Logistics (Seafreight Import) Services NC III,CORE,MTO333303,Evaluate and confirm customer freight transport requirements
LOGMTO319,Multimodal Transport Operations and Logistics (Seafreight Import) Services NC III,CORE,MTO333304,Monitor and coordinate transport execution and documentation
LOGMTO319,Multimodal Transport Operations and Logistics (Seafreight Import) Services NC III,BASIC,400311326,Evaluate environmental work practices
LOGMTO319,Multimodal Transport Operations and Logistics (Seafreight Import) Services NC III,BASIC,400311324,Use information systematically
LOGMTO319,Multimodal Transport Operations and Logistics (Seafreight Import) Services NC III,BASIC,400311325,Evaluate occupational safety and health work practices
LOGMTO419,Multimodal Transport Operations and Logistics (Seafreight Import) Services NC IV,BASIC,500311403,Perform higher-order thinking processes and apply techniques in the workplace
LOGMTO419,Multimodal Transport Operations and Logistics (Seafreight Import) Services NC IV,BASIC,500311402,Develop and lead teams
LOGMTO419,Multimodal Transport Operations and Logistics (Seafreight Import) Services NC IV,BASIC,500311405,Manage innovative work instructions
LOGMTO419,Multimodal Transport Operations and Logistics (Seafreight Import) Services NC IV,BASIC,500311406,Manage and evaluate usage of information
LOGMTO419,Multimodal Transport Operations and Logistics (Seafreight Import) Services NC IV,BASIC,500311408,"Lead towards improvement of environmental work programs, policies and procedures"
LOGMTO419,Multimodal Transport Operations and Logistics (Seafreight Import) Services NC IV,BASIC,500311409,Sustain entrepreneurial skills
LOGMTO419,Multimodal Transport Operations and Logistics (Seafreight Import) Services NC IV,COMMON,MTO432201,Apply freight forwarding and documentation service operations and workplace procedures
LOGMTO419,Multimodal Transport Operations and Logistics (Seafreight Import) Services NC IV,COMMON,MTO432202,Perform workplace security and safety
LOGMTO419,Multimodal Transport Operations and Logistics (Seafreight Import) Services NC IV,COMMON,MTO432203,Provide effective customer service
LOGMTO419,Multimodal Transport Operations and Logistics (Seafreight Import) Services NC IV,COMMON,MTO432204,Contribute to quality system
LOGMTO419,Multimodal Transport Operations and Logistics (Seafreight Import) Services NC IV,COMMON,MTO432205,Perform computer operations
LOGMTO419,Multimodal Transport Operations and Logistics (Seafreight Import) Services NC IV,CORE,MTO132301,Supervise/ manage activities involving import sea freight
LOGMTO419,Multimodal Transport Operations and Logistics (Seafreight Import) Services NC IV,CORE,MTO132302,Oversee the import seafreight team’s performance
LOGMTO419,Multimodal Transport Operations and Logistics (Seafreight Import) Services NC IV,CORE,MTO132303,Oversee the coordination with overseas agents on shipment status particularly on any irregularity
LOGMTO419,Multimodal Transport Operations and Logistics (Seafreight Import) Services NC IV,CORE,MTO132304,Control shipping documents
LOGMTO419,Multimodal Transport Operations and Logistics (Seafreight Import) Services NC IV,CORE,MTO132305,"Ensure that claims arising from cargo losses, damages, theft, and other irregularities are processed"
LOGMTO419,Multimodal Transport Operations and Logistics (Seafreight Import) Services NC IV,CORE,MTO132306,Prepare reports required to support business decisions and comply with government requirements
LOGMTO419,Multimodal Transport Operations and Logistics (Seafreight Import) Services NC IV,BASIC,500311401,Utilize specialized communication skill
LOGMTO419,Multimodal Transport Operations and Logistics (Seafreight Import) Services NC IV,BASIC,500311407,"Lead in improvement of occupational safety and health (OSH) programs, policies and procedures"
LOGMTO419,Multimodal Transport Operations and Logistics (Seafreight Import) Services NC IV,BASIC,500311404,Contribute to the practice of social justice in the workplace
ALTNAD324,Non-Structural Analysis and Damage Repair NC III,COMMON,ALT723211,Validate vehicle specification
ALTNAD324,Non-Structural Analysis and Damage Repair NC III,CORE,ALTXXXX,"Remove and replace major welded panels on vehicles"
ALTNAD324,Non-Structural Analysis and Damage Repair NC III,BASIC,400311319,Lead workplace communication
ALTNAD324,Non-Structural Analysis and Damage Repair NC III,BASIC,400311320,Lead small teams
ALTNAD324,Non-Structural Analysis and Damage Repair NC III,BASIC,400311321,Apply critical thinking and problem solving techniques in the workplace
ALTNAD324,Non-Structural Analysis and Damage Repair NC III,BASIC,400311322,Work in a diverse environment
ALTNAD324,Non-Structural Analysis and Damage Repair NC III,BASIC,400311323,Propose methods of applying learning and innovation in the organization
ALTNAD324,Non-Structural Analysis and Damage Repair NC III,BASIC,400311324,Use information systematically
ALTNAD324,Non-Structural Analysis and Damage Repair NC III,BASIC,400311325,Evaluate occupational safety and health work practices
ALTNAD324,Non-Structural Analysis and Damage Repair NC III,BASIC,400311326,Evaluate environmental work practices
ALTNAD324,Non-Structural Analysis and Damage Repair NC III,COMMON,ALT723216,Prepare servicing parts and consumables
ALTNAD324,Non-Structural Analysis and Damage Repair NC III,COMMON,ALT723217,Prepare vehicle for servicing and releasing
ALTNAD324,Non-Structural Analysis and Damage Repair NC III,CORE,ALTXXXX,Remove and replace vehicle interior and exterior components
ALTNAD324,Non-Structural Analysis and Damage Repair NC III,COMMON,ALT723213,Utilize automotive tools
ALTNAD324,Non-Structural Analysis and Damage Repair NC III,BASIC,400311327,Facilitate entrepreneurial skills for micro-small-medium enterprises (MSMEs)
ALTNAD324,Non-Structural Analysis and Damage Repair NC III,COMMON,ALT723212,Move and position vehicle
ALTNAD324,Non-Structural Analysis and Damage Repair NC III,COMMON,ALT723214,Perform mensuration and calculation
ALTNAD324,Non-Structural Analysis and Damage Repair NC III,CORE,ALTXXXX,Carry out panel repairs of complex surface
ALTNAD324,Non-Structural Analysis and Damage Repair NC III,CORE,ALTXXXX,Repair body panels with complex surface using filler
ALTNAD324,Non-Structural Analysis and Damage Repair NC III,COMMON,ALT723215,Utilize workshop facilities and equipment
HHCOLS207,Ophthalmic Lens Services NC II,BASIC,500311106,Work in team environment
HHCOLS207,Ophthalmic Lens Services NC II,BASIC,500311105,Participate in workplace communication
HHCOLS207,Ophthalmic Lens Services NC II,BASIC,500311107,Practice career professionalism
HHCOLS207,Ophthalmic Lens Services NC II,BASIC,500311108,Practice occupational health and safety procedures
HHCOLS207,Ophthalmic Lens Services NC II,COMMON,HCS515204,Apply quality standards
HHCOLS207,Ophthalmic Lens Services NC II,COMMON,HCS515205,"Maintain a safe, clean and efficient work environment"
HHCOLS207,Ophthalmic Lens Services NC II,COMMON,HCS516201,Maintain an effective relationship with clients/customers
HHCOLS207,Ophthalmic Lens Services NC II,COMMON,ICT311201,Operate a personal computer
HHCOLS207,Ophthalmic Lens Services NC II,CORE,HCS222301,Analyze and interpret ophthalmic lens prescription
HHCOLS207,Ophthalmic Lens Services NC II,CORE,HCS222302,Edge and mount ophthalmic appliances
HHCOLS207,Ophthalmic Lens Services NC II,CORE,HCS222303,Apply UV coat/ tint to ophthalmic lenses
HHCOLS207,Ophthalmic Lens Services NC II,COMMON,HCS516202,Manage own performance
AFFOAP212,Organic Agriculture Production NC II,COMMON,TRS311201,Develop and update industry knowledge
AFFOAP212,Organic Agriculture Production NC II,BASIC,500311105,Participate in workplace communication
AFFOAP212,Organic Agriculture Production NC II,CORE,AGR612301,Raise organic chicken
AFFOAP212,Organic Agriculture Production NC II,CORE,AGR611306,Produce organic vegetables
AFFOAP212,Organic Agriculture Production NC II,CORE,AGR611301,Produce organic fertilizer
AFFOAP212,Organic Agriculture Production NC II,CORE,AGR611302,Produce organic concoctions and extracts
AFFOAP212,Organic Agriculture Production NC II,ELECTIVE,AGR612302,Raise organic hogs
AFFOAP212,Organic Agriculture Production NC II,ELECTIVE,AGR612303,Raise organic small ruminants
AFFOAP212,Organic Agriculture Production NC II,COMMON,AGR321203,Perform estimation and basic calculation
AFFOAP212,Organic Agriculture Production NC II,COMMON,AGR321202,Use farm tools and equipment
AFFOAP212,Organic Agriculture Production NC II,COMMON,AGR321201,Apply safety measures in farm operations
AFFOAP212,Organic Agriculture Production NC II,BASIC,500311108,Practice occupational health and safety procedures
AFFOAP212,Organic Agriculture Production NC II,BASIC,500311107,Practice career professionalism
AFFOAP212,Organic Agriculture Production NC II,BASIC,500311106,Work in team environment
AFFOAP212,Organic Agriculture Production NC II,COMMON,AGR321205,Perform record keeping
CONPVD308,PV System Design NC III,CORE,CON311304,Prepare installation drawing
CONPVD308,PV System Design NC III,CORE,CON311303,Specify components in bill of materials
CONPVD308,PV System Design NC III,CORE,CON311302,Calculate system components requirements (system sizing)
CONPVD308,PV System Design NC III,CORE,CON311301,Determine customer requirements
CONPVD308,PV System Design NC III,COMMON,CON311204,Maintain tools and equipment
CONPVD308,PV System Design NC III,BASIC,500311109,Lead workplace communication
CONPVD308,PV System Design NC III,BASIC,500311110,Lead small teams
CONPVD308,PV System Design NC III,BASIC,500311111,Develop and practice negotiation skills
CONPVD308,PV System Design NC III,BASIC,500311112,Solve problems related to work activities
CONPVD308,PV System Design NC III,COMMON,CON311202,Interpret technical drawings and plans
CONPVD308,PV System Design NC III,COMMON,CON311201,"Observe procedures, specifications and manuals of instructions"
CONPVD308,PV System Design NC III,COMMON,CON724201,Prepare construction materials and tools
CONPVD308,PV System Design NC III,BASIC,500311114,Use relevant technologies
CONPVD308,PV System Design NC III,BASIC,500311113,Use mathematical concepts and techniques
CONPVD308,PV System Design NC III,COMMON,CON311203,Perform mensurations and calculations
CONPVI208,PV Systems Installation NC II,COMMON,CON311202,Interpret technical drawings and plans
CONPVI208,PV Systems Installation NC II,COMMON,CON311203,Perform mensurations and calculations
CONPVI208,PV Systems Installation NC II,COMMON,CON311204,Maintain tools and equipment
CONPVI208,PV Systems Installation NC II,CORE,CON724325,Perform site assessment
CONPVI208,PV Systems Installation NC II,CORE,CON724326,Check PV components/materials compliance
CONPVI208,PV Systems Installation NC II,CORE,CON724327,Install PV system
CONPVI208,PV Systems Installation NC II,CORE,CON724328,Perform PV system testing and commissioning
CONPVI208,PV Systems Installation NC II,BASIC,500311105,Participate in workplace communication
CONPVI208,PV Systems Installation NC II,BASIC,500311106,Work in team environment
CONPVI208,PV Systems Installation NC II,BASIC,500311107,Practice career professionalism
CONPVI208,PV Systems Installation NC II,BASIC,500311108,Practice occupational health and safety procedures
CONPVI208,PV Systems Installation NC II,COMMON,CON724201,Prepare construction materials and tools
CONPVI208,PV Systems Installation NC II,COMMON,CON311201,"Observe procedures, specifications and manuals of instructions"
CONPVS308,PV Systems Servicing NC III,CORE,CON724329,Perform PV system diagnosis
CONPVS308,PV Systems Servicing NC III,COMMON,CON724201,Prepare construction materials and tools
CONPVS308,PV Systems Servicing NC III,COMMON,CON311201,"Observe procedures, specifications and manuals of instructions"
CONPVS308,PV Systems Servicing NC III,COMMON,CON311202,Interpret technical drawings and plans
CONPVS308,PV Systems Servicing NC III,COMMON,CON311203,Perform mensurations and calculations
CONPVS308,PV Systems Servicing NC III,COMMON,CON311204,Maintain tools and equipment
CONPVS308,PV Systems Servicing NC III,BASIC,500311114,Use relevant technologies
CONPVS308,PV Systems Servicing NC III,CORE,CON724330,Repair PV system
CONPVS308,PV Systems Servicing NC III,BASIC,500311109,Lead workplace communication
CONPVS308,PV Systems Servicing NC III,BASIC,500311110,Lead small teams
CONPVS308,PV Systems Servicing NC III,BASIC,500311111,Develop and practice negotiation skills
CONPVS308,PV Systems Servicing NC III,BASIC,500311112,Solve problems related to work activities
CONPVS308,PV Systems Servicing NC III,BASIC,500311113,Use mathematical concepts and techniques
CONPVS308,PV Systems Servicing NC III,CORE,CON724331,Monitor PV system operation
ALTPMO208,Painting Machine Operation NC II,COMMON,ALT742201,"Read, interpret and apply engineering drawings"
ALTPMO208,Painting Machine Operation NC II,COMMON,ALT311202,Perform mensuration and calculation
ALTPMO208,Painting Machine Operation NC II,BASIC,500311108,Practice occupational health and safety procedures
ALTPMO208,Painting Machine Operation NC II,BASIC,500311107,Practice career professionalism
ALTPMO208,Painting Machine Operation NC II,BASIC,500311106,Work in team environment
ALTPMO208,Painting Machine Operation NC II,BASIC,500311105,Participate in workplace communication
ALTPMO208,Painting Machine Operation NC II,COMMON,ALT723201,Apply appropriate sealant/adhesive
ALTPMO208,Painting Machine Operation NC II,COMMON,ALT723205,Perform shop maintenance
ALTPMO208,Painting Machine Operation NC II,CORE,ALT827316,Perform pre-treatment and cathodic electro-deposition process operation
ALTPMO208,Painting Machine Operation NC II,CORE,ALT827317,Perform gray primer (2nd primer) application procedures
ALTPMO208,Painting Machine Operation NC II,CORE,ALT827318,Perform top coat application procedures
ALTPMO208,Painting Machine Operation NC II,COMMON,ALT723202,Move and position vehicle
CREPMM223,Paper Mache Making NC II,COMMON,CRE731207,Provide and maintain effective customer service
CREPMM223,Paper Mache Making NC II,BASIC,400311211,Work in team environment
CREPMM223,Paper Mache Making NC II,CORE,CRE731309,Market paper mache products
CREPMM223,Paper Mache Making NC II,CORE,CRE731308,Produce paper mache products
CREPMM223,Paper Mache Making NC II,CORE,CRE731307,Conduct preparatory activities
CREPMM223,Paper Mache Making NC II,COMMON,CRE731210,Perform mensuration and calculation
CREPMM223,Paper Mache Making NC II,COMMON,CRE731209,"Work with tools, materials, and equipment"
CREPMM223,Paper Mache Making NC II,COMMON,CRE731205,Manage own performance
CREPMM223,Paper Mache Making NC II,COMMON,CRE731202,Enhance creative and artistic skills and cultural awareness
CREPMM223,Paper Mache Making NC II,COMMON,CRE731201,Enhance industry knowledge and skills
CREPMM223,Paper Mache Making NC II,BASIC,400311218,Practice entrepreneurial skills in the workplace
CREPMM223,Paper Mache Making NC II,COMMON,CRE731208,Develop artistic skills and cultural awareness of one-self
CREPMM223,Paper Mache Making NC II,COMMON,CRE731206,"Maintain a safe, clean and efficient work environment"
CREPMM223,Paper Mache Making NC II,BASIC,400311217,Exercise efficient and effective sustainable practices in the workplace
CREPMM223,Paper Mache Making NC II,BASIC,400311216,Practice occupational safety and health policies and procedures
CREPMM223,Paper Mache Making NC II,BASIC,400311215,Present relevant information
CREPMM223,Paper Mache Making NC II,BASIC,400311214,Contribute to workplace innovation
CREPMM223,Paper Mache Making NC II,BASIC,400311213,Develop career and life decisions
CREPMM223,Paper Mache Making NC II,BASIC,400311212,Solve/address general workplace problems
CREPMM223,Paper Mache Making NC II,BASIC,400311210,Participate in workplace communication
SOCBRD207,Performing Arts (Ballroom Dancing) NC II,BASIC,500311105,Participate in workplace communication
SOCBRD207,Performing Arts (Ballroom Dancing) NC II,CORE,HCS245303,Perform basic Latin-American dance figures and amalgamations
SOCBRD207,Performing Arts (Ballroom Dancing) NC II,CORE,HCS245302,Perform basic modern standard dance figures and amalgamations
SOCBRD207,Performing Arts (Ballroom Dancing) NC II,CORE,HCS245301,Demonstrate understanding of dance concepts and routines
SOCBRD207,Performing Arts (Ballroom Dancing) NC II,COMMON,HCS245202,Manage own performance
SOCBRD207,Performing Arts (Ballroom Dancing) NC II,COMMON,HCS245201,Maintain an effective relationship with clients/customers
SOCBRD207,Performing Arts (Ballroom Dancing) NC II,BASIC,500311108,Practice occupational health and safety procedures
SOCBRD207,Performing Arts (Ballroom Dancing) NC II,BASIC,500311107,Practice career professionalism
SOCBRD207,Performing Arts (Ballroom Dancing) NC II,BASIC,500311106,Work in team environment
SOCPAD205,Performing Arts (Dance) NC II,CORE,HCS245304,Perform in production shows
SOCPAD205,Performing Arts (Dance) NC II,CORE,HCS245303,Perform fundamentals of philippine folk dances
SOCPAD205,Performing Arts (Dance) NC II,CORE,HCS245302,Perform jazz movements and routines
SOCPAD205,Performing Arts (Dance) NC II,CORE,HCS245301,Perform ballet movements and routines
SOCPAD205,Performing Arts (Dance) NC II,COMMON,HCS245202,Manage own performance
SOCPAD205,Performing Arts (Dance) NC II,COMMON,HCS245201,Maintain an effective relationship with clients/customers
SOCPAD205,Performing Arts (Dance) NC II,BASIC,500311105,Participate in workplace communication
SOCPAD205,Performing Arts (Dance) NC II,BASIC,500311106,Work in team environment
SOCPAD205,Performing Arts (Dance) NC II,BASIC,500311108,Practice occupational health and safety procedures
SOCPAD205,Performing Arts (Dance) NC II,BASIC,500311107,Practice career professionalism
SOCPMG203,Performing Arts (Magician) NC II,CORE,XXXXX,"Maintain magician's props, accessories, costumes and livestock"
SOCPMG203,Performing Arts (Magician) NC II,CORE,XXXXX,Perform magic show
SOCPMG203,Performing Arts (Magician) NC II,CORE,XXXXX,Perform magic arts/routines
SOCPMG203,Performing Arts (Magician) NC II,CORE,XXXXX,"Obtain/secure magician's props, accessories, costumes and livestock"
SOCPMG203,Performing Arts (Magician) NC II,CORE,XXXXX,"Construct/innovative on magician's props, accessories and costumes"
SOCPMG203,Performing Arts (Magician) NC II,CORE,XXXXX,Develop new magic acts/routines
SOCPAS205,Performing Arts (Song) NC II,BASIC,500311105,Participate in workplace communication
SOCPAS205,Performing Arts (Song) NC II,BASIC,500311106,Work in team environment
SOCPAS205,Performing Arts (Song) NC II,BASIC,500311107,Practice career professionalism
SOCPAS205,Performing Arts (Song) NC II,BASIC,500311108,Practice occupational health and safety procedures
SOCPAS205,Performing Arts (Song) NC II,COMMON,HCS245201,Maintain an effective relationship with clients/customers
SOCPAS205,Performing Arts (Song) NC II,COMMON,HCS245202,Manage own performance
SOCPAS205,Performing Arts (Song) NC II,CORE,HCS245301,Develop basic singing techniques
SOCPAS205,Performing Arts (Song) NC II,CORE,HCS245302,Demonstrate/exhibit stage performance skills
SOCPAS205,Performing Arts (Song) NC II,CORE,HCS245303,Perform solo number
SOCPAS205,Performing Arts (Song) NC II,CORE,HCS245304,Provide lead vocal for a group performance/band
AFFPMV207,Pest Management (Vegetables) NC II,COMMON,AGR321201,Apply safety measures in farm operations
AFFPMV207,Pest Management (Vegetables) NC II,BASIC,500311106,Work in team environment
AFFPMV207,Pest Management (Vegetables) NC II,BASIC,500311107,Practice career professionalism
AFFPMV207,Pest Management (Vegetables) NC II,BASIC,500311108,Practice occupational health and safety procedures
AFFPMV207,Pest Management (Vegetables) NC II,BASIC,500311105,Participate in workplace communication
AFFPMV207,Pest Management (Vegetables) NC II,COMMON,AGR321202,Use farm tools and equipment
AFFPMV207,Pest Management (Vegetables) NC II,COMMON,AGR321203,Perform estimation and basic calculation
AFFPMV207,Pest Management (Vegetables) NC II,CORE,AGR321320,Conduct field assessment
AFFPMV207,Pest Management (Vegetables) NC II,CORE,AGR321321,Apply bio-control measures
AFFPMV207,Pest Management (Vegetables) NC II,CORE,AGR321322,Apply cultural management strategies
AFFPMV207,Pest Management (Vegetables) NC II,CORE,AGR321323,Apply physical control measures
AFFPMV207,Pest Management (Vegetables) NC II,CORE,AGR321324,Apply chemical control measures
AFFPMV207,Pest Management (Vegetables) NC II,CORE,AGR321325,Monitor results of pest management activities and provide feedback
HHCPHA208,Pharmacy Services NC II (Superseded),BASIC,500311105,Participate in workplace communication
HHCPHA208,Pharmacy Services NC II (Superseded),BASIC,500311106,Work in team environment
HHCPHA208,Pharmacy Services NC II (Superseded),BASIC,500311107,Practice career professionalism
HHCPHA208,Pharmacy Services NC II (Superseded),BASIC,500311108,Practice occupational health and safety procedures
HHCPHA208,Pharmacy Services NC II (Superseded),COMMON,HCS245201,Maintain an effective relationship with clients/customers
HHCPHA208,Pharmacy Services NC II (Superseded),COMMON,HCS245202,Manage own performance
HHCPHA208,Pharmacy Services NC II (Superseded),CORE,HCS245301,Receive and analyze prescriptions for dispensing
HHCPHA208,Pharmacy Services NC II (Superseded),CORE,HCS245302,Prepare medication as prescribed by doctors or as requested by clients
HHCPHA208,Pharmacy Services NC II (Superseded),CORE,HCS245303,Perform dispensing operations
HHCPHA208,Pharmacy Services NC II (Superseded),CORE,HCS245304,Perform stock control
HHCPHA208,Pharmacy Services NC II (Superseded),CORE,HCS245305,Perform housekeeping/maintenance
HHCPHA315,Pharmacy Services NC III,CORE,HHC532302,Monitor supply/inventory of pharmaceutical products
HHCPHA315,Pharmacy Services NC III,BASIC,500311110,Lead small teams
HHCPHA315,Pharmacy Services NC III,BASIC,500311111,Develop and practice negotiation skills
HHCPHA315,Pharmacy Services NC III,BASIC,500311112,Solve problems related to work activities
HHCPHA315,Pharmacy Services NC III,BASIC,500311113,Use mathematical concepts and techniques
HHCPHA315,Pharmacy Services NC III,BASIC,500311114,Use relevant technologies
HHCPHA315,Pharmacy Services NC III,COMMON,HCS245201,Maintain an effective relationship with clients/customers (marketing)
HHCPHA315,Pharmacy Services NC III,COMMON,HHC532201,Update industry knowledge and practice through continuing education
HHCPHA315,Pharmacy Services NC III,COMMON,TRS311204,Perform workplace security and safety practices
HHCPHA315,Pharmacy Services NC III,COMMON,TRS311203,Perform computer operations
HHCPHA315,Pharmacy Services NC III,COMMON,HHC532202,Use pharmaceutical calculation techniques and terminologies
HHCPHA315,Pharmacy Services NC III,CORE,HHC532301,Practice good housekeeping
HHCPHA315,Pharmacy Services NC III,BASIC,500311109,Lead workplace communication
HHCPHA315,Pharmacy Services NC III,CORE,HHC532303,Handle and control pharmaceutical products
HHCPHA315,Pharmacy Services NC III,CORE,HHC532304,Arrange and display pharmaceutical products
HHCPHA315,Pharmacy Services NC III,CORE,HHC532305,Perform good laboratory practices
HHCPHA315,Pharmacy Services NC III,CORE,HHC532306,Adhere to good manufacturing practices
HHCPHA315,Pharmacy Services NC III,CORE,HHC532307,Demonstrate product knowledge on medicines
HHCPHA315,Pharmacy Services NC III,CORE,HHC532308,Dispense pharmaceutical products
HHCPHA315,Pharmacy Services NC III,CORE,HHC532309,"Perform health promotion education, vigilance"
VSAPHO207,Photography NC II,CORE,VSA313304,Present finished products
VSAPHO207,Photography NC II,BASIC,500311106,Work in team environment
VSAPHO207,Photography NC II,BASIC,500311107,Practice career professionalism
VSAPHO207,Photography NC II,BASIC,500311108,Practice occupational health and safety procedures
VSAPHO207,Photography NC II,COMMON,TRS311201,Develop and update industry knowledge
VSAPHO207,Photography NC II,COMMON,TRS311203,Perform computer operations
VSAPHO207,Photography NC II,COMMON,TRS311205,Provide effective customer service
VSAPHO207,Photography NC II,COMMON,VSA313201,Develop self as an artist
VSAPHO207,Photography NC II,COMMON,VSA313202,Select and prepare work for exhibition
VSAPHO207,Photography NC II,CORE,VSA313301,Operate camera and compose a subject
VSAPHO207,Photography NC II,CORE,VSA313302,"Set up studio lights, equipment and accessories"
VSAPHO207,Photography NC II,CORE,VSA313303,Perform post capture processing
VSAPHO207,Photography NC II,BASIC,500311105,Participate in workplace communication
CONPIP218,Pipefitting (Metallic) NC II,COMMON,CON931201,Prepare construction materials and tools
CONPIP218,Pipefitting (Metallic) NC II,CORE,CON712304,Install underground piping system
CONPIP218,Pipefitting (Metallic) NC II,BASIC,400311212,Solve/address general workplace problems
CONPIP218,Pipefitting (Metallic) NC II,BASIC,400311213,Develop career and life decisions
CONPIP218,Pipefitting (Metallic) NC II,BASIC,400311214,Contribute to workplace innovation
CONPIP218,Pipefitting (Metallic) NC II,BASIC,400311215,Present relevant information
CONPIP218,Pipefitting (Metallic) NC II,BASIC,400311216,Practice occupational safety and health policies and procedures
CONPIP218,Pipefitting (Metallic) NC II,BASIC,400311217,Exercise efficient and effective sustainable practices in the workplace
CONPIP218,Pipefitting (Metallic) NC II,BASIC,400311218,Practice entrepreneurial skills in the workplace
CONPIP218,Pipefitting (Metallic) NC II,BASIC,400311210,Participate in workplace communication
CONPIP218,Pipefitting (Metallic) NC II,COMMON,CON311201,"Observe procedures, specifications and manuals of instructions"
CONPIP218,Pipefitting (Metallic) NC II,COMMON,CON311203,Perform mensurations and calculations
CONPIP218,Pipefitting (Metallic) NC II,COMMON,CON311204,Maintain tools and equipment
CONPIP218,Pipefitting (Metallic) NC II,CORE,CON712301,"Prepare pipefitting materials, tools and equipment for spool pipe connection"
CONPIP218,Pipefitting (Metallic) NC II,CORE,CON712302,Install above ground piping system
CONPIP218,Pipefitting (Metallic) NC II,CORE,CON712303,Install overhead piping system
CONPIP218,Pipefitting (Metallic) NC II,BASIC,400311211,Work in team environment
CONPIP208,Pipefitting NC II (Superseded),BASIC,500311105,Participate in workplace communication
CONPIP208,Pipefitting NC II (Superseded),BASIC,500311106,Work in team environment
CONPIP208,Pipefitting NC II (Superseded),BASIC,500311107,Practice career professionalism
CONPIP208,Pipefitting NC II (Superseded),BASIC,500311108,Practice occupational health and safety procedures
CONPIP208,Pipefitting NC II (Superseded),COMMON,CON931201,Prepare construction materials and tools
CONPIP208,Pipefitting NC II (Superseded),COMMON,CON311201,"Observe procedures, specifications and manuals of instructions"
CONPIP208,Pipefitting NC II (Superseded),COMMON,CON311202,Interpret technical drawings and plans
CONPIP208,Pipefitting NC II (Superseded),COMMON,CON311203,Perform mensurations and calculations
CONPIP208,Pipefitting NC II (Superseded),COMMON,CON311204,Maintain tools and equipment
CONPIP208,Pipefitting NC II (Superseded),CORE,CON713340,"Cut, bevel and / or thread pipes"
CONPIP208,Pipefitting NC II (Superseded),CORE,C0N713341,Install overhead piping system
CONPIP208,Pipefitting NC II (Superseded),CORE,CON713342,Install underground piping system
CONPIP208,Pipefitting NC II (Superseded),CORE,CON713343,Perform tack welding
MEEPMM108,Plant Maintenance NC I,CORE,MEE723302,Perform planned and unplanned (emergency) maintenance
MEEPMM108,Plant Maintenance NC I,BASIC,500311102,Work with others
MEEPMM108,Plant Maintenance NC I,BASIC,500311103,Demonstrate work values
MEEPMM108,Plant Maintenance NC I,BASIC,500311104,Practice housekeeping procedures
MEEPMM108,Plant Maintenance NC I,COMMON,MEE722201,Apply safety practices
MEEPMM108,Plant Maintenance NC I,COMMON,MEE722202,Interpret working drawings and sketches
MEEPMM108,Plant Maintenance NC I,BASIC,500311101,Receive and respond to workplace communication
MEEPMM108,Plant Maintenance NC I,CORE,MEE723303,Fabricate simple items
MEEPMM108,Plant Maintenance NC I,CORE,MEE723304,Install machinery
MEEPMM108,Plant Maintenance NC I,COMMON,MEE722204,Perform shop computations (basic)
MEEPMM108,Plant Maintenance NC I,COMMON,MEE722205,Measure workpiece (basic)
MEEPMM108,Plant Maintenance NC I,CORE,MEE723301,Perform preventive maintenance
ALTPLO208,Plastic Machine Operation NC II,BASIC,500311105,Participate in workplace communication
ALTPLO208,Plastic Machine Operation NC II,CORE,ALT823301,Prepare molds for composites production
ALTPLO208,Plastic Machine Operation NC II,CORE,ALT823304,Operate injection molding equipment
ALTPLO208,Plastic Machine Operation NC II,CORE,ALT823303,Assemble materials and equipment for production
ALTPLO208,Plastic Machine Operation NC II,BASIC,500311106,Work in team environment
ALTPLO208,Plastic Machine Operation NC II,BASIC,500311107,Practice career professionalism
ALTPLO208,Plastic Machine Operation NC II,BASIC,500311108,Practice occupational health and safety procedures
ALTPLO208,Plastic Machine Operation NC II,COMMON,ALT742201,"Read, interpret and apply engineering drawings"
ALTPLO208,Plastic Machine Operation NC II,COMMON,ALT311202,Perform mensuration and calculation
ALTPLO208,Plastic Machine Operation NC II,COMMON,ALT723203,"Read, interpret and apply specifications and manuals"
ALTPLO208,Plastic Machine Operation NC II,CORE,ALT823306,Monitor process operations
ALTPLO208,Plastic Machine Operation NC II,CORE,ALT823307,Finish products and components
ALTPLO208,Plastic Machine Operation NC II,CORE,ALT823305,Operate blow molding equipment
ALTPLO208,Plastic Machine Operation NC II,CORE,ALT823302,Prepare materials for formulae
ALTPLO208,Plastic Machine Operation NC II,COMMON,ALT723205,Perform shop maintenance
ALTPLO308,Plastic Machine Operation NC III,CORE,ALT823311,Produce blow molded products
ALTPLO308,Plastic Machine Operation NC III,BASIC,500311111,Develop and practice negotiation skills
ALTPLO308,Plastic Machine Operation NC III,BASIC,500311114,Use relevant technologies
ALTPLO308,Plastic Machine Operation NC III,COMMON,ALT742202,"Read, interpret and apply engineering drawings"
ALTPLO308,Plastic Machine Operation NC III,COMMON,ALT311202,Perform mensuration and calculation
ALTPLO308,Plastic Machine Operation NC III,COMMON,ALT723203,"Read, interpret and apply specifications and manuals"
ALTPLO308,Plastic Machine Operation NC III,COMMON,ALT723205,Perform shop maintenance
ALTPLO308,Plastic Machine Operation NC III,CORE,ALT823308,Change equipment dies
ALTPLO308,Plastic Machine Operation NC III,BASIC,500311112,Solve problems related to work activities
ALTPLO308,Plastic Machine Operation NC III,BASIC,500311113,Use mathematical concepts and techniques
ALTPLO308,Plastic Machine Operation NC III,BASIC,500311109,Lead workplace communication
ALTPLO308,Plastic Machine Operation NC III,CORE,ALT823310,Produce injection molded products
ALTPLO308,Plastic Machine Operation NC III,CORE,ALT823309,Prepare and start equipment for production
ALTPLO308,Plastic Machine Operation NC III,BASIC,500311110,Lead small teams
CONPLM114,Plumbing NC I,COMMON,CON311203,Perform mensurations and calculations
CONPLM114,Plumbing NC I,BASIC,500311101,Receive and respond to workplace communication
CONPLM114,Plumbing NC I,CORE,CON712347,Install and assemble single plumbing unit
CONPLM114,Plumbing NC I,CORE,CON712346,Perform minor construction work
CONPLM114,Plumbing NC I,CORE,CON712345,Make piping joints and connections
CONPLM114,Plumbing NC I,CORE,CON712344,Prepare plumbing layout
CONPLM114,Plumbing NC I,COMMON,CON311204,Maintain tools and equipment
CONPLM114,Plumbing NC I,COMMON,CON311201,"Observe procedures, specifications and manuals of instructions"
CONPLM114,Plumbing NC I,COMMON,CON931201,Prepare construction materials and tools
CONPLM114,Plumbing NC I,BASIC,500311104,Practice housekeeping procedures
CONPLM114,Plumbing NC I,BASIC,500311103,Demonstrate work values
CONPLM114,Plumbing NC I,BASIC,500311102,Work with others
CONPLM106,Plumbing NC I (Superseded),COMMON,CON931201,Prepare construction materials and tools
CONPLM106,Plumbing NC I (Superseded),COMMON,CON311201,"Observe procedures, specifications and manuals of instructions"
CONPLM106,Plumbing NC I (Superseded),BASIC,500311104,Practice basic housekeeping procedures
CONPLM106,Plumbing NC I (Superseded),BASIC,500311103,Demonstrate work values
CONPLM106,Plumbing NC I (Superseded),BASIC,500311101,Receive and respond to workplace communication
CONPLM106,Plumbing NC I (Superseded),BASIC,500311102,Work with others
CONPLM106,Plumbing NC I (Superseded),COMMON,CON311203,Perform mensurations and calculations
CONPLM106,Plumbing NC I (Superseded),COMMON,CON311204,Maintain tools and equipment
CONPLM106,Plumbing NC I (Superseded),CORE,CON713308,Prepare pipes for installation
CONPLM106,Plumbing NC I (Superseded),CORE,CON713309,Make piping joints and connections
CONPLM106,Plumbing NC I (Superseded),CORE,CON713310,Perform minor construction works
CONPLM214,Plumbing NC II,BASIC,500311108,Practice occupational health and safety procedures
CONPLM214,Plumbing NC II,COMMON,CON931201,Prepare construction materials and tools
CONPLM214,Plumbing NC II,COMMON,CON311201,"Observe procedures, specifications and manuals of instructions"
CONPLM214,Plumbing NC II,BASIC,500311107,Practice career professionalism
CONPLM214,Plumbing NC II,BASIC,500311106,Work in team environment
CONPLM214,Plumbing NC II,BASIC,500311105,Participate in workplace communication
CONPLM214,Plumbing NC II,COMMON,CON311203,Perform mensurations and calculations
CONPLM214,Plumbing NC II,COMMON,CON311204,Maintain tools and equipment
CONPLM214,Plumbing NC II,CORE,CON713321,Prepare estimation of materials for multiple plumbing units
CONPLM214,Plumbing NC II,CORE,CON713322,Perform multiple units of plumbing installation and assemblies
CONPLM214,Plumbing NC II,CORE,CON713312,Perform plumbing repair and maintenance work
CONPLM214,Plumbing NC II,CORE,CON713323,Conduct pipe leak testing
CONPLM205,Plumbing NC II (Superseded),COMMON,CON311204,Maintain tools and equipment
CONPLM205,Plumbing NC II (Superseded),COMMON,CON311203,Perform mensurations and calculations
CONPLM205,Plumbing NC II (Superseded),COMMON,CON311202,Interpret technical drawings and plans
CONPLM205,Plumbing NC II (Superseded),CORE,CON713301,Prepare pipes for installation
CONPLM205,Plumbing NC II (Superseded),COMMON,CON311201,"Observe procedures, specifications and manuals of instructions"
CONPLM205,Plumbing NC II (Superseded),CORE,CON713302,Make piping joints and connections
CONPLM205,Plumbing NC II (Superseded),CORE,CON713303,Perform minor construction works
CONPLM205,Plumbing NC II (Superseded),CORE,CON713304,Perform single unit plumbing installation and assemblies
CONPLM205,Plumbing NC II (Superseded),CORE,CON713305,Perform plumbing repair and maintenance works
CONPLM205,Plumbing NC II (Superseded),CORE,CON713306,Conduct pipe leak testing
CONPLM205,Plumbing NC II (Superseded),COMMON,CON931201,Prepare construction materials and tools
CONPLM205,Plumbing NC II (Superseded),BASIC,500311105,Participate in workplace communication
CONPLM205,Plumbing NC II (Superseded),BASIC,500311106,Work in team environment
CONPLM205,Plumbing NC II (Superseded),BASIC,500311107,Practice career professionalism
CONPLM205,Plumbing NC II (Superseded),BASIC,500311108,Practice occupational health and safety procedures
CONPLM314,Plumbing NC III,COMMON,CON311202,Interpret technical drawings and plans
CONPLM314,Plumbing NC III,BASIC,500311109,Lead workplace communication
CONPLM314,Plumbing NC III,COMMON,CON311201,"Observe procedures, specifications and manuals of instructions"
CONPLM314,Plumbing NC III,COMMON,CON931201,Prepare construction materials and tools
CONPLM314,Plumbing NC III,BASIC,500311114,Use relevant technologies
CONPLM314,Plumbing NC III,BASIC,500311113,Use mathematical concepts and techniques
CONPLM314,Plumbing NC III,COMMON,CON311203,Perform mensurations and calculations
CONPLM314,Plumbing NC III,COMMON,CON311204,Maintain tools and equipment
CONPLM314,Plumbing NC III,CORE,CON712352,"Install centralized hot, chilled and /or potable water piping system"
CONPLM314,Plumbing NC III,CORE,CON712353,Install riser/downfeed and distribution water supply system
CONPLM314,Plumbing NC III,CORE,CON712354,Install and connect pumps to plumbing system
CONPLM314,Plumbing NC III,CORE,CON712355,Perform finishing and trimming of plumbing fixtures and accessories
CONPLM314,Plumbing NC III,CORE,CON712356,Oversee plumbing works
CONPLM314,Plumbing NC III,BASIC,500311111,Develop and practice negotiation skills
CONPLM314,Plumbing NC III,BASIC,500311112,Solve problems related to work activities
CONPLM314,Plumbing NC III,BASIC,500311110,Lead small teams
CONPLM306,Plumbing NC III (Superseded),BASIC,500311111,Develop and practice negotiation skills
CONPLM306,Plumbing NC III (Superseded),BASIC,500311112,Solve problems related to work activities
CONPLM306,Plumbing NC III (Superseded),BASIC,500311114,Use relevant technologies
CONPLM306,Plumbing NC III (Superseded),COMMON,CON931201,Prepare construction materials and tools
CONPLM306,Plumbing NC III (Superseded),COMMON,CON311201,"Observe procedures, specifications and manuals of instructions"
CONPLM306,Plumbing NC III (Superseded),COMMON,CON311202,Interpret technical drawings and plans
CONPLM306,Plumbing NC III (Superseded),COMMON,CON311203,Perform mensurations and calculations
CONPLM306,Plumbing NC III (Superseded),COMMON,CON311204,Maintain tools and equipment
CONPLM306,Plumbing NC III (Superseded),CORE,CON713314,Perform complex and multi-story plumbing installation and assemblies
CONPLM306,Plumbing NC III (Superseded),CORE,CON713315,Install hot and potable chilled water piping system
CONPLM306,Plumbing NC III (Superseded),CORE,CON713316,Draft plumbing design
CONPLM306,Plumbing NC III (Superseded),BASIC,500311109,Lead workplace communication
CONPLM306,Plumbing NC III (Superseded),BASIC,500311113,Use mathematical concepts and techniques
CONPLM306,Plumbing NC III (Superseded),BASIC,500311110,Lead small teams
MEEPMO108,Press Machine Operation NC I,CORE,MEE722302,Perform mechanical press operation
MEEPMO108,Press Machine Operation NC I,COMMON,MEE722201,Apply safety practices
MEEPMO108,Press Machine Operation NC I,COMMON,MEE722202,Interpret working drawings and sketches
MEEPMO108,Press Machine Operation NC I,BASIC,500311104,Practice housekeeping procedures
MEEPMO108,Press Machine Operation NC I,BASIC,500311103,Demonstrate work values
MEEPMO108,Press Machine Operation NC I,BASIC,500311102,Work with others
MEEPMO108,Press Machine Operation NC I,BASIC,500311101,Receive and respond to workplace communication
MEEPMO108,Press Machine Operation NC I,COMMON,MEE722204,Perform shop computations (basic)
MEEPMO108,Press Machine Operation NC I,COMMON,MEE722205,Measure workpiece (basic)
MEEPMO108,Press Machine Operation NC I,COMMON,MEE722211,Perform preventive and corrective maintenance
MEEPMO108,Press Machine Operation NC I,CORE,MEE722301,Perform press machine setting
MEEPMO108,Press Machine Operation NC I,COMMON,MEE722203,Select and cut workshop materials
AFFPIM218,Pressurized Irrigation System Installation and Maintenance NC II,CORE,AFF712259,Perform maintenance of pressurized irrigation system
AFFPIM218,Pressurized Irrigation System Installation and Maintenance NC II,CORE,AFF712257,Perform installation of pumps and flow control devices
AFFPIM218,Pressurized Irrigation System Installation and Maintenance NC II,COMMON,AFF321203,Perform estimation and basic calculation
AFFPIM218,Pressurized Irrigation System Installation and Maintenance NC II,COMMON,AFF321202,Use farm tools and equipment
AFFPIM218,Pressurized Irrigation System Installation and Maintenance NC II,COMMON,AFF321201,Apply safety measures in farm operations
AFFPIM218,Pressurized Irrigation System Installation and Maintenance NC II,BASIC,400311218,Practice entrepreneurial skills in the workplace
AFFPIM218,Pressurized Irrigation System Installation and Maintenance NC II,BASIC,400311217,Exercise efficient and effective sustainable practices in the workplace
AFFPIM218,Pressurized Irrigation System Installation and Maintenance NC II,BASIC,400311216,Practice occupational safety and health policies and procedures
AFFPIM218,Pressurized Irrigation System Installation and Maintenance NC II,BASIC,400311215,Present relevant information
AFFPIM218,Pressurized Irrigation System Installation and Maintenance NC II,BASIC,400311214,Contribute to workplace innovation
AFFPIM218,Pressurized Irrigation System Installation and Maintenance NC II,BASIC,400311213,Develop career and life decisions
AFFPIM218,Pressurized Irrigation System Installation and Maintenance NC II,BASIC,400311212,Solve/address general workplace problems
AFFPIM218,Pressurized Irrigation System Installation and Maintenance NC II,BASIC,400311211,Work in team environment
AFFPIM218,Pressurized Irrigation System Installation and Maintenance NC II,BASIC,400311210,Participate in workplace communication
AFFPIM218,Pressurized Irrigation System Installation and Maintenance NC II,CORE,AFF712258,Perform installation of pipelines and water distribution devices
SOCPTO123,Printing Services (Prepress Technical Operations) NC I,BASIC,400311107,Follow occupational safety and health policies and procedures
SOCPTO123,Printing Services (Prepress Technical Operations) NC I,BASIC,400311103,Solve/address routine problems
SOCPTO123,Printing Services (Prepress Technical Operations) NC I,BASIC,400311106,Access and maintain information
SOCPTO123,Printing Services (Prepress Technical Operations) NC I,BASIC,400311108,Apply environmental work standards
SOCPTO123,Printing Services (Prepress Technical Operations) NC I,CORE,SOC532305,Perform preventive maintenance of prepress equipment/machines
SOCPTO123,Printing Services (Prepress Technical Operations) NC I,CORE,SOC532304,Perform line reproduction and its requirements
SOCPTO123,Printing Services (Prepress Technical Operations) NC I,CORE,SOC532303,Perform input processing procedures
SOCPTO123,Printing Services (Prepress Technical Operations) NC I,CORE,SOC532302,Perform file handling
SOCPTO123,Printing Services (Prepress Technical Operations) NC I,CORE,SOC532201,Perform pre-flighting procedures
SOCPTO123,Printing Services (Prepress Technical Operations) NC I,COMMON,ELC311203,Perform basic computer operations
SOCPTO123,Printing Services (Prepress Technical Operations) NC I,COMMON,SOC514204,"Maintain safe, clean and efficient work environment"
SOCPTO123,Printing Services (Prepress Technical Operations) NC I,COMMON,SOC514202,Manage own performance
SOCPTO123,Printing Services (Prepress Technical Operations) NC I,COMMON,SOC532201,Update industry knowledge
SOCPTO123,Printing Services (Prepress Technical Operations) NC I,BASIC,400311109,Adopt entrepreneurial mindset in the workplace
SOCPTO123,Printing Services (Prepress Technical Operations) NC I,BASIC,400311101,Receive and respond to workplace communication
SOCPTO123,Printing Services (Prepress Technical Operations) NC I,BASIC,400311102,Work with others
SOCPTO123,Printing Services (Prepress Technical Operations) NC I,BASIC,400311105,Support innovation
SOCPTO123,Printing Services (Prepress Technical Operations) NC I,BASIC,400311104,Enhance self-management skills
SOCPTO223,Printing Services (Prepress Technical Operations) NC II,BASIC,400311212,Solve/address general workplace problems
SOCPTO223,Printing Services (Prepress Technical Operations) NC II,BASIC,400311214,Contribute to workplace innovation
SOCPTO223,Printing Services (Prepress Technical Operations) NC II,BASIC,400311215,Present relevant information
SOCPTO223,Printing Services (Prepress Technical Operations) NC II,BASIC,400311216,Practice occupational safety and health policies and procedures
SOCPTO223,Printing Services (Prepress Technical Operations) NC II,BASIC,400311217,Exercise efficient and effective sustainable practices in the workplace
SOCPTO223,Printing Services (Prepress Technical Operations) NC II,BASIC,400311218,Practice entrepreneurial skills in the workplace
SOCPTO223,Printing Services (Prepress Technical Operations) NC II,BASIC,400311213,Develop career and life decisions
SOCPTO223,Printing Services (Prepress Technical Operations) NC II,COMMON,SOC532201,Update industry knowledge
SOCPTO223,Printing Services (Prepress Technical Operations) NC II,COMMON,SOC514202,Manage own performance
SOCPTO223,Printing Services (Prepress Technical Operations) NC II,COMMON,SOC514204,"Maintain safe, clean and efficient work environment"
SOCPTO223,Printing Services (Prepress Technical Operations) NC II,COMMON,ELC311203,Perform basic computer operations
SOCPTO223,Printing Services (Prepress Technical Operations) NC II,CORE,SOC532306,Perform halftone reproduction and its requirements
SOCPTO223,Printing Services (Prepress Technical Operations) NC II,CORE,SOC532307,Perform basic color separation process
SOCPTO223,Printing Services (Prepress Technical Operations) NC II,CORE,SOC532308,Perform digital output processing operations
SOCPTO223,Printing Services (Prepress Technical Operations) NC II,CORE,SOC532309,Perform imposition procedures
SOCPTO223,Printing Services (Prepress Technical Operations) NC II,BASIC,400311210,Participate in workplace communication
SOCPTO223,Printing Services (Prepress Technical Operations) NC II,BASIC,400311211,Work in team environment
SOCPTO223,Printing Services (Prepress Technical Operations) NC II,CORE,SOC532310,Perform regular maintenance of condition-based prepress machines/equipment
ALTPRI208,Process Inspection NC II,CORE,ALT315303,Perform basic statistical quality control
ALTPRI208,Process Inspection NC II,CORE,ALT315304,Use improvement processes in team activities
ALTPRI208,Process Inspection NC II,BASIC,500311105,Participate in workplace communication
ALTPRI208,Process Inspection NC II,BASIC,500311106,Work in team environment
ALTPRI208,Process Inspection NC II,BASIC,500311107,Practice career professionalism
ALTPRI208,Process Inspection NC II,BASIC,500311108,Practice occupational health and safety procedures
ALTPRI208,Process Inspection NC II,COMMON,ALT742201,"Read, interpret and apply engineering drawings"
ALTPRI208,Process Inspection NC II,COMMON,ALT311202,Perform mensuration and calculation
ALTPRI208,Process Inspection NC II,COMMON,ALT723203,"Read, interpret and apply specifications and manuals"
ALTPRI208,Process Inspection NC II,COMMON,ALT723205,Perform shop maintenance
ALTPRI208,Process Inspection NC II,CORE,ALT315301,Select and control inspection processes and procedures
ALTPRI208,Process Inspection NC II,CORE,ALT315302,Perform inspection
ALTPRI309,Process Inspection NC III,CORE,ALT315308,Apply quality systems
ALTPRI309,Process Inspection NC III,BASIC,500311109,Lead workplace communication
ALTPRI309,Process Inspection NC III,BASIC,500311110,Lead small teams
ALTPRI309,Process Inspection NC III,BASIC,500311111,Develop and practice negotiation skills
ALTPRI309,Process Inspection NC III,BASIC,500311112,Solve problems related to work activities
ALTPRI309,Process Inspection NC III,BASIC,500311113,Use mathematical concepts and techniques
ALTPRI309,Process Inspection NC III,BASIC,500311114,Use relevant technologies
ALTPRI309,Process Inspection NC III,COMMON,ALT742201,"Read, interpret and apply engineering drawings"
ALTPRI309,Process Inspection NC III,COMMON,ALT311202,Perform mensuration and calculation
ALTPRI309,Process Inspection NC III,COMMON,ALT723203,"Read, interpret and apply specifications and manuals"
ALTPRI309,Process Inspection NC III,COMMON,ALT723205,Perform shop maintenance
ALTPRI309,Process Inspection NC III,CORE,ALT315310,Maintain/supervise the application of quality procedures
ALTPRI309,Process Inspection NC III,CORE,ALT315309,Conduct product and/or process capability studies
-,Production Design (Sets and Props) NC II,-,-,-
ICTPRN313,Programming (.Net Technology) NC III,CORE,ICT313358,Develop ASP.NET MVC 5 Web Applications
ICTPRN313,Programming (.Net Technology) NC III,BASIC,500311109,Lead workplace communication
ICTPRN313,Programming (.Net Technology) NC III,BASIC,500311112,Solve problems related to work activities
ICTPRN313,Programming (.Net Technology) NC III,BASIC,500311113,Use mathematical concepts and techniques
ICTPRN313,Programming (.Net Technology) NC III,BASIC,500311114,Use relevant technologies
ICTPRN313,Programming (.Net Technology) NC III,COMMON,ICT315202,Apply quality standards
ICTPRN313,Programming (.Net Technology) NC III,COMMON,ICT311203,Perform computer operations
ICTPRN313,Programming (.Net Technology) NC III,CORE,ICT313357,Perform programming in HTMLwith Javascript and CSS3
ICTPRN313,Programming (.Net Technology) NC III,BASIC,500311110,Lead small teams
ICTPRN313,Programming (.Net Technology) NC III,BASIC,500311111,Develop and practice negotiation skills
ICTPRJ321,Programming (Java) NC III,BASIC,500311114,Use relevant technologies
ICTPRJ321,Programming (Java) NC III,BASIC,500311109,Lead workplace communication
ICTPRJ321,Programming (Java) NC III,BASIC,500311112,Solve problems related to work activities
ICTPRJ321,Programming (Java) NC III,BASIC,500311113,Use mathematical concepts and techniques
ICTPRJ321,Programming (Java) NC III,BASIC,500311110,Lead small teams
ICTPRJ321,Programming (Java) NC III,COMMON,ICT315202,Apply quality standards
ICTPRJ321,Programming (Java) NC III,COMMON,ICT311203,Perform computer operations
ICTPRJ321,Programming (Java) NC III,CORE,ICT313357,Perform object-oriented analysis and design in java technology
ICTPRJ321,Programming (Java) NC III,CORE,ICT313358,Create and fine-tune java technology applications using object-oriented programming concept
ICTPRJ321,Programming (Java) NC III,BASIC,500311111,Develop and practice negotiation skills
ICTPRJ313,Programming (Java) NC III (Superseded),COMMON,ICT311203,Perform computer operations
ICTPRJ313,Programming (Java) NC III (Superseded),BASIC,500311109,Lead workplace communication
ICTPRJ313,Programming (Java) NC III (Superseded),BASIC,500311111,Develop and practice negotiation skills
ICTPRJ313,Programming (Java) NC III (Superseded),BASIC,500311112,Solve problems related to work activities
ICTPRJ313,Programming (Java) NC III (Superseded),BASIC,500311114,Use relevant technologies
ICTPRJ313,Programming (Java) NC III (Superseded),COMMON,ICT315202,Apply quality standards
ICTPRJ313,Programming (Java) NC III (Superseded),BASIC,500311113,Use mathematical concepts and techniques
ICTPRJ313,Programming (Java) NC III (Superseded),CORE,ICT313359,Perform object-oriented analysis and design in Java technology
ICTPRJ313,Programming (Java) NC III (Superseded),CORE,ICT313360,Create and fine-tune Java technology applications using object-oriented programming concept
ICTPRJ313,Programming (Java) NC III (Superseded),BASIC,500311110,Lead small teams
ICTPRO313,Programming (Oracle Database) NC III,BASIC,500311109,Lead workplace communication
ICTPRO313,Programming (Oracle Database) NC III,BASIC,500311110,Lead small teams
ICTPRO313,Programming (Oracle Database) NC III,BASIC,500311111,Develop and practice negotiation skills
ICTPRO313,Programming (Oracle Database) NC III,BASIC,500311112,Solve problems related to work activities
ICTPRO313,Programming (Oracle Database) NC III,BASIC,500311113,Use mathematical concepts and techniques
ICTPRO313,Programming (Oracle Database) NC III,BASIC,500311114,Use relevant technologies
ICTPRO313,Programming (Oracle Database) NC III,COMMON,ICT315202,Apply quality standards
ICTPRO313,Programming (Oracle Database) NC III,COMMON,ICT311203,Perform computer operations
ICTPRO313,Programming (Oracle Database) NC III,CORE,ICT313361,Perform relational database management in oracle database technology
ICTPRO313,Programming (Oracle Database) NC III,CORE,ICT313362,Use and apply PL/SQL programming language
ICTPRO313,Programming (Oracle Database) NC III,CORE,ICT313363,Design and tune PL/SQL language
ICTPRG405,Programming NC IV (Superseded),COMMON,ICT311201,Operate a personal computer
ICTPRG405,Programming NC IV (Superseded),BASIC,500311117,Apply problem solving techniques in the workplace
ICTPRG405,Programming NC IV (Superseded),BASIC,500311118,"Collect, analyze and organize information"
ICTPRG405,Programming NC IV (Superseded),BASIC,500311119,Plan and organize work
ICTPRG405,Programming NC IV (Superseded),BASIC,500311120,Promote environmental protection
ICTPRG405,Programming NC IV (Superseded),BASIC,500311116,Develop teams and individuals
ICTPRG405,Programming NC IV (Superseded),CORE,ICT313329,Apply program development approach
ICTPRG405,Programming NC IV (Superseded),CORE,ICT313330,Apply object-oriented program language skills
ICTPRG405,Programming NC IV (Superseded),CORE,ICT313331,Apply programming skills in a second language
ICTPRG405,Programming NC IV (Superseded),COMMON,ICT315202,Apply quality standards
ICTPRG405,Programming NC IV (Superseded),BASIC,500311115,Utilize specialized communication skills
ICTPRG405,Programming NC IV (Superseded),CORE,ICT313328,Design program logic
SOCPES419,Public Employment Services NC IV,BASIC,500311406,Manage and evaluate usage of information
SOCPES419,Public Employment Services NC IV,BASIC,500311404,Contribute to the practice of social justice in the workplace
SOCPES419,Public Employment Services NC IV,BASIC,500311405,Manage innovative work instructions
SOCPES419,Public Employment Services NC IV,BASIC,500311403,Perform higher-order thinking processes and apply techniques in the workplace
SOCPES419,Public Employment Services NC IV,BASIC,500311408,"Lead towards improvement of environmental work programs, policies and procedures"
SOCPES419,Public Employment Services NC IV,BASIC,500311409,Sustain entrepreneurial skills
SOCPES419,Public Employment Services NC IV,COMMON,ELC311203,Perform computer operations
SOCPES419,Public Employment Services NC IV,COMMON,SOC323201,Maintain an effective relationship with clients/customers
SOCPES419,Public Employment Services NC IV,COMMON,SOC323202,Manage own performance
SOCPES419,Public Employment Services NC IV,COMMON,SOC323203,Apply quality standards
SOCPES419,Public Employment Services NC IV,CORE,SOC341302,Supervise PESO planning activities
SOCPES419,Public Employment Services NC IV,CORE,SOC341303,"Supervise PESO programs, activities and projects"
SOCPES419,Public Employment Services NC IV,CORE,SOC341304,Provide continuous improvement on operations and solutions to PESO concerns
SOCPES419,Public Employment Services NC IV,CORE,SOC341305,Supervise PES office
SOCPES419,Public Employment Services NC IV,BASIC,500311402,Develop and lead teams
SOCPES419,Public Employment Services NC IV,BASIC,500311401,Utilize specialized communication skill
SOCPES419,Public Employment Services NC IV,BASIC,500311407,"Lead in improvement of occupational safety and health (OSH) programs, policies and procedures"
SOCPES419,Public Employment Services NC IV,CORE,SOC341301,Establish and strengthen linkages with other organizations
PYRPYT205,Pyrotechnics NC II,BASIC,500311105,Participate in workplace communication
PYRPYT205,Pyrotechnics NC II,BASIC,500311108,Practice occupational health and safety procedures
PYRPYT205,Pyrotechnics NC II,COMMON,AGR516201,Perform fire fighting and fire prevention
PYRPYT205,Pyrotechnics NC II,COMMON,AGR311205,Apply quality standards
PYRPYT205,Pyrotechnics NC II,CORE,PYR311301,Acquire and store chemicals
PYRPYT205,Pyrotechnics NC II,CORE,PYR311302,Make cylinder container for pyrotechnic products
PYRPYT205,Pyrotechnics NC II,CORE,PYR311303,Wrap/package pyrotechnic products
PYRPYT205,Pyrotechnics NC II,CORE,PYR311304,Load mixed composition into container
PYRPYT205,Pyrotechnics NC II,CORE,PYR311305,Prepare safety fuse for fireworks
PYRPYT205,Pyrotechnics NC II,CORE,PYR311306,Make firecrackers
PYRPYT205,Pyrotechnics NC II,BASIC,500311107,Practice career professionalism
PYRPYT205,Pyrotechnics NC II,BASIC,500311106,Work in team environment
PYRPYT205,Pyrotechnics NC II,COMMON,AGR311203,Perform mensurations and calculations
HVCDRA221,RAC Servicing (DomRAC) NC II,CORE,HVC723339,Troubleshoot and repair domestic refrigeration and air-conditioning systems
HVCDRA221,RAC Servicing (DomRAC) NC II,BASIC,400311212,Solve/address general workplace problems
HVCDRA221,RAC Servicing (DomRAC) NC II,BASIC,400311215,Present relevant information
HVCDRA221,RAC Servicing (DomRAC) NC II,BASIC,400311216,Practice occupational safety and health policies and procedures
HVCDRA221,RAC Servicing (DomRAC) NC II,BASIC,400311217,Exercise efficient and effective sustainable practices in the workplace
HVCDRA221,RAC Servicing (DomRAC) NC II,BASIC,400311218,Practice entrepreneurial skills in the workplace
HVCDRA221,RAC Servicing (DomRAC) NC II,COMMON,HVC713201,Prepare materials and tools
HVCDRA221,RAC Servicing (DomRAC) NC II,COMMON,HVC311202,Interpret technical drawing and plans
HVCDRA221,RAC Servicing (DomRAC) NC II,COMMON,HVC311201,"Observe procedures, specifications and manuals of instructions"
HVCDRA221,RAC Servicing (DomRAC) NC II,COMMON,HVC311203,Perform mensuration and calculation
HVCDRA221,RAC Servicing (DomRAC) NC II,COMMON,HVC713202,Perform basic benchworks
HVCDRA221,RAC Servicing (DomRAC) NC II,COMMON,HVC724201,Perform basic electrical works
HVCDRA221,RAC Servicing (DomRAC) NC II,COMMON,HVC311205,"Maintain tools, instruments and equipment"
HVCDRA221,RAC Servicing (DomRAC) NC II,COMMON,HVC315201,Perform housekeeping and safety practices
HVCDRA221,RAC Servicing (DomRAC) NC II,COMMON,HVC311205,Document work accomplished
HVCDRA221,RAC Servicing (DomRAC) NC II,CORE,HVC723337,Install domestic refrigeration and air-conditioning units
HVCDRA221,RAC Servicing (DomRAC) NC II,CORE,HVC723338,Service and maintain domestic refrigeration and air-conditioning units
HVCDRA221,RAC Servicing (DomRAC) NC II,BASIC,400311213,Develop career and life decisions
HVCDRA221,RAC Servicing (DomRAC) NC II,BASIC,400311210,Participate in workplace communication
HVCDRA221,RAC Servicing (DomRAC) NC II,BASIC,400311211,Work in team environment
HVCDRA221,RAC Servicing (DomRAC) NC II,BASIC,400311214,Contribute to workplace innovation
HVCWAC211,RAC Servicing (DomRAC) NC II (Superseded),CORE,HVC723338,Service and maintain domestic refrigeration and air-conditioning (DomRAC) units
HVCWAC211,RAC Servicing (DomRAC) NC II (Superseded),BASIC,500311107,Practice career professionalism
HVCWAC211,RAC Servicing (DomRAC) NC II (Superseded),COMMON,HVC311202,Interpret technical drawing and plans
HVCWAC211,RAC Servicing (DomRAC) NC II (Superseded),COMMON,HVC311201,"Observe procedures, specifications and manuals of instructions"
HVCWAC211,RAC Servicing (DomRAC) NC II (Superseded),COMMON,HVC311203,Perform mensuration and calculation
HVCWAC211,RAC Servicing (DomRAC) NC II (Superseded),COMMON,HVC713202,Perform basic benchworks
HVCWAC211,RAC Servicing (DomRAC) NC II (Superseded),COMMON,HVC724201,Perform basic electrical works
HVCWAC211,RAC Servicing (DomRAC) NC II (Superseded),COMMON,HVC311205,Maintain tools and equipment
HVCWAC211,RAC Servicing (DomRAC) NC II (Superseded),COMMON,HVC315201,Perform housekeeping and safety practices
HVCWAC211,RAC Servicing (DomRAC) NC II (Superseded),COMMON,HVC311205,Document work accomplished
HVCWAC211,RAC Servicing (DomRAC) NC II (Superseded),CORE,HVC723337,Install domestic refrigeration and air-conditioning (DomRAC) units
HVCWAC211,RAC Servicing (DomRAC) NC II (Superseded),BASIC,500311108,Practice occupational health and safety procedures
HVCWAC211,RAC Servicing (DomRAC) NC II (Superseded),CORE,HVC723339,Troubleshoot and repair domestic refrigeration and air-conditioning (DomRAC) systems
HVCWAC211,RAC Servicing (DomRAC) NC II (Superseded),BASIC,500311105,Participate in workplace communication
HVCWAC211,RAC Servicing (DomRAC) NC II (Superseded),BASIC,500311106,Work in team environment
HVCWAC211,RAC Servicing (DomRAC) NC II (Superseded),COMMON,HVC713201,Prepare materials and tools
HVCPCR312,RAC Servicing (PACU-CRE) NC III (Superseded),CORE,HVC723341,Install CRE
HVCPCR312,RAC Servicing (PACU-CRE) NC III (Superseded),BASIC,500311110,Lead small teams
HVCPCR312,RAC Servicing (PACU-CRE) NC III (Superseded),BASIC,500311112,Solve problems related to work activities
HVCPCR312,RAC Servicing (PACU-CRE) NC III (Superseded),COMMON,HVC311201,"Observe procedures, specifications and manuals of instructions"
HVCPCR312,RAC Servicing (PACU-CRE) NC III (Superseded),COMMON,HVC713201,Prepare materials and tools
HVCPCR312,RAC Servicing (PACU-CRE) NC III (Superseded),COMMON,HVC311203,Perform mensuration and calculation
HVCPCR312,RAC Servicing (PACU-CRE) NC III (Superseded),COMMON,HVC713202,Perform basic benchworks
HVCPCR312,RAC Servicing (PACU-CRE) NC III (Superseded),COMMON,HVC724201,Perform basic electrical works
HVCPCR312,RAC Servicing (PACU-CRE) NC III (Superseded),COMMON,HVC311205,Maintain tools and equipment
HVCPCR312,RAC Servicing (PACU-CRE) NC III (Superseded),COMMON,HVC315201,Perform housekeeping and safety practices
HVCPCR312,RAC Servicing (PACU-CRE) NC III (Superseded),COMMON,HVC311205,Document work accomplished
HVCPCR312,RAC Servicing (PACU-CRE) NC III (Superseded),CORE,HVC723340,Install PACU
HVCPCR312,RAC Servicing (PACU-CRE) NC III (Superseded),BASIC,500311111,Develop and practice negotiation skills
HVCPCR312,RAC Servicing (PACU-CRE) NC III (Superseded),CORE,HVC723342,Service and maintain PACU
HVCPCR312,RAC Servicing (PACU-CRE) NC III (Superseded),CORE,HVC723343,Service and maintain CRE
HVCPCR312,RAC Servicing (PACU-CRE) NC III (Superseded),CORE,HVC723344,Troubleshoot and repair PACU
HVCPCR312,RAC Servicing (PACU-CRE) NC III (Superseded),CORE,HVC723345,Troubleshoot and repair CRE
HVCPCR312,RAC Servicing (PACU-CRE) NC III (Superseded),CORE,HVC723346,"Perform start-up, test and commissioning for PACU"
HVCPCR312,RAC Servicing (PACU-CRE) NC III (Superseded),CORE,HVC723347,"Perform start-up, test and commissioning for CRE"
HVCPCR312,RAC Servicing (PACU-CRE) NC III (Superseded),BASIC,500311109,Lead workplace communication
HVCPCR312,RAC Servicing (PACU-CRE) NC III (Superseded),BASIC,500311113,Use mathematical concepts and techniques
HVCPCR312,RAC Servicing (PACU-CRE) NC III (Superseded),BASIC,500311114,Use relevant technologies
HVCWAC205,RAC Servicing NC I (Window-Type Air-conditioning/Domestic Refrigeration) (Superseded),BASIC,500311104,Practice basic housekeeping procedures
HVCWAC205,RAC Servicing NC I (Window-Type Air-conditioning/Domestic Refrigeration) (Superseded),COMMON,HVC713201,Prepare materials and tools
HVCWAC205,RAC Servicing NC I (Window-Type Air-conditioning/Domestic Refrigeration) (Superseded),COMMON,HVC311201,"Observe procedures, specifications and manuals of instructions"
HVCWAC205,RAC Servicing NC I (Window-Type Air-conditioning/Domestic Refrigeration) (Superseded),COMMON,HVC311203,Perform mensuration and calculation
HVCWAC205,RAC Servicing NC I (Window-Type Air-conditioning/Domestic Refrigeration) (Superseded),COMMON,HVC713202,Perform basic benchworks
HVCWAC205,RAC Servicing NC I (Window-Type Air-conditioning/Domestic Refrigeration) (Superseded),COMMON,HVC724201,Perform basic electrical works
HVCWAC205,RAC Servicing NC I (Window-Type Air-conditioning/Domestic Refrigeration) (Superseded),COMMON,HVC311205,Maintain tools and equipment
HVCWAC205,RAC Servicing NC I (Window-Type Air-conditioning/Domestic Refrigeration) (Superseded),COMMON,HVC315201,Perform housekeeping and safety practices
HVCWAC205,RAC Servicing NC I (Window-Type Air-conditioning/Domestic Refrigeration) (Superseded),COMMON,HVC311205,Document work accomplished
HVCWAC205,RAC Servicing NC I (Window-Type Air-conditioning/Domestic Refrigeration) (Superseded),CORE,HVC723301,Install window-type air-conditioning/domestic refrigeration units
HVCWAC205,RAC Servicing NC I (Window-Type Air-conditioning/Domestic Refrigeration) (Superseded),CORE,HVC723302,Service and maintain window-type air-conditioning/domestic refrigeration units
HVCWAC205,RAC Servicing NC I (Window-Type Air-conditioning/Domestic Refrigeration) (Superseded),CORE,HVC723303,Troubleshoot window-type air-conditioning/domestic refrigeration systems
HVCWAC205,RAC Servicing NC I (Window-Type Air-conditioning/Domestic Refrigeration) (Superseded),CORE,HVC723304,Recover and recycle refrigerant in window-type air-conditioning/domestic refrigeration systems
HVCWAC205,RAC Servicing NC I (Window-Type Air-conditioning/Domestic Refrigeration) (Superseded),CORE,HVC723305,Repair and retrofit window-type air-conditioning/domestic refrigeration systems and accessories
HVCWAC205,RAC Servicing NC I (Window-Type Air-conditioning/Domestic Refrigeration) (Superseded),CORE,HVC723306,Perform testing and commissioning for window-type air-conditioning/domestic refrigeration systems
HVCWAC205,RAC Servicing NC I (Window-Type Air-conditioning/Domestic Refrigeration) (Superseded),BASIC,500311103,Demonstrate work values
HVCWAC205,RAC Servicing NC I (Window-Type Air-conditioning/Domestic Refrigeration) (Superseded),BASIC,500311101,Receive and respond to workplace communication
HVCWAC205,RAC Servicing NC I (Window-Type Air-conditioning/Domestic Refrigeration) (Superseded),BASIC,500311102,Work with others
MTMREW213,Rating Forming Part of Engineering Watch NC II (STCW Regulation III/4) NC II,CORE,MTM816312,Maintain the correct boiler water levels and steam pressures (for keeping boiler watch)
MTMREW213,Rating Forming Part of Engineering Watch NC II (STCW Regulation III/4) NC II,CORE,MTM816313,Operate emergency equipment and apply emergency procedures
MTMREW213,Rating Forming Part of Engineering Watch NC II (STCW Regulation III/4) NC II,BASIC,500311105,Participate in workplace communication
MTMREW213,Rating Forming Part of Engineering Watch NC II (STCW Regulation III/4) NC II,BASIC,500311106,Work in team environment
MTMREW213,Rating Forming Part of Engineering Watch NC II (STCW Regulation III/4) NC II,BASIC,500311107,Practice career professionalism
MTMREW213,Rating Forming Part of Engineering Watch NC II (STCW Regulation III/4) NC II,BASIC,500311108,Practice occupational health and safety procedures
MTMREW213,Rating Forming Part of Engineering Watch NC II (STCW Regulation III/4) NC II,COMMON,MTM834208,Survive at sea in the event of ship abandonment
MTMREW213,Rating Forming Part of Engineering Watch NC II (STCW Regulation III/4) NC II,COMMON,MTM834209,Minimize the risk of fire and maintain a state of readiness to respond to emergency situations involving fire
MTMREW213,Rating Forming Part of Engineering Watch NC II (STCW Regulation III/4) NC II,COMMON,MTM834210,Fight and extinguish fire
MTMREW213,Rating Forming Part of Engineering Watch NC II (STCW Regulation III/4) NC II,COMMON,MTM834211,Take immediate action upon encountering an accident or other medical emergency
MTMREW213,Rating Forming Part of Engineering Watch NC II (STCW Regulation III/4) NC II,COMMON,MTM834212,Comply with emergency procedures
MTMREW213,Rating Forming Part of Engineering Watch NC II (STCW Regulation III/4) NC II,COMMON,MTM834213,Take precautions to prevent pollution of the marine environment
MTMREW213,Rating Forming Part of Engineering Watch NC II (STCW Regulation III/4) NC II,COMMON,MTM834214,Observe safe working practices
MTMREW213,Rating Forming Part of Engineering Watch NC II (STCW Regulation III/4) NC II,COMMON,MTM834215,Demonstrate security awareness practices
MTMREW213,Rating Forming Part of Engineering Watch NC II (STCW Regulation III/4) NC II,CORE,MTM816311,Carry out a watch routine appropriate to the duties of rating forming part of an engine-room watch
MTMRNW213,Rating Forming Part of Navigational Watch NC II (STCW Regulation II/4) NC II,BASIC,500311105,Participate in workplace communication
MTMRNW213,Rating Forming Part of Navigational Watch NC II (STCW Regulation II/4) NC II,BASIC,500311106,Work in team environment
MTMRNW213,Rating Forming Part of Navigational Watch NC II (STCW Regulation II/4) NC II,BASIC,500311107,Practice career professionalism
MTMRNW213,Rating Forming Part of Navigational Watch NC II (STCW Regulation II/4) NC II,BASIC,500311108,Practice occupational health and safety procedures
MTMRNW213,Rating Forming Part of Navigational Watch NC II (STCW Regulation II/4) NC II,COMMON,MTM834208,Survive at sea in the event of ship abandonment
MTMRNW213,Rating Forming Part of Navigational Watch NC II (STCW Regulation II/4) NC II,COMMON,MTM834209,Minimize the risk of fire and maintain a state of readiness to respond to emergency situations involving fire
MTMRNW213,Rating Forming Part of Navigational Watch NC II (STCW Regulation II/4) NC II,COMMON,MTM834210,Fight and extinguish fire
MTMRNW213,Rating Forming Part of Navigational Watch NC II (STCW Regulation II/4) NC II,COMMON,MTM834211,Take immediate action upon encountering an accident or other medical emergency
MTMRNW213,Rating Forming Part of Navigational Watch NC II (STCW Regulation II/4) NC II,COMMON,MTM834212,Comply with emergency procedures
MTMRNW213,Rating Forming Part of Navigational Watch NC II (STCW Regulation II/4) NC II,COMMON,MTM834213,Take precautions to prevent pollution of the marine environment
MTMRNW213,Rating Forming Part of Navigational Watch NC II (STCW Regulation II/4) NC II,COMMON,MTM834214,Observe safe working practices
MTMRNW213,Rating Forming Part of Navigational Watch NC II (STCW Regulation II/4) NC II,COMMON,MTM834215,Demonstrate security awareness practices
MTMRNW213,Rating Forming Part of Navigational Watch NC II (STCW Regulation II/4) NC II,CORE,MTM834313,Steer the ship and also comply with helm orders in the English language
MTMRNW213,Rating Forming Part of Navigational Watch NC II (STCW Regulation II/4) NC II,CORE,MTM834314,Keep a proper look-out by sight and hearing
MTMRNW213,Rating Forming Part of Navigational Watch NC II (STCW Regulation II/4) NC II,CORE,MTM834315,Contribute to monitoring and controlling a safe watch
MTMRNW213,Rating Forming Part of Navigational Watch NC II (STCW Regulation II/4) NC II,CORE,MTM834316,Operate emergency equipment and apply emergency procedures
SOCRES219,Real Estate Services NC II,BASIC,400311210,Participate in workplace communication
SOCRES219,Real Estate Services NC II,BASIC,400311211,Work in team environment
SOCRES219,Real Estate Services NC II,BASIC,400311212,Solve/address general workplace problems
SOCRES219,Real Estate Services NC II,BASIC,400311213,Develop career and life decisions
SOCRES219,Real Estate Services NC II,BASIC,400311214,Contribute to workplace innovation
SOCRES219,Real Estate Services NC II,BASIC,400311215,Present relevant information
SOCRES219,Real Estate Services NC II,BASIC,400311216,Practice occupational safety and health policies and procedures
SOCRES219,Real Estate Services NC II,BASIC,400311217,Exercise efficient and effective sustainable practices in the workplace
SOCRES219,Real Estate Services NC II,BASIC,400311218,Practice entrepreneurial skills in the workplace
SOCRES219,Real Estate Services NC II,COMMON,SOC333201,Apply knowledge in real estate service practice
SOCRES219,Real Estate Services NC II,COMMON,SOC333202,Perform industry calculation in real estate operations
SOCRES219,Real Estate Services NC II,COMMON,SOC333203,Perform workplace security and safety
SOCRES219,Real Estate Services NC II,COMMON,SOC333204,Provide effective customer service
SOCRES219,Real Estate Services NC II,COMMON,SOC333205,Contribute to quality system
SOCRES219,Real Estate Services NC II,COMMON,SOC333206,Identify legal and ethical requirements of property management to complete agency work
SOCRES219,Real Estate Services NC II,COMMON,SOC333207,Perform computer operations
SOCRES219,Real Estate Services NC II,CORE,SOC333301,Perform sales/marketing function
SOCRES219,Real Estate Services NC II,CORE,SOC333302,Perform sales documentation function
SOCRES219,Real Estate Services NC II,CORE,SOC333303,Perform loan processing function
SOCRES219,Real Estate Services NC II,CORE,SOC333304,Perform property/management function
CONRSW213,Reinforcing Steel Works NC II,BASIC,500311105,Participate in workplace communication
CONRSW213,Reinforcing Steel Works NC II,BASIC,500311106,Work in team environment
CONRSW213,Reinforcing Steel Works NC II,BASIC,500311107,Practice career professionalism
CONRSW213,Reinforcing Steel Works NC II,BASIC,500311108,Practice occupational health and safety procedures
CONRSW213,Reinforcing Steel Works NC II,COMMON,CON931201,Prepare construction materials and tools
CONRSW213,Reinforcing Steel Works NC II,COMMON,CON311201,"Observe procedures, specifications and manuals of instructions"
CONRSW213,Reinforcing Steel Works NC II,COMMON,CON311202,Interpret technical drawings and plans
CONRSW213,Reinforcing Steel Works NC II,COMMON,CON311203,Perform mensurations and calculations
CONRSW213,Reinforcing Steel Works NC II,COMMON,CON311204,Maintain tools and equipment
CONRSW213,Reinforcing Steel Works NC II,CORE,CON713337,Fabricate RSB materials
CONRSW213,Reinforcing Steel Works NC II,CORE,CON713338,Install RSB material
AFFRMO207,Rice Machinery Operations NC II,BASIC,500311105,Participate in workplace communication
AFFRMO207,Rice Machinery Operations NC II,BASIC,500311106,Work in team environment
AFFRMO207,Rice Machinery Operations NC II,BASIC,500311107,Practice career professionalism
AFFRMO207,Rice Machinery Operations NC II,BASIC,500311108,Practice occupational health and safety procedures
AFFRMO207,Rice Machinery Operations NC II,COMMON,AGR321201,Apply safety measures in farm operations
AFFRMO207,Rice Machinery Operations NC II,COMMON,AGR321202,Use farm tools and equipment
AFFRMO207,Rice Machinery Operations NC II,COMMON,AGR321203,Perform estimation and basic calculation
AFFRMO207,Rice Machinery Operations NC II,CORE,AGR611361,Operate rice land preparation machinery and equipment
AFFRMO207,Rice Machinery Operations NC II,CORE,AGR611362,Operate rice crop establishment machinery and equipment
AFFRMO207,Rice Machinery Operations NC II,CORE,AGR611363,Operate rice crop care machinery and equipment
AFFRMO207,Rice Machinery Operations NC II,CORE,AGR611364,Operate rice harvesting and threshing machinery and equipment
AFFRMO207,Rice Machinery Operations NC II,CORE,AGR611365,Operate rice drying machinery and equipment
AFFRMO207,Rice Machinery Operations NC II,CORE,AGR611366,Operate rice mill machinery and equipment
CONRGG107,Rigging NC I,BASIC,500311101,Receive and respond to workplace communication
CONRGG107,Rigging NC I,BASIC,500311102,Work with others
CONRGG107,Rigging NC I,BASIC,500311103,Demonstrate work values
CONRGG107,Rigging NC I,BASIC,500311104,Practice housekeeping procedures
CONRGG107,Rigging NC I,COMMON,CON931201,Prepare construction materials and tools
CONRGG107,Rigging NC I,COMMON,CON311201,"Observe procedures, specifications and manuals of instructions"
CONRGG107,Rigging NC I,COMMON,CON311203,Perform mensurations and calculations
CONRGG107,Rigging NC I,COMMON,CON311204,Maintain tools and equipment
CONRGG107,Rigging NC I,CORE,CON721301,Inspect rigging gears
CONRGG107,Rigging NC I,CORE,CON721302,Install rigging gears
CONRGG107,Rigging NC I,CORE,CON721303,Assist crane operator
AFFRPC212,Rubber Processing NC II,BASIC,500311105,Participate in workplace communication
AFFRPC212,Rubber Processing NC II,BASIC,500311106,Work in team environment
AFFRPC212,Rubber Processing NC II,BASIC,500311107,Practice career professionalism
AFFRPC212,Rubber Processing NC II,BASIC,500311108,Practice occupational health and safety procedures
AFFRPC212,Rubber Processing NC II,COMMON,AGR321201,Apply safety measures in farm operations
AFFRPC212,Rubber Processing NC II,COMMON,AGR321202,Use farm tools and equipment
AFFRPC212,Rubber Processing NC II,COMMON,AGR321203,Perform estimation and basic calculation
AFFRPC212,Rubber Processing NC II,CORE,AGR612205,Receive latex and lumps
AFFRPC212,Rubber Processing NC II,CORE,AGR612206,Produce blanketed rubber sheet
AFFRPC212,Rubber Processing NC II,CORE,AGR612207,Perform rubber drying operation
AFFRPT221,Rubber Production NC II,BASIC,400311210,Participate in workplace communication
AFFRPT221,Rubber Production NC II,BASIC,400311211,Work in team environment
AFFRPT221,Rubber Production NC II,BASIC,400311212,Solve/address general workplace problems
AFFRPT221,Rubber Production NC II,BASIC,400311213,Develop career and life decisions
AFFRPT221,Rubber Production NC II,BASIC,400311214,Contribute to workplace innovation
AFFRPT221,Rubber Production NC II,BASIC,400311215,Present relevant information
AFFRPT221,Rubber Production NC II,BASIC,400311216,Practice occupational safety and health policies and procedures
AFFRPT221,Rubber Production NC II,BASIC,400311217,Exercise efficient and effective sustainable practices in the workplace
AFFRPT221,Rubber Production NC II,BASIC,400311218,Practice entrepreneurial skills in the workplace
AFFRPT221,Rubber Production NC II,COMMON,AGR321201,Apply safety measures in farm operations
AFFRPT221,Rubber Production NC II,COMMON,AGR321202,Use farm tools and equipment
AFFRPT221,Rubber Production NC II,COMMON,AGR321203,Perform estimation and basic calculation
AFFRPT221,Rubber Production NC II,CORE,AFF611314,Produce budstick
AFFRPT221,Rubber Production NC II,CORE,AFF611315,Establish rubber nursery
AFFRPT221,Rubber Production NC II,CORE,AFF611316,Perform budding operation
AFFRPT221,Rubber Production NC II,CORE,AFF611317,Perform rubber farm maintenance
AFFRPT221,Rubber Production NC II,CORE,AFF611318,Harvest latex
AFFRPT212,Rubber Production NC II (Superseded),BASIC,500311105,Participate in workplace communication
AFFRPT212,Rubber Production NC II (Superseded),BASIC,500311106,Work in team environment
AFFRPT212,Rubber Production NC II (Superseded),BASIC,500311107,Practice career professionalism
AFFRPT212,Rubber Production NC II (Superseded),BASIC,500311108,Practice occupational health and safety procedures
AFFRPT212,Rubber Production NC II (Superseded),COMMON,AGR321201,Apply safety measures in farm operations
AFFRPT212,Rubber Production NC II (Superseded),COMMON,AGR321202,Use farm tools and equipment
AFFRPT212,Rubber Production NC II (Superseded),COMMON,AGR321203,Perform estimation and basic calculation
AFFRPT212,Rubber Production NC II (Superseded),CORE,AGR612201,Establish rubber budwood and seedlings nursery
AFFRPT212,Rubber Production NC II (Superseded),CORE,AGR612202,Plant rubber trees/rubber seedlings
AFFRPT212,Rubber Production NC II (Superseded),CORE,AGR612203,Perform budding operation
AFFRPT212,Rubber Production NC II (Superseded),CORE,AGR612204,Harvest latex
UTLSLO215,Sanitary Landfill Operations NC II,BASIC,500311105,Participate in workplace communication
UTLSLO215,Sanitary Landfill Operations NC II,CORE,UTL541301,Direct dumping/disposal of in-coming waste in the active cell
UTLSLO215,Sanitary Landfill Operations NC II,BASIC,500311106,Work in team environment
UTLSLO215,Sanitary Landfill Operations NC II,CORE,UTL541302,Perform post-dumping activities
UTLSLO215,Sanitary Landfill Operations NC II,BASIC,500311107,Practice career professionalism
UTLSLO215,Sanitary Landfill Operations NC II,BASIC,500311108,Practice occupational health and safety procedures
UTLSLO215,Sanitary Landfill Operations NC II,COMMON,TRS311201,Develop and update industry knowledge
UTLSLO215,Sanitary Landfill Operations NC II,COMMON,TRS311204,Perform workplace security and safety practices
UTLSLO215,Sanitary Landfill Operations NC II,COMMON,UTL632201,Maintain environmental health and awareness in the workplace
UTLSLO315,Sanitary Landfill Operations NC III,CORE,UTL3257302,Supervise and maintain closed sanitary landfill facility
UTLSLO315,Sanitary Landfill Operations NC III,BASIC,500311109,Lead workplace communication
UTLSLO315,Sanitary Landfill Operations NC III,BASIC,500311110,Lead small teams
UTLSLO315,Sanitary Landfill Operations NC III,BASIC,500311111,Develop and practice negotiation skills
UTLSLO315,Sanitary Landfill Operations NC III,BASIC,500311112,Solve problems related to work activities
UTLSLO315,Sanitary Landfill Operations NC III,BASIC,500311113,Use mathematical concepts and techniques
UTLSLO315,Sanitary Landfill Operations NC III,BASIC,500311114,Use relevant technologies
UTLSLO315,Sanitary Landfill Operations NC III,COMMON,UTL961201,Develop and update industry knowledge
UTLSLO315,Sanitary Landfill Operations NC III,COMMON,UTL961202,Perform workplace security and safety practices
UTLSLO315,Sanitary Landfill Operations NC III,COMMON,UTL961203,Maintain environmental health and awareness in the workplace
UTLSLO315,Sanitary Landfill Operations NC III,CORE,UTL3257301,Supervise in-coming waste in the active cell
CONSCA207,Scaffold Erection NC II (Superseded),CORE,CON713340,Handle scaffolding equipment and tools
CONSCA207,Scaffold Erection NC II (Superseded),CORE,CON713339,Erect and dismantle scaffolding
CONSCA207,Scaffold Erection NC II (Superseded),COMMON,CON311204,Maintain tools and equipment
CONSCA207,Scaffold Erection NC II (Superseded),COMMON,CON311203,Perform mensurations and calculations
CONSCA207,Scaffold Erection NC II (Superseded),COMMON,CON311202,Interpret technical drawings and plans
CONSCA207,Scaffold Erection NC II (Superseded),COMMON,CON311201,"Observe procedures, specifications and manuals of instructions"
CONSCA207,Scaffold Erection NC II (Superseded),COMMON,CON931201,Prepare construction materials and tools
CONSCA207,Scaffold Erection NC II (Superseded),BASIC,500311108,Practice occupational health and safety procedures
CONSCA207,Scaffold Erection NC II (Superseded),BASIC,500311107,Practice career professionalism
CONSCA207,Scaffold Erection NC II (Superseded),BASIC,500311106,Work in team environment
CONSCA207,Scaffold Erection NC II (Superseded),BASIC,500311105,Participate in workplace communication
CONSCA218,Scaffolding Works NC II (Supported Type Scaffold),COMMON,CON311204,Maintain tools and equipment
CONSCA218,Scaffolding Works NC II (Supported Type Scaffold),CORE,CON711324,"Handle, segregate and stack scaffolding components"
CONSCA218,Scaffolding Works NC II (Supported Type Scaffold),CORE,CON711323,Erect and dismantle supported type scaffold
CONSCA218,Scaffolding Works NC II (Supported Type Scaffold),COMMON,CON311203,Perform mensurations and calculations
CONSCA218,Scaffolding Works NC II (Supported Type Scaffold),COMMON,CON311202,Interpret technical drawings and plans
CONSCA218,Scaffolding Works NC II (Supported Type Scaffold),COMMON,CON311201,"Observe procedures, specifications and manuals of instructions"
CONSCA218,Scaffolding Works NC II (Supported Type Scaffold),COMMON,CON931201,Prepare construction materials and tools
CONSCA218,Scaffolding Works NC II (Supported Type Scaffold),BASIC,400311218,Practice entrepreneurial skills in the workplace
CONSCA218,Scaffolding Works NC II (Supported Type Scaffold),BASIC,400311217,Exercise efficient and effective sustainable practices in the workplace
CONSCA218,Scaffolding Works NC II (Supported Type Scaffold),BASIC,400311216,Practice occupational safety and health policies and procedures
CONSCA218,Scaffolding Works NC II (Supported Type Scaffold),BASIC,400311215,Present relevant information
CONSCA218,Scaffolding Works NC II (Supported Type Scaffold),BASIC,400311214,Contribute to workplace innovation
CONSCA218,Scaffolding Works NC II (Supported Type Scaffold),BASIC,400311213,Develop career and life decisions
CONSCA218,Scaffolding Works NC II (Supported Type Scaffold),BASIC,400311212,Solve/address general workplace problems
CONSCA218,Scaffolding Works NC II (Supported Type Scaffold),BASIC,400311211,Work in team environment
CONSCA218,Scaffolding Works NC II (Supported Type Scaffold),BASIC,400311210,Participate in workplace communication
S-------,Seaweed Food Processing NC II,BASIC,400311217,Exercise efficient and effective sustainable practices in the workplace
S-------,Seaweed Food Processing NC II,CORE,PFB751349,Produce seaweed enriched- food products
S-------,Seaweed Food Processing NC II,CORE,PFB751350,Operate and maintain seaweed processing equipment
S-------,Seaweed Food Processing NC II,CORE,PFB751351,Market seaweed food products
S-------,Seaweed Food Processing NC II,CORE,PFB751348,Produce ready to eat seaweed products
S-------,Seaweed Food Processing NC II,COMMON,PFB751215,Implement environmental policies and procedures
S-------,Seaweed Food Processing NC II,COMMON,PFB751214,Implement good manufacturing practice procedure
S-------,Seaweed Food Processing NC II,COMMON,PFB751213,Perform mathematical computation
S-------,Seaweed Food Processing NC II,COMMON,PFB751212,"Use food processing tools, equipment and utensils"
S-------,Seaweed Food Processing NC II,COMMON,PFB751211,Use standard measuring devices / instruments
S-------,Seaweed Food Processing NC II,COMMON,PFB751210,Apply food safety and sanitation
S-------,Seaweed Food Processing NC II,BASIC,400311218,Practice entrepreneurial skills in the workplace
S-------,Seaweed Food Processing NC II,BASIC,400311210,Participate in workplace communication
S-------,Seaweed Food Processing NC II,BASIC,400311211,Work in team environment
S-------,Seaweed Food Processing NC II,BASIC,400311212,Solve/address general workplace problems
S-------,Seaweed Food Processing NC II,BASIC,400311213,Develop career and life decisions
S-------,Seaweed Food Processing NC II,BASIC,400311214,Contribute to workplace innovation
S-------,Seaweed Food Processing NC II,BASIC,400311215,Present relevant information
S-------,Seaweed Food Processing NC II,BASIC,400311216,Practice occupational safety and health policies and procedures
AFFSWP215,Seaweed Production NC II,CORE,AFF622307,Produce raw dried seaweed
AFFSWP215,Seaweed Production NC II,CORE,AFF622308,Market seaweed
AFFSWP215,Seaweed Production NC II,BASIC,500311105,Participate in workplace communication
AFFSWP215,Seaweed Production NC II,BASIC,500311106,Work in team environment
AFFSWP215,Seaweed Production NC II,BASIC,500311107,Practice career professionalism
AFFSWP215,Seaweed Production NC II,BASIC,500311108,Practice occupational health and safety procedures
AFFSWP215,Seaweed Production NC II,COMMON,AGR321201,Apply safety measures in farm operations
AFFSWP215,Seaweed Production NC II,COMMON,AGR321202,Use farm tools and equipment
AFFSWP215,Seaweed Production NC II,COMMON,AGR321203,Perform estimation and basic calculation
AFFSWP215,Seaweed Production NC II,CORE,AFF622305,Operate seaweed nursery
AFFSWP215,Seaweed Production NC II,CORE,AFF622306,Grow-out seaweed
SOCSES105,Security Services NC I,CORE,HCS516304,Demonstrate marksmanship skills
SOCSES105,Security Services NC I,CORE,HCS516305,Perform defensive techniques
SOCSES105,Security Services NC I,BASIC,500311101,Receive and respond to workplace communication
SOCSES105,Security Services NC I,BASIC,500311102,Work with others
SOCSES105,Security Services NC I,BASIC,500311103,Demonstrate work values
SOCSES105,Security Services NC I,BASIC,500311104,Practice basic housekeeping procedures
SOCSES105,Security Services NC I,COMMON,HCS516201,Maintain an effective relationship with clients/customers
SOCSES105,Security Services NC I,COMMON,HCS516202,Manage own performance
SOCSES105,Security Services NC I,COMMON,HCS516203,Practice professionalism in the security service
SOCSES105,Security Services NC I,CORE,HCS516301,Perform control system in the workplace
SOCSES105,Security Services NC I,CORE,HCS516302,Perform basic communication skills
SOCSES105,Security Services NC I,CORE,HCS516303,Respond to emergency situation
SOCSES207,Security Services NC II,CORE,HCS516310,Enforce emergency response procedures
SOCSES207,Security Services NC II,CORE,HCS516307,Monitor activities within area of responsibility
SOCSES207,Security Services NC II,BASIC,500311105,Participate in workplace communication
SOCSES207,Security Services NC II,BASIC,500311106,Work in team environment
SOCSES207,Security Services NC II,BASIC,500311107,Practice career professionalism
SOCSES207,Security Services NC II,BASIC,500311108,Practice occupational health and safety procedures
SOCSES207,Security Services NC II,COMMON,HCS516201,Maintain an effective relationship with clients/customers
SOCSES207,Security Services NC II,COMMON,HCS516202,Manage own performance
SOCSES207,Security Services NC II,CORE,HCS516311,Prepare security reports
SOCSES207,Security Services NC II,CORE,HCS516308,Enforce access control and identification system
SOCSES207,Security Services NC II,CORE,HCS516309,Secure territorial jurisdiction of the company
ELCSBO215,Semiconductor Back-End Operation NC II,CORE,ELC313308,"Analyze, carry-out and monitor back-end operations for semiconductor production line"
ELCSBO215,Semiconductor Back-End Operation NC II,CORE,ELC313309,"Check quality compliance of back-end operation for semiconductor 
production line"
ELCSBO215,Semiconductor Back-End Operation NC II,BASIC,500311105,Participate in workplace communication
ELCSBO215,Semiconductor Back-End Operation NC II,BASIC,500311106,Work in team environment
ELCSBO215,Semiconductor Back-End Operation NC II,BASIC,500311107,Practice career professionalism
ELCSBO215,Semiconductor Back-End Operation NC II,BASIC,500311108,Practice occupational health and safety procedures
ELCSBO215,Semiconductor Back-End Operation NC II,COMMON,ELC311205,Use hand tools
ELCSBO215,Semiconductor Back-End Operation NC II,COMMON,ELC311204,Apply quality standards
ELCSBO215,Semiconductor Back-End Operation NC II,COMMON,ELC311203,Perform computer operations
ELCSBO215,Semiconductor Back-End Operation NC II,CORE,ELC313307,Set up back-end operations workplace for semiconductor production line
ELCSFO215,Semiconductor Front-of-Line Operation NC II,CORE,ELC313311,"Analyze, carry-out and monitor front-of-line (FOL) operations for semiconductor production line"
ELCSFO215,Semiconductor Front-of-Line Operation NC II,CORE,ELC313312,"Check quality compliance of front-of-line (FOL) operations for
semiconductor production line"
ELCSFO215,Semiconductor Front-of-Line Operation NC II,BASIC,500311105,Participate in workplace communication
ELCSFO215,Semiconductor Front-of-Line Operation NC II,BASIC,500311106,Work in team environment
ELCSFO215,Semiconductor Front-of-Line Operation NC II,BASIC,500311107,Practice career professionalism
ELCSFO215,Semiconductor Front-of-Line Operation NC II,BASIC,500311108,Practice occupational health and safety procedures
ELCSFO215,Semiconductor Front-of-Line Operation NC II,COMMON,ELC311205,Use hand tools
ELCSFO215,Semiconductor Front-of-Line Operation NC II,COMMON,ELC311204,Apply quality standards
ELCSFO215,Semiconductor Front-of-Line Operation NC II,COMMON,ELC311203,Perform computer operations
ELCSFO215,Semiconductor Front-of-Line Operation NC II,CORE,ELC313310,Setup front-of-line (FOL) operations workplace for semiconductor production line
MEEEAW106,Shielded Metal Arc Welding (SMAW) NC I (Superseded),COMMON,MEE721207,Setup welding equipment
MEEEAW106,Shielded Metal Arc Welding (SMAW) NC I (Superseded),COMMON,MEE721209,Repair welds
MEEEAW106,Shielded Metal Arc Welding (SMAW) NC I (Superseded),BASIC,500311101,Receive and respond to workplace communication
MEEEAW106,Shielded Metal Arc Welding (SMAW) NC I (Superseded),BASIC,500311102,Work with others
MEEEAW106,Shielded Metal Arc Welding (SMAW) NC I (Superseded),BASIC,500311103,Demonstrate work values
MEEEAW106,Shielded Metal Arc Welding (SMAW) NC I (Superseded),BASIC,500311104,Practice basic housekeeping procedures
MEEEAW106,Shielded Metal Arc Welding (SMAW) NC I (Superseded),COMMON,MEE721201,Apply safety practices
MEEEAW106,Shielded Metal Arc Welding (SMAW) NC I (Superseded),COMMON,MEE721202,Interpret drawings and sketches
MEEEAW106,Shielded Metal Arc Welding (SMAW) NC I (Superseded),COMMON,MEE721203,Perform industry calculations
MEEEAW106,Shielded Metal Arc Welding (SMAW) NC I (Superseded),COMMON,MEE721204,Contribute to quality system
MEEEAW106,Shielded Metal Arc Welding (SMAW) NC I (Superseded),COMMON,MEE721205,Use hand tools
MEEEAW106,Shielded Metal Arc Welding (SMAW) NC I (Superseded),COMMON,MEE721206,Prepare weld materials
MEEEAW106,Shielded Metal Arc Welding (SMAW) NC I (Superseded),CORE,MEE721301,Weld carbon steel plates using smaw
MEEEAW106,Shielded Metal Arc Welding (SMAW) NC I (Superseded),COMMON,MEE721208,Fit up weld materials
MEEEAW206,Shielded Metal Arc Welding (SMAW) NC II (Superseded),COMMON,MEE721209,Repair welds
MEEEAW206,Shielded Metal Arc Welding (SMAW) NC II (Superseded),CORE,MEE721306,Weld carbon steel plates and pipes using smaw
MEEEAW206,Shielded Metal Arc Welding (SMAW) NC II (Superseded),BASIC,500311105,Participate in workplace communication
MEEEAW206,Shielded Metal Arc Welding (SMAW) NC II (Superseded),BASIC,500311106,Work in team environment
MEEEAW206,Shielded Metal Arc Welding (SMAW) NC II (Superseded),BASIC,500311107,Practice career professionalism
MEEEAW206,Shielded Metal Arc Welding (SMAW) NC II (Superseded),BASIC,500311108,Practice occupational health and safety procedures
MEEEAW206,Shielded Metal Arc Welding (SMAW) NC II (Superseded),COMMON,MEE722201,Apply safety practices
MEEEAW206,Shielded Metal Arc Welding (SMAW) NC II (Superseded),COMMON,MEE721202,Interpret drawings and sketches
MEEEAW206,Shielded Metal Arc Welding (SMAW) NC II (Superseded),COMMON,MEE721203,Perform industry calculations
MEEEAW206,Shielded Metal Arc Welding (SMAW) NC II (Superseded),COMMON,MEE721204,Contribute to quality system
MEEEAW206,Shielded Metal Arc Welding (SMAW) NC II (Superseded),COMMON,MEE721205,Use hand tools
MEEEAW206,Shielded Metal Arc Welding (SMAW) NC II (Superseded),COMMON,MEE721206,Prepare weld materials
MEEEAW206,Shielded Metal Arc Welding (SMAW) NC II (Superseded),COMMON,MEE721207,Setup welding equipment
MEEEAW206,Shielded Metal Arc Welding (SMAW) NC II (Superseded),COMMON,MEE721208,Fit up weld materials
MEEEAW306,Shielded Metal Arc Welding (SMAW) NC III (Superseded),COMMON,MEE721209,Repair welds
MEEEAW306,Shielded Metal Arc Welding (SMAW) NC III (Superseded),CORE,MEE721313,Weld alloy steel plates using smaw
MEEEAW306,Shielded Metal Arc Welding (SMAW) NC III (Superseded),BASIC,500311109,Lead workplace communication
MEEEAW306,Shielded Metal Arc Welding (SMAW) NC III (Superseded),BASIC,500311110,Lead small teams
MEEEAW306,Shielded Metal Arc Welding (SMAW) NC III (Superseded),BASIC,500311111,Develop and practice negotiation skills
MEEEAW306,Shielded Metal Arc Welding (SMAW) NC III (Superseded),BASIC,500311112,Solve problems related to work activities
MEEEAW306,Shielded Metal Arc Welding (SMAW) NC III (Superseded),BASIC,500311113,Use mathematical concepts and techniques
MEEEAW306,Shielded Metal Arc Welding (SMAW) NC III (Superseded),BASIC,500311114,Use relevant technologies
MEEEAW306,Shielded Metal Arc Welding (SMAW) NC III (Superseded),COMMON,MEE721201,Apply safety practices
MEEEAW306,Shielded Metal Arc Welding (SMAW) NC III (Superseded),COMMON,MEE721202,Interpret drawings and sketches
MEEEAW306,Shielded Metal Arc Welding (SMAW) NC III (Superseded),COMMON,MEE721203,Perform industry calculations
MEEEAW306,Shielded Metal Arc Welding (SMAW) NC III (Superseded),COMMON,MEE721204,Contribute to quality system
MEEEAW306,Shielded Metal Arc Welding (SMAW) NC III (Superseded),COMMON,MEE721205,Use hand tools
MEEEAW306,Shielded Metal Arc Welding (SMAW) NC III (Superseded),COMMON,MEE721206,Prepare weld materials
MEEEAW306,Shielded Metal Arc Welding (SMAW) NC III (Superseded),COMMON,MEE721207,Setup welding equipment
MEEEAW306,Shielded Metal Arc Welding (SMAW) NC III (Superseded),COMMON,MEE721208,Fit up weld materials
MEEEAW406,Shielded Metal Arc Welding (SMAW) NC IV (Superseded),COMMON,MEE721209,Repair welds
MEEEAW406,Shielded Metal Arc Welding (SMAW) NC IV (Superseded),CORE,MEE721317,Weld alloy steel pipes using smaw
MEEEAW406,Shielded Metal Arc Welding (SMAW) NC IV (Superseded),BASIC,500311115,Utilize specialized communication skills
MEEEAW406,Shielded Metal Arc Welding (SMAW) NC IV (Superseded),BASIC,500311116,Develop teams and individuals
MEEEAW406,Shielded Metal Arc Welding (SMAW) NC IV (Superseded),BASIC,500311117,Apply problem solving techniques in the workplace
MEEEAW406,Shielded Metal Arc Welding (SMAW) NC IV (Superseded),BASIC,500311118,"Collect, analyze and organize information"
MEEEAW406,Shielded Metal Arc Welding (SMAW) NC IV (Superseded),BASIC,500311119,Plan and organize work
MEEEAW406,Shielded Metal Arc Welding (SMAW) NC IV (Superseded),BASIC,500311120,Promote environmental protection
MEEEAW406,Shielded Metal Arc Welding (SMAW) NC IV (Superseded),COMMON,MEE721201,Apply safety practices
MEEEAW406,Shielded Metal Arc Welding (SMAW) NC IV (Superseded),COMMON,MEE721202,Interpret drawings and sketches
MEEEAW406,Shielded Metal Arc Welding (SMAW) NC IV (Superseded),COMMON,MEE721203,Perform industry calculations
MEEEAW406,Shielded Metal Arc Welding (SMAW) NC IV (Superseded),COMMON,MEE721204,Contribute to quality system
MEEEAW406,Shielded Metal Arc Welding (SMAW) NC IV (Superseded),COMMON,MEE721205,Use hand tools
MEEEAW406,Shielded Metal Arc Welding (SMAW) NC IV (Superseded),COMMON,MEE721206,Prepare weld materials
MEEEAW406,Shielded Metal Arc Welding (SMAW) NC IV (Superseded),COMMON,MEE721207,Setup welding equipment
MEEEAW406,Shielded Metal Arc Welding (SMAW) NC IV (Superseded),COMMON,MEE721208,Fit up weld materials
MTMSCS113,Ship's Catering Services NC I,CORE,MTM512314,Perform housekeeping services
MTMSCS113,Ship's Catering Services NC I,CORE,MTM512315,Provide assistance in receiving and storing provisions and supplies
MTMSCS113,Ship's Catering Services NC I,BASIC,500311101,Receive and respond to workplace communication
MTMSCS113,Ship's Catering Services NC I,BASIC,500311102,Work with others
MTMSCS113,Ship's Catering Services NC I,BASIC,500311103,Demonstrate work values
MTMSCS113,Ship's Catering Services NC I,BASIC,500311104,Practice basic housekeeping procedures
MTMSCS113,Ship's Catering Services NC I,COMMON,MTM512208,Observe personal hygiene
MTMSCS113,Ship's Catering Services NC I,COMMON,MTM512209,"Practice food safety, sanitation and hygiene"
MTMSCS113,Ship's Catering Services NC I,COMMON,MTM512210,Observe catering health and safety practices
MTMSCS113,Ship's Catering Services NC I,COMMON,MTM512211,Protect marine environment/waste segregation management
MTMSCS113,Ship's Catering Services NC I,COMMON,MTM512212,Work within multi-cultural and religious environment
MTMSCS113,Ship's Catering Services NC I,CORE,MTM512313,Perform mess hall service
MTMSCC314,Ships' Catering NC III (Ships' Cooks),CORE,MTM512333,Implement waste management and disposal system
MTMSCC314,Ships' Catering NC III (Ships' Cooks),CORE,MTM512334,Supervise/administer galley area
MTMSCC314,Ships' Catering NC III (Ships' Cooks),BASIC,500311109,Lead workplace communication
MTMSCC314,Ships' Catering NC III (Ships' Cooks),BASIC,500311110,Lead small teams
MTMSCC314,Ships' Catering NC III (Ships' Cooks),BASIC,500311111,Develop and practice negotiation skills
MTMSCC314,Ships' Catering NC III (Ships' Cooks),BASIC,500311112,Solve problems related to work activities
MTMSCC314,Ships' Catering NC III (Ships' Cooks),BASIC,500311113,Use mathematical concepts and techniques
MTMSCC314,Ships' Catering NC III (Ships' Cooks),BASIC,500311114,Use relevant technologies
MTMSCC314,Ships' Catering NC III (Ships' Cooks),COMMON,MTM834208,Survive at sea in the event of ship abandonment
MTMSCC314,Ships' Catering NC III (Ships' Cooks),COMMON,MTM834209,Minimize the risk of fire and maintain a state of readiness to respond to emergency situations involving fire
MTMSCC314,Ships' Catering NC III (Ships' Cooks),COMMON,MTM834210,Fight and extinguish fire
MTMSCC314,Ships' Catering NC III (Ships' Cooks),COMMON,MTM834211,Take immediate action upon encountering an accident or other medical emergency
MTMSCC314,Ships' Catering NC III (Ships' Cooks),COMMON,MTM834212,Comply with emergency procedures
MTMSCC314,Ships' Catering NC III (Ships' Cooks),COMMON,MTM834213,Take precautions to prevent pollution of the marine environment
MTMSCC314,Ships' Catering NC III (Ships' Cooks),COMMON,MTM834214,Observe safe working practices
MTMSCC314,Ships' Catering NC III (Ships' Cooks),COMMON,MTM834215,Demonstrate security awareness practices
MTMSCC314,Ships' Catering NC III (Ships' Cooks),CORE,MTM512329,Prepare nutritionally - and health-balanced calendar menu
MTMSCC314,Ships' Catering NC III (Ships' Cooks),CORE,MTM512330,Demonstrate practical cookery
MTMSCC314,Ships' Catering NC III (Ships' Cooks),CORE,MTM512331,"Practice food safety, sanitation and hygiene"
MTMSCC314,Ships' Catering NC III (Ships' Cooks),CORE,MTM512332,Observe workplace health and safety practices
FLGSHM123,Shoemaking NC I,BASIC,400311102,Work with others
FLGSHM123,Shoemaking NC I,CORE,SHM753309,Perform repair and sock attachment operation
FLGSHM123,Shoemaking NC I,BASIC,400311103,Solve/address routine problems
FLGSHM123,Shoemaking NC I,BASIC,400311104,Enhance self-management skills
FLGSHM123,Shoemaking NC I,BASIC,400311105,Support innovation
FLGSHM123,Shoemaking NC I,BASIC,400311106,Access and maintain information
FLGSHM123,Shoemaking NC I,BASIC,400311107,Follow occupational safety and health policies and procedures
FLGSHM123,Shoemaking NC I,BASIC,400311108,Apply environmental work standards
FLGSHM123,Shoemaking NC I,BASIC,400311109,Adopt entrepreneurial mindset in the workplace
FLGSHM123,Shoemaking NC I,COMMON,SHM753201,Apply shoemaking practices and principles
FLGSHM123,Shoemaking NC I,COMMON,SHM753202,Carry out measurements and calculations
FLGSHM123,Shoemaking NC I,COMMON,SHM753203,Use and maintain hand and power tools
FLGSHM123,Shoemaking NC I,COMMON,SHM753204,Set up and operate machines
FLGSHM123,Shoemaking NC I,COMMON,SHM753205,Perform basic maintenance
FLGSHM123,Shoemaking NC I,COMMON,SHM753206,Apply Industry standards
FLGSHM123,Shoemaking NC I,BASIC,400311101,Receive and respond to workplace communication
FLGSHM123,Shoemaking NC I,CORE,SHM753301,Perform cutting by hand operation
FLGSHM123,Shoemaking NC I,CORE,SHM753302,Perform skiving by hand operation
FLGSHM123,Shoemaking NC I,CORE,SHM753303,Perform folding and eyeleting by hand operation
FLGSHM123,Shoemaking NC I,CORE,SHM753304,Perform hand stitching operation
FLGSHM123,Shoemaking NC I,CORE,SHM753305,Perform basic stitching by machine operation
FLGSHM123,Shoemaking NC I,CORE,SHM753306,Prepare uppers and materials for hand lasting operation
FLGSHM123,Shoemaking NC I,CORE,SHM753307,Perform basic hand lasting operation
FLGSHM123,Shoemaking NC I,CORE,SHM753308,Perform pre-bonding and bonding operation
FLGSHM123,Shoemaking NC I,CORE,SHM753310,"Perform cleaning, polishing and packing operation"
FLGSHM223,Shoemaking NC II,CORE,SHM753318,Perform heel attaching by machine operation
FLGSHM223,Shoemaking NC II,BASIC,400311210,Participate in workplace communication
FLGSHM223,Shoemaking NC II,BASIC,400311211,Work in team environment
FLGSHM223,Shoemaking NC II,BASIC,400311212,Solve/address general workplace problems
FLGSHM223,Shoemaking NC II,BASIC,400311213,Develop career and life decisions
FLGSHM223,Shoemaking NC II,BASIC,400311214,Contribute to workplace innovation
FLGSHM223,Shoemaking NC II,BASIC,400311215,Present relevant information
FLGSHM223,Shoemaking NC II,BASIC,400311216,Practice occupational safety and health policies and procedures
FLGSHM223,Shoemaking NC II,BASIC,400311217,Exercise efficient and effective sustainable practices in the workplace
FLGSHM223,Shoemaking NC II,BASIC,400311218,Practice entrepreneurial skills in the workplace
FLGSHM223,Shoemaking NC II,COMMON,SHM753202,Carry out measurements and calculations
FLGSHM223,Shoemaking NC II,COMMON,SHM753203,Use and maintain hand and power tools
FLGSHM223,Shoemaking NC II,COMMON,SHM753204,Set up and operate machines
FLGSHM223,Shoemaking NC II,COMMON,SHM753205,Perform basic maintenance
FLGSHM223,Shoemaking NC II,COMMON,SHM753206,Apply Industry standards
FLGSHM223,Shoemaking NC II,CORE,SHM753311,Perform cutting by machine operation
FLGSHM223,Shoemaking NC II,CORE,SHM753312,Perform skiving by machine operation
FLGSHM223,Shoemaking NC II,CORE,SHM753313,Perform folding by machine operation
FLGSHM223,Shoemaking NC II,CORE,"SHM753314 ",Perform blocking and crimping by machine operation
FLGSHM223,Shoemaking NC II,CORE,SHM753315,Perform eyeleting by machine operation
FLGSHM223,Shoemaking NC II,CORE,SHM753319,Perform finishing and packing operation
FLGSHM223,Shoemaking NC II,CORE,SHM753316,Perform advance stitching by machine operation
FLGSHM223,Shoemaking NC II,CORE,SHM753317,Perform heel and toe lasting by machine operation
FLGSHM223,Shoemaking NC II,COMMON,SHM753201,Apply shoemaking practices and principles
PFBSLL216,Slaughtering Operations (Large Animal) NC II,BASIC,500311107,Practice career professionalism
PFBSLL216,Slaughtering Operations (Large Animal) NC II,CORE,PFB751348,Perform final procedures
PFBSLL216,Slaughtering Operations (Large Animal) NC II,COMMON,PFB751215,Implement environmental policies and procedures
PFBSLL216,Slaughtering Operations (Large Animal) NC II,BASIC,500311105,Participate in workplace communication
PFBSLL216,Slaughtering Operations (Large Animal) NC II,BASIC,500311106,Work in team environment
PFBSLL216,Slaughtering Operations (Large Animal) NC II,BASIC,500311108,Practice occupational health and safety procedures
PFBSLL216,Slaughtering Operations (Large Animal) NC II,COMMON,PFB751210,Apply food safety and sanitation
PFBSLL216,Slaughtering Operations (Large Animal) NC II,COMMON,PFB751211,Use standard measuring devices/instruments
PFBSLL216,Slaughtering Operations (Large Animal) NC II,COMMON,PFB751214,Implement good manufacturing practice procedure
PFBSLL216,Slaughtering Operations (Large Animal) NC II,COMMON,PFB751213,Perform mathematical computation
PFBSLL216,Slaughtering Operations (Large Animal) NC II,CORE,PFB751335,Handle and sharpen knives
PFBSLL216,Slaughtering Operations (Large Animal) NC II,CORE,PFB751336,Perform initial preparation procedures
PFBSLL216,Slaughtering Operations (Large Animal) NC II,CORE,PFB751337,Prepare carcass
PFBSLS216,Slaughtering Operations (Swine) NC II,CORE,PFB751341,Perform final procedures
PFBSLS216,Slaughtering Operations (Swine) NC II,BASIC,500311105,Participate in workplace communication
PFBSLS216,Slaughtering Operations (Swine) NC II,BASIC,500311106,Work in team environment
PFBSLS216,Slaughtering Operations (Swine) NC II,BASIC,500311107,Practice career professionalism
PFBSLS216,Slaughtering Operations (Swine) NC II,BASIC,500311108,Practice occupational health and safety procedures
PFBSLS216,Slaughtering Operations (Swine) NC II,COMMON,PFB751210,Apply food safety and sanitation
PFBSLS216,Slaughtering Operations (Swine) NC II,COMMON,PFB751211,Use standard measuring devices/instruments
PFBSLS216,Slaughtering Operations (Swine) NC II,COMMON,PFB751213,Perform mathematical computation
PFBSLS216,Slaughtering Operations (Swine) NC II,COMMON,PFB751214,Implement good manufacturing practice procedure
PFBSLS216,Slaughtering Operations (Swine) NC II,COMMON,PFB751215,Implement environmental policies and procedures
PFBSLS216,Slaughtering Operations (Swine) NC II,CORE,PFB751335,Handle and sharpen knives
PFBSLS216,Slaughtering Operations (Swine) NC II,CORE,PFB751339,Perform initial preparation procedures
PFBSLS216,Slaughtering Operations (Swine) NC II,CORE,PFB751340,Prepare carcass
PFBSLO206,Slaughtering Operations NC II (Superseded),ELECTIVE,AGR741152,Slaughter animal following Dhabiha Halal procedures
PFBSLO206,Slaughtering Operations NC II (Superseded),COMMON,AGR741201,Apply food safety and sanitation
PFBSLO206,Slaughtering Operations NC II (Superseded),CORE,AGR741151,Split carcass
PFBSLO206,Slaughtering Operations NC II (Superseded),BASIC,500311105,Participate in workplace communication
PFBSLO206,Slaughtering Operations NC II (Superseded),BASIC,500311106,Work in team environment
PFBSLO206,Slaughtering Operations NC II (Superseded),BASIC,500311107,Practice career professionalism
PFBSLO206,Slaughtering Operations NC II (Superseded),BASIC,500311108,Practice occupational health and safety procedures
PFBSLO206,Slaughtering Operations NC II (Superseded),CORE,AGR741150,Eviscerate animal
PFBSLO206,Slaughtering Operations NC II (Superseded),CORE,AGR741149,"Scald / dehair, remove hooves, gambrel, singe, scrape body and cut chest bone"
PFBSLO206,Slaughtering Operations NC II (Superseded),CORE,AGR741148,"Wash, trim and weigh carcass"
PFBSLO206,Slaughtering Operations NC II (Superseded),CORE,AGR741147,"Grade, label and stamp carcass"
PFBSLO206,Slaughtering Operations NC II (Superseded),CORE,AGR741146,Split and quarter carcass
PFBSLO206,Slaughtering Operations NC II (Superseded),CORE,AGR741145,Eviscerate animal
PFBSLO206,Slaughtering Operations NC II (Superseded),CORE,AGR741144,Flay cattle completely
PFBSLO206,Slaughtering Operations NC II (Superseded),CORE,AGR741143,Perform cradle processes
PFBSLO206,Slaughtering Operations NC II (Superseded),CORE,AGR741142,Stick and bleed animal
PFBSLO206,Slaughtering Operations NC II (Superseded),CORE,AGR741141,"Stun, shackle and lift animal"
PFBSLO206,Slaughtering Operations NC II (Superseded),COMMON,AGR741209,Conduct routine maintenance
PFBSLO206,Slaughtering Operations NC II (Superseded),COMMON,AGR741208,Maintain personal equipment
PFBSLO206,Slaughtering Operations NC II (Superseded),COMMON,AGR741207,Sharpen knives
PFBSLO206,Slaughtering Operations NC II (Superseded),COMMON,AGR741206,Implement environmental policies and procedures
PFBSLO206,Slaughtering Operations NC II (Superseded),COMMON,AGR741205,Implement good manufacturing practice procedure
PFBSLO206,Slaughtering Operations NC II (Superseded),COMMON,AGR741204,Perform mathematical computation
PFBSLO206,Slaughtering Operations NC II (Superseded),COMMON,AGR741202,Use standard measuring devices and instruments
ALTSLD220,Speed Limitation Device Servicing NC II,COMMON,ALT723211,Validate vehicle specification
ALTSLD220,Speed Limitation Device Servicing NC II,BASIC,400311213,Develop career and life decisions
ALTSLD220,Speed Limitation Device Servicing NC II,BASIC,400311212,Solve/address general workplace problems
ALTSLD220,Speed Limitation Device Servicing NC II,BASIC,400311211,Work in team environment
ALTSLD220,Speed Limitation Device Servicing NC II,BASIC,400311210,Participate in workplace communication
ALTSLD220,Speed Limitation Device Servicing NC II,BASIC,400311214,Contribute to workplace innovation
ALTSLD220,Speed Limitation Device Servicing NC II,BASIC,400311215,Present relevant information
ALTSLD220,Speed Limitation Device Servicing NC II,BASIC,400311216,Practice occupational safety and health policies and procedures
ALTSLD220,Speed Limitation Device Servicing NC II,BASIC,400311217,Exercise efficient and effective sustainable practices in the workplace
ALTSLD220,Speed Limitation Device Servicing NC II,BASIC,400311218,Practice entrepreneurial skills in the workplace
ALTSLD220,Speed Limitation Device Servicing NC II,CORE,ALT723382,Conduct basic inspection of engine and other electrical components
ALTSLD220,Speed Limitation Device Servicing NC II,CORE,ALT723384,Maintain speed limitation device
ALTSLD220,Speed Limitation Device Servicing NC II,CORE,ALT723383,Perform installation of speed limitation device
ALTSLD220,Speed Limitation Device Servicing NC II,COMMON,ALT723218,Prepare vehicle for servicing and releasing
ALTSLD220,Speed Limitation Device Servicing NC II,COMMON,ALT723217,Prepare servicing parts and consumables
ALTSLD220,Speed Limitation Device Servicing NC II,COMMON,ALT723216,Utilize workshop facilities and equipment
ALTSLD220,Speed Limitation Device Servicing NC II,COMMON,ALT723215,Perform mensuration and calculation
ALTSLD220,Speed Limitation Device Servicing NC II,COMMON,ALT723214,Utilize automotive tools
ALTSLD220,Speed Limitation Device Servicing NC II,COMMON,ALT723212,Move and position vehicle
CONSSW208,Structural Erection NC II,ELECTIVE,CON713346,Lay-out structural member
CONSSW208,Structural Erection NC II,BASIC,500311105,Participate in workplace communication
CONSSW208,Structural Erection NC II,BASIC,500311106,Work in team environment
CONSSW208,Structural Erection NC II,BASIC,500311107,Practice career professionalism
CONSSW208,Structural Erection NC II,BASIC,500311108,Practice occupational health and safety procedures
CONSSW208,Structural Erection NC II,COMMON,CON311201,"Observe procedures, specifications and manuals of instructions"
CONSSW208,Structural Erection NC II,COMMON,CON931201,Prepare construction materials and tools
CONSSW208,Structural Erection NC II,CORE,CON713345,Fit-up structural member
CONSSW208,Structural Erection NC II,CORE,CON713344,Position structural member
CONSSW208,Structural Erection NC II,COMMON,CON311204,Maintain tools and equipment
CONSSW208,Structural Erection NC II,COMMON,CON311203,Perform mensurations and calculations
CONSSW208,Structural Erection NC II,COMMON,CON311202,Interpret technical drawings and plans
CONSSW208,Structural Erection NC II,ELECTIVE,CON713347,Build low spot or remove high spot
CONSSW208,Structural Erection NC II,CORE,CON713346,Perform tack welding
MEESAW106,Submerged Arc Welding (SAW) NC I,BASIC,500311102,Work with others
MEESAW106,Submerged Arc Welding (SAW) NC I,COMMON,MEE721209,Repair welds
MEESAW106,Submerged Arc Welding (SAW) NC I,BASIC,500311101,Receive and respond to workplace communication
MEESAW106,Submerged Arc Welding (SAW) NC I,CORE,MEE721303,Weld plates using saw
MEESAW106,Submerged Arc Welding (SAW) NC I,BASIC,500311103,Demonstrate work values
MEESAW106,Submerged Arc Welding (SAW) NC I,BASIC,500311104,Practice basic housekeeping procedures
MEESAW106,Submerged Arc Welding (SAW) NC I,COMMON,MEE721201,Apply safety practices
MEESAW106,Submerged Arc Welding (SAW) NC I,COMMON,MEE721202,Interpret drawings and sketches
MEESAW106,Submerged Arc Welding (SAW) NC I,COMMON,MEE721203,Perform industry calculations
MEESAW106,Submerged Arc Welding (SAW) NC I,COMMON,MEE721204,Contribute to quality system
MEESAW106,Submerged Arc Welding (SAW) NC I,COMMON,MEE721205,Use hand tools
MEESAW106,Submerged Arc Welding (SAW) NC I,COMMON,MEE721206,Prepare weld materials
MEESAW106,Submerged Arc Welding (SAW) NC I,COMMON,MEE721207,Setup welding equipment
MEESAW106,Submerged Arc Welding (SAW) NC I,COMMON,MEE721208,Fit up weld materials
MEESAW206,Submerged Arc Welding (SAW) NC II,COMMON,MEE721209,Repair welds
MEESAW206,Submerged Arc Welding (SAW) NC II,CORE,MEE721308,Weld pipes using saw
MEESAW206,Submerged Arc Welding (SAW) NC II,BASIC,500311105,Participate in workplace communication
MEESAW206,Submerged Arc Welding (SAW) NC II,BASIC,500311106,Work in team environment
MEESAW206,Submerged Arc Welding (SAW) NC II,BASIC,500311107,Practice career professionalism
MEESAW206,Submerged Arc Welding (SAW) NC II,BASIC,500311108,Practice occupational health and safety procedures
MEESAW206,Submerged Arc Welding (SAW) NC II,COMMON,MEE722201,Apply safety practices
MEESAW206,Submerged Arc Welding (SAW) NC II,COMMON,MEE721202,Interpret drawings and sketches
MEESAW206,Submerged Arc Welding (SAW) NC II,COMMON,MEE721203,Perform industry calculations
MEESAW206,Submerged Arc Welding (SAW) NC II,COMMON,MEE721204,Contribute to quality system
MEESAW206,Submerged Arc Welding (SAW) NC II,COMMON,MEE721205,Use hand tools
MEESAW206,Submerged Arc Welding (SAW) NC II,COMMON,MEE721206,Prepare weld materials
MEESAW206,Submerged Arc Welding (SAW) NC II,COMMON,MEE721207,Setup welding equipment
MEESAW206,Submerged Arc Welding (SAW) NC II,COMMON,MEE721208,Fit up weld materials
AFFSCP215,Sugarcane Production NC II,CORE,AFF611312,Care and maintain sugarcane and ratoon crops
AFFSCP215,Sugarcane Production NC II,CORE,AFF611313,Carry out harvest and post-harvest operation
AFFSCP215,Sugarcane Production NC II,BASIC,500311105,Participate in workplace communication
AFFSCP215,Sugarcane Production NC II,BASIC,500311106,Work in team environment
AFFSCP215,Sugarcane Production NC II,BASIC,500311107,Practice career professionalism
AFFSCP215,Sugarcane Production NC II,BASIC,500311108,Practice occupational health and safety procedures
AFFSCP215,Sugarcane Production NC II,COMMON,AGR321201,Apply safety measures in farm operations
AFFSCP215,Sugarcane Production NC II,COMMON,AGR321202,Use farm tools and equipment
AFFSCP215,Sugarcane Production NC II,COMMON,AGR321203,Perform estimation and basic calculation
AFFSCP215,Sugarcane Production NC II,CORE,AFF611310,Establish sugarcane nursery
AFFSCP215,Sugarcane Production NC II,CORE,AFF611311,Plant sugarcane
CONSFI212,System Formworks Installation NC II,CORE,CON712322,Install system formworks
CONSFI212,System Formworks Installation NC II,CORE,CON712323,Strip system formworks
CONSFI212,System Formworks Installation NC II,BASIC,500311105,Participate in workplace communication
CONSFI212,System Formworks Installation NC II,BASIC,500311106,Work in team environment
CONSFI212,System Formworks Installation NC II,BASIC,500311107,Practice career professionalism
CONSFI212,System Formworks Installation NC II,BASIC,500311108,Practice occupational health and safety procedures
CONSFI212,System Formworks Installation NC II,COMMON,CON931201,Prepare construction materials and tools
CONSFI212,System Formworks Installation NC II,COMMON,CON311201,"Observe procedures, specifications and manuals of instructions"
CONSFI212,System Formworks Installation NC II,COMMON,CON311202,Interpret technical drawings and plans
CONSFI212,System Formworks Installation NC II,COMMON,CON311203,Perform mensurations and calculations
CONSFI212,System Formworks Installation NC II,COMMON,CON311204,Maintain tools and equipment
CONSFI212,System Formworks Installation NC II,CORE,CON713341,Assemble and dismantle scaffolds/ shoring and braces
GRMTLR205,Tailoring NC II (Superseded),CORE,GRM743316,Apply finishing touches on casual apparel
GRMTLR205,Tailoring NC II (Superseded),CORE,GRM743315,Sew casual apparel
GRMTLR205,Tailoring NC II (Superseded),BASIC,500311105,Participate in workplace communication
GRMTLR205,Tailoring NC II (Superseded),BASIC,500311106,Work in team environment
GRMTLR205,Tailoring NC II (Superseded),BASIC,500311107,Practice career professionalism
GRMTLR205,Tailoring NC II (Superseded),BASIC,500311108,Practice occupational health and safety procedures
GRMTLR205,Tailoring NC II (Superseded),COMMON,GRM743203,Carry out measurements and calculation
GRMTLR205,Tailoring NC II (Superseded),COMMON,GRM743204,Set up and operate machines
GRMTLR205,Tailoring NC II (Superseded),COMMON,GRM743205,Perform basic maintenance
GRMTLR205,Tailoring NC II (Superseded),COMMON,GRM743206,Apply quality standards
GRMTLR205,Tailoring NC II (Superseded),CORE,GRM743313,Draft and cut pattern of casual apparel
GRMTLR205,Tailoring NC II (Superseded),CORE,GRM743314,Prepare and cut materials of casual apparel
CONTEC210,Technical Drafting NC II,CORE,CON311306,Draft mechanical layout and details
CONTEC210,Technical Drafting NC II,CORE,CON311305,Draft sanitary and plumbing layout and details
CONTEC210,Technical Drafting NC II,BASIC,500311105,Participate in workplace communication
CONTEC210,Technical Drafting NC II,BASIC,500311106,Work in team environment
CONTEC210,Technical Drafting NC II,BASIC,500311107,Practice career professionalism
CONTEC210,Technical Drafting NC II,BASIC,500311108,Practice occupational health and safety procedures
CONTEC210,Technical Drafting NC II,COMMON,CON311203,Perform mensurations and calculations
CONTEC210,Technical Drafting NC II,COMMON,CON311202,Interpret technical drawings and plans
CONTEC210,Technical Drafting NC II,COMMON,FUR714202,Apply quality standards
CONTEC210,Technical Drafting NC II,COMMON,ICT311201,Operate personal computer
CONTEC210,Technical Drafting NC II,CORE,CON311301,Draft architectural layout and details
CONTEC210,Technical Drafting NC II,CORE,CON311302,Prepare computer-aided drawings
CONTEC210,Technical Drafting NC II,CORE,CON311303,Draft structural layout and details
CONTEC210,Technical Drafting NC II,CORE,CON311304,Draft electrical and electronic layout and details
ICTTFO211,Telecom OSP Installation (Fiber Optic Cable) NC II,CORE,ICT724612,Perform optical testing and repair
ICTTFO211,Telecom OSP Installation (Fiber Optic Cable) NC II,BASIC,500311106,Work in team environment
ICTTFO211,Telecom OSP Installation (Fiber Optic Cable) NC II,BASIC,500311105,Participate in workplace communication
ICTTFO211,Telecom OSP Installation (Fiber Optic Cable) NC II,BASIC,500311107,Practice career professionalism
ICTTFO211,Telecom OSP Installation (Fiber Optic Cable) NC II,BASIC,500311108,Practice occupational health and safety procedures
ICTTFO211,Telecom OSP Installation (Fiber Optic Cable) NC II,COMMON,ICT315202,Apply quality standards
ICTTFO211,Telecom OSP Installation (Fiber Optic Cable) NC II,COMMON,ICT311203,Operate a personal computer
ICTTFO211,Telecom OSP Installation (Fiber Optic Cable) NC II,CORE,ICT724611,Install and splice/join aerial/underground fiber optic cables
ICTTCC211,Telecom OSP and Subscriber Line Installation (Copper Cable/POTS and DSL) NC II,BASIC,500311105,Participate in workplace communication
ICTTCC211,Telecom OSP and Subscriber Line Installation (Copper Cable/POTS and DSL) NC II,CORE,ICT724608,Perform basic troubleshooting and correction of cable fault and error
ICTTCC211,Telecom OSP and Subscriber Line Installation (Copper Cable/POTS and DSL) NC II,CORE,ICT724610,Install digital subscriber line (DSL)
ICTTCC211,Telecom OSP and Subscriber Line Installation (Copper Cable/POTS and DSL) NC II,CORE,ICT724607,Splice/joint cable terminal to main aerial and/or underground copper cable splice
ICTTCC211,Telecom OSP and Subscriber Line Installation (Copper Cable/POTS and DSL) NC II,BASIC,500311106,Work in team environment
ICTTCC211,Telecom OSP and Subscriber Line Installation (Copper Cable/POTS and DSL) NC II,CORE,ICT724606,Perform main cable installation
ICTTCC211,Telecom OSP and Subscriber Line Installation (Copper Cable/POTS and DSL) NC II,CORE,ICT724605,"Install pole hardware, cable terminal, line wire and accessories"
ICTTCC211,Telecom OSP and Subscriber Line Installation (Copper Cable/POTS and DSL) NC II,COMMON,ICT311203,Operate a personal computer
ICTTCC211,Telecom OSP and Subscriber Line Installation (Copper Cable/POTS and DSL) NC II,COMMON,ICT315202,Apply quality standards
ICTTCC211,Telecom OSP and Subscriber Line Installation (Copper Cable/POTS and DSL) NC II,BASIC,500311108,Practice occupational health and safety procedures
ICTTCC211,Telecom OSP and Subscriber Line Installation (Copper Cable/POTS and DSL) NC II,BASIC,500311107,Practice career professionalism
ICTTCC211,Telecom OSP and Subscriber Line Installation (Copper Cable/POTS and DSL) NC II,CORE,ICT724609,Install pots subscriber line
CONTIL218,Tile Setting NC II,BASIC,400311218,Practice entrepreneurial skills in the workplace
CONTIL218,Tile Setting NC II,BASIC,400311212,Solve/address general workplace problems
CONTIL218,Tile Setting NC II,CORE,CON712305,"Lay tiles on plain and curved surfaces for walls, floors and other application"
CONTIL218,Tile Setting NC II,COMMON,CON311204,Maintain tools and equipment
CONTIL218,Tile Setting NC II,COMMON,CON311203,Perform mensurations and calculations
CONTIL218,Tile Setting NC II,COMMON,CON311201,"Observe procedures, specifications and manuals of instructions"
CONTIL218,Tile Setting NC II,COMMON,CON931201,Prepare construction materials and tools
CONTIL218,Tile Setting NC II,BASIC,400311217,Exercise efficient and effective sustainable practices in the workplace
CONTIL218,Tile Setting NC II,BASIC,400311216,Practice occupational safety and health policies and procedures
CONTIL218,Tile Setting NC II,BASIC,400311215,Present relevant information
CONTIL218,Tile Setting NC II,BASIC,400311214,Contribute to workplace innovation
CONTIL218,Tile Setting NC II,BASIC,400311210,Participate in workplace communication
CONTIL218,Tile Setting NC II,BASIC,400311211,Work in team environment
CONTIL218,Tile Setting NC II,BASIC,400311213,Develop career and life decisions
CONTIL218,Tile Setting NC II,CORE,CON712306,Repair of tiles on plain and curved surfaces
CONTIL207,Tile Setting NC II (Superseded),BASIC,500311107,Practice career professionalism
CONTIL207,Tile Setting NC II (Superseded),BASIC,500311105,Participate in workplace communication
CONTIL207,Tile Setting NC II (Superseded),BASIC,500311108,Practice occupational health and safety procedures
CONTIL207,Tile Setting NC II (Superseded),COMMON,CON931201,Prepare construction materials and tools
CONTIL207,Tile Setting NC II (Superseded),COMMON,CON311201,"Observe procedures, specifications and manuals of instructions"
CONTIL207,Tile Setting NC II (Superseded),COMMON,CON311203,Perform mensurations and calculations
CONTIL207,Tile Setting NC II (Superseded),COMMON,CON311202,Interpret technical drawings and plans
CONTIL207,Tile Setting NC II (Superseded),COMMON,CON311204,Maintain tools and equipment
CONTIL207,Tile Setting NC II (Superseded),CORE,CON713332,Lay and repair floor and wall tiles
CONTIL207,Tile Setting NC II (Superseded),CORE,CON713333,Tile corners
CONTIL207,Tile Setting NC II (Superseded),CORE,CON713334,Tile curved surfaces
CONTIL207,Tile Setting NC II (Superseded),BASIC,500311106,Work in team environment
ALTTAM208,Tinsmithing (Automotive Manufacturing) NC II,BASIC,500311105,Participate in workplace communication
ALTTAM208,Tinsmithing (Automotive Manufacturing) NC II,COMMON,ALT723201,Apply appropriate sealant/adhesive
ALTTAM208,Tinsmithing (Automotive Manufacturing) NC II,COMMON,ALT723202,Move and position vehicle
ALTTAM208,Tinsmithing (Automotive Manufacturing) NC II,COMMON,ALT742201,"Read, interpret and apply engineering drawings"
ALTTAM208,Tinsmithing (Automotive Manufacturing) NC II,COMMON,ALT311202,Perform mensuration and calculation
ALTTAM208,Tinsmithing (Automotive Manufacturing) NC II,BASIC,500311108,Practice occupational health and safety procedures
ALTTAM208,Tinsmithing (Automotive Manufacturing) NC II,BASIC,500311107,Practice career professionalism
ALTTAM208,Tinsmithing (Automotive Manufacturing) NC II,BASIC,500311106,Work in team environment
ALTTAM208,Tinsmithing (Automotive Manufacturing) NC II,COMMON,ALT723205,Perform shop maintenance
ALTTAM208,Tinsmithing (Automotive Manufacturing) NC II,CORE,ALT827314,Weld and braze automotive body shell
ALTTAM208,Tinsmithing (Automotive Manufacturing) NC II,CORE,ALT827315,Perform tinsmith operation
MEETDM208,Tool and Die Making NC II,COMMON,MEE722206,Perform preventive and corrective maintenance
MEETDM208,Tool and Die Making NC II,BASIC,500311106,Work in team environment
MEETDM208,Tool and Die Making NC II,BASIC,500311107,Practice career professionalism
MEETDM208,Tool and Die Making NC II,BASIC,500311108,Practice occupational health and safety procedures
MEETDM208,Tool and Die Making NC II,COMMON,MEE722204,Perform shop computations (intermediate)
MEETDM208,Tool and Die Making NC II,COMMON,MEE722205,Measure workpiece (intermediate)
MEETDM208,Tool and Die Making NC II,BASIC,500311105,Participate in workplace communication
MEETDM208,Tool and Die Making NC II,CORE,MEE722301,Machine die components
MEETDM208,Tool and Die Making NC II,CORE,MEE722302,Fit and assemble dies
MEETDM208,Tool and Die Making NC II,CORE,MEE722303,Test and try die
TRSTGD205,Tour Guiding Services NC II (Superseded),BASIC,500311105,Participate in workplace communication
TRSTGD205,Tour Guiding Services NC II (Superseded),BASIC,500311106,Work in team environment
TRSTGD205,Tour Guiding Services NC II (Superseded),BASIC,500311107,Practice career professionalism
TRSTGD205,Tour Guiding Services NC II (Superseded),BASIC,500311108,Practice occupational health and safety procedures
TRSTGD205,Tour Guiding Services NC II (Superseded),COMMON,TRS311201,Develop and update industry knowledge
TRSTGD205,Tour Guiding Services NC II (Superseded),COMMON,TRS311202,Observe workplace hygiene procedures
TRSTGD205,Tour Guiding Services NC II (Superseded),COMMON,TRS311203,Perform computer operations
TRSTGD205,Tour Guiding Services NC II (Superseded),COMMON,TRS311204,Perform workplace and safety practices
TRSTGD205,Tour Guiding Services NC II (Superseded),COMMON,TRS311205,Provide effective customer service
TRSTGD205,Tour Guiding Services NC II (Superseded),CORE,TRS511304,Research information relevant to tour itinerary
TRSTGD205,Tour Guiding Services NC II (Superseded),CORE,TRS511305,Manage arrangements for visitors
TRSTGD205,Tour Guiding Services NC II (Superseded),CORE,TRS511306,Accompany and guide visitors in accordance with the tour itinerary
TRSTGS321,Tour Guiding Services NC III,BASIC,400311320,Lead small teams
TRSTGS321,Tour Guiding Services NC III,BASIC,400311321,Apply critical thinking and problem solving techniques in the workplace
TRSTGS321,Tour Guiding Services NC III,BASIC,400311322,Work in a diverse environment
TRSTGS321,Tour Guiding Services NC III,BASIC,400311323,Propose methods of applying learning and innovation in the organization
TRSTGS321,Tour Guiding Services NC III,BASIC,400311324,Use information systematically
TRSTGS321,Tour Guiding Services NC III,BASIC,400311325,Evaluate occupational safety and health work practices
TRSTGS321,Tour Guiding Services NC III,BASIC,400311326,Evaluate environmental work practices
TRSTGS321,Tour Guiding Services NC III,BASIC,400311327,Facilitate entrepreneurial skills for micro-small-medium enterprises (MSMEs)
TRSTGS321,Tour Guiding Services NC III,COMMON,TRS311201,Develop and update industry knowledge
TRSTGS321,Tour Guiding Services NC III,COMMON,TRS141201,Receive and resolve customer complaints
TRSTGS321,Tour Guiding Services NC III,COMMON,TRS141202,Work cooperatively in a general administration environment
TRSTGS321,Tour Guiding Services NC III,BASIC,400311319,Lead in workplace communication
TRSTGS321,Tour Guiding Services NC III,COMMON,TRS141203,Maintain quality customer/guest service
TRSTGS321,Tour Guiding Services NC III,CORE,TRS511307,Research information relevant to the destination and tour itinerary
TRSTGS321,Tour Guiding Services NC III,CORE,TRS511308,Oversee regional tour arrangements for clients
TRSTGS321,Tour Guiding Services NC III,CORE,TRS511309,Guide and escort clients in accordance with the tour itinerary
TRSTOP219,Tour Packaging (FIT AD HOC DOMESTIC) Services NC II,BASIC,400311211,Work in team environment
TRSTOP219,Tour Packaging (FIT AD HOC DOMESTIC) Services NC II,BASIC,400311210,Participate in workplace communication
TRSTOP219,Tour Packaging (FIT AD HOC DOMESTIC) Services NC II,BASIC,400311212,Solve/address general workplace problems
TRSTOP219,Tour Packaging (FIT AD HOC DOMESTIC) Services NC II,BASIC,400311213,Develop career and life decisions
TRSTOP219,Tour Packaging (FIT AD HOC DOMESTIC) Services NC II,BASIC,400311214,Contribute to workplace innovation
TRSTOP219,Tour Packaging (FIT AD HOC DOMESTIC) Services NC II,BASIC,400311215,Present relevant information
TRSTOP219,Tour Packaging (FIT AD HOC DOMESTIC) Services NC II,BASIC,400311216,Practice occupational safety and health policies and procedures
TRSTOP219,Tour Packaging (FIT AD HOC DOMESTIC) Services NC II,BASIC,400311217,Exercise efficient and effective sustainable practices in the workplace
TRSTOP219,Tour Packaging (FIT AD HOC DOMESTIC) Services NC II,BASIC,400311218,Practice entrepreneurial skills in the workplace
TRSTOP219,Tour Packaging (FIT AD HOC DOMESTIC) Services NC II,COMMON,TRS311201,Develop and update industry knowledge
TRSTOP219,Tour Packaging (FIT AD HOC DOMESTIC) Services NC II,COMMON,TRS311202,Observe workplace hygiene procedures
TRSTOP219,Tour Packaging (FIT AD HOC DOMESTIC) Services NC II,COMMON,TRS311203,Perform computer operations
TRSTOP219,Tour Packaging (FIT AD HOC DOMESTIC) Services NC II,COMMON,TRS311204,Perform workplace and safety practices
TRSTOP219,Tour Packaging (FIT AD HOC DOMESTIC) Services NC II,COMMON,TRS311205,Provide effective customer service
TRSTOP219,Tour Packaging (FIT AD HOC DOMESTIC) Services NC II,CORE,TRS422305,Interpret and respond to request for individual/ independent tour services
TRSTOP219,Tour Packaging (FIT AD HOC DOMESTIC) Services NC II,CORE,TRS422306,Design and develop a tour package itinerary
TRSTOP219,Tour Packaging (FIT AD HOC DOMESTIC) Services NC II,CORE,TRS422307,Determine tour package cost and selling price
TRSTPS215,Tourism Promotion Services NC II,BASIC,500311106,Work in team environment
TRSTPS215,Tourism Promotion Services NC II,BASIC,500311105,Participate in workplace communication
TRSTPS215,Tourism Promotion Services NC II,BASIC,500311107,Practice career professionalism
TRSTPS215,Tourism Promotion Services NC II,BASIC,500311108,Practice occupational health and safety procedures
TRSTPS215,Tourism Promotion Services NC II,COMMON,TRS311201,Develop and update industry knowledge
TRSTPS215,Tourism Promotion Services NC II,COMMON,TRS311202,Observe workplace hygiene procedures
TRSTPS215,Tourism Promotion Services NC II,COMMON,TRS311203,Perform computer operations
TRSTPS215,Tourism Promotion Services NC II,COMMON,TRS311204,Perform workplace and safety practices
TRSTPS215,Tourism Promotion Services NC II,COMMON,TRS311205,Provide effective customer service
TRSTPS215,Tourism Promotion Services NC II,CORE,TRS5113123,Operate technology-based information system
TRSTPS215,Tourism Promotion Services NC II,CORE,TRS5113124,"Provide information and advice on a destination, product or service"
TRSTPS215,Tourism Promotion Services NC II,CORE,TRS5113125,Promote tourism products and services
TRSTPS207,Tourism Promotion Services NC II (Superseded),COMMON,TRS311203,Perform computer operations
TRSTPS207,Tourism Promotion Services NC II (Superseded),BASIC,500311106,Work in team environment
TRSTPS207,Tourism Promotion Services NC II (Superseded),BASIC,500311107,Practice career professionalism
TRSTPS207,Tourism Promotion Services NC II (Superseded),BASIC,500311108,Practice occupational health and safety procedures
TRSTPS207,Tourism Promotion Services NC II (Superseded),COMMON,TRS311201,Develop and update industry knowledge
TRSTPS207,Tourism Promotion Services NC II (Superseded),COMMON,TRS311202,Observe workplace hygiene procedures
TRSTPS207,Tourism Promotion Services NC II (Superseded),BASIC,500311105,Participate in workplace communication
TRSTPS207,Tourism Promotion Services NC II (Superseded),COMMON,TRS311204,Perform workplace and safety practices
TRSTPS207,Tourism Promotion Services NC II (Superseded),COMMON,TRS311205,Provide effective customer service
TRSTPS207,Tourism Promotion Services NC II (Superseded),CORE,TRS341335,Operate an automated information system
TRSTPS207,Tourism Promotion Services NC II (Superseded),CORE,TRS341336,Source and provide destination information and advice
TRSTPS207,Tourism Promotion Services NC II (Superseded),CORE,TRS341337,Access and interpret product information
TRSTPS207,Tourism Promotion Services NC II (Superseded),CORE,TRS341338,Promote tourism products and services
TVETRM324,Trainers Methodology (TM) Level III,ELECTIVE,TVT232401,Facilitate assessment moderation
TVETRM324,Trainers Methodology (TM) Level III,COMMON,TVT232201,Maintain and enhance professional practice
TVETRM324,Trainers Methodology (TM) Level III,COMMON,TVT232202,"Develop and analyze cost efficiency and effectiveness of
technical vocational training"
TVETRM324,Trainers Methodology (TM) Level III,COMMON,TVT232203,Develop and promote understanding of global labor markets
TVETRM324,Trainers Methodology (TM) Level III,CORE,TVT232318,Facilitate implementation of training policies and procedures
TVETRM324,Trainers Methodology (TM) Level III,CORE,TVT232319,Develop training plan
TVETRM324,Trainers Methodology (TM) Level III,CORE,TVT232320,Prepare and monitor training budget
TVETRM324,Trainers Methodology (TM) Level III,CORE,TVT232321,Nurture and capacitate trainers and assessors
TVETRM324,Trainers Methodology (TM) Level III,CORE,TVT232322,Evaluate trainers performance
TVETRM324,Trainers Methodology (TM) Level III,CORE,TVT232323,Lead and coordinate training and assessment evaluation
TVETRM424,Trainers Methodology (TM) Level IV,CORE,TVT232327,Manage professional development for TVET trainers
TVETRM424,Trainers Methodology (TM) Level IV,CORE,TVT232324,Institutionalize TVET systems in TVET institutions
TVETRM424,Trainers Methodology (TM) Level IV,CORE,TVT232325,Conduct research on TVET
TVETRM424,Trainers Methodology (TM) Level IV,CORE,TVT232326,Strengthen TVET institution-industry partnerships and linkages
TVEICT118,Trainers Methodology Level I (In-Company Trainer),BASIC,500232104,"Apply work ethics, values and quality principles"
TVEICT118,Trainers Methodology Level I (In-Company Trainer),BASIC,500232103,Utilize IT applications in technical training
TVEICT118,Trainers Methodology Level I (In-Company Trainer),BASIC,500232106,Foster and promote a learning culture
TVEICT118,Trainers Methodology Level I (In-Company Trainer),BASIC,500232107,Ensure healthy and safe learning environment
TVEICT118,Trainers Methodology Level I (In-Company Trainer),BASIC,500232108,Maintain and enhance professional practice
TVEICT118,Trainers Methodology Level I (In-Company Trainer),BASIC,500232109,Develop and promote appreciation for costs and benefits of technical training
TVEICT118,Trainers Methodology Level I (In-Company Trainer),BASIC,500232110,Develop and promote understanding of global labor markets
TVEICT118,Trainers Methodology Level I (In-Company Trainer),CORE,TVT232314,Perform job analysis
TVEICT118,Trainers Methodology Level I (In-Company Trainer),CORE,TVT232315,Prepare for training
TVEICT118,Trainers Methodology Level I (In-Company Trainer),CORE,TVT232316,Conduct training
TVEICT118,Trainers Methodology Level I (In-Company Trainer),BASIC,500311110,Lead small teams
TVEICT118,Trainers Methodology Level I (In-Company Trainer),BASIC,500232102,Apply environmental principles and advocate conservation
TVEICT118,Trainers Methodology Level I (In-Company Trainer),BASIC,500232101,Apply math and science principles in technical training
TVEICT118,Trainers Methodology Level I (In-Company Trainer),BASIC,500311109,Lead workplace communication
TVEICT118,Trainers Methodology Level I (In-Company Trainer),CORE,TVT232317,Conduct end-of-training assessment
TVEICT118,Trainers Methodology Level I (In-Company Trainer),BASIC,500232105,Work effectively in vocational education and training
TVETRM111,Trainers Methodology Level I (Trainer/Assessor),CORE,TVT232303,Supervise work-based learning
TVETRM111,Trainers Methodology Level I (Trainer/Assessor),CORE,TVT232304,Conduct competency assessment
TVETRM111,Trainers Methodology Level I (Trainer/Assessor),CORE,TVT232305,Maintain training facilities
TVETRM111,Trainers Methodology Level I (Trainer/Assessor),CORE,TVT232306,Utilize electronic media in facilitating training
TVETRM111,Trainers Methodology Level I (Trainer/Assessor),BASIC,500311109,Lead workplace communication
TVETRM111,Trainers Methodology Level I (Trainer/Assessor),BASIC,500232101,Apply math and science principles in technical training
TVETRM111,Trainers Methodology Level I (Trainer/Assessor),BASIC,500232102,Apply environmental principles and advocate conservation
TVETRM111,Trainers Methodology Level I (Trainer/Assessor),BASIC,500232103,Utilize IT applications in technical training
TVETRM111,Trainers Methodology Level I (Trainer/Assessor),BASIC,500311110,Lead small teams
TVETRM111,Trainers Methodology Level I (Trainer/Assessor),BASIC,500232104,"Apply work ethics, values and quality principles"
TVETRM111,Trainers Methodology Level I (Trainer/Assessor),BASIC,500232105,Work effectively in vocational education and training
TVETRM111,Trainers Methodology Level I (Trainer/Assessor),CORE,TVT232302,Facilitate learning sessions
TVETRM111,Trainers Methodology Level I (Trainer/Assessor),BASIC,500232106,Foster and promote a learning culture
TVETRM111,Trainers Methodology Level I (Trainer/Assessor),BASIC,500232107,Ensure healthy and safe learning environment
TVETRM111,Trainers Methodology Level I (Trainer/Assessor),BASIC,500232108,Maintain and enhance professional practice
TVETRM111,Trainers Methodology Level I (Trainer/Assessor),BASIC,500232109,Develop and promote appreciation for costs and benefits of technical training
TVETRM111,Trainers Methodology Level I (Trainer/Assessor),BASIC,500232110,Develop and promote understanding of global labor markets
TVETRM111,Trainers Methodology Level I (Trainer/Assessor),CORE,TVT232301,Plan training sessions
TVETRM211,Trainers Methodology Level II (Training Designer/Developer),CORE,TVT232309,Develop learning materials
TVETRM211,Trainers Methodology Level II (Training Designer/Developer),CORE,TVT232310,Develop competency assessment tools
TVETRM211,Trainers Methodology Level II (Training Designer/Developer),CORE,TVT232311,Design and develop maintenance system
TVETRM211,Trainers Methodology Level II (Training Designer/Developer),CORE,TVT232312,Develop learning materials for e-learning
TVETRM211,Trainers Methodology Level II (Training Designer/Developer),ELECTIVE,TVT232313,Facilitate development of competency standards
TVETRM211,Trainers Methodology Level II (Training Designer/Developer),CORE,TVT232308,Develop training curriculum
TVETRM211,Trainers Methodology Level II (Training Designer/Developer),CORE,TVT232307,Conduct training needs analysis
TVETRM211,Trainers Methodology Level II (Training Designer/Developer),BASIC,500232110,Develop and promote understanding of global labor markets
TVETRM211,Trainers Methodology Level II (Training Designer/Developer),BASIC,500232109,Develop and promote appreciation for costs and benefits of technical training
TVETRM211,Trainers Methodology Level II (Training Designer/Developer),BASIC,500232108,Maintain and enhance professional practice
TVETRM211,Trainers Methodology Level II (Training Designer/Developer),BASIC,500232107,Ensure healthy and safe learning environment
TVETRM211,Trainers Methodology Level II (Training Designer/Developer),BASIC,500232105,Work effectively in vocational education and training
TVETRM211,Trainers Methodology Level II (Training Designer/Developer),BASIC,500232104,"Apply work ethics, values and quality principles"
TVETRM211,Trainers Methodology Level II (Training Designer/Developer),BASIC,500311110,Lead small teams
TVETRM211,Trainers Methodology Level II (Training Designer/Developer),BASIC,500232103,Utilize IT applications in technical training
TVETRM211,Trainers Methodology Level II (Training Designer/Developer),BASIC,500232102,Apply environmental principles and advocate conservation
TVETRM211,Trainers Methodology Level II (Training Designer/Developer),BASIC,500232101,Apply math and science principles in technical training
TVETRM211,Trainers Methodology Level II (Training Designer/Developer),BASIC,500311109,Lead workplace communication
TVETRM211,Trainers Methodology Level II (Training Designer/Developer),BASIC,500232106,Foster and promote a learning culture
UTLTXL217,Transmission Line Installation and Maintenance NC II,COMMON,UTL311201,"Observe procedures, specifications and manuals of instruction"
UTLTXL217,Transmission Line Installation and Maintenance NC II,COMMON,UTL311203,Apply quality standards
UTLTXL217,Transmission Line Installation and Maintenance NC II,BASIC,500311108,Practice occupational health and safety procedures
UTLTXL217,Transmission Line Installation and Maintenance NC II,BASIC,500311107,Practice career professionalism
UTLTXL217,Transmission Line Installation and Maintenance NC II,BASIC,500311106,Work in team environment
UTLTXL217,Transmission Line Installation and Maintenance NC II,CORE,UTL741303,Perform overhead maintenance works
UTLTXL217,Transmission Line Installation and Maintenance NC II,CORE,UTL741302,Perform ground transmission line works
UTLTXL217,Transmission Line Installation and Maintenance NC II,CORE,UTL741301,"Inspect transmission line, poles, towers and appurtenances"
UTLTXL217,Transmission Line Installation and Maintenance NC II,COMMON,UTL311207,Perform computer operations
UTLTXL217,Transmission Line Installation and Maintenance NC II,BASIC,500311105,Participate in workplace communication
UTLTXL217,Transmission Line Installation and Maintenance NC II,COMMON,UTL311205,Operate and maintain line tools and equipment
UTLTXL217,Transmission Line Installation and Maintenance NC II,COMMON,UTL311206,Comply with environmental protection procedures
UTLTXL208,Transmission Line Installation and Maintenance NC II (Superseded),CORE,UTL724602,Install Emergency Restoration Structure (ERS)
UTLTXL208,Transmission Line Installation and Maintenance NC II (Superseded),CORE,UTL724601,Perform transmission line pole erection
UTLTXL208,Transmission Line Installation and Maintenance NC II (Superseded),CORE,UTL723216,Perform ground line maintenance work
UTLTXL208,Transmission Line Installation and Maintenance NC II (Superseded),CORE,UTL723215,Perform live-line maintenance work
UTLTXL208,Transmission Line Installation and Maintenance NC II (Superseded),CORE,UTL723214,Perform cold-line maintenance work
UTLTXL208,Transmission Line Installation and Maintenance NC II (Superseded),CORE,UTL723213,Perform construction of overhead transmission line
UTLTXL208,Transmission Line Installation and Maintenance NC II (Superseded),BASIC,500311105,Participate in workplace communication
UTLTXL208,Transmission Line Installation and Maintenance NC II (Superseded),BASIC,500311106,Work in team environment
UTLTXL208,Transmission Line Installation and Maintenance NC II (Superseded),BASIC,500311107,Practice career professionalism
UTLTXL208,Transmission Line Installation and Maintenance NC II (Superseded),BASIC,500311108,Practice occupational health and safety procedures
UTLTXL208,Transmission Line Installation and Maintenance NC II (Superseded),COMMON,UTL311203,Apply quality standards
UTLTXL208,Transmission Line Installation and Maintenance NC II (Superseded),COMMON,UTL311206,Comply with environmental protection procedures
UTLTXL208,Transmission Line Installation and Maintenance NC II (Superseded),COMMON,UTL311201,"Observe procedures, specifications and manuals of instruction"
UTLTXL208,Transmission Line Installation and Maintenance NC II (Superseded),COMMON,UTL311205,Operate and maintain line tools and equipment
UTLTXL317,Transmission Line Installation and Maintenance NC III,CORE,UTL741305,Perform overhead transmission line works
UTLTXL317,Transmission Line Installation and Maintenance NC III,BASIC,500311112,Solve problems related to work activities
UTLTXL317,Transmission Line Installation and Maintenance NC III,BASIC,500311111,Develop and practice negotiation skills
UTLTXL317,Transmission Line Installation and Maintenance NC III,BASIC,500311110,Lead small teams
UTLTXL317,Transmission Line Installation and Maintenance NC III,BASIC,500311113,Use mathematical concepts and techniques
UTLTXL317,Transmission Line Installation and Maintenance NC III,BASIC,500311114,Use relevant technologies
UTLTXL317,Transmission Line Installation and Maintenance NC III,COMMON,UTL311203,Apply quality standards
UTLTXL317,Transmission Line Installation and Maintenance NC III,COMMON,UTL311206,Comply with environmental protection procedures
UTLTXL317,Transmission Line Installation and Maintenance NC III,COMMON,UTL311205,Operate and maintain line tools and equipment
UTLTXL317,Transmission Line Installation and Maintenance NC III,COMMON,UTL311201,"Observe procedures, specifications and manuals of instruction"
UTLTXL317,Transmission Line Installation and Maintenance NC III,COMMON,UTL311207,Perform computer operations
UTLTXL317,Transmission Line Installation and Maintenance NC III,CORE,UTL741304,Install/ construct new transmission line structures
UTLTXL317,Transmission Line Installation and Maintenance NC III,CORE,UTL741307,Perform earth/ground resistance testing
UTLTXL317,Transmission Line Installation and Maintenance NC III,ELECTIVE,UTL741308,Perform hotline maintenance works
UTLTXL317,Transmission Line Installation and Maintenance NC III,BASIC,500311109,Lead workplace communication
UTLTXL317,Transmission Line Installation and Maintenance NC III,CORE,UTL741306,Install Emergency Restoration Structure (ERS)
UTLTXL308,Transmission Line Installation and Maintenance NC III (Superseded),COMMON,UTL311201,"Observe procedures, specifications and manuals of instruction"
UTLTXL308,Transmission Line Installation and Maintenance NC III (Superseded),COMMON,UTL311205,Operate and maintain line tools and equipment
UTLTXL308,Transmission Line Installation and Maintenance NC III (Superseded),COMMON,UTL311206,Comply with environmental protection procedures
UTLTXL308,Transmission Line Installation and Maintenance NC III (Superseded),COMMON,UTL311203,Apply quality standards
UTLTXL308,Transmission Line Installation and Maintenance NC III (Superseded),BASIC,500311114,Use relevant technologies
UTLTXL308,Transmission Line Installation and Maintenance NC III (Superseded),BASIC,500311113,Use mathematical concepts and techniques
UTLTXL308,Transmission Line Installation and Maintenance NC III (Superseded),BASIC,500311112,Solve problems related to work activities
UTLTXL308,Transmission Line Installation and Maintenance NC III (Superseded),BASIC,500311111,Develop and practice negotiation skills
UTLTXL308,Transmission Line Installation and Maintenance NC III (Superseded),BASIC,500311110,Lead small teams
UTLTXL308,Transmission Line Installation and Maintenance NC III (Superseded),CORE,UTL723217,Plan T/L maintenance job
UTLTXL308,Transmission Line Installation and Maintenance NC III (Superseded),BASIC,500311109,Lead workplace communication
UTLTXL308,Transmission Line Installation and Maintenance NC III (Superseded),CORE,UTL723218,ImplementT/L maintenance work
UTLTXL308,Transmission Line Installation and Maintenance NC III (Superseded),CORE,UTL723219,Inspect/assessT/Lcomponent’s condition
UTLTXL308,Transmission Line Installation and Maintenance NC III (Superseded),COMMON,UTL311202,Operate a personal computer
UTLTXL417,Transmission Line Installation and Maintenance NC IV,COMMON,UTL311205,Operate and maintain line tools and equipment
UTLTXL417,Transmission Line Installation and Maintenance NC IV,BASIC,500311115,Utilize specialized communication skills
UTLTXL417,Transmission Line Installation and Maintenance NC IV,BASIC,500311116,Develop teams and individuals
UTLTXL417,Transmission Line Installation and Maintenance NC IV,BASIC,500311117,Apply problem solving techniques in the workplace
UTLTXL417,Transmission Line Installation and Maintenance NC IV,BASIC,500311118,"Collect, analyze and organize information"
UTLTXL417,Transmission Line Installation and Maintenance NC IV,BASIC,500311119,Plan and organize work
UTLTXL417,Transmission Line Installation and Maintenance NC IV,BASIC,500311120,Promote environmental protection
UTLTXL417,Transmission Line Installation and Maintenance NC IV,COMMON,UTL311203,Apply quality standards
UTLTXL417,Transmission Line Installation and Maintenance NC IV,COMMON,UTL311206,Comply with environmental protection procedures
UTLTXL417,Transmission Line Installation and Maintenance NC IV,CORE,UTL741311,Conduct initial root cause analysis
UTLTXL417,Transmission Line Installation and Maintenance NC IV,CORE,UTL741310,Supervise transmission line maintenance work
UTLTXL417,Transmission Line Installation and Maintenance NC IV,CORE,UTL741309,Plan assigned maintenance work
UTLTXL417,Transmission Line Installation and Maintenance NC IV,COMMON,UTL311207,Perform computer operations
UTLTXL417,Transmission Line Installation and Maintenance NC IV,COMMON,UTL311201,"Observe procedures, specifications and manuals of instruction"
HVCTAC205,Transport RAC Servicing NC II (Superseded),CORE,HVC723318,Troubleshoot transport air-conditioning and refrigeration systems
HVCTAC205,Transport RAC Servicing NC II (Superseded),BASIC,500311105,Participate in workplace communication
HVCTAC205,Transport RAC Servicing NC II (Superseded),CORE,HVC723317,Service and maintain transport air-conditioning and refrigeration units
HVCTAC205,Transport RAC Servicing NC II (Superseded),CORE,HVC723316,Install transport air-conditioning and refrigeration units
HVCTAC205,Transport RAC Servicing NC II (Superseded),CORE,HVC723321,Perform testing and commissioning for transport air-conditioning and refrigeration
HVCTAC205,Transport RAC Servicing NC II (Superseded),BASIC,500311107,Practice career professionalism
HVCTAC205,Transport RAC Servicing NC II (Superseded),BASIC,500311108,Practice occupational health and safety procedures
HVCTAC205,Transport RAC Servicing NC II (Superseded),COMMON,HVC713201,Prepare materials and tools
HVCTAC205,Transport RAC Servicing NC II (Superseded),COMMON,HVC311201,"Observe procedures, specifications and manuals of instructions"
HVCTAC205,Transport RAC Servicing NC II (Superseded),COMMON,HVC311203,Perform mensuration and calculation
HVCTAC205,Transport RAC Servicing NC II (Superseded),COMMON,HVC713202,Perform basic benchworks
HVCTAC205,Transport RAC Servicing NC II (Superseded),COMMON,HVC724201,Perform basic electrical works
HVCTAC205,Transport RAC Servicing NC II (Superseded),COMMON,HVC311205,Maintain tools and equipment
HVCTAC205,Transport RAC Servicing NC II (Superseded),COMMON,HVC315201,Perform housekeeping and safety practices
HVCTAC205,Transport RAC Servicing NC II (Superseded),COMMON,HVC311205,Document work accomplished
HVCTAC205,Transport RAC Servicing NC II (Superseded),COMMON,HVC311205,Interpreting technical drawings
HVCTAC205,Transport RAC Servicing NC II (Superseded),CORE,HVC723319,Recover and recycle refrigerant in transport air-conditioning and refrigeration systems
HVCTAC205,Transport RAC Servicing NC II (Superseded),CORE,HVC723320,Repair and retrofit transport air-conditioning and refrigeration and its accessories
HVCTAC205,Transport RAC Servicing NC II (Superseded),BASIC,500311106,Work in team environment
TRSTVS219,Travel Services NC II,COMMON,TRS311205,Provide effective customer service
TRSTVS219,Travel Services NC II,COMMON,TRS311204,Perform workplace and safety practices
TRSTVS219,Travel Services NC II,COMMON,TRS311203,Perform computer operations
TRSTVS219,Travel Services NC II,CORE,TRS422302,Create travel-related reservations and transactions
TRSTVS219,Travel Services NC II,CORE,TRS422303,Provide assistance in travel documentation preparation
TRSTVS219,Travel Services NC II,CORE,TRS422304,Process the issuance of passage tickets and other travel related documents
TRSTVS219,Travel Services NC II,COMMON,TRS311202,Observe workplace hygiene procedures
TRSTVS219,Travel Services NC II,COMMON,TRS311201,Develop and update industry knowledge
TRSTVS219,Travel Services NC II,BASIC,400311218,Practice entrepreneurial skills in the workplace
TRSTVS219,Travel Services NC II,BASIC,400311217,Exercise efficient and effective sustainable practices in the workplace
TRSTVS219,Travel Services NC II,BASIC,400311216,Practice occupational safety and health policies and procedures
TRSTVS219,Travel Services NC II,BASIC,400311215,Present relevant information
TRSTVS219,Travel Services NC II,BASIC,400311214,Contribute to workplace innovation
TRSTVS219,Travel Services NC II,BASIC,400311213,Develop career and life decisions
TRSTVS219,Travel Services NC II,BASIC,400311212,Solve/address general workplace problems
TRSTVS219,Travel Services NC II,BASIC,400311211,Work in team environment
TRSTVS219,Travel Services NC II,BASIC,400311210,Participate in workplace communication
TRSTVS219,Travel Services NC II,CORE,TRS422301,"Capture, record and respond to travel service requirements and requests"
TRSTVS205,Travel Services NC II (Superseded),CORE,TRS511313,Administer billing and settlement plan
TRSTVS213,Travel Services NC II (Superseded),COMMON,TRS311201,Develop and update industry knowledge
TRSTVS205,Travel Services NC II (Superseded),CORE,TRS511312,Book travel-related reservation
TRSTVS213,Travel Services NC II (Superseded),CORE,TRS5113120,Provide assistance in travel documentation preparation
TRSTVS213,Travel Services NC II (Superseded),CORE,TRS5113119,Create travel-related reservations and transactions
TRSTVS213,Travel Services NC II (Superseded),BASIC,500311107,Practice career professionalism
TRSTVS213,Travel Services NC II (Superseded),BASIC,500311108,Practice occupational health and safety procedures
TRSTVS205,Travel Services NC II (Superseded),BASIC,500311105,Participate in workplace communication
TRSTVS205,Travel Services NC II (Superseded),BASIC,500311106,Work in team environment
TRSTVS205,Travel Services NC II (Superseded),BASIC,500311107,Practice career professionalism
TRSTVS205,Travel Services NC II (Superseded),BASIC,500311108,Practice occupational health and safety procedures
TRSTVS205,Travel Services NC II (Superseded),CORE,TRS511314,Issue air sea land tickets and multi purpose documents
TRSTVS213,Travel Services NC II (Superseded),CORE,TRS5113121,Issue International Air Transport Association (IATA)-Billing Settlement Plan (BSP) documents and other passage documents
TRSTVS205,Travel Services NC II (Superseded),COMMON,TRS311205,Provide effective customer service
TRSTVS205,Travel Services NC II (Superseded),COMMON,TRS311204,Perform workplace and safety practices
TRSTVS205,Travel Services NC II (Superseded),COMMON,TRS311203,Perform computer operations
TRSTVS205,Travel Services NC II (Superseded),COMMON,TRS311202,Observe workplace hygiene procedures
TRSTVS205,Travel Services NC II (Superseded),COMMON,TRS311201,Develop and update industry knowledge
TRSTVS213,Travel Services NC II (Superseded),COMMON,TRS311205,Provide effective customer service
TRSTVS213,Travel Services NC II (Superseded),COMMON,TRS311204,Perform workplace and safety practices
TRSTVS213,Travel Services NC II (Superseded),COMMON,TRS311203,Perform computer operations
TRSTVS213,Travel Services NC II (Superseded),COMMON,TRS311202,Observe workplace hygiene procedures
TRSTVS213,Travel Services NC II (Superseded),BASIC,500311106,Work in team environment
TRSTVS213,Travel Services NC II (Superseded),BASIC,500311105,Participate in workplace communication
ICTVGD318,Visual Graphic Design NC III,CORE,ICT216318,Design booth and product/ window display
ICTVGD318,Visual Graphic Design NC III,BASIC,500311111,Develop and practice negotiation skills
ICTVGD318,Visual Graphic Design NC III,BASIC,500311113,Use mathematical concepts and techniques
ICTVGD318,Visual Graphic Design NC III,BASIC,500311114,Use relevant technologies
ICTVGD318,Visual Graphic Design NC III,BASIC,500311142,Apply critical thinking and problem solving techniques in the workplace
ICTVGD318,Visual Graphic Design NC III,BASIC,500311144,Use information creatively and critically
ICTVGD318,Visual Graphic Design NC III,BASIC,500311145,Work in a diverse environment
ICTVGD318,Visual Graphic Design NC III,COMMON,ICT315202,Apply quality standards
ICTVGD318,Visual Graphic Design NC III,COMMON,ICT311203,Perform computer operations
ICTVGD318,Visual Graphic Design NC III,CORE,ICT216313,Develop designs for a logo
ICTVGD318,Visual Graphic Design NC III,CORE,ICT216314,Develop designs for print media
ICTVGD318,Visual Graphic Design NC III,CORE,ICT216315,Develop designs for user experience
ICTVGD318,Visual Graphic Design NC III,CORE,ICT216316,Develop designs for user interface
ICTVGD318,Visual Graphic Design NC III,CORE,ICT216317,Develop designs for product packaging
ICTVGD318,Visual Graphic Design NC III,BASIC,500311112,Solve problems related to work activities
ICTVGD318,Visual Graphic Design NC III,BASIC,500311110,Lead small teams
ICTVGD318,Visual Graphic Design NC III,BASIC,500311109,Lead workplace communication
ICTVGD307,Visual Graphic Design NC III (Superseded),CORE,ICT213302,Create vector graphics using a graphics application
ICTVGD307,Visual Graphic Design NC III (Superseded),BASIC,500311113,Use mathematical concepts and techniques
ICTVGD307,Visual Graphic Design NC III (Superseded),BASIC,500311114,Use relevant technologies
ICTVGD307,Visual Graphic Design NC III (Superseded),COMMON,ICT315202,Apply quality standards
ICTVGD307,Visual Graphic Design NC III (Superseded),COMMON,ICT311203,Perform computer operations
ICTVGD307,Visual Graphic Design NC III (Superseded),BASIC,500311109,Lead workplace communication
ICTVGD307,Visual Graphic Design NC III (Superseded),BASIC,500311110,Lead small teams
ICTVGD307,Visual Graphic Design NC III (Superseded),CORE,ICT213301,Develop design studies
ICTVGD307,Visual Graphic Design NC III (Superseded),BASIC,500311111,Develop and practice negotiation skills
ICTVGD307,Visual Graphic Design NC III (Superseded),CORE,ICT213303,Create raster graphics using a graphics application
ICTVGD307,Visual Graphic Design NC III (Superseded),CORE,ICT213304,Develop designs for print media
ICTVGD307,Visual Graphic Design NC III (Superseded),CORE,ICT213305,Develop designs for electronic media
ICTVGD307,Visual Graphic Design NC III (Superseded),CORE,ICT213306,Develop designs for product packaging
ICTVGD307,Visual Graphic Design NC III (Superseded),CORE,ICT213307,Design booth and product/window display
ICTVGD307,Visual Graphic Design NC III (Superseded),BASIC,500311112,Solve problems related to work activities
LOGWHS215,Warehousing Services NC II,BASIC,500311105,Participate in workplace communication
LOGWHS215,Warehousing Services NC II,BASIC,500311106,Work in team environment
LOGWHS215,Warehousing Services NC II,BASIC,500311108,Practice occupational health and safety procedures
LOGWHS215,Warehousing Services NC II,COMMON,LOG432201,Apply knowledge in warehouse operations
LOGWHS215,Warehousing Services NC II,COMMON,LOG432202,Perform industry calculation in warehousing operations
LOGWHS215,Warehousing Services NC II,COMMON,TRS311204,Perform workplace and safety practices
LOGWHS215,Warehousing Services NC II,COMMON,LOG432203,Provide effective customer service
LOGWHS215,Warehousing Services NC II,COMMON,LOG432204,Contribute to quality system
LOGWHS215,Warehousing Services NC II,COMMON,LOG432205,Follow specifications and manuals of instructions when storing products
LOGWHS215,Warehousing Services NC II,COMMON,LOG432206,Maintain and use hand tools
LOGWHS215,Warehousing Services NC II,COMMON,TRS311203,Perform computer operations
LOGWHS215,Warehousing Services NC II,CORE,LOG432301,Receive stocks/goods
LOGWHS215,Warehousing Services NC II,CORE,LOG432302,Store stocks/goods
LOGWHS215,Warehousing Services NC II,CORE,LOG432303,Pick stocks/goods
LOGWHS215,Warehousing Services NC II,CORE,LOG432304,Issue/dispatch stocks/goods
LOGWHS215,Warehousing Services NC II,CORE,LOG432305,Pack stocks/goods
LOGWHS215,Warehousing Services NC II,CORE,LOG432306,Operate and maintain manual material handling equipment
LOGWHS215,Warehousing Services NC II,BASIC,500311107,Practice career professionalism
LOGWHS319,Warehousing Services NC III,BASIC,400311323,Propose methods of applying learning and innovation in the organization
LOGWHS319,Warehousing Services NC III,BASIC,400311325,Evaluate occupational safety and health work practices
LOGWHS319,Warehousing Services NC III,BASIC,400311324,Use information systematically
LOGWHS319,Warehousing Services NC III,BASIC,400311326,Evaluate environmental work practices
LOGWHS319,Warehousing Services NC III,BASIC,400311322,Work in a diverse environment
LOGWHS319,Warehousing Services NC III,BASIC,400311327,Facilitate entrepreneurial skills for micro-small-medium enterprises (MSMEs)
LOGWHS319,Warehousing Services NC III,BASIC,400311320,Lead small teams
LOGWHS319,Warehousing Services NC III,BASIC,400311319,Lead in workplace communication
LOGWHS319,Warehousing Services NC III,COMMON,LOG493201,Apply workplace procedures in warehousing operations
LOGWHS319,Warehousing Services NC III,COMMON,LOG493202,Perform industry calculations in warehousing operations
LOGWHS319,Warehousing Services NC III,COMMON,LOG493203,Ensure security of stocks and cargo
LOGWHS319,Warehousing Services NC III,COMMON,LOG493204,Provide efficient customer service
LOGWHS319,Warehousing Services NC III,COMMON,LOG493205,Contribute to quality systems
LOGWHS319,Warehousing Services NC III,COMMON,LOG493206,Comply with workplace procedures in handling stocks
LOGWHS319,Warehousing Services NC III,COMMON,LOG493207,Maintain warehouse records
LOGWHS319,Warehousing Services NC III,CORE,LOG432307,Complete receipt/dispatch documentation
LOGWHS319,Warehousing Services NC III,CORE,LOG432308,Identify and inspect stored stocks
LOGWHS319,Warehousing Services NC III,CORE,LOG432309,Maintain transport/stock records
LOGWHS319,Warehousing Services NC III,CORE,LOG432310,Participate in stock inventory count
LOGWHS319,Warehousing Services NC III,CORE,LOG432311,Render excellent customer service
LOGWHS319,Warehousing Services NC III,BASIC,400311321,Apply critical thinking and problem solving techniques in the workplace
LOGWHS419,Warehousing Services NC IV,BASIC,500311409,Sustain entrepreneurial skills
LOGWHS419,Warehousing Services NC IV,COMMON,LOG493204,Provide efficient customer service
LOGWHS419,Warehousing Services NC IV,BASIC,500311403,Perform higher-order thinking processes and apply techniques in the workplace
LOGWHS419,Warehousing Services NC IV,BASIC,500311404,Contribute to the practice of social justice in the workplace
LOGWHS419,Warehousing Services NC IV,BASIC,500311405,Manage innovative work instructions
LOGWHS419,Warehousing Services NC IV,BASIC,500311406,Manage and evaluate usage of information
LOGWHS419,Warehousing Services NC IV,BASIC,500311408,"Lead towards improvement of environmental work programs, policies and procedures"
LOGWHS419,Warehousing Services NC IV,BASIC,500311401,Utilize specialized communication skill
LOGWHS419,Warehousing Services NC IV,COMMON,LOG493201,Apply workplace procedures in warehousing operations
LOGWHS419,Warehousing Services NC IV,COMMON,LOG493202,Perform industry calculations in warehousing operations
LOGWHS419,Warehousing Services NC IV,COMMON,LOG493203,Ensure security of stocks and cargo
LOGWHS419,Warehousing Services NC IV,BASIC,500311407,"Lead in improvement of occupational safety and health (OSH) programs, policies and procedures"
LOGWHS419,Warehousing Services NC IV,COMMON,LOG493207,Maintain warehouse records
LOGWHS419,Warehousing Services NC IV,CORE,LOG333312,Supervise a warehouse team or workgroup
LOGWHS419,Warehousing Services NC IV,CORE,LOG333313,Oversee warehouse facilities and equipment
LOGWHS419,Warehousing Services NC IV,CORE,LOG333314,Supervise warehouse operations
LOGWHS419,Warehousing Services NC IV,CORE,LOG333315,Implement process improvement system
LOGWHS419,Warehousing Services NC IV,COMMON,LOG493206,Comply with workplace procedures in handling stocks
LOGWHS419,Warehousing Services NC IV,BASIC,500311402,Develop and lead teams
LOGWHS419,Warehousing Services NC IV,COMMON,LOG493205,Contribute to quality systems
ICTWBD324,Web Design NC III,BASIC,400311322,Work in a diverse environment
ICTWBD324,Web Design NC III,BASIC,400311323,Propose methods of applying learning and innovation in the organization
ICTWBD324,Web Design NC III,BASIC,400311324,Use information systematically
ICTWBD324,Web Design NC III,BASIC,400311325,Evaluate occupational safety and health work practices
ICTWBD324,Web Design NC III,BASIC,400311326,Evaluate environmental work practices
ICTWBD324,Web Design NC III,BASIC,400311327,Facilitate entrepreneurial skills for micro-small-medium enterprises (MSMEs)
ICTWBD324,Web Design NC III,COMMON,ICT315202,Apply quality standards
ICTWBD324,Web Design NC III,COMMON,ICT311203,Perform computer operations
ICTWBD324,Web Design NC III,CORE,ICT251305,Utilize software methodologies for web design
ICTWBD324,Web Design NC III,CORE,ICT216320,Develop designs for user experience for web
ICTWBD324,Web Design NC III,CORE,ICT216321,Develop designs for user interface for web
ICTWBD324,Web Design NC III,CORE,ICT251306,Develop responsive web design
ICTWBD324,Web Design NC III,BASIC,400311321,Apply critical thinking and problem solving techniques in the workplace
ICTWBD324,Web Design NC III,BASIC,400311319,Lead workplace communication
ICTWBD324,Web Design NC III,BASIC,400311320,Lead small teams
ICTWDB324,Web Development (Back-End) NC III,CORE,ICT251311,Develop website backend systems
ICTWDB324,Web Development (Back-End) NC III,CORE,ICT251309,Utilize software methodologies for back-end systems
ICTWDB324,Web Development (Back-End) NC III,CORE,ICT251310,Utilize server software applications
ICTWDB324,Web Development (Back-End) NC III,COMMON,ICT311203,Perform Computer Operations
ICTWDB324,Web Development (Back-End) NC III,COMMON,ICT315202,Apply quality standards
ICTWDB324,Web Development (Back-End) NC III,BASIC,400311327,Facilitate entrepreneurial skills for micro-small-medium enterprises (MSMEs)
ICTWDB324,Web Development (Back-End) NC III,BASIC,400311326,Evaluate environmental work practices
ICTWDB324,Web Development (Back-End) NC III,BASIC,400311325,Evaluate occupational safety and health work practices
ICTWDB324,Web Development (Back-End) NC III,BASIC,400311324,Use information systematically
ICTWDB324,Web Development (Back-End) NC III,BASIC,400311323,Propose methods of applying learning and innovation in the organization
ICTWDB324,Web Development (Back-End) NC III,BASIC,400311322,Work in a diverse environment
ICTWDB324,Web Development (Back-End) NC III,BASIC,400311321,Apply critical thinking and problem solving techniques in the workplace
ICTWDB324,Web Development (Back-End) NC III,BASIC,400311320,Lead small teams
ICTWDB324,Web Development (Back-End) NC III,BASIC,400311319,Lead workplace communication
ICTWDF324,Web Development (Front-End) NC III,BASIC,400311325,Evaluate occupational safety and health work practices
ICTWDF324,Web Development (Front-End) NC III,BASIC,400311319,Lead workplace communication
ICTWDF324,Web Development (Front-End) NC III,BASIC,400311324,Use information systematically
ICTWDF324,Web Development (Front-End) NC III,BASIC,400311326,Evaluate environmental work practices
ICTWDF324,Web Development (Front-End) NC III,CORE,ICT251308,Develop Website Front-End
ICTWDF324,Web Development (Front-End) NC III,CORE,ICT251307,Utilize Software Methodologies for Front-End Web Development
ICTWDF324,Web Development (Front-End) NC III,COMMON,ICT311203,Perform Computer Operations
ICTWDF324,Web Development (Front-End) NC III,COMMON,ICT315202,Apply quality standards
ICTWDF324,Web Development (Front-End) NC III,BASIC,400311327,Facilitate entrepreneurial skills for micro-small-medium enterprises (MSMEs)
ICTWDF324,Web Development (Front-End) NC III,BASIC,400311323,Propose methods of applying learning and innovation in the organization
ICTWDF324,Web Development (Front-End) NC III,BASIC,400311322,Work in a diverse environment
ICTWDF324,Web Development (Front-End) NC III,BASIC,400311321,Apply critical thinking and problem solving techniques in the workplace
ICTWDF324,Web Development (Front-End) NC III,BASIC,400311320,Lead small teams
ICTWBD318,Web Development NC III (Superseded),CORE,ICT251304,Develop website backend systems
ICTWBD318,Web Development NC III (Superseded),BASIC,500311142,Apply critical thinking and problem solving techniques in the workplace
ICTWBD318,Web Development NC III (Superseded),CORE,ICT251302,Develop responsive web design
ICTWBD318,Web Development NC III (Superseded),CORE,ICT251303,Create interactive websites
ICTWBD318,Web Development NC III (Superseded),BASIC,500311109,Lead workplace communication
ICTWBD318,Web Development NC III (Superseded),BASIC,500311110,Lead small teams
ICTWBD318,Web Development NC III (Superseded),BASIC,500311111,Develop and practice negotiation skills
ICTWBD318,Web Development NC III (Superseded),BASIC,500311112,Solve problems related to work activities
ICTWBD318,Web Development NC III (Superseded),BASIC,500311113,Use mathematical concepts and techniques
ICTWBD318,Web Development NC III (Superseded),BASIC,500311114,Use relevant technologies
ICTWBD318,Web Development NC III (Superseded),CORE,ICT251301,Utilize software methodologies
ICTWBD318,Web Development NC III (Superseded),COMMON,ICT311203,Perform computer operations
ICTWBD318,Web Development NC III (Superseded),COMMON,ICT315202,Apply quality standards
ICTWBD318,Web Development NC III (Superseded),BASIC,500311145,Work in a diverse environment
ICTWBD318,Web Development NC III (Superseded),BASIC,500311144,Use information creatively and critically
CREWOC224,Wood Carving NC II,BASIC,400311212,Solve/address general workplace problems
CREWOC224,Wood Carving NC II,BASIC,400311210,Participate in workplace communication
CREWOC224,Wood Carving NC II,BASIC,400311211,Work in team environment
CREWOC224,Wood Carving NC II,CORE,CRE731318,Promote and market wood carved products
CREWOC224,Wood Carving NC II,BASIC,400311213,Develop career and life decisions
CREWOC224,Wood Carving NC II,BASIC,400311214,Contribute to workplace innovation
CREWOC224,Wood Carving NC II,COMMON,CRE731201,Enhance industry knowledge and skills
CREWOC224,Wood Carving NC II,COMMON,CRE731202,Enhance creative and artistic skills and cultural awareness
CREWOC224,Wood Carving NC II,COMMON,CRE731205,Manage own performance
CREWOC224,Wood Carving NC II,COMMON,CRE731206,"Maintain a safe, clean and efficient work environment"
CREWOC224,Wood Carving NC II,COMMON,CRE731207,Provide and maintain effective customer service
CREWOC224,Wood Carving NC II,CORE,CRE731317,Produce wood carved products
CREWOC224,Wood Carving NC II,CORE,CRE731316,"Prepare materials, tools and equipment for wood carving products"
CREWOC224,Wood Carving NC II,COMMON,CRE731210,Perform mensuration and calculation
CREWOC224,Wood Carving NC II,COMMON,CRE731209,"Work with tools, materials, and equipment"
CREWOC224,Wood Carving NC II,COMMON,CRE731208,Develop artistic skills and cultural awareness of one-self
CREWOC224,Wood Carving NC II,BASIC,400311218,Practice entrepreneurial skills in the workplace
CREWOC224,Wood Carving NC II,BASIC,400311215,Present relevant information
CREWOC224,Wood Carving NC II,BASIC,400311216,Practice occupational safety and health policies and procedures
CREWOC224,Wood Carving NC II,BASIC,400311217,Exercise efficient and effective sustainable practices in the workplace