Job Title,Job Sector,Job Subsector,Educational Pathway,HEI with PRC (Professional Regulation Commission) Exam,Some HEI,SOC,AIOE,Complementarity
2D Echocardiography Technician,Human Health and Social Work Activities,Medical and dental practice activities,Higher Education,No,Yes,29-2035 ,-0.1207078752623671,0.0
2D Game Artist,"Arts, Entertainment and Recreation","Creative, arts and entertainment activities",Not Higher Education,No,No,27-1024,0.733024170282144,0.0
3D Game Artist,"Arts, Entertainment and Recreation","Creative, arts and entertainment activities",Not Higher Education,No,No,27-1024,0.733024170282144,0.0
3D Modeller,"Arts, Entertainment and Recreation","Creative, arts and entertainment activities",Not Higher Education,No,No,27-1024,0.733024170282144,0.0
3D Printing Designer,Manufacturing,Manufacture of other fabricated metal products; metal working service activities,Higher Education,No,No,27-1024,0.733024170282144,0.0
4-Wheel Tractor Mechanic,"Agriculture, Forestry, and Fishing",Support activities to agriculture and post-harvest crop activities,Not Higher Education,No,No,49-9081,-1.049182638556866,0.0
Abaca Fiber Stripper And Classifier,"Agriculture, Forestry, and Fishing",Support activities to agriculture and post-harvest crop activities,Not Higher Education,No,No,51-6041,-0.8841484845166345,0.0
Abaca Grower,"Agriculture, Forestry, and Fishing",Growing of perennial crops,Not Higher Education,No,No,45-2092,-2.0896117392961986,0.0
Academic Researcher,"Professional, Scientific and Technical Activities",Research and experimental development on social sciences and humanities,Higher Education,No,No,19-1099,1.1962758695210862,0.0
Accounting Clerk (Healthcare),Human Health and Social Work Activities,Hospital activities,Higher Education,No,Yes,43-3031,1.0204933974998105,0.0
Accounting Professional (Manufacturing),Manufacturing,"Other manufacturing, n.e.c.",Higher Education,Yes,No,13-2082,1.3620743346972182,0.0
Accounting Staff (Construction),Construction,Construction of buildings,Higher Education,No,No,43-3031,1.0204933974998105,0.0
Actuarial Assistant,Financial and Insurance Activities,Activities auxiliary to insurance and pension funding,Higher Education,No,No,43-9111,1.2970972393926237,0.0
Actuarial Assistant (Healthcare),Human Health and Social Work Activities,Hospital activities,Higher Education,No,No,19-3022,1.4774993998129229,0.0
Admin Assistant (Construction),Construction,Construction of buildings,Higher Education,No,Yes,43-9061 ,0.9698125993622836,0.0
Admin Staff (Healthcare),Human Health and Social Work Activities,Hospital activities,Higher Education,No,Yes,43-6011,1.0600457450196432,0.0
Administrative Assistant,Administrative and Support Service Activities,Office administrative and support activities,Higher Education,No,Yes,43-6011,1.0600457450196432,0.0
Advertising Clerk (Tourism),"Professional, Scientific and Technical Activities",Advertising,Higher Education,No,Yes,43-9199 ,1.0117367283079466,0.0
Aesthetician,Other Service Activities,"Personal services for wellness, except sports activities",Not Higher Education,No,No,39-5094,-0.1802445932619149,0.0
Agribusiness Assistant,"Agriculture, Forestry, and Fishing",Support activities to agriculture and post-harvest crop activities,Higher Education,No,Yes,35-9011 ,-1.826941747515469,0.0
Agricultural Data Assistant,"Agriculture, Forestry, and Fishing",Support activities to agriculture and post-harvest crop activities,Higher Education,No,Yes,15-1151 ,1.2355878663736692,0.0
Agricultural Engineer,"Agriculture, Forestry, and Fishing",Support activities to agriculture and post-harvest crop activities,Higher Education,Yes,No,17-2141 ,1.167377784026609,0.0
Agricultural Extension Officer,"Agriculture, Forestry, and Fishing",Support activities to agriculture and post-harvest crop activities,Higher Education,Yes,No,19-4071,-0.6777790981433184,0.0
Agricultural Lab Technician,"Professional, Scientific and Technical Activities",Research and experimental development on natural sciences and engineering,Higher Education,Yes,No,19-4011,1.1962758695210862,0.0
Agricultural Laboratory Assistant,"Agriculture, Forestry, and Fishing",Support activities to agriculture and post-harvest crop activities,Higher Education,No,Yes,45-2011 ,0.1555959054689412,0.0
Agricultural Machinery Operator,"Agriculture, Forestry, and Fishing",Support activities to agriculture and post-harvest crop activities,Not Higher Education,No,No,45-4022,-1.012423592144586,0.0
Agricultural RPA Pilot,"Agriculture, Forestry, and Fishing",Support activities to agriculture and post-harvest crop activities,Not Higher Education,No,No,53-2012,-0.2057925090763235,0.0
Agricultural Specialist,"Agriculture, Forestry, and Fishing",Support activities to agriculture and post-harvest crop activities,Higher Education,Yes,No,25-9021,0.8006554663832743,0.0
Agriculture Clerk,"Agriculture, Forestry, and Fishing",Support activities to agriculture and post-harvest crop activities,Higher Education,No,Yes,43-9061 ,0.9698125993622836,0.0
Agriculture Program Assistant,"Agriculture, Forestry, and Fishing",Support activities to agriculture and post-harvest crop activities,Higher Education,No,Yes,43-6011,1.0600457450196432,0.0
Agronomy Technicians,"Agriculture, Forestry, and Fishing","Growing of non-perennial crops, Growing of perennial crops, Plant propagation",Higher Education,Yes,No,19-4011,1.1962758695210862,0.0
AI Engineer,Information and Communication,"Computer programming, consultancy and related activities",Higher Education,No,No,15-1133,1.2355878663736692,0.0
AI Prompter,Information and Communication,Other information service activities,Not Higher Education,No,No,15-1299,1.2355878663736692,0.0
Air Traffic Radio Communications Officer,Transportation and Storage,"Passenger air transport, Freight air transport",Higher Education,No,No,53-2021,1.1328593104970563,0.0
Aircraft Cleaning Specialist,Transportation and Storage,Support activities for transportation,Not Higher Education,No,No,53-2012,-0.2057925090763235,0.0
Airline Ground Staff,Transportation and Storage,"Passenger air transport, Freight air transport",Higher Education,No,No,53-6061,-0.3872555286506614,0.0
Airport Equipment Operator,Transportation and Storage,Support activities for transportation,Not Higher Education,No,No,27-4099 ,0.733024170282144,0.0
Alimak Operators,Construction,Other specialized construction activities,Not Higher Education,No,No,53-7051 ,-1.298820999584999,0.0
Ambulance Care Assistant,Human Health and Social Work Activities,Other human health activities,Not Higher Education,No,No,29-2041 ,0.2380110444547259,0.0
Ambulance Driver,Human Health and Social Work Activities,Hospital activities,Not Higher Education,No,No,53-3011,-0.8395236274276211,0.0
Analog / Digital Chip Analyst,Manufacturing,Manufacture of electronic components,Higher Education,No,No,17-2072 ,0.6853776260103156,0.0
Anatomy and Physiology Instructor,Education,Higher education,Higher Education,No,No,25-1199,0.8006554663832743,0.0
Animal Caretaker,"Agriculture, Forestry, and Fishing",Animal production,Not Higher Education,No,No,39-2021 ,-0.8984382197853837,0.0
Animal Health Technician,"Agriculture, Forestry, and Fishing",Animal production,Higher Education,No,Yes,31-9096,-0.8265822627679962,0.0
Animal Production Assistant,"Agriculture, Forestry, and Fishing",Animal production,Higher Education,Yes,No,31-9096,-0.8265822627679962,0.0
Apparel Display Technician,Manufacturing,"Manufacture of wearing apparel, except fur apparel",Higher Education,No,Yes,27-1027,0.4050940821041838,0.0
Apparel Pattern Designer,Manufacturing,"Manufacture of wearing apparel, except fur apparel",Higher Education,No,No,51-9031,-0.957004770554684,0.0
Apparel Quality Technician,Manufacturing,"Manufacture of wearing apparel, except fur apparel",Higher Education,No,Yes,53-6041,0.3835605034568007,0.0
Application Developer,Information and Communication,"Computer programming, consultancy and related activities",Not Higher Education,No,No,15-1133,1.2355878663736692,0.0
Aquaculture Business Assistant,"Agriculture, Forestry, and Fishing",Support activities to agriculture and post-harvest crop activities,Higher Education,Yes,No,11-9013,-0.1419355041150885,0.0
Aquaculture Teacher,Education,Other education services,Higher Education,Yes,No,19-4011,1.1962758695210862,0.0
Aquaculture Technician,"Agriculture, Forestry, and Fishing",Aquaculture,Higher Education,No,Yes,19-4011,1.1962758695210862,0.0
Aquaculture Worker,"Agriculture, Forestry, and Fishing",Aquaculture,Not Higher Education,No,No,19-4011,1.1962758695210862,0.0
Aquatic Ecology Technician,"Professional, Scientific and Technical Activities",Research and experimental development on natural sciences and engineering,Higher Education,No,Yes,19-1099,1.1962758695210862,0.0
Architectural Drafter,"Professional, Scientific and Technical Activities",Architectural and engineering activities and related technical consultancy,Higher Education,Yes,No,27-1013 ,-0.5800703514608596,0.0
Archivist,"Arts, Entertainment and Recreation","Libraries, archives, museums and other cultural activities",Higher Education,Yes,No,25-4012,0.7188278381031682,0.0
Art Gallery Associate,"Arts, Entertainment and Recreation","Creative, arts and entertainment activities",Higher Education,No,Yes,27-1012 ,-0.8672596469857901,0.0
Art Gallery Technician,"Arts, Entertainment and Recreation","Creative, arts and entertainment activities",Higher Education,No,Yes,27-1027,0.4050940821041838,0.0
Articulated Truck Driver,Transportation and Storage,Other land transport,Not Higher Education,No,No,53-3032,-1.100644052209415,0.0
Artificial Insemination Technician,"Agriculture, Forestry, and Fishing",Animal production,Not Higher Education,No,No,31-9096,-0.8265822627679962,0.0
Artisanal Weaver,Manufacturing,"Spinning, weaving and finishing of textiles",Not Higher Education,No,No,51-7099,-0.8341351787751918,0.0
ASEAN Affairs Specialist,"Professional, Scientific and Technical Activities",Research and experimental development on social sciences and humanities,Higher Education,No,No,13-1111,1.369842507381068,0.0
Associate Data Engineer,Information and Communication,"Data processing, hosting and related activities; web portals",Higher Education,No,No,15-1242,1.3407881770776937,0.0
Astronomical Data Technician,"Professional, Scientific and Technical Activities",Research and experimental development on natural sciences and engineering,Higher Education,No,Yes,19-2012,1.3394233838362617,0.0
Audio Post Specialist,Information and Communication,"Motion picture, video and television programme activities",Not Higher Education,No,No,27-4032 ,0.9134893505999866,0.0
Audio Stagehand,"Arts, Entertainment and Recreation","Creative, arts and entertainment activities",Not Higher Education,No,No,27-4032 ,0.9134893505999866,0.0
Auto-Electrical Diagnosis Technician,Manufacturing,Manufacture of parts and accessories for motor vehicles,Not Higher Education,No,No,17-3029,-0.0372319794758209,0.0
Automation Control Technician,Manufacturing,Manufacture of general purpose machinery,Higher Education,No,Yes,17-3029,-0.0372319794758209,0.0
Automotive Body Painting Specialist,Manufacturing,Manufacture of bodies (coachwork) for motor vehicles; manufacture of trailers and semi-trailers,Not Higher Education,No,No,51-9124,-1.179000608234312,0.0
Automotive Body Specialist,Manufacturing,Manufacture of bodies (coachwork) for motor vehicles; manufacture of trailers and semi-trailers,Not Higher Education,No,No,49-3093,-1.5566147016651897,0.0
Automotive Chassis Mechanic,Manufacturing,Manufacture of parts and accessories for motor vehicles,Not Higher Education,No,No,49-3093,-1.5566147016651897,0.0
Automotive Electrical Assembly Technician,Manufacturing,Manufacture of parts and accessories for motor vehicles,Not Higher Education,No,No,17-3024,-0.2923061417176008,0.0
Automotive Engine Specialist,Manufacturing,Manufacture of parts and accessories for motor vehicles,Not Higher Education,No,No,17-2141 ,1.167377784026609,0.0
Automotive Maintenance Staff,Manufacturing,Manufacture of parts and accessories for motor vehicles,Not Higher Education,No,No,49-3093,-1.5566147016651897,0.0
Automotive Mechanic Specialized In EV Power,Manufacturing,Manufacture of batteries and accumulators,Not Higher Education,No,No,49-3023,-0.876835317455249,0.0
Automotive Mechanical Assembly Technician,Manufacturing,Manufacture of parts and accessories for motor vehicles,Not Higher Education,No,No,51-2031,-0.9651301558449767,0.0
Automotive Painter (Transportation and Storage),Transportation and Storage,Support activities for transportation,Not Higher Education,No,No,51-9124,-1.179000608234312,0.0
Automotive Painting Machine Operator,Manufacturing,Manufacture of bodies (coachwork) for motor vehicles; manufacture of trailers and semi-trailers,Not Higher Education,No,No,51-9192 ,-1.1499103660102423,0.0
Automotive Service Specialist (Chassis),Manufacturing,Manufacture of parts and accessories for motor vehicles,Not Higher Education,No,No,49-3093,-1.5566147016651897,0.0
Automotive Wiring Harness Assembler,Manufacturing,Manufacture of wiring and wiring devices,Not Higher Education,No,No,51-2031,-0.9651301558449767,0.0
Back End Game Developer,Information and Communication,"Computer programming, consultancy and related activities",Higher Education,No,No,15-1133,1.2355878663736692,0.0
Backend Developer,Information and Communication,"Computer programming, consultancy and related activities",Not Higher Education,No,No,15-1134 ,1.2355878663736692,0.0
Backhoe Loader Operator,Construction,Demolition and site preparation,Not Higher Education,No,No,47-5022,-1.15238606969144,0.0
Backstrap Warper,Manufacturing,"Spinning, weaving and finishing of textiles",Not Higher Education,No,No,51-6063,-1.169710204319749,0.0
Baggage Handlers,Accommodation and Food Service Activities,Short term accommodation activities,Not Higher Education,No,No,53-7121,-1.394520359139548,0.0
Bamboo Farmer,"Agriculture, Forestry, and Fishing",Growing of perennial crops,Not Higher Education,No,No,45-2091,-1.153152853548008,0.0
Banking Associate,Financial and Insurance Activities,Monetary intermediation,Higher Education,No,Yes,13-2082,1.3620743346972182,0.0
Barangay Health Worker,Human Health and Social Work Activities,"Other social work activities without accommodation, n.e.c.",Higher Education,No,No,31-1014 ,-0.4413828025834359,0.0
Barangay Nutrition Action Officer,Human Health and Social Work Activities,Other human health activities,Higher Education,Yes,No,29-1031,1.3739495407622582,0.0
Barber,Other Service Activities,"Personal services for wellness, except sports activities",Not Higher Education,No,No,39-5012,-0.6928416342196729,0.0
Barista,Accommodation and Food Service Activities,Beverage serving activities,Not Higher Education,No,No,35-3011,-0.6267809371496645,0.0
Bartender,Accommodation and Food Service Activities,Beverage serving activities,Not Higher Education,No,No,35-3011,-0.6267809371496645,0.0
Basic Jewelry Fabricator,Manufacturing,"Manufacture of jewelry, bijouterie and related articles",Not Higher Education,No,No,51-2099,-0.8341351787751918,0.0
Basket Weaver,Manufacturing,"Manufacture of products of wood, cork, straw and plaiting materials",Not Higher Education,No,No,51-7099,-0.8341351787751918,0.0
Beach Lifeguards,Accommodation and Food Service Activities,Short term accommodation activities,Not Higher Education,No,No,43-5031,0.8618669629198157,0.0
Beach Recreation Associate,Accommodation and Food Service Activities,Short term accommodation activities,Higher Education,No,Yes,39-7012,0.4571220527837438,0.0
Beadwork Accessories Makers,Manufacturing,"Manufacture of jewelry, bijouterie and related articles",Not Higher Education,No,No,27-1012 ,-0.8672596469857901,0.0
Beekeeper,"Agriculture, Forestry, and Fishing",Animal production,Not Higher Education,No,No,45-2021,-1.0528327163871605,0.0
Bell Boy / Luggage Porter,Accommodation and Food Service Activities,Short term accommodation activities,Not Higher Education,No,No,43-5021,-0.968146275461266,0.0
Bench Technician (Electronics),Manufacturing,Manufacture of consumer electronics,Higher Education,No,Yes,17-3023,0.2307035718843949,0.0
Bibliographer,"Arts, Entertainment and Recreation","Libraries, archives, museums and other cultural activities",Higher Education,No,No,25-9011,0.8006554663832743,0.0
Billing & Collection Staff (Construction),Construction,Construction of buildings,Higher Education,No,No,43-3011,1.2514394559345414,0.0
BIM Modeler,Construction,Other specialized construction activities,Not Higher Education,No,No,27-1013 ,-0.5800703514608596,0.0
Biology Instructor,Education,Higher education,Higher Education,No,No,25-1199,0.8006554663832743,0.0
Biology Lab Technician,"Professional, Scientific and Technical Activities",Research and experimental development on natural sciences and engineering,Higher Education,No,Yes,29-2012,-0.3935851657204582,0.0
Biomedical Technician,Human Health and Social Work Activities,Other human health activities,Not Higher Education,No,No,29-2012,-0.3935851657204582,0.0
Biotech Lab Technician,"Professional, Scientific and Technical Activities",Research and experimental development on natural sciences and engineering,Higher Education,No,Yes,29-2012,-0.3935851657204582,0.0
Blacksmith,Manufacturing,Manufacture of other fabricated metal products; metal working service activities,Not Higher Education,No,No,51-4199 ,-0.8341351787751918,0.0
Boat Fitter,Manufacturing,Building of ships and boats,Not Higher Education,No,No,49-9081,-1.049182638556866,0.0
Boat Operator (Tourism),Transportation and Storage,Sea and coastal water transport,Not Higher Education,No,No,53-5022,-0.8102712472248825,0.0
Body Repair Personnel,Manufacturing,Manufacture of bodies (coachwork) for motor vehicles; manufacture of trailers and semi-trailers,Not Higher Education,No,No,49-3093,-1.5566147016651897,0.0
Book Illustrator,"Arts, Entertainment and Recreation","Creative, arts and entertainment activities",Not Higher Education,No,No,27-1024,0.733024170282144,0.0
Bookkeeper,Financial and Insurance Activities,"Activities auxiliary to financial service, except insurance and pension funding",Not Higher Education,No,No,43-3031,1.0204933974998105,0.0
Boom Truck Drivers,Construction,Construction of roads and railways,Not Higher Education,No,No,53-3032,-1.100644052209415,0.0
Bouncer,Accommodation and Food Service Activities,Other accommodation,Not Higher Education,No,No,33-9093 ,-0.5182191975946915,0.0
Branch Associate,Administrative and Support Service Activities,Office administrative and support activities,Higher Education,No,Yes,43-6011,1.0600457450196432,0.0
Brand Communications Officer,"Professional, Scientific and Technical Activities",Advertising,Higher Education,No,No,43-6014,1.0792977885038806,0.0
Brand Designer,"Professional, Scientific and Technical Activities",Advertising,Higher Education,No,No,27-1029,0.733024170282144,0.0
Broadcast Operations Assistant,Information and Communication,Programming and Broadcasting Activities,Higher Education,No,Yes,39-3099 ,-0.5276871682377668,0.0
Broadcast Production Assistant,Information and Communication,Programming and Broadcasting Activities,Higher Education,No,Yes,27-4099 ,0.733024170282144,0.0
Broadcast Scriptwriter,Information and Communication,Programming and Broadcasting Activities,Higher Education,No,No,27-3043,0.7743766257616718,0.0
Building Design Assistant,"Professional, Scientific and Technical Activities",Architectural and engineering activities and related technical consultancy,Higher Education,Yes,No,17-1011,1.0614157123926595,0.0
Building-Wiring Electrician,Construction,"Electrical, plumbing and other construction installation activities",Not Higher Education,No,No,47-2231,-0.9863345860553324,0.0
Bulldozer Operator,Construction,Demolition and site preparation,Not Higher Education,No,No,47-5022,-1.15238606969144,0.0
Business Development Officer,"Professional, Scientific and Technical Activities",Advertising,Higher Education,No,No,13-1151 ,1.1966462559768865,0.0
Business Innovation Assistant,"Professional, Scientific and Technical Activities","Other professional, scientific and technical activities, n.e.c.",Higher Education,No,Yes,43-6011,1.0600457450196432,0.0
Business Intelligence Analyst,Information and Communication,"Data processing, hosting and related activities; web portals",Higher Education,No,No,13-1111,1.369842507381068,0.0
Business News Research Assistant,Information and Communication,"Publishing of books, periodicals and other publishing activities",Higher Education,No,Yes,27-3041 ,1.1083010062005718,0.0
Business Support Coordinator,Administrative and Support Service Activities,"Business support service activities, n.e.c.",Higher Education,No,Yes,43-6011,1.0600457450196432,0.0
Butcher,Manufacturing,Processing and preserving of meat,Not Higher Education,No,No,51-3091 ,-0.7688751902862945,0.0
Butler,Accommodation and Food Service Activities,Short term accommodation activities,Higher Education,No,No,39-9099 ,-0.5276871682377668,0.0
Butterfly Breeder,"Agriculture, Forestry, and Fishing",Animal production,Not Higher Education,No,No,45-2021,-1.0528327163871605,0.0
Cable TV Installer,Information and Communication,Wired telecommunications activities,Not Higher Education,No,No,49-9052,-1.0922437980466209,0.0
Cacao Farmer,"Agriculture, Forestry, and Fishing",Growing of perennial crops,Not Higher Education,No,No,45-2091,-1.153152853548008,0.0
CAD Operator,Construction,Other specialized construction activities,Not Higher Education,No,No,15-1299,1.2355878663736692,0.0
Cadet Marine Electrician,Construction,"Electrical, plumbing and other construction installation activities",Not Higher Education,No,No,53-5031,-0.5348275306846189,0.0
Call Center Staff,Administrative and Support Service Activities,Call centers and other related activities,Not Higher Education,No,No,43-4171 ,1.0117367283079466,0.0
Carbon Steel Plate Welder (MMAW),Construction,Other specialized construction activities,Not Higher Education,No,No,51-4122 ,-0.9644465077543026,0.0
Carbon Steel Plate/ Pipe Welder (MMAW),Construction,Other specialized construction activities,Not Higher Education,No,No,51-4122 ,-0.9644465077543026,0.0
Caregiver (Newborn),Human Health and Social Work Activities,"Other residential care activities, n.e.c.",Not Higher Education,No,No,39-9021,-0.5276871682377668,0.0
Caregiver For People With Special Needs,Human Health and Social Work Activities,"Residential care activities for mental retardation, mental health and substance abuse",Not Higher Education,No,No,39-9021,-0.5276871682377668,0.0
Caregiver Nanny,Human Health and Social Work Activities,"Other residential care activities, n.e.c.",Not Higher Education,No,No,39-9011,-0.5276871682377668,0.0
Cartoonist,"Arts, Entertainment and Recreation","Creative, arts and entertainment activities",Not Higher Education,No,No,27-1013,-0.5800703514608596,0.0
Casework Support Assistant,Human Health and Social Work Activities,"Other social work activities without accommodation, n.e.c.",Higher Education,No,Yes,21-1093,0.7806366196871929,0.0
Cashier,Wholesale and Retail Trade; Repair of Motor Vehicles and Motorcycles,Retail sale in non-specialized stores,Not Higher Education,No,No,41-2012,-0.0637669727961953,0.0
Cataloguer,"Arts, Entertainment and Recreation","Libraries, archives, museums and other cultural activities",Higher Education,No,No,25-9011,0.8006554663832743,0.0
Cataloguing Officer,Information and Communication,Other information service activities,Higher Education,Yes,No,13-1023,1.4742814213283415,0.0
CATV Systems Technician,Information and Communication,Wired telecommunications activities,Not Higher Education,No,No,27-4099 ,0.733024170282144,0.0
Certified Public Accountant,Financial and Insurance Activities,"Accounting, bookkeeping and auditing activities; tax consultancy",Higher Education,Yes,No,13-2082,1.3620743346972182,0.0
Certified Public Accountant (Healthcare),Human Health and Social Work Activities,Hospital activities,Higher Education,Yes,No,13-2082,1.3620743346972182,0.0
Chaplaincy Aide,Human Health and Social Work Activities,"Other social work activities without accommodation, n.e.c.",Higher Education,No,Yes,21-2021 ,1.2114588767178207,0.0
Character Illustrator,"Arts, Entertainment and Recreation","Creative, arts and entertainment activities",Higher Education,No,No,27-1024,0.733024170282144,0.0
Chef,Accommodation and Food Service Activities,Restaurants and mobile food service activities,Higher Education,No,No,35-1012,-0.1489164181781776,0.0
Chef de Partie - Butcher Chef,Accommodation and Food Service Activities,Restaurants and mobile food service activities,Higher Education,No,No,35-1012,-0.1489164181781776,0.0
Chef de Partie - Entremetier,Accommodation and Food Service Activities,Restaurants and mobile food service activities,Higher Education,No,No,35-1012,-0.1489164181781776,0.0
Chef de Partie - Main Course Chef,Accommodation and Food Service Activities,Restaurants and mobile food service activities,Higher Education,No,No,35-1012,-0.1489164181781776,0.0
Chef de Partie - Saucier,Accommodation and Food Service Activities,Restaurants and mobile food service activities,Higher Education,No,No,35-1012,-0.1489164181781776,0.0
Chemical Analyst (Agriculture),"Agriculture, Forestry, and Fishing",Support activities to agriculture and post-harvest crop activities,Higher Education,Yes,No,17-2041,1.362684084864043,0.0
Chemical Informatics Assistant,Manufacturing,Manufacture of basic chemicals,Higher Education,Yes,No,51-8091,-0.3951131271969292,0.0
Chemical Lab Technologist,"Professional, Scientific and Technical Activities",Research and experimental development on natural sciences and engineering,Higher Education,No,Yes,17-3029,-0.0372319794758209,0.0
Chemical Process Operator,Manufacturing,Manufacture of basic chemicals,Not Higher Education,No,No,51-8091,-0.3951131271969292,0.0
Chemical Production Technician,Manufacturing,Manufacture of basic chemicals,Higher Education,Yes,No,51-8091,-0.3951131271969292,0.0
Chemical Sprayer,"Agriculture, Forestry, and Fishing",Support activities to agriculture and post-harvest crop activities,Not Higher Education,No,No,37-3012.00,-0.5409268890934459,0.6105555555555554
Child Caregiver,Human Health and Social Work Activities,"Other residential care activities, n.e.c.",Not Higher Education,No,No,39-9011,-0.5276871682377668,0.0
Child Development Worker/Teacher,Education,Other education services,Not Higher Education,No,No,39-9011,-0.5276871682377668,0.0
China Desk Specialist,"Professional, Scientific and Technical Activities",Research and experimental development on social sciences and humanities,Higher Education,No,No,13-1199,1.4540568100648037,0.0
Chocolate Maker,Manufacturing,Manufacture of other food products,Not Higher Education,No,No,51-3011,-0.3972381613714977,0.0
Church Worker,Human Health and Social Work Activities,"Other social work activities without accommodation, n.e.c.",Higher Education,No,No,21-2099,0.7806366196871929,0.0
Circuit Design Engineer,Manufacturing,Manufacture of electronic components,Higher Education,Yes,No,17-2072 ,0.6853776260103156,0.0
Civics Curriculum Developer,Education,Educational support services,Higher Education,No,No,25-9031,1.333804583640498,0.0
Civil Defense Program Staff,Public Administration and Defense; Compulsory Social Security,Public administration and defense; compulsory social security,Higher Education,No,No,33-2011,-1.2762872583675486,0.0
Civil Service Officer,Public Administration and Defense; Compulsory Social Security,Public Order and Safety Activities,Higher Education,Yes,No,13-1199,1.4540568100648037,0.0
Classical Performer,"Arts, Entertainment and Recreation","Creative, arts and entertainment activities",Higher Education,No,No,27-2042,-0.0481137107809598,0.0
Clean-Up Artist,"Arts, Entertainment and Recreation","Creative, arts and entertainment activities",Not Higher Education,No,No,39-5094,-0.1802445932619149,0.0
Clergy Program Assistant,Human Health and Social Work Activities,"Other social work activities without accommodation, n.e.c.",Higher Education,No,Yes,21-2099,0.7806366196871929,0.0
Clerk (Healthcare),Human Health and Social Work Activities,Hospital activities,Higher Education,No,Yes,43-9199 ,1.0117367283079466,0.0
Climate and Weather Monitoring Technician,"Professional, Scientific and Technical Activities","Other professional, scientific and technical activities, n.e.c.",Higher Education,No,Yes,19-4099,0.0882226573666494,0.0
Climate Science Research Assistant,"Professional, Scientific and Technical Activities",Research and experimental development on natural sciences and engineering,Higher Education,No,Yes,19-2041 ,1.121407837793284,0.0
Clinical Assistant,Human Health and Social Work Activities,Medical and dental practice activities,Higher Education,No,Yes,31-9092,0.131317826544596,0.0
Clinical Chemistry Analyst,Manufacturing,Manufacture of basic chemicals,Higher Education,Yes,No,19-1099,1.1962758695210862,0.0
Clinical Research Assistant,Human Health and Social Work Activities,Other human health activities,Higher Education,No,Yes,31-9092,0.131317826544596,0.0
Clothing Line Technician,Manufacturing,"Manufacture of wearing apparel, except fur apparel",Higher Education,No,Yes,53-6041,0.3835605034568007,0.0
CNC EDM Wire Cut Operator,Manufacturing,Manufacture of general purpose machinery,Not Higher Education,No,No,51-4199,-0.8341351787751918,0.0
CNC Lathe Machine Operator,Manufacturing,Manufacture of general purpose machinery,Not Higher Education,No,No,51-7042,-1.1384208402675908,0.0
CNC Machinist,Manufacturing,Manufacture of general purpose machinery,Not Higher Education,No,No,51-4199,-0.8341351787751918,0.0
CNC Milling Machine Operator,Manufacturing,Manufacture of general purpose machinery,Not Higher Education,No,No,51-4199,-0.8341351787751918,0.0
Coastal Resource Assistant,"Agriculture, Forestry, and Fishing",Aquaculture,Higher Education,No,Yes,19-2041 ,1.121407837793284,0.0
Coconut Farmer,"Agriculture, Forestry, and Fishing",Support activities to agriculture and post-harvest crop activities,Not Higher Education,No,No,45-2099,-1.153152853548008,0.0
Cocoon Farmer,"Agriculture, Forestry, and Fishing",Animal production,Not Higher Education,No,No,45-2021,-1.0528327163871605,0.0
Coffee Farmer Nursery Operator,"Agriculture, Forestry, and Fishing",Growing of perennial crops,Not Higher Education,No,No,45-2091,-1.153152853548008,0.0
Cold Storage Technician,Manufacturing,Installation of industrial machinery and equipment,Higher Education,No,No,51-9193,-0.9694564085988252,0.0
Commercial Air-Conditioning Unit Technician,"Electricity, Gas, Steam and Air Conditioning Supply",Airconditioning and Refrigeration,Not Higher Education,No,No,49-9021 ,-0.9106473891239084,0.0
Commercial Diver,Transportation and Storage,"Sea and coastal water transport, Inland water transport",Not Higher Education,No,No,53-5021,-0.7138985758488017,0.0
Commercial Refrigeration Equipment Technician,"Electricity, Gas, Steam and Air Conditioning Supply",Airconditioning and Refrigeration,Not Higher Education,No,No,49-9021 ,-0.9106473891239084,0.0
Commis Chef,Accommodation and Food Service Activities,Restaurants and mobile food service activities,Higher Education,No,No,35-1012,-0.1489164181781776,0.0
Commis Helper,Accommodation and Food Service Activities,Restaurants and mobile food service activities,Not Higher Education,No,No,35-9099 ,-0.6267809371496645,0.0
Communications and Advocacy Officer,"Professional, Scientific and Technical Activities",Advertising,Higher Education,No,No,27-3031 ,1.2230614224333591,0.0
Communications Consultant,"Professional, Scientific and Technical Activities",Advertising,Higher Education,No,No,27-3043 ,0.7743766257616718,0.0
Communications Designer,"Professional, Scientific and Technical Activities",Specialized design activities,Higher Education,No,No,15-1134 ,1.2355878663736692,0.0
Communications Specialist,"Professional, Scientific and Technical Activities",Advertising,Higher Education,No,No,49-9052,-1.0922437980466209,0.0
Community Birth Attendant,Human Health and Social Work Activities,Medical and dental practice activities,Higher Education,Yes,No,39-9011,-0.5276871682377668,0.0
Community Development Assistant,Human Health and Social Work Activities,"Other social work activities without accommodation, n.e.c.",Higher Education,Yes,No,21-1093,0.7806366196871929,0.0
Community Governance Assistant,Public Administration and Defense; Compulsory Social Security,Public Administration and Defense; Compulsory Social Security,Higher Education,No,Yes,43-6011,1.0600457450196432,0.0
Community Health Worker,Human Health and Social Work Activities,"Other social work activities without accommodation, n.e.c.",Not Higher Education,No,No,21-1094 ,0.0229134919313405,0.0
Community Infectious Disease Management Officer,Human Health and Social Work Activities,"Other social work activities without accommodation, n.e.c.",Not Higher Education,No,No,29-1229,0.2059317681316812,0.0
Community Media Coordinator,"Professional, Scientific and Technical Activities",Advertising,Higher Education,No,Yes,39-3099 ,-0.5276871682377668,0.0
Community Ministry Assistant,Human Health and Social Work Activities,"Other social work activities without accommodation, n.e.c.",Higher Education,No,Yes,21-2099,0.7806366196871929,0.0
Community Mobilization Officer,Human Health and Social Work Activities,"Other social work activities without accommodation, n.e.c.",Higher Education,No,No,21-1093,0.7806366196871929,0.0
Community Nutrition Services Worker,Human Health and Social Work Activities,"Other social work activities without accommodation, n.e.c.",Not Higher Education,No,No,21-1094 ,0.0229134919313405,0.0
Community Outreach Aide,Human Health and Social Work Activities,"Other social work activities without accommodation, n.e.c.",Higher Education,Yes,No,21-1094 ,0.0229134919313405,0.0
Community Participation Officer,Human Health and Social Work Activities,"Other social work activities without accommodation, n.e.c.",Higher Education,No,No,21-1093,0.7806366196871929,0.0
Community Pharmacist,Human Health and Social Work Activities,Other human health activities,Higher Education,Yes,No,29-1051,0.6009057203410911,0.0
Community Relations Associate,Human Health and Social Work Activities,"Other social work activities without accommodation, n.e.c.",Higher Education,No,Yes,27-3031 ,1.2230614224333591,0.0
Community Relations Officer,Construction,Construction of buildings,Higher Education,No,No,27-3031 ,1.2230614224333591,0.0
Community-Based Health Care Worker,Human Health and Social Work Activities,"Other social work activities without accommodation, n.e.c.",Higher Education,No,No,21-1094 ,0.0229134919313405,0.0
Company Driver (Hotel),Accommodation and Food Service Activities,Short term accommodation activities,Not Higher Education,No,No,53-3053,-0.5689450320871856,0.0
Compliance and Regulatory Officer,Public Administration and Defense; Compulsory Social Security,Public Administration and Defense; Compulsory Social Security,Higher Education,No,No,13-1199,1.4540568100648037,0.0
Compliance Officer,Administrative and Support Service Activities,"Business support service activities, n.e.c.",Higher Education,No,No,13-1199,1.4540568100648037,0.0
Computer Assembler,Manufacturing,Manufacture of computers and peripheral equipment and accessories,Not Higher Education,No,No,51-9194,-0.6501212176431842,0.0
Computer Maintenance Technologist (Healthcare),Human Health and Social Work Activities,Hospital activities,Higher Education,No,Yes,15-1151 ,1.2355878663736692,0.0
Computer Security Support Staff,Information and Communication,Other information service activities,Not Higher Education,No,No,15-1299,1.2355878663736692,0.0
Computer Technician,Information and Communication,"Computer Programming, Consultancy and Related Activities",Higher Education,No,Yes,49-9052,-1.0922437980466209,0.0
Computer Transcriptionist,Information and Communication,Other information service activities,Higher Education,No,No,43-9199 ,1.0117367283079466,0.0
Concept Art Assistant,"Arts, Entertainment and Recreation","Creative, arts and entertainment activities",Higher Education,No,Yes,27-1024,0.733024170282144,0.0
Concierge Assistant,Accommodation and Food Service Activities,Short term accommodation activities,Higher Education,No,Yes,37-2011,-1.440933617762003,0.6105555555555554
Concrete Pump Operator,Construction,Other specialized construction activities,Not Higher Education,No,No,47-5022,-1.15238606969144,0.0
Conductor,Transportation and Storage,Other land transport,Not Higher Education,No,No,53-6061,-0.3872555286506614,0.0
Confectioner,Accommodation and Food Service Activities,Restaurants and mobile food service activities,Not Higher Education,No,No,51-3011,-0.3972381613714977,0.0
Conservation Research Assistant,"Professional, Scientific and Technical Activities",Research and experimental development on natural sciences and engineering,Higher Education,No,Yes,19-2041 ,1.121407837793284,0.0
Conservation Scientist,"Professional, Scientific and Technical Activities",Research and experimental development on natural sciences and engineering,Higher Education,No,No,25-9021,0.8006554663832743,0.0
Construction Laborer,Construction,"Construction of buildings, Construction of roads and railways, Construction of utility projects, Construction of other civil engineering projects",Not Higher Education,No,No,47-3019,-1.15238606969144,0.0
Construction Lift Passenger/ Material Elevator Operator,Construction,Construction of utility projects,Not Higher Education,No,No,53-7041,-0.9871245285050874,0.0
Construction Painter,Construction,Building completion and finishing,Not Higher Education,No,No,47-2142,-1.732568629121242,0.0
Construction Scheduler,Construction,"Construction of buildings, Construction of roads and railways, Construction of utility projects, Construction of other civil engineering projects",Higher Education,No,Yes,11-9021,0.6023994322858968,0.0
Construction Site Assistant (Foreman),Construction,"Construction of buildings, Construction of roads and railways, Construction of utility projects, Construction of other civil engineering projects",Higher Education,No,Yes,11-9021,0.6023994322858968,0.0
Construction Site Technician,Construction,"Construction of buildings, Construction of roads and railways, Construction of utility projects, Construction of other civil engineering projects",Higher Education,No,Yes,17-2051 ,1.303068832130924,0.0
Consular Affairs Associate,Public Administration and Defense; Compulsory Social Security,Foreign affairs,Higher Education,No,Yes,33-3051,-0.7219361463874624,0.0
Consumer Electronics Assembler,Manufacturing,Manufacture of consumer electronics,Not Higher Education,No,No,51-9194,-0.6501212176431842,0.0
Contact Center (Call Center) Agent,Administrative and Support Service Activities,Call centers and other related activities,Not Higher Education,No,No,43-4171 ,1.0117367283079466,0.0
Container Stacker Operator,Construction,Demolition and site preparation,Not Higher Education,No,No,53-7041,-0.9871245285050874,0.0
Content Editor,Information and Communication,"Publishing of books, periodicals and other publishing activities",Higher Education,No,No,27-3041 ,1.1083010062005718,0.0
Content Writer,Information and Communication,"Publishing of books, periodicals and other publishing activities",Higher Education,No,No,27-3043,0.7743766257616718,0.0
Control Systems Technician,"Electricity, Gas, Steam and Air Conditioning Supply","Electric power generation, transmission and distribution",Higher Education,Yes,No,17-3023,0.2307035718843949,0.0
Cook,Accommodation and Food Service Activities,Event catering and other food service activities,Not Higher Education,No,No,35-2019,-0.6267809371496645,0.0
Cook (Healthcare Facility),Human Health and Social Work Activities,Hospital activities,Not Higher Education,No,No,35-2019,-0.6267809371496645,0.0
Cooling Systems Technician,"Electricity, Gas, Steam and Air Conditioning Supply","Electric power generation, transmission and distribution",Higher Education,No,Yes,17-3023,0.2307035718843949,0.0
Co-op Administrative Support,Administrative and Support Service Activities,"Business support service activities, n.e.c.",Higher Education,No,Yes,43-601,1.0117367283079466,0.0
Cooperative Assistant,Administrative and Support Service Activities,"Business support service activities, n.e.c.",Higher Education,No,Yes,43-6011,1.0600457450196432,0.0
Cooperative Development Officer,"Agriculture, Forestry, and Fishing",Support activities to agriculture and post-harvest crop activities,Higher Education,No,No,13-1151 ,1.1966462559768865,0.0
Corporate Auditor,Financial and Insurance Activities,Activities of holding companies,Higher Education,Yes,No,13-2082,1.3620743346972182,0.0
Corporate Communications Officer,"Professional, Scientific and Technical Activities",Advertising,Higher Education,No,No,27-3031 ,1.2230614224333591,0.0
Cost Accountant,Financial and Insurance Activities,"Accounting, bookkeeping and auditing activities; tax consultancy",Higher Education,Yes,No,13-2082,1.3620743346972182,0.0
Cost Controller,Financial and Insurance Activities,"Activities auxiliary to financial service, except insurance and pension funding",Higher Education,No,No,43-3031,1.0204933974998105,0.0
Courier,Transportation and Storage,Support activities for transportation,Not Higher Education,No,No,43-9051,-0.828177528731795,0.0
Courier Scheduler,Transportation and Storage,Courier activities,Higher Education,No,Yes,43-5032,1.1679053146236258,0.0
Court Clerk,Public Administration and Defense; Compulsory Social Security,Justice and Judicial Activities,Higher Education,No,Yes,33-9031,0.7106225288460828,0.0
Court Stenographer,Public Administration and Defense; Compulsory Social Security,Public Administration and Defense; Compulsory Social Security,Not Higher Education,No,No,43-9022,0.6047786521240088,0.0
"Crane, Hoist and Lift Operator",Transportation and Storage,Warehousing and storage,Not Higher Education,No,No,53-7041,-0.9871245285050874,0.0
Crawler Crane Operator,Construction,Demolition and site preparation,Not Higher Education,No,No,53-7041,-0.9871245285050874,0.0
Creative Writing Instructor,Information and Communication,"Publishing of books, periodicals and other publishing activities",Higher Education,No,No,27-3043,0.7743766257616718,0.0
Criminal Investigator (Registered Criminologist),Public Administration and Defense; Compulsory Social Security,Public Order and Safety Activities,Higher Education,Yes,No,33-3021,0.1137349789024808,0.0
Crop Field Technician,"Agriculture, Forestry, and Fishing",Growing of non-perennial crops,Higher Education,No,Yes,19-4011,1.1962758695210862,0.0
Cruise Cabin Attendant,Accommodation and Food Service Activities,Other accommodation,Higher Education,No,Yes,53-6061,-0.3872555286506614,0.0
Cruise Operations Assistant,Accommodation and Food Service Activities,Other accommodation,Higher Education,No,Yes,53-5021,-0.7138985758488017,0.0
Culinary Tour Assistant,Accommodation and Food Service Activities,Restaurants and mobile food service activities,Higher Education,No,Yes,35-9011 ,-1.826941747515469,0.0
Cultural Affairs Officer,Public Administration and Defense; Compulsory Social Security,Other Personal Service Activities,Higher Education,No,No,27-3031 ,1.2230614224333591,0.0
Cultural Dancer,"Arts, Entertainment and Recreation","Creative, arts and entertainment activities",Not Higher Education,No,No,27-2032,-1.6025485585216013,0.0
Cultural Heritage Researcher,"Arts, Entertainment and Recreation","Libraries, archives, museums and other cultural activities",Higher Education,No,No,25-4012,0.7188278381031682,0.0
Culture & Communications Analyst,"Professional, Scientific and Technical Activities",Advertising,Higher Education,No,No,27-3031 ,1.2230614224333591,0.0
Curriculum Designer,Education,Educational support services,Not Higher Education,No,No,25-9031,1.333804583640498,0.0
Customer Interaction Specialist,Information and Communication,Other information service activities,Higher Education,No,No,43-4171 ,1.0117367283079466,0.0
Customer Service Representative,Administrative and Support Service Activities,"Business support service activities, n.e.c.",Not Higher Education,No,No,43-4171 ,1.0117367283079466,0.0
Customs Officer,Public Administration and Defense; Compulsory Social Security,Public administration and defense; compulsory social security,Higher Education,Yes,No,33-3051,-0.7219361463874624,0.0
Cyber Threat Analyst,Information and Communication,"Data processing, hosting and related activities; web portals",Not Higher Education,No,No,15-1299,1.2355878663736692,0.0
Cybersecurity Help Desk,Information and Communication,Other information service activities,Not Higher Education,No,No,15-1151 ,1.2355878663736692,0.0
Dairy Farm Milker,"Agriculture, Forestry, and Fishing",Animal production,Not Higher Education,No,No,19-4011,1.1962758695210862,0.0
Dancer,"Arts, Entertainment and Recreation","Creative, arts and entertainment activities",Not Higher Education,No,No,27-2032,-1.6025485585216013,0.0
Data Analyst Associate,Information and Communication,"Data processing, hosting and related activities; web portals",Not Higher Education,No,No,15-1242,1.3407881770776937,0.0
Data Annotation Associate,Information and Communication,"Data processing, hosting and related activities; web portals",Not Higher Education,No,No,19-3022,1.4774993998129229,0.0
Data Encoder (Healthcare Facility),Human Health and Social Work Activities,Hospital activities,Not Higher Education,No,No,43-9021,0.2952404414086115,0.0
Data Encoding Associate,Information and Communication,"Data processing, hosting and related activities; web portals",Not Higher Education,No,No,43-9021,0.2952404414086115,0.0
Data Management Assistant,Administrative and Support Service Activities,Office administrative and support activities,Higher Education,No,Yes,43-9071 ,-0.5283907736061705,0.0
Data Quality Specialist,Information and Communication,"Data processing, hosting and related activities; web portals",Higher Education,No,No,15-1242,1.3407881770776937,0.0
Data Scientist,Information and Communication,"Data processing, hosting and related activities; web portals",Higher Education,No,No,43-9111,1.2970972393926237,0.0
Database Assistant,Information and Communication,"Computer programming, consultancy and related activities",Higher Education,No,Yes,15-1151 ,1.2355878663736692,0.0
Delivery Driver,Transportation and Storage,Support activities for transportation,Not Higher Education,No,No,43-5021,-0.968146275461266,0.0
Demi Chef,Accommodation and Food Service Activities,Restaurants and mobile food service activities,Higher Education,No,No,35-1012,-0.1489164181781776,0.0
Dental Hygienist,Human Health and Social Work Activities,Medical and dental practice activities,Not Higher Education,No,No,31-9091,-0.4413828025834359,0.0
Dental Laboratory Assistant,Human Health and Social Work Activities,Medical and dental practice activities,Not Higher Education,No,No,31-9091,-0.4413828025834359,0.0
Dental Laboratory Technician,Human Health and Social Work Activities,Medical and dental practice activities,Not Higher Education,No,No,51-9082,-0.5063030629867125,0.0
Dentist,Human Health and Social Work Activities,Medical and dental practice activities,Higher Education,Yes,No,29-1029,0.2380110444547259,0.0
Dermopigmentation/Tattoo Artist,"Arts, Entertainment and Recreation","Creative, arts and entertainment activities",Not Higher Education,No,No,39-3099 ,-0.5276871682377668,0.0
Design Engineer,"Professional, Scientific and Technical Activities",Architectural and engineering activities and related technical consultancy,Higher Education,Yes,No,17-2112,1.3022721729014886,0.0
Development Education Assistant,Education,Other Education,Higher Education,Yes,No,21-1093,0.7806366196871929,0.0
Development Planning Associate,"Professional, Scientific and Technical Activities","Other professional, scientific and technical activities, n.e.c.",Higher Education,No,Yes,13-1151 ,1.1966462559768865,0.0
Development Researcher,Public Administration and Defense; Compulsory Social Security,Public Administration,Higher Education,No,No,25-1199,0.8006554663832743,0.0
Dialysis Nurse,Human Health and Social Work Activities,Medical and dental practice activities,Higher Education,Yes,No,29-1171 ,0.2700903207777707,0.0
Diesel Power Plant Operator,"Electricity, Gas, Steam and Air Conditioning Supply","Electric power generation, transmission and distribution",Not Higher Education,No,No,51-8013,-0.6745700212605167,0.0
Digital Background Painting,Information and Communication,"Motion picture, video and television programme activities",Higher Education,No,No,27-1014,0.6882188383865873,0.0
Digital Content Strategist,"Professional, Scientific and Technical Activities",Advertising,Higher Education,No,No,15-1134 ,1.2355878663736692,0.0
Digital Fabrication Machine Operator,Manufacturing,Manufacture of general purpose machinery,Not Higher Education,No,No,51-4199,-0.8341351787751918,0.0
Digital Marketing Specialist,"Professional, Scientific and Technical Activities",Advertising,Not Higher Education,No,No,27-3043 ,0.7743766257616718,0.0
Digital Sales Support Staff,Wholesale and Retail Trade; Repair of Motor Vehicles and Motorcycles,Retail Sale via Mail Order Houses or via Internet,Higher Education,No,No,41-9031,1.2014782802095345,0.0
Digital Transformation Associate,"Professional, Scientific and Technical Activities","Other professional, scientific and technical activities, n.e.c.",Higher Education,No,Yes,15-1299,1.2355878663736692,0.0
Dispatch Coordinator,Transportation and Storage,Support activities for transportation,Higher Education,No,Yes,43-9051,-0.828177528731795,0.0
Dispatcher,Transportation and Storage,"Postal activities, Warehousing and storage",Higher Education,No,No,43-5032,1.1679053146236258,0.0
Diversity & Inclusion Specialist,"Professional, Scientific and Technical Activities",Research and experimental development on social sciences and humanities,Higher Education,No,No,13-1199,1.4540568100648037,0.0
Document Controller (Construction),Construction,Construction of buildings,Higher Education,No,No,43-9071 ,-0.5283907736061705,0.0
Documentation Specialist,"Arts, Entertainment and Recreation","Libraries, archives, museums and other cultural activities",Higher Education,No,No,27-1012 ,-0.8672596469857901,0.0
Domestic Refrigeration And Air-Conditioning Technician,"Electricity, Gas, Steam and Air Conditioning Supply",Airconditioning and Refrigeration,Not Higher Education,No,No,47-2132,-1.3913864731220469,0.0
Doorkeeper,Accommodation and Food Service Activities,Short term accommodation activities,Not Higher Education,No,No,33-9093 ,-0.5182191975946915,0.0
Drafting Technician,Manufacturing,"Manufacture of measuring, testing, navigating and control equipment; watches and clocks",Higher Education,No,Yes,27-1013 ,-0.5800703514608596,0.0
Drafting Technician (Architecture),"Professional, Scientific and Technical Activities",Architectural and engineering activities and related technical consultancy,Higher Education,Yes,No,27-1013 ,-0.5800703514608596,0.0
Draftsman,Construction,Other specialized construction activities,Not Higher Education,No,No,27-1013 ,-0.5800703514608596,0.0
Dressmaker,Manufacturing,Custom tailoring and dressmaking,Not Higher Education,No,No,51-6052,-0.5547315587881533,0.0
Drilling Rig Operators,Construction,Construction of utility projects,Not Higher Education,No,No,47-5044,-1.1172817235594896,0.0
Drying And Milling Plant Service Technician,Manufacturing,"Manufacture of grain mill products, starches and starch products",Not Higher Education,No,No,53-7011,-0.7654642333588086,0.0
Early Learning Materials Developer,Education,Other Education,Higher Education,Yes,No,25-9031,1.333804583640498,0.0
Ecological Survey Assistant,"Professional, Scientific and Technical Activities","Other professional, scientific and technical activities, n.e.c.",Higher Education,No,Yes,29-9092 ,1.5056696701614034,0.0
E-Commerce Data Analyst,Information and Communication,"Data processing, hosting and related activities; web portals",Not Higher Education,No,No,15-1242,1.3407881770776937,0.0
E-Commerce Support Associate,Wholesale and Retail Trade; Repair of Motor Vehicles and Motorcycles,Retail Sale via Mail Order Houses or via Internet,Higher Education,No,Yes,43-4171 ,1.0117367283079466,0.0
Economic Data Analyst,"Professional, Scientific and Technical Activities",Research and experimental development on social sciences and humanities,Higher Education,No,No,19-3011,1.3739893283132485,0.0
Economic Policy Researcher,"Professional, Scientific and Technical Activities",Research and experimental development on social sciences and humanities,Higher Education,No,No,19-3011,1.3739893283132485,0.0
Economics Instructor,Education,Higher education,Higher Education,No,No,19-3011,1.3739893283132485,0.0
Eco-Tourism Guide,Accommodation and Food Service Activities,Other accommodation,Higher Education,No,No,39-7012,0.4571220527837438,0.0
Eco-Tourism Program Aide,Accommodation and Food Service Activities,Other accommodation,Higher Education,No,Yes,43-4181,0.2121430815192957,0.0
Eco-Tourism Program Assistant,"Professional, Scientific and Technical Activities","Other professional, scientific and technical activities, n.e.c.",Higher Education,No,Yes,43-4181,0.2121430815192957,0.0
Editorial Assistant,Information and Communication,Programming and Broadcasting Activities,Higher Education,No,Yes,27-3041 ,1.1083010062005718,0.0
Education Program Assistant,Education,Other Education,Higher Education,No,Yes,25-9041 ,0.8006554663832743,0.0
Electric Discharge Machine-Sinking Operator,Manufacturing,Manufacture of other fabricated metal products; metal working service activities,Not Higher Education,No,No,51-4122 ,-0.9644465077543026,0.0
Electric Power Distribution Line Worker,"Electricity, Gas, Steam and Air Conditioning Supply","Electric power generation, transmission and distribution",Not Higher Education,No,No,49-9051,-1.2416423994528298,0.0
Electrical Appliance Servicer,Other Service Activities,Repair of personal and household goods,Higher Education,No,No,49-2096,-0.8014663306886012,0.0
Electrical Distribution Engineer,"Electricity, Gas, Steam and Air Conditioning Supply","Electric power generation, transmission and distribution",Higher Education,Yes,No,17-2071,1.0699352703170644,0.0
Electrical Systems Technician,"Electricity, Gas, Steam and Air Conditioning Supply","Electric power generation, transmission and distribution",Higher Education,Yes,No,17-3024,-0.2923061417176008,0.0
Electrical Technician (Automotive),Manufacturing,Manufacture of parts and accessories for motor vehicles,Not Higher Education,No,No,17-3024,-0.2923061417176008,0.0
Electronic Products Assembler,Manufacturing,Manufacture of electronic components,Not Higher Education,No,No,51-9194,-0.6501212176431842,0.0
Electronics Design Engineer,Manufacturing,Manufacture of electronic components,Higher Education,Yes,No,17-2072 ,0.6853776260103156,0.0
Electronics Operator,Manufacturing,Manufacture of electronic components,Not Higher Education,No,No,51-9194,-0.6501212176431842,0.0
Electronics Repair Technician,Manufacturing,Manufacture of consumer electronics,Higher Education,No,Yes,17-3023,0.2307035718843949,0.0
Electronics Test Technician,Manufacturing,Manufacture of consumer electronics,Higher Education,No,Yes,53-6041,0.3835605034568007,0.0
Elevator Attendant,Accommodation and Food Service Activities,Short term accommodation activities,Not Higher Education,No,No,53-6021,-0.8449649307349394,0.0
Elevator Installation Technician,Construction,"Electrical, plumbing and other construction installation activities",Not Higher Education,No,No,17-3029,-0.0372319794758209,0.0
Elevator Installer,Construction,Other specialized construction activities,Not Higher Education,No,No,17-3029,-0.0372319794758209,0.0
Embalmer,Human Health and Social Work Activities,Other human health activities,Not Higher Education,No,No,39-4031,-0.287786445261162,0.0
Embassy Administrative Attaché,Public Administration and Defense; Compulsory Social Security,Foreign affairs,Higher Education,No,Yes,43-6011,1.0600457450196432,0.0
Embedded Systems Developer,Information and Communication,"Computer Programming, Consultancy and Related Activities",Higher Education,No,No,15-1133,1.2355878663736692,0.0
Embedded Systems Technician,Manufacturing,Manufacture of electronic components,Higher Education,Yes,No,49-9052,-1.0922437980466209,0.0
Embroiderer,Manufacturing,Manufacture of knitted and crocheted apparel,Not Higher Education,No,No,51-6051,-0.7125207574258047,0.0
Emergency Medical Technician,Human Health and Social Work Activities,"Other social work activities without accommodation, n.e.c.",Not Higher Education,No,No,29-2041 ,0.2380110444547259,0.0
Emergency Response Officer,Public Administration and Defense; Compulsory Social Security,Public administration and defense; compulsory social security,Higher Education,No,No,29-2041 ,0.2380110444547259,0.0
Employee Engagement Officer,Administrative and Support Service Activities,Other human resources provision,Higher Education,No,No,21-1012 ,1.390653349799162,0.0
Energy Auditors,Manufacturing,"Manufacture of electric motors, generators, transformers and electricity distribution and control apparatus",Higher Education,No,No,17-3024,-0.2923061417176008,0.0
Energy Conservation Officer,"Electricity, Gas, Steam and Air Conditioning Supply","Electric power generation, transmission and distribution",Not Higher Education,No,No,17-3024,-0.2923061417176008,0.0
Engine Repair Specialist,Manufacturing,"Repair of fabricated metal products, machinery and equipment",Not Higher Education,No,No,49-3093,-1.5566147016651897,0.0
Engineered Bamboo Processor,Manufacturing,"Manufacture of products of wood, cork, straw and plaiting materials",Not Higher Education,No,No,51-7042,-1.1384208402675908,0.0
Engineering Assistant (Healthcare),Human Health and Social Work Activities,Hospital activities,Higher Education,Yes,No,17-3029,-0.0372319794758209,0.0
English Education Materials Writer,Education,Other Education,Higher Education,No,No,25-9031,1.333804583640498,0.0
English Subject Teacher,Education,"Primary/elementary education, Secondary/high school education",Higher Education,Yes,No,25-3099 ,0.8006554663832743,0.0
Enterprise Development Assistant,Administrative and Support Service Activities,"Business support service activities, n.e.c.",Higher Education,No,Yes,15-1151 ,1.2355878663736692,0.0
Enumerator,"Professional, Scientific and Technical Activities","Other professional, scientific and technical activities, n.e.c.",Not Higher Education,No,No,43-4111 ,1.25788885874446,0.0
Environment and Occupational Safety and Health Specialist (Manufacturing),Manufacturing,"Other manufacturing, n.e.c.",Higher Education,No,No,29-9011 ,0.2380110444547259,0.0
"Environment, Safety & Health Officers",Construction,Construction of utility projects,Higher Education,No,No,53-6051,0.195081275698469,0.0
Environmental Compliance Analyst,"Water Supply; Sewerage, Waste Management and Remediation",Remediation activities and other waste management services,Higher Education,No,No,17-2081,1.3942922371302795,0.0
Environmental Engineer,"Professional, Scientific and Technical Activities",Architectural and engineering activities and related technical consultancy,Higher Education,No,No,19-2041 ,1.121407837793284,0.0
Environmental Field Assistant,"Professional, Scientific and Technical Activities","Other professional, scientific and technical activities, n.e.c.",Higher Education,No,Yes,17-2081,1.3942922371302795,0.0
Environmental Health Assistant,Human Health and Social Work Activities,Other human health activities,Higher Education,No,Yes,29-9011 ,0.2380110444547259,0.0
Environmental Impact Analyst,"Water Supply; Sewerage, Waste Management and Remediation",Remediation activities and other waste management services,Higher Education,No,No,19-2041 ,1.121407837793284,0.0
Equipment Dispatchers,Construction,Construction of utility projects,Not Higher Education,No,No,43-5111,-0.1990509675516624,0.0
Equipment Technicians,Construction,Construction of utility projects,Not Higher Education,No,No,17-3024,-0.2923061417176008,0.0
Equipment Tool Keepers,Construction,Other specialized construction activities,Not Higher Education,No,No,43-5111,-0.1990509675516624,0.0
Erection Crew,Construction,Construction of buildings,Not Higher Education,No,No,47-3019,-1.15238606969144,0.0
ESL Curriculum Assistant,Education,Other Education,Higher Education,No,Yes,25-9031,1.333804583640498,0.0
ESL Trainer,Education,Other Education,Higher Education,No,No,13-1151 ,1.1966462559768865,0.0
Estimator,Transportation and Storage,Warehousing and storage,Higher Education,Yes,No,17-2199,0.5129253723597855,0.0
Ethics Research Assistant,"Professional, Scientific and Technical Activities",Research and experimental development on social sciences and humanities,Higher Education,No,Yes,25-1199,0.8006554663832743,0.0
EU Policy Analyst,"Professional, Scientific and Technical Activities",Research and experimental development on social sciences and humanities,Higher Education,No,No,13-1199,1.4540568100648037,0.0
EV Battery Automotive Mechanic,Manufacturing,Manufacture of batteries and accumulators,Not Higher Education,No,No,49-2093,-0.8400396819555548,0.0
Events Assistant,Administrative and Support Service Activities,"Business support service activities, n.e.c.",Higher Education,No,Yes,13-1121,0.3580352965169154,0.0
Executive Assistant (Airline),Administrative and Support Service Activities,Office administrative and support activities,Higher Education,No,Yes,43-6011,1.0600457450196432,0.0
Executive Secretary,Administrative and Support Service Activities,Office administrative and support activities,Higher Education,No,Yes,43-6011,1.0600457450196432,0.0
Exercise Physiologist,Human Health and Social Work Activities,Medical and dental practice activities,Higher Education,No,No,19-1099,1.1962758695210862,0.0
Exhibit Design Assistant,"Arts, Entertainment and Recreation","Creative, arts and entertainment activities",Higher Education,No,Yes,27-1029,0.733024170282144,0.0
Exhibits Specialist,"Arts, Entertainment and Recreation","Libraries, archives, museums and other cultural activities",Higher Education,No,No,25-4012,0.7188278381031682,0.0
Export Brokerage Clerk,Transportation and Storage,"Freight air transport, Sea and coastal water transport",Higher Education,No,Yes,33-3051,-0.7219361463874624,0.0
External Auditor,Financial and Insurance Activities,"Accounting, bookkeeping and auditing activities; tax consultancy",Higher Education,Yes,No,13-2082,1.3620743346972182,0.0
Eyelash And Eyebrow Technician,Other Service Activities,"Personal services for wellness, except sports activities",Not Higher Education,No,No,39-5094,-0.1802445932619149,0.0
Fabric Quality Controller,Manufacturing,Manufacture of other textiles,Higher Education,No,No,51-9031,-0.957004770554684,0.0
Facilities Management Assistant,Administrative and Support Service Activities,Landscape care and maintenance service activities,Higher Education,No,Yes,37-2011,-1.440933617762003,0.6105555555555554
Facility Cleaning Specialist,Accommodation and Food Service Activities,Other accommodation,Not Higher Education,No,No,53-7061,-1.6968081414087133,0.0
Failure Analysis Technician,Manufacturing,Manufacture of electronic components,Higher Education,No,Yes,53-6041,0.3835605034568007,0.0
Faith Formation Instructor,Education,Other education services,Higher Education,Yes,No,25-2022,1.2731661055605612,0.0
Faith-Based NGO Assistant,Human Health and Social Work Activities,"Other social work activities without accommodation, n.e.c.",Higher Education,No,Yes,21-1012 ,1.390653349799162,0.0
Family Life Educator,Human Health and Social Work Activities,"Other social work activities without accommodation, n.e.c.",Higher Education,No,No,25-2012,0.3484516434659395,0.0
Family Welfare Worker,Human Health and Social Work Activities,"Other social work activities without accommodation, n.e.c.",Higher Education,No,No,21-1093,0.7806366196871929,0.0
Farm Equipment Fabricator,Manufacturing,"Manufacture of structural metal products, tanks, reservoirs and steam generators",Not Higher Education,No,No,49-9081,-1.049182638556866,0.0
Farm Operations Assistant,"Agriculture, Forestry, and Fishing",Support activities to agriculture and post-harvest crop activities,Higher Education,Yes,No,19-4071,-0.6777790981433184,0.0
Farm Systems Technician,"Agriculture, Forestry, and Fishing",Growing of non-perennial crops,Higher Education,No,Yes,19-4011,1.1962758695210862,0.0
Farm Technician,"Agriculture, Forestry, and Fishing",Animal production,Higher Education,No,Yes,19-4011,1.1962758695210862,0.0
Farm Tour Assistant,Accommodation and Food Service Activities,Other accommodation,Higher Education,No,Yes,39-7012,0.4571220527837438,0.0
Fashion Designer,Manufacturing,"Manufacture of wearing apparel, except fur apparel",Not Higher Education,No,No,27-1029,0.733024170282144,0.0
Fashion Exhibition Assistant,"Arts, Entertainment and Recreation","Creative, arts and entertainment activities",Higher Education,No,Yes,41-2031,0.072872365795889,0.0
Fashion Merchandising Assistant,Wholesale and Retail Trade; Repair of Motor Vehicles and Motorcycles,Retail Sale in Specialized Stores,Higher Education,No,Yes,27-3043 ,0.7743766257616718,0.0
Fiber Optic Cable Technician,Information and Communication,Wired telecommunications activities,Not Higher Education,No,No,49-9052,-1.0922437980466209,0.0
Fiber Optic Technician,Information and Communication,Wired telecommunications activities,Higher Education,No,Yes,29-2081,0.1939856726874307,0.0
Field Agronomist Assistant,"Agriculture, Forestry, and Fishing",Plant propagation,Higher Education,Yes,No,19-4011,1.1962758695210862,0.0
Field Development Associate,Human Health and Social Work Activities,"Other social work activities without accommodation, n.e.c.",Higher Education,No,Yes,13-1151 ,1.1966462559768865,0.0
Field Engineers,Construction,Construction of buildings,Higher Education,Yes,No,17-2051 ,1.303068832130924,0.0
Field Science Assistant,"Professional, Scientific and Technical Activities",Research and experimental development on natural sciences and engineering,Higher Education,No,Yes,31-9092,0.131317826544596,0.0
Field Service Technician (Electronics),Manufacturing,Manufacture of consumer electronics,Higher Education,No,Yes,17-3023,0.2307035718843949,0.0
Filipino Content Strategist,"Professional, Scientific and Technical Activities",Advertising,Higher Education,No,No,27-3031 ,1.2230614224333591,0.0
Filipino Language Educator,Education,Other Education,Higher Education,No,No,25-3099 ,0.8006554663832743,0.0
Filipino Sign Language Interpreter,Other Service Activities,"Other personal service activities, n.e.c.",Not Higher Education,No,No,27-3091,1.0640015601650763,0.0
Film and Video Editor,Information and Communication,"Motion picture, video and television programme activities",Higher Education,No,No,27-4032 ,0.9134893505999866,0.0
Finance Assistant (Cooperatives),Financial and Insurance Activities,"Other financial service activities, except insurance and pension funding activities",Higher Education,No,Yes,43-3031,1.0204933974998105,0.0
Finance Associate,Financial and Insurance Activities,"Other financial service activities, except insurance and pension funding activities",Higher Education,No,Yes,43-3031,1.0204933974998105,0.0
Financial Auditor,Financial and Insurance Activities,"Accounting, bookkeeping and auditing activities; tax consultancy",Higher Education,Yes,No,13-2082,1.3620743346972182,0.0
Finishing Mason,Construction,Construction of buildings,Not Higher Education,No,No,47-4091 ,-0.9916104341060964,0.0
First-Aider,Human Health and Social Work Activities,"Other social work activities without accommodation, n.e.c.",Not Higher Education,No,No,31-9099,-0.5134808423859277,0.0
Fish Finder Operator,Manufacturing,"Manufacture of measuring, testing, navigating and control equipment; watches and clocks",Not Higher Education,No,No,49-9069 ,-1.0922437980466209,0.0
Fish Packaging Worker,Manufacturing,"Processing and preserving of fish, crustaceans and mollusks",Not Higher Education,No,No,51-3091 ,-0.7688751902862945,0.0
Fish Processing Technician,"Agriculture, Forestry, and Fishing",Aquaculture,Higher Education,Yes,No,51-3091 ,-0.7688751902862945,0.0
Fish Quality Inspector,"Agriculture, Forestry, and Fishing",Fishing,Higher Education,Yes,No,45-2011 ,0.1555959054689412,0.0
Fishery Operations Assistant,"Agriculture, Forestry, and Fishing",Aquaculture,Higher Education,No,Yes,45-2093,-1.1166346396376288,0.0
Fishnet Maker,"Agriculture, Forestry, and Fishing",Aquaculture,Not Higher Education,No,No,51-6041,-0.8841484845166345,0.0
Fitness Instructor,"Arts, Entertainment and Recreation",Sports activities,Higher Education,No,No,39-9031,-2.032514091161482,0.0
Fitness Testing Technician,"Arts, Entertainment and Recreation",Sports activities,Higher Education,No,Yes,53-6041,0.3835605034568007,0.0
Fixed Wireless Broadband Installer,Information and Communication,Wireless telecommunications activities,Not Higher Education,No,No,49-9052,-1.0922437980466209,0.0
Flight Dispatch Officer,Transportation and Storage,"Passenger air transport, Freight air transport",Higher Education,No,No,43-5032,1.1679053146236258,0.0
Flight Engineers,Transportation and Storage,Support activities for transportation,Higher Education,No,No,53-2012,-0.2057925090763235,0.0
Flight Operations Assistant,Transportation and Storage,"Passenger air transport, Freight air transport",Higher Education,No,Yes,49-3011,-0.6954195207175982,0.0
Florist,Other Service Activities,"Personal services for wellness, except sports activities",Not Higher Education,No,No,51-9083 ,-0.6074750429114406,0.0
Food and Beverage Attendant,Accommodation and Food Service Activities,Restaurants and mobile food service activities,Higher Education,No,Yes,35-3041 ,-0.7755887983642628,0.0
Food Processing Worker,Manufacturing,Manufacture of other food products,Not Higher Education,No,No,51-3091 ,-0.7688751902862945,0.0
Food Product Developer,Accommodation and Food Service Activities,Restaurants and mobile food service activities,Higher Education,No,No,35-1012,-0.1489164181781776,0.0
Food Safety Auditor,Manufacturing,Manufacture of other food products,Higher Education,Yes,No,13-1041,0.1292963535410174,0.0
Food Safety Officer,Accommodation and Food Service Activities,Event catering and other food service activities,Higher Education,No,No,53-6051,0.195081275698469,0.0
Food Service Worker,Accommodation and Food Service Activities,Restaurants and mobile food service activities,Higher Education,No,No,35-9011 ,-1.826941747515469,0.0
Food Technologist,"Agriculture, Forestry, and Fishing",Support activities to agriculture and post-harvest crop activities,Higher Education,Yes,No,25-9021,0.8006554663832743,0.0
Foreign Affairs Researcher,"Professional, Scientific and Technical Activities",Research and experimental development on social sciences and humanities,Higher Education,No,No,13-1111,1.369842507381068,0.0
Foreign Language Teacher (Arabic),Education,Other education services,Higher Education,Yes,No,25-3099 ,0.8006554663832743,0.0
Foreign Policy Research Assistant,"Professional, Scientific and Technical Activities",Research and experimental development on social sciences and humanities,Higher Education,No,Yes,13-1199,1.4540568100648037,0.0
Forensic Accountant,Financial and Insurance Activities,"Accounting, bookkeeping and auditing activities; tax consultancy",Higher Education,Yes,No,13-2082,1.3620743346972182,0.0
Forensic Lab Assistant,"Professional, Scientific and Technical Activities","Other professional, scientific and technical activities, n.e.c.",Higher Education,No,Yes,53-6041,0.3835605034568007,0.0
Forensic Laboratory Analyst,"Professional, Scientific and Technical Activities","Other professional, scientific and technical activities, n.e.c.",Higher Education,No,No,53-6041,0.3835605034568007,0.0
Forestry Extension Assistant,"Agriculture, Forestry, and Fishing",Silviculture and other forestry activities,Higher Education,Yes,No,25-9021,0.8006554663832743,0.0
Forging Machine Operator,Manufacturing,Manufacture of other fabricated metal products; metal working service activities,Not Higher Education,No,No,51-4199 ,-0.8341351787751918,0.0
Forklift Drivers,Transportation and Storage,Other land transport,Not Higher Education,No,No,53-7051 ,-1.298820999584999,0.0
Forklift Operator,Construction,Demolition and site preparation,Not Higher Education,No,No,53-7051 ,-1.298820999584999,0.0
Formworks Crew,Construction,Construction of buildings,Not Higher Education,No,No,47-3019,-1.15238606969144,0.0
Foundry Melter,Manufacturing,Casting of metals,Not Higher Education,No,No,51-9022,-1.0588021445746334,0.0
Foundry Molder,Manufacturing,Casting of metals,Not Higher Education,No,No,51-4072 ,-1.1541431770984385,0.0
Foundry Patternmaker,Manufacturing,Casting of metals,Not Higher Education,No,No,51-4192,-0.7322789568903688,0.0
Freight and Furniture Handlers,Transportation and Storage,Freight air transport,Not Higher Education,No,No,53-7121,-1.394520359139548,0.0
Front End Game Developer,Information and Communication,"Computer programming, consultancy and related activities",Higher Education,No,No,15-1133,1.2355878663736692,0.0
Front Office Agent,Accommodation and Food Service Activities,Other accommodation,Not Higher Education,No,No,43-4171,1.0117367283079466,0.0
Front-End Developer,Information and Communication,"Computer programming, consultancy and related activities",Higher Education,No,No,15-1134 ,1.2355878663736692,0.0
Front-End Web Developer,Information and Communication,"Computer programming, consultancy and related activities",Not Higher Education,No,No,15-1134 ,1.2355878663736692,0.0
Furniture Maker Finisher,Manufacturing,Manufacture of furniture,Not Higher Education,No,No,51-2099,-0.8341351787751918,0.0
Game Designer,Information and Communication,Other information service activities,Higher Education,No,No,27-1024,0.733024170282144,0.0
Game Programmer,Information and Communication,"Computer programming, consultancy and related activities",Not Higher Education,No,No,27-1024,0.733024170282144,0.0
Garment Technician,Manufacturing,"Manufacture of wearing apparel, except fur apparel",Higher Education,No,Yes,27-1029,0.733024170282144,0.0
Gas Welder (Oxy-Acetylene),Construction,Other specialized construction activities,Not Higher Education,No,No,51-4122 ,-0.9644465077543026,0.0
Genealogist,"Arts, Entertainment and Recreation","Libraries, archives, museums and other cultural activities",Higher Education,No,No,19-3099,1.3409751077112817,0.0
General Subject Basic Education Teacher,Education,Primary/elementary education,Higher Education,Yes,No,25-2031,1.1884950168906403,0.0
General Subject High School Teacher,Education,Secondary/high school education,Higher Education,Yes,No,25-2031,1.1884950168906403,0.0
Generator Set Tenders,Construction,"Electrical, plumbing and other construction installation activities",Not Higher Education,No,No,51-8013,-0.6745700212605167,0.0
Geothermal Plant Technician,"Electricity, Gas, Steam and Air Conditioning Supply",Manufacture of gas; distribution of gaseous fuels through mains,Higher Education,No,Yes,19-2043,0.6232162857528429,0.0
Geriatric Physical Therapist,Human Health and Social Work Activities,Medical and dental practice activities,Higher Education,Yes,No,29-1128,-0.0373440278329034,0.0
GIS & Spatial Analyst,"Professional, Scientific and Technical Activities",Research and experimental development on social sciences and humanities,Higher Education,No,No,15-1299,1.2355878663736692,0.0
Global Programs Associate,"Professional, Scientific and Technical Activities","Other professional, scientific and technical activities, n.e.c.",Higher Education,No,Yes,21-1012 ,1.390653349799162,0.0
Gondola Tenders,Construction,Other specialized construction activities,Not Higher Education,No,No,53-7041,-0.9871245285050874,0.0
Government Program Officer,Public Administration and Defense; Compulsory Social Security,Public Administration and Defense; Compulsory Social Security,Higher Education,No,No,21-1012 ,1.390653349799162,0.0
Government Records Assistant,Public Administration and Defense; Compulsory Social Security,Public Administration and Other Executive Offices,Higher Education,No,Yes,43-9061 ,0.9698125993622836,0.0
Graphic Designer,Information and Communication,Other information service activities,Higher Education,No,No,15-1134 ,1.2355878663736692,0.0
Green Coffee Beans Processor,"Agriculture, Forestry, and Fishing",Support activities to agriculture and post-harvest crop activities,Not Higher Education,No,No,45-2091,-1.153152853548008,0.0
Ground Operations Crew Member,Transportation and Storage,"Passenger air transport, Freight air transport",Higher Education,No,No,53-6061,-0.3872555286506614,0.0
GTAW/TIG Welder,Construction,Other specialized construction activities,Not Higher Education,No,No,51-4122 ,-0.9644465077543026,0.0
Guest Relations Associate,Accommodation and Food Service Activities,Short term accommodation activities,Higher Education,No,Yes,43-4081,0.589195436762273,0.0
HACCP Coordinator,Manufacturing,Manufacture of other food products,Higher Education,No,No,13-1041,0.1292963535410174,0.0
Hairdresser,Other Service Activities,"Personal services for wellness, except sports activities",Not Higher Education,No,No,39-5012,-0.6928416342196729,0.0
Halal Compliance Specialist,Manufacturing,Manufacture of other food products,Higher Education,No,No,19-3092,1.4085293419369729,0.0
Halal Seaweed Processing Worker,Manufacturing,"Processing and preserving of fish, crustaceans and mollusks",Not Higher Education,No,No,51-9199,-0.8341351787751918,0.0
Halal Slaughterer,Manufacturing,Processing and preserving of meat,Not Higher Education,No,No,51-3091 ,-0.7688751902862945,0.0
Handloom Weaver,Manufacturing,"Spinning, weaving and finishing of textiles",Not Higher Education,No,No,51-6041,-0.8841484845166345,0.0
Hatchery Farm Worker,"Agriculture, Forestry, and Fishing",Aquaculture,Not Higher Education,No,No,45-2093,-1.1166346396376288,0.0
HDD FOL Operator,Manufacturing,Manufacture of electronic components,Not Higher Education,No,No,51-9194,-0.6501212176431842,0.0
Health and Safety Officer (Manufacturing),Manufacturing,"Other manufacturing, n.e.c.",Higher Education,No,No,29-9011 ,0.2380110444547259,0.0
Health Information Management Technician,Information and Communication,"Data processing, hosting and related activities; web portals (if digitized records)OR Other information service activities (if part of IT-BPM support to healthcare)",Higher Education,No,Yes,29-2071 ,0.2380110444547259,0.0
Health Program Assistant,Human Health and Social Work Activities,Other human health activities,Higher Education,No,Yes,31-9092,0.131317826544596,0.0
Health Promotion Officer,Human Health and Social Work Activities,Other human health activities,Higher Education,No,No,29-9092 ,1.5056696701614034,0.0
Health Services Clerk,Human Health and Social Work Activities,Human Health Activities,Higher Education,No,Yes,29-2071 ,0.2380110444547259,0.0
Heat Treater,Manufacturing,Manufacture of basic iron and steel,Not Higher Education,No,No,51-8091,-0.3951131271969292,0.0
Heavy Equipment Mechanic,Construction,Other specialized construction activities,Not Higher Education,No,No,49-9081,-1.049182638556866,0.0
Heavy Equipment Operator (High School),Construction,Demolition and site preparation,Not Higher Education,No,No,47-5022,-1.15238606969144,0.0
Herbal Remedies Research Aide,Human Health and Social Work Activities,Other human health activities,Higher Education,No,Yes,29-9099,0.1929736859629439,0.0
Heritage Planner,"Arts, Entertainment and Recreation","Libraries, archives, museums and other cultural activities",Higher Education,No,Yes,25-4012,0.7188278381031682,0.0
Heritage Site Guide,"Arts, Entertainment and Recreation","Libraries, archives, museums and other cultural activities",Higher Education,No,No,39-7012,0.4571220527837438,0.0
Heritage Tourism Operator,"Arts, Entertainment and Recreation","Libraries, archives, museums and other cultural activities",Higher Education,No,Yes,41-9099 ,0.4776825370436939,0.0
Heritage Tradesperson / Heritage Conservation Technician,"Arts, Entertainment and Recreation","Libraries, archives, museums and other cultural activities",Higher Education,No,Yes,27-1012 ,-0.8672596469857901,0.0
High School Science Teacher,Education,Secondary/high school education,Higher Education,Yes,No,43-4121,0.1888573925939125,0.0
History Lecturer,Education,Higher education,Higher Education,No,No,19-3099,1.3409751077112817,0.0
Home Economics Extension Worker,Human Health and Social Work Activities,"Other social work activities without accommodation, n.e.c.",Higher Education,No,No,21-1093,0.7806366196871929,0.0
Home-Based Birth Assistant (Registered Midwife),Human Health and Social Work Activities,Medical and dental practice activities,Higher Education,Yes,No,29-9099,0.1929736859629439,0.0
Horse Riding Instructor,Other Service Activities,"Personal services for wellness, except sports activities",Not Higher Education,No,No,39-9031,-2.032514091161482,0.0
Horticulture Assistant,"Agriculture, Forestry, and Fishing",Plant propagation,Higher Education,No,Yes,19-4011,1.1962758695210862,0.0
Hospital Administration Associate,Human Health and Social Work Activities,Hospital activities,Higher Education,No,Yes,43-6013,1.0337143779854754,0.0
Hospital Caregiver,Human Health and Social Work Activities,Hospital activities,Not Higher Education,No,No,31-1014 ,-0.4413828025834359,0.0
Hospital Nursing Aide,Human Health and Social Work Activities,Hospital activities,Not Higher Education,No,No,31-1014 ,-0.4413828025834359,0.0
Hospital Pharmacist,Human Health and Social Work Activities,Other human health activities,Higher Education,Yes,No,29-1051,0.6009057203410911,0.0
Hospitality Systems and Technology Analyst,Information and Communication,"Computer programming, consultancy and related activities",Higher Education,No,No,15-1211,1.1239022980263975,0.0
Hotel Cleaners,Accommodation and Food Service Activities,Short term accommodation activities,Not Higher Education,No,No,53-7061,-1.6968081414087133,0.0
Hotel Duty Engineer,Accommodation and Food Service Activities,Short term accommodation activities,Higher Education,Yes,No,17-2199,0.5129253723597855,0.0
Hotel Maintenance,Accommodation and Food Service Activities,Short term accommodation activities,Not Higher Education,No,No,47-2231,-0.9863345860553324,0.0
Hotel Receptionist,Accommodation and Food Service Activities,Short term accommodation activities,Higher Education,No,Yes,43-4171,1.0117367283079466,0.0
Hotel Services Attendant,Accommodation and Food Service Activities,Short term accommodation activities,Higher Education,No,Yes,37-1011 ,-0.5409268890934459,0.6105555555555554
Household Equipment Technician,Other Service Activities,Repair of personal and household goods,Higher Education,No,Yes,49-2096,-0.8014663306886012,0.0
Housekeeping Attendant,Accommodation and Food Service Activities,Other accommodation,Not Higher Education,No,No,37-1011 ,-0.5409268890934459,0.6105555555555554
HR Assistants / Timekeepers (Construction),Construction,Construction of buildings,Higher Education,No,No,43-4161 ,1.3320301230028002,0.0
HR Business Partner,Administrative and Support Service Activities,Other human resources provision,Higher Education,No,No,21-1012 ,1.390653349799162,0.0
HR Operations and Technology Specialist,Administrative and Support Service Activities,Other human resources provision,Higher Education,No,No,21-1012 ,1.390653349799162,0.0
Human Resource Assistant (Transportation and Storage),Transportation and Storage,Support activities for transportation,Higher Education,No,Yes,43-4161 ,1.3320301230028002,0.0
Human Resource Associate,Administrative and Support Service Activities,Other human resources provision,Higher Education,No,Yes,21-1012 ,1.390653349799162,0.0
Human Resource Staff (Construction),Construction,Construction of buildings,Higher Education,No,No,43-4161 ,1.3320301230028002,0.0
Humanitarian Affairs Officer,Public Administration and Defense; Compulsory Social Security,Public administration and defense; compulsory social security,Higher Education,No,No,21-1099,0.7806366196871929,0.0
Humanities Researcher,"Professional, Scientific and Technical Activities",Research and experimental development on social sciences and humanities,Higher Education,No,No,25-1199,0.8006554663832743,0.0
HVAC Technician,"Electricity, Gas, Steam and Air Conditioning Supply",Airconditioning and Refrigeration,Higher Education,No,Yes,17-3029,-0.0372319794758209,0.0
Hydraulic Excavator Operator,Construction,Demolition and site preparation,Not Higher Education,No,No,47-5022,-1.15238606969144,0.0
IC Designer,Manufacturing,Manufacture of electronic components,Higher Education,No,No,17-2072 ,0.6853776260103156,0.0
Ice Plant Refrigeration Technician,"Electricity, Gas, Steam and Air Conditioning Supply",Airconditioning and Refrigeration,Not Higher Education,No,No,49-9021 ,-0.9106473891239084,0.0
Import Coordinator,Transportation and Storage,Support activities for transportation,Not Higher Education,No,No,43-5071 ,-0.7563964437120684,0.0
Import/Export Documentation Clerk,Transportation and Storage,Support activities for transportation,Higher Education,No,Yes,33-3051,-0.7219361463874624,0.0
Industrial Automation Technician,Manufacturing,Manufacture of general purpose machinery,Higher Education,No,Yes,17-3029,-0.0372319794758209,0.0
Industrial Chemist (Licensed),Manufacturing,Manufacture of basic chemicals,Higher Education,Yes,No,19-2032,1.2002810540187745,0.0
Industrial Electrician,Construction,"Electrical, plumbing and other construction installation activities",Not Higher Education,No,No,47-2231,-0.9863345860553324,0.0
Industrial Policy Analyst,"Professional, Scientific and Technical Activities",Research and experimental development on social sciences and humanities,Higher Education,No,No,13-1199,1.4540568100648037,0.0
Industrial Refrigeration Plant Operator,"Electricity, Gas, Steam and Air Conditioning Supply",Airconditioning and Refrigeration,Not Higher Education,No,No,49-9021 ,-0.9106473891239084,0.0
Industrial Scheduler,"Professional, Scientific and Technical Activities","Other professional, scientific and technical activities, n.e.c.",Higher Education,No,Yes,51-2031,-0.9651301558449767,0.0
Infrastructure Support Technician,Information and Communication,"Computer programming, consultancy and related activities",Higher Education,No,Yes,15-1152 ,1.2355878663736692,0.0
Inland Water Fisheries Assistant,"Agriculture, Forestry, and Fishing",Aquaculture,Higher Education,Yes,No,25-9021,0.8006554663832743,0.0
Institutional Catering Assistant,Accommodation and Food Service Activities,Event catering and other food service activities,Higher Education,No,Yes,35-9011 ,-1.826941747515469,0.0
Instrumental Music Teacher,Education,Other education services,Higher Education,Yes,No,25-3021,0.5095961456095874,0.0
Instrumentation And Automation Technician,Manufacturing,"Manufacture of measuring, testing, navigating and control equipment; watches and clocks",Not Higher Education,No,No,53-6041,0.3835605034568007,0.0
Instrumentation Engineer (Licensed),"Electricity, Gas, Steam and Air Conditioning Supply","Electric power generation, transmission and distribution",Higher Education,Yes,No,17-2072 ,0.6853776260103156,0.0
Insurance Processors,Financial and Insurance Activities,Activities auxiliary to insurance and pension funding,Not Higher Education,No,No,41-3021,1.3203041108213494,0.0
Interactive Content Developer,Information and Communication,"Computer programming, consultancy and related activities",Higher Education,No,No,15-1134 ,1.2355878663736692,0.0
Interactive Media Assistant,Information and Communication,"Computer programming, consultancy and related activities",Higher Education,No,Yes,27-4099 ,0.733024170282144,0.0
Intercultural Program Facilitator,Human Health and Social Work Activities,"Other social work activities without accommodation, n.e.c.",Higher Education,No,No,21-1093,0.7806366196871929,0.0
Interfaith Program Assistant,Human Health and Social Work Activities,"Other social work activities without accommodation, n.e.c.",Higher Education,No,Yes,15-1151 ,1.2355878663736692,0.0
Interior Architect (Tourism),"Professional, Scientific and Technical Activities",Architectural and engineering activities and related technical consultancy,Higher Education,Yes,No,17-1011,1.0614157123926595,0.0
Interior Design Assistant,"Professional, Scientific and Technical Activities",Specialized design activities,Higher Education,Yes,No,27-1027,0.4050940821041838,0.0
Internal Communications Specialist,"Professional, Scientific and Technical Activities",Advertising,Higher Education,No,No,49-9052,-1.0922437980466209,0.0
International Affairs Assistant,"Professional, Scientific and Technical Activities",Research and experimental development on social sciences and humanities,Higher Education,No,Yes,43-6011,1.0600457450196432,0.0
International Cooperation Analyst,"Professional, Scientific and Technical Activities",Research and experimental development on social sciences and humanities,Higher Education,No,No,19-3011,1.3739893283132485,0.0
International Trade Support Staff,Wholesale and Retail Trade; Repair of Motor Vehicles and Motorcycles,Wholesale Trade,Higher Education,No,No,43-5011 ,0.9292408184875,0.0
Inventory Analyst,Transportation and Storage,Support activities for transportation,Not Higher Education,No,No,43-5111,-0.1990509675516624,0.0
Inventory Clerk (Transportation and Storage),Transportation and Storage,Support activities for transportation,Higher Education,No,Yes,43-5111,-0.1990509675516624,0.0
Inventory Management Assistant,Transportation and Storage,Support activities for transportation,Higher Education,No,Yes,43-5111,-0.1990509675516624,0.0
Investment Accountant,Financial and Insurance Activities,"Accounting, bookkeeping and auditing activities; tax consultancy",Higher Education,Yes,No,13-2082,1.3620743346972182,0.0
Irrigation Technician,"Agriculture, Forestry, and Fishing",Aquaculture,Not Higher Education,No,No,19-4011,1.1962758695210862,0.0
IT Business Analyst Assistant,Information and Communication,"Computer programming, consultancy and related activities",Higher Education,No,Yes,15-1211,1.1239022980263975,0.0
IT Support Specialist,Information and Communication,"Computer Programming, Consultancy and Related Activities",Higher Education,No,No,21-1012 ,1.390653349799162,0.0
IT Support Technician (Air Transport),Transportation and Storage,"Passenger air transport, Freight air transport",Higher Education,No,Yes,17-3023,0.2307035718843949,0.0
IT Technical Support Personnel (Healthcare),Human Health and Social Work Activities,Hospital activities,Higher Education,No,No,15-1151 ,1.2355878663736692,0.0
IT Technician,Information and Communication,"Computer Programming, Consultancy and Related Activities",Higher Education,No,Yes,17-3023,0.2307035718843949,0.0
Japan Market Liaison,"Professional, Scientific and Technical Activities","Other professional, scientific and technical activities, n.e.c.",Higher Education,No,No,41-4011,1.1229674482784473,0.0
Japanese Language and Culture Assistant,Education,Other Education,Higher Education,No,Yes,21-1093,0.7806366196871929,0.0
Java Programmer,Information and Communication,"Computer programming, consultancy and related activities",Not Higher Education,No,No,15-1133,1.2355878663736692,0.0
Jobs Coordinator (Transportation and Storage),Transportation and Storage,Support activities for transportation,Higher Education,No,Yes,43-4161 ,1.3320301230028002,0.0
Judicial Assistant,Public Administration and Defense; Compulsory Social Security,Justice and Judicial Activities,Higher Education,No,Yes,33-9031,0.7106225288460828,0.0
Junior AI Data Governance Officer,Information and Communication,"Data processing, hosting and related activities; web portals",Not Higher Education,No,No,15-1242,1.3407881770776937,0.0
Junior Airline Accounting Clerk,Transportation and Storage,"Passenger air transport, Freight air transport",Higher Education,Yes,No,43-3011,1.2514394559345414,0.0
Junior Applications Analyst,Information and Communication,"Computer Programming, Consultancy and Related Activities",Higher Education,No,No,15-1133,1.2355878663736692,0.0
Junior Architectural Technologist,"Professional, Scientific and Technical Activities",Architectural and engineering activities and related technical consultancy,Higher Education,Yes,No,17-1011,1.0614157123926595,0.0
Junior Associate (Consulting),"Professional, Scientific and Technical Activities",Management consultancy activities,Higher Education,No,Yes,13-1111,1.369842507381068,0.0
Junior Behavioral Health Analyst,Human Health and Social Work Activities,"Other social work activities without accommodation, n.e.c.",Higher Education,No,No,19-3039,1.1962758695210862,0.0
Junior Botanist,"Professional, Scientific and Technical Activities",Research and experimental development on natural sciences and engineering,Higher Education,No,No,19-1099,1.1962758695210862,0.0
Junior Budget Analyst,Financial and Insurance Activities,"Activities auxiliary to financial service, except insurance and pension funding",Higher Education,Yes,No,13-2061,1.4984326197157478,0.0
Junior Business Analyst,Financial and Insurance Activities,"Activities auxiliary to financial service, except insurance and pension funding",Higher Education,No,No,13-2061,1.4984326197157478,0.0
Junior Business News Writer,Information and Communication,"Publishing of books, periodicals and other publishing activities",Higher Education,No,No,27-3041 ,1.1083010062005718,0.0
Junior Business Process Analyst,Information and Communication,Management consultancy activities,Higher Education,No,No,15-1211,1.1239022980263975,0.0
Junior Computational Physicist,"Professional, Scientific and Technical Activities",Research and experimental development on natural sciences and engineering,Higher Education,No,No,19-2012,1.3394233838362617,0.0
Junior Credit Analyst,Financial and Insurance Activities,Monetary intermediation,Higher Education,No,No,13-2072 ,1.2375369086685346,0.0
Junior Database Administrator,Information and Communication,"Computer programming, consultancy and related activities",Higher Education,No,No,15-1242,1.3407881770776937,0.0
Junior Economic Analyst,"Professional, Scientific and Technical Activities",Research and experimental development on social sciences and humanities,Higher Education,No,No,19-3011,1.3739893283132485,0.0
Junior Editorial Researcher,Information and Communication,Programming and Broadcasting Activities,Higher Education,No,No,27-3041 ,1.1083010062005718,0.0
Junior Financial Analyst,Financial and Insurance Activities,Fund management activities,Higher Education,Yes,No,13-2061,1.4984326197157478,0.0
Junior Financial Market Analyst,Financial and Insurance Activities,Fund management activities,Higher Education,No,No,13-2061,1.4984326197157478,0.0
Junior Geologist,"Professional, Scientific and Technical Activities",Research and experimental development on natural sciences and engineering,Higher Education,Yes,No,19-2043,0.6232162857528429,0.0
Junior Illustrator,"Arts, Entertainment and Recreation","Creative, arts and entertainment activities",Higher Education,No,No,27-1024,0.733024170282144,0.0
Junior Information Systems Analyst,Information and Communication,"Computer Programming, Consultancy and Related Activities",Higher Education,No,No,15-1211,1.1239022980263975,0.0
Junior IoT Specialist,Information and Communication,Other information service activities,Not Higher Education,No,No,15-1152 ,1.2355878663736692,0.0
Junior Landscape Planner,"Professional, Scientific and Technical Activities",Architectural and engineering activities and related technical consultancy,Higher Education,Yes,No,19-3051,1.22004492837092,0.0
Junior Physics Instructor,Education,Higher education,Higher Education,No,No,19-4099,0.0882226573666494,0.0
Junior Power Systems Engineer,"Electricity, Gas, Steam and Air Conditioning Supply","Manufacture of electric motors, generators, transformers and electricity distribution and control apparatus",Higher Education,Yes,No,17-2141 ,1.167377784026609,0.0
Junior Prepress Technician,Manufacturing,Printing and service activities related to printing,Not Higher Education,No,No,51-5112,-0.7848217233408605,0.0
Junior Project Coordinator,"Professional, Scientific and Technical Activities","Other professional, scientific and technical activities, n.e.c.",Higher Education,No,Yes,21-1093,0.7806366196871929,0.0
Junior Quantitative Analyst,Financial and Insurance Activities,Fund management activities,Higher Education,No,No,19-3011,1.3739893283132485,0.0
Junior Risk Analyst,Financial and Insurance Activities,"Activities auxiliary to financial service, except insurance and pension funding",Higher Education,No,No,13-2061,1.4984326197157478,0.0
Junior Software Developer,Information and Communication,"Computer programming, consultancy and related activities",Higher Education,No,No,15-1133,1.2355878663736692,0.0
Junior Software Engineer,Information and Communication,"Computer Programming, Consultancy and Related Activities",Higher Education,No,No,15-1133,1.2355878663736692,0.0
Junior Statistician,Financial and Insurance Activities,"Activities auxiliary to financial service, except insurance and pension funding",Higher Education,No,No,19-1099,1.1962758695210862,0.0
Junior Systems Administrator,Information and Communication,"Computer programming, consultancy and related activities",Higher Education,No,No,15-1244,0.7714307163971404,0.0
Junior Trade and Culture Analyst,Public Administration and Defense; Compulsory Social Security,Public Administration and Defense; Compulsory Social Security,Higher Education,No,No,13-1111,1.369842507381068,0.0
Kiln Operator,Manufacturing,"Manufacture of non-metallic mineral products, n.e.c.",Higher Education,No,Yes,51-9191,-1.3185293182389948,0.0
Kindergarten Teacher,Education,Pre-primary/pre-school education,Higher Education,Yes,No,25-2012,0.3484516434659395,0.0
Kitchen Staff,Accommodation and Food Service Activities,Event catering and other food service activities,Higher Education,No,No,35-9011 ,-1.826941747515469,0.0
Knowledge Management Officer,Information and Communication,Other information service activities,Higher Education,Yes,No,25-9011,0.8006554663832743,0.0
Labor Relations Specialist,Administrative and Support Service Activities,Other human resources provision,Higher Education,No,No,21-1012 ,1.390653349799162,0.0
Laboratory And Metrology Calibration Technician,Manufacturing,"Manufacture of measuring, testing, navigating and control equipment; watches and clocks",Not Higher Education,No,No,53-6041,0.3835605034568007,0.0
Laboratory Technician,"Professional, Scientific and Technical Activities",Research and experimental development on natural sciences and engineering,Higher Education,No,Yes,29-2012,-0.3935851657204582,0.0
"Laborers and Hand Freight, Stock, and Material Movers",Transportation and Storage,Freight air transport,Not Higher Education,No,No,53-7121,-1.394520359139548,0.0
Land-Based Transport Refrigeration Mechanic,"Electricity, Gas, Steam and Air Conditioning Supply",Airconditioning and Refrigeration,Not Higher Education,No,No,49-9021 ,-0.9106473891239084,0.0
Landscape Design Assistant (Licensed Architect),"Professional, Scientific and Technical Activities",Architectural and engineering activities and related technical consultancy,Higher Education,Yes,No,17-1011,1.0614157123926595,0.0
Landscape Design Technician,"Professional, Scientific and Technical Activities",Architectural and engineering activities and related technical consultancy,Higher Education,No,Yes,47-4011,0.3600520511318562,0.0
Landscape Gardener,Other Service Activities,"Personal services for wellness, except sports activities",Not Higher Education,No,No,45-2091,-1.153152853548008,0.0
Language Arts Curriculum Developer,Education,Other Education,Higher Education,No,No,25-9031,1.333804583640498,0.0
Language Policy Research Assistant,"Professional, Scientific and Technical Activities",Research and experimental development on social sciences and humanities,Higher Education,No,Yes,25-3099 ,0.8006554663832743,0.0
Language Teaching Assistant,Education,Other Education,Higher Education,No,Yes,25-3099 ,0.8006554663832743,0.0
Latex Receiver,Manufacturing,Manufacture of rubber products,Not Higher Education,No,No,51-9197,-1.7041882984785872,0.0
Laundry Attendant,Accommodation and Food Service Activities,Short term accommodation activities,Not Higher Education,No,No,51-6011,-1.062885932057287,0.0
Laundry Machine Operator,Other Service Activities,Laundry services,Not Higher Education,No,No,51-6011,-1.062885932057287,0.0
Layout Artist,"Arts, Entertainment and Recreation","Creative, arts and entertainment activities",Higher Education,No,No,27-1013,-0.5800703514608596,0.0
Learning and Development Officer,Administrative and Support Service Activities,Other human resources provision,Higher Education,No,No,21-1012 ,1.390653349799162,0.0
Leasing Assistant,Real Estate Activities,Real Estate Activities with Own or Leased Property,Higher Education,No,Yes,43-6011,1.0600457450196432,0.0
Legal Assistant,"Professional, Scientific and Technical Activities","Other professional, scientific and technical activities, n.e.c.",Higher Education,No,Yes,33-9031,0.7106225288460828,0.0
Legal Associate,Public Administration and Defense; Compulsory Social Security,Justice and Judicial Activities,Higher Education,Yes,No,33-9031,0.7106225288460828,0.0
Legal Research Assistant,Public Administration and Defense; Compulsory Social Security,Public Administration,Higher Education,No,Yes,23-1011,1.3906421927347794,0.0
Legislative Researcher,"Professional, Scientific and Technical Activities",Research and experimental development on social sciences and humanities,Higher Education,No,No,25-1199,0.8006554663832743,0.0
Legislative Staff Officer,Public Administration and Defense; Compulsory Social Security,Research and experimental development on social sciences and humanities,Higher Education,No,No,21-1012 ,1.390653349799162,0.0
"LGU Program Assistant, Local Government Support Staff",Public Administration and Defense; Compulsory Social Security,Public Administration and Other Executive Offices,Higher Education,No,Yes,15-1151 ,1.2355878663736692,0.0
Liaison Staff (Construction),Construction,Construction of buildings,Higher Education,No,No,43-9061 ,0.9698125993622836,0.0
Librarian,"Arts, Entertainment and Recreation","Libraries, archives, museums and other cultural activities",Higher Education,Yes,No,25-9011,0.8006554663832743,0.0
Librarian Assistant,"Arts, Entertainment and Recreation","Libraries, archives, museums and other cultural activities",Higher Education,No,Yes,25-9011,0.8006554663832743,0.0
Library Clerk,"Arts, Entertainment and Recreation","Libraries, archives, museums and other cultural activities",Higher Education,No,Yes,43-4121,0.1888573925939125,0.0
Library Technician,"Arts, Entertainment and Recreation","Libraries, archives, museums and other cultural activities",Higher Education,Yes,No,27-1012 ,-0.8672596469857901,0.0
Licensed Aeronautical Engineer,Manufacturing,Manufacture of air and spacecraft and related machinery,Higher Education,Yes,No,17-2141 ,1.167377784026609,0.0
Licensed Agricultural and Biosystems Engineer,"Agriculture, Forestry, and Fishing",Support activities to agriculture and post-harvest crop activities,Higher Education,Yes,No,17-2199,0.5129253723597855,0.0
Licensed Agriculturist,"Agriculture, Forestry, and Fishing",Growing of non-perennial crops,Higher Education,Yes,No,19-4011,1.1962758695210862,0.0
Licensed Aquaculturist,"Agriculture, Forestry, and Fishing",Aquaculture,Higher Education,No,No,49-9052,-1.0922437980466209,0.0
Licensed Architect,"Professional, Scientific and Technical Activities",Architectural and engineering activities and related technical consultancy,Higher Education,Yes,No,17-1011,1.0614157123926595,0.0
Licensed Chemist,"Professional, Scientific and Technical Activities","Other professional, scientific and technical activities, n.e.c.",Higher Education,Yes,No,17-2081,1.3942922371302795,0.0
Licensed Criminologist,Public Administration and Defense; Compulsory Social Security,Public Order and Safety Activities,Higher Education,Yes,No,29-1229,0.2059317681316812,0.0
Licensed Dentist,Human Health and Social Work Activities,Medical and dental practice activities,Higher Education,Yes,No,29-1029,0.2380110444547259,0.0
Licensed Nutritionist and Dietician,Human Health and Social Work Activities,Other human health activities,Higher Education,Yes,No,29-1031,1.3739495407622582,0.0
Licensed Occupational Therapist,Human Health and Social Work Activities,Medical and dental practice activities,Higher Education,Yes,No,29-9092 ,1.5056696701614034,0.0
Licensed Optometrist,Human Health and Social Work Activities,Medical and dental practice activities,Higher Education,Yes,No,29-1041,0.5783359562603659,0.0
Licensed Pharmacist,Human Health and Social Work Activities,Other human health activities,Higher Education,Yes,No,29-1051,0.6009057203410911,0.0
Licensed Physical Therapist,Human Health and Social Work Activities,Medical and dental practice activities,Higher Education,Yes,No,29-1128,-0.0373440278329034,0.0
Licensed Psychometrician,Human Health and Social Work Activities,Other human health activities,Higher Education,Yes,No,19-3039,1.1962758695210862,0.0
Licensed Respiratory Therapist,Human Health and Social Work Activities,Hospital activities,Higher Education,Yes,No,29-9092 ,1.5056696701614034,0.0
Life Science Research Assistant,"Professional, Scientific and Technical Activities","Other professional, scientific and technical activities, n.e.c.",Higher Education,No,Yes,31-9092,0.131317826544596,0.0
Lifeguard,Accommodation and Food Service Activities,Short term accommodation activities,Not Higher Education,No,No,43-5031,0.8618669629198157,0.0
Lighting Technician,"Arts, Entertainment and Recreation","Creative, arts and entertainment activities",Not Higher Education,No,Yes,39-3099 ,-0.5276871682377668,0.0
Line Technician,Manufacturing,"Other manufacturing, n.e.c.",Higher Education,No,Yes,49-9052,-1.0922437980466209,0.0
Linen Attendant,Accommodation and Food Service Activities,Short term accommodation activities,Not Higher Education,No,No,37-1011 ,-0.5409268890934459,0.6105555555555554
Linguistics Analyst,"Professional, Scientific and Technical Activities",Research and experimental development on social sciences and humanities,Higher Education,No,No,25-3099 ,0.8006554663832743,0.0
Linguistics Researcher,"Professional, Scientific and Technical Activities",Research and experimental development on social sciences and humanities,Higher Education,No,No,25-3099 ,0.8006554663832743,0.0
Literary Reviewer,Information and Communication,"Publishing of books, periodicals and other publishing activities",Higher Education,No,No,27-3043,0.7743766257616718,0.0
Livelihood Education Teacher,Education,Secondary/high school education,Higher Education,Yes,No,25-2031,1.1884950168906403,0.0
Livestock Agriculture Technician,"Agriculture, Forestry, and Fishing",Animal production,Higher Education,Yes,No,19-4012,-0.4095517524310084,0.0
Livestock Health Technician,Manufacturing,"Manufacture of pharmaceuticals, medicinal chemical and botanical products",Not Higher Education,No,No,31-9096,-0.8265822627679962,0.0
Livestock Raiser,"Agriculture, Forestry, and Fishing",Animal production,Not Higher Education,No,No,45-2093,-1.1166346396376288,0.0
Loan Processing Assistant,Financial and Insurance Activities,Monetary intermediation,Higher Education,No,Yes,43-3099 ,1.0117367283079466,0.0
Local Government Contact Tracer,Human Health and Social Work Activities,"Other social work activities without accommodation, n.e.c.",Not Higher Education,No,No,29-2071 ,0.2380110444547259,0.0
Local Heritage Specialist,"Arts, Entertainment and Recreation","Libraries, archives, museums and other cultural activities",Higher Education,No,No,25-4012,0.7188278381031682,0.0
Logic Teaching Aide,Education,Other Education,Higher Education,No,Yes,39-9011,-0.5276871682377668,0.0
Logistics & Support Staff (Construction),Construction,Construction of buildings,Not Higher Education,No,No,43-5111,-0.1990509675516624,0.0
Logistics Assistant,Transportation and Storage,Support activities for transportation,Higher Education,No,Yes,43-5111,-0.1990509675516624,0.0
Logistics Clerk,Transportation and Storage,Support activities for transportation,Higher Education,No,Yes,43-5111,-0.1990509675516624,0.0
Logistics Support Clerk,Transportation and Storage,Support activities for transportation,Higher Education,No,Yes,43-5032,1.1679053146236258,0.0
Lumber Quality Analyst,Manufacturing,Sawmilling and planing of wood,Higher Education,No,No,53-6041,0.3835605034568007,0.0
M&E Program Assistant,"Professional, Scientific and Technical Activities","Other professional, scientific and technical activities, n.e.c.",Higher Education,No,Yes,15-1151 ,1.2355878663736692,0.0
Machine Design Engineer,"Professional, Scientific and Technical Activities",Architectural and engineering activities and related technical consultancy,Higher Education,Yes,No,17-2112,1.3022721729014886,0.0
Machine Learning Engineer,Information and Communication,"Computer programming, consultancy and related activities",Higher Education,No,No,15-1133,1.2355878663736692,0.0
Machine Operator,Manufacturing,"Other manufacturing, n.e.c.",Higher Education,No,Yes,15-1299,1.2355878663736692,0.0
Machine Operator (Transportation and Storage),Transportation and Storage,Support activities for transportation,Higher Education,No,Yes,53-7011,-0.7654642333588086,0.0
Machinist,Manufacturing,Manufacture of general purpose machinery,Not Higher Education,No,No,51-4199,-0.8341351787751918,0.0
Magician,"Arts, Entertainment and Recreation",Other amusement and recreation activities,Not Higher Education,No,No,27-2099,0.733024170282144,0.0
Mail and Document Clerk,Transportation and Storage,"Postal activities, Courier activities",Higher Education,No,Yes,43-9051,-0.828177528731795,0.0
Maintenance Fitter,Manufacturing,"Other manufacturing, n.e.c.",Higher Education,No,No,49-9081,-1.049182638556866,0.0
Maintenance Laborer,Construction,Construction of buildings,Not Higher Education,No,No,49-9071,-1.0016298223561515,0.0
Maintenance Line Worker,"Electricity, Gas, Steam and Air Conditioning Supply","Electric power generation, transmission and distribution",Not Higher Education,No,No,49-9051,-1.2416423994528298,0.0
Maintenance Technician,Manufacturing,"Other manufacturing, n.e.c.",Higher Education,No,Yes,17-3029,-0.0372319794758209,0.0
Maintenance Technician (Construction),Construction,Building completion and finishing,Not Higher Education,No,No,47-2231,-0.9863345860553324,0.0
Management Accountant,Financial and Insurance Activities,"Accounting, bookkeeping and auditing activities; tax consultancy",Higher Education,Yes,No,13-2082,1.3620743346972182,0.0
Management Information Assistant,Information and Communication,"Computer programming, consultancy and related activities",Higher Education,No,Yes,15-1299,1.2355878663736692,0.0
Mango Grower,"Agriculture, Forestry, and Fishing",Growing of perennial crops,Not Higher Education,No,No,45-2091,-1.153152853548008,0.0
Mangosteen Grower,"Agriculture, Forestry, and Fishing",Growing of non-perennial crops,Not Higher Education,No,No,45-2091,-1.153152853548008,0.0
Manufacturing Engineer,"Professional, Scientific and Technical Activities",Architectural and engineering activities and related technical consultancy,Higher Education,Yes,No,17-2112,1.3022721729014886,0.0
Manufacturing Equipment Technician,Manufacturing,Installation of industrial machinery and equipment,Higher Education,No,Yes,17-3029,-0.0372319794758209,0.0
Marine Biology Research Assistant,"Professional, Scientific and Technical Activities",Research and experimental development on natural sciences and engineering,Higher Education,No,Yes,19-1099,1.1962758695210862,0.0
Marine Biology Technician,"Professional, Scientific and Technical Activities",Research and experimental development on natural sciences and engineering,Higher Education,No,Yes,17-3029,-0.0372319794758209,0.0
Marine Conservation Aide,"Professional, Scientific and Technical Activities","Other professional, scientific and technical activities, n.e.c.",Higher Education,No,Yes,19-1099,1.1962758695210862,0.0
Marine Data Analyst,"Professional, Scientific and Technical Activities",Research and experimental development on natural sciences and engineering,Higher Education,No,No,17-3029,-0.0372319794758209,0.0
Marine Navigation and Port Operations Officer,Transportation and Storage,"Sea and coastal water transport, Inland water transport",Higher Education,No,No,53-5021,-0.7138985758488017,0.0
Market & Social Researcher,"Professional, Scientific and Technical Activities",Research and experimental development on social sciences and humanities,Higher Education,No,No,27-3043 ,0.7743766257616718,0.0
Marketing Analyst (Transportation and Storage),Transportation and Storage,Support activities for transportation,Higher Education,No,No,27-3043 ,0.7743766257616718,0.0
Marketing Coordinator,"Professional, Scientific and Technical Activities",Advertising,Not Higher Education,No,No,27-3043 ,0.7743766257616718,0.0
Marketing Professional (Manufacturing),Manufacturing,"Other manufacturing, n.e.c.",Higher Education,No,No,27-3043 ,0.7743766257616718,0.0
Marriage Counselor,Human Health and Social Work Activities,"Other social work activities without accommodation, n.e.c.",Higher Education,No,No,21-1099,0.7806366196871929,0.0
Mass Media Coordinator,"Professional, Scientific and Technical Activities",Advertising,Higher Education,No,Yes,27-3043 ,0.7743766257616718,0.0
Massage Therapist,Other Service Activities,"Personal services for wellness, except sports activities",Not Higher Education,No,No,31-9011 ,-1.471164493027073,0.0
Master Tagger,"Agriculture, Forestry, and Fishing",Support activities to agriculture and post-harvest crop activities,Not Higher Education,No,No,19-4011,1.1962758695210862,0.0
Mat Weaver,Manufacturing,"Spinning, weaving and finishing of textiles",Not Higher Education,No,No,51-6041,-0.8841484845166345,0.0
Material Handlers,Manufacturing,Manufacture of other fabricated metal products; metal working service activities,Higher Education,No,No,53-7063,-1.0459581106723304,0.0
Material Inventory Assistants / Warehouse,Construction,Construction of buildings,Not Higher Education,No,No,43-5061 ,0.8309021883201236,0.0
Materials Engineer,"Professional, Scientific and Technical Activities",Architectural and engineering activities and related technical consultancy,Higher Education,Yes,No,17-2199,0.5129253723597855,0.0
Materials Laboratory Technician,"Professional, Scientific and Technical Activities",Research and experimental development on natural sciences and engineering,Higher Education,No,Yes,19-4099,0.0882226573666494,0.0
Materials Testing Technician,"Professional, Scientific and Technical Activities",Technical Testing and Analysis,Higher Education,No,Yes,53-6041,0.3835605034568007,0.0
Mathematics Instructor,Education,Higher education,Higher Education,No,No,25-1199,0.8006554663832743,0.0
Mathematics Teacher,Education,"Primary/elementary education, Secondary/high school education",Higher Education,Yes,No,25-2031,1.1884950168906403,0.0
Meat Processor,Manufacturing,Processing and preserving of meat,Not Higher Education,No,No,51-3091 ,-0.7688751902862945,0.0
Mechanical Designer,Manufacturing,Manufacture of special purpose machinery,Higher Education,No,No,17-3029,-0.0372319794758209,0.0
Mechanical Draftsman,"Professional, Scientific and Technical Activities",Architectural and engineering activities and related technical consultancy,Higher Education,No,Yes,27-1013 ,-0.5800703514608596,0.0
Mechatronics and Automation Technician,Manufacturing,Manufacture of general purpose machinery,Not Higher Education,No,No,49-3093,-1.5566147016651897,0.0
Mechatronics Engineer,"Professional, Scientific and Technical Activities",Architectural and engineering activities and related technical consultancy,Higher Education,Yes,No,17-2141 ,1.167377784026609,0.0
Media Arts Teaching Assistant,Education,Other education services,Higher Education,Yes,No,27-4099 ,0.733024170282144,0.0
Media Planning Assistant,Information and Communication,"Motion picture, video and television programme activities",Higher Education,No,Yes,27-4099 ,0.733024170282144,0.0
Media Production Assistant,Information and Communication,"Motion picture, video and television programme activities",Higher Education,No,Yes,27-4099 ,0.733024170282144,0.0
Media Relations Officer,"Professional, Scientific and Technical Activities",Advertising,Higher Education,No,No,27-3031 ,1.2230614224333591,0.0
Medical Assistant,Human Health and Social Work Activities,Medical and dental practice activities,Higher Education,No,Yes,31-9092,0.131317826544596,0.0
Medical Claims Associate,Human Health and Social Work Activities,Hospital activities,Higher Education,No,Yes,43-9041 ,1.0618111569602473,0.0
Medical Claims Representative,Human Health and Social Work Activities,Hospital activities,Higher Education,No,No,43-9041 ,1.0618111569602473,0.0
Medical Coding Specialist,Human Health and Social Work Activities,Other human health activities,Not Higher Education,No,No,29-2071 ,0.2380110444547259,0.0
Medical First Responder,Human Health and Social Work Activities,Medical and dental practice activities,Not Higher Education,No,No,29-1071,0.277462203175206,0.0
Medical Laboratory Aide,Human Health and Social Work Activities,Hospital activities,Higher Education,No,Yes,29-2012,-0.3935851657204582,0.0
Medical Laboratory Technologist,Human Health and Social Work Activities,Hospital activities,Higher Education,Yes,No,29-2012,-0.3935851657204582,0.0
Medical Liaison,Human Health and Social Work Activities,Medical and dental practice activities,Higher Education,No,No,29-9092 ,1.5056696701614034,0.0
Medical Provider and Membership Relations Officer,Human Health and Social Work Activities,Hospital activities,Higher Education,No,No,41-9099 ,0.4776825370436939,0.0
Medical Records Technician,Human Health and Social Work Activities,Medical and dental practice activities,Higher Education,No,Yes,29-2071 ,0.2380110444547259,0.0
Medical Secretary,Human Health and Social Work Activities,Medical and dental practice activities,Higher Education,No,Yes,43-6013,1.0337143779854754,0.0
Medical Transcriptionist,Human Health and Social Work Activities,Other human health activities,Not Higher Education,No,No,43-6013,1.0337143779854754,0.0
Mental Health Program Officer,Human Health and Social Work Activities,"Other social work activities without accommodation, n.e.c.",Higher Education,No,No,21-1093,0.7806366196871929,0.0
Messman,Accommodation and Food Service Activities,Other accommodation,Not Higher Education,No,No,35-9099 ,-0.6267809371496645,0.0
Metadata Specialist,Information and Communication,Other information service activities,Higher Education,No,No,19-3022,1.4774993998129229,0.0
Metallurgical Technician,"Professional, Scientific and Technical Activities","Other professional, scientific and technical activities, n.e.c.",Higher Education,No,Yes,19-4041,1.1962758695210862,0.0
Microbiology Lab Assistant,"Professional, Scientific and Technical Activities",Research and experimental development on natural sciences and engineering,Higher Education,No,Yes,19-1099,1.1962758695210862,0.0
Microfinance Loan Officer,Financial and Insurance Activities,Monetary intermediation,Not Higher Education,No,No,13-2072 ,1.2375369086685346,0.0
Milk Processing Technician,Manufacturing,Manufacture of dairy products,Higher Education,No,No,51-9193,-0.9694564085988252,0.0
Millwright,Construction,Construction of buildings,Higher Education,No,No,49-9081,-1.049182638556866,0.0
Mine Safety Engineer,Mining and Quarrying,Mining of Metal Ores,Higher Education,Yes,No,17-2199,0.5129253723597855,0.0
Ministry Program Assistant,Human Health and Social Work Activities,"Other social work activities without accommodation, n.e.c.",Higher Education,No,Yes,43-406,1.0117367283079466,0.0
MIS Technical Support (Healthcare),Human Health and Social Work Activities,Hospital activities,Higher Education,No,No,15-1151 ,1.2355878663736692,0.0
Mobile Air-Conditioning (MAC) Technician,"Electricity, Gas, Steam and Air Conditioning Supply",Airconditioning and Refrigeration,Not Higher Education,No,No,49-9021 ,-0.9106473891239084,0.0
Mobile Phones And Handheld Gadgets Technician,Manufacturing,Manufacture of consumer electronics,Not Higher Education,No,No,17-3023,0.2307035718843949,0.0
Mobile Robotics System Technician,Manufacturing,Manufacture of general purpose machinery,Not Higher Education,No,No,53-6041,0.3835605034568007,0.0
Mold Maker,Manufacturing,Manufacture of other fabricated metal products; metal working service activities,Not Higher Education,No,No,51-4072 ,-1.1541431770984385,0.0
Motion Graphics Artist,"Arts, Entertainment and Recreation","Creative, arts and entertainment activities",Not Higher Education,No,No,27-1013,-0.5800703514608596,0.0
Motorcycle/Small Engine Mechanic,Manufacturing,Manufacture of motor vehicles,Not Higher Education,No,No,49-3093,-1.5566147016651897,0.0
Motor-Grader Operator,Construction,Demolition and site preparation,Not Higher Education,No,No,47-5022,-1.15238606969144,0.0
Multilateral Affairs Analyst,"Professional, Scientific and Technical Activities",Research and experimental development on social sciences and humanities,Higher Education,No,No,13-1199,1.4540568100648037,0.0
Multimedia Designer,"Arts, Entertainment and Recreation","Creative, arts and entertainment activities",Higher Education,No,No,27-1024,0.733024170282144,0.0
Multimedia Journalist,Information and Communication,Programming and Broadcasting Activities,Higher Education,No,No,27-3041 ,1.1083010062005718,0.0
Municipal Fisherman,"Agriculture, Forestry, and Fishing",Fishing,Not Higher Education,No,No,45-3031,-1.3653770485609695,0.0
Municipal Services Clerk,Public Administration and Defense; Compulsory Social Security,Public Administration and Other Executive Offices,Higher Education,No,Yes,43-9061 ,0.9698125993622836,0.0
Museum Curator,"Arts, Entertainment and Recreation","Libraries, archives, museums and other cultural activities",Higher Education,No,No,25-4012,0.7188278381031682,0.0
Museum Guide,"Arts, Entertainment and Recreation","Libraries, archives, museums and other cultural activities",Higher Education,No,No,39-7012,0.4571220527837438,0.0
Museum Program Assistant,"Arts, Entertainment and Recreation","Libraries, archives, museums and other cultural activities",Higher Education,No,Yes,27-1012 ,-0.8672596469857901,0.0
Museum Researcher,"Arts, Entertainment and Recreation","Libraries, archives, museums and other cultural activities",Higher Education,No,No,25-4012,0.7188278381031682,0.0
Museum Technician,"Arts, Entertainment and Recreation","Libraries, archives, museums and other cultural activities",Higher Education,No,Yes,27-1012 ,-0.8672596469857901,0.0
Museums / Zoos / Aquariums Personnel,"Arts, Entertainment and Recreation",Other amusement and recreation activities,Not Higher Education,No,No,27-1012 ,-0.8672596469857901,0.0
Music Arranger Assistant,"Arts, Entertainment and Recreation","Creative, arts and entertainment activities",Higher Education,No,Yes,27-2042,-0.0481137107809598,0.0
Music Production Assistant,Information and Communication,Sound recording and music publishing activities,Higher Education,No,Yes,27-4099 ,0.733024170282144,0.0
Music Teacher (Choral Director),Education,Other education services,Higher Education,Yes,No,25-3021,0.5095961456095874,0.0
Nail Technician,Other Service Activities,"Personal services for wellness, except sports activities",Not Higher Education,No,No,39-5094,-0.1802445932619149,0.0
Natural Resource Planner,"Professional, Scientific and Technical Activities","Other professional, scientific and technical activities, n.e.c.",Higher Education,No,Yes,19-2041 ,1.121407837793284,0.0
Natural Resources Technician,"Professional, Scientific and Technical Activities","Other professional, scientific and technical activities, n.e.c.",Higher Education,No,Yes,17-3029,-0.0372319794758209,0.0
Network Cabling Technician,Manufacturing,Manufacture of communication equipment,Not Higher Education,No,Yes,15-1152 ,1.2355878663736692,0.0
Network Operations Technician,Information and Communication,"Computer programming, consultancy and related activities",Higher Education,No,Yes,15-1152 ,1.2355878663736692,0.0
News Production Assistant,Information and Communication,Programming and Broadcasting Activities,Higher Education,No,Yes,27-4099 ,0.733024170282144,0.0
News Reporter,Information and Communication,Programming and Broadcasting Activities,Higher Education,No,No,27-3041 ,1.1083010062005718,0.0
Newsroom Assistant,Information and Communication,Programming and Broadcasting Activities,Higher Education,No,Yes,11-1021,1.0159515689880594,0.0
Nurse Anaesthetist,Human Health and Social Work Activities,Medical and dental practice activities,Higher Education,Yes,No,29-1171 ,0.2700903207777707,0.0
Nursery Teacher,Education,Pre-primary/pre-school education,Higher Education,Yes,No,25-2012,0.3484516434659395,0.0
Nursing Attendant,Human Health and Social Work Activities,"Other social work activities without accommodation, n.e.c.",Not Higher Education,No,No,31-1014 ,-0.4413828025834359,0.0
Nutrition Program Assistant,Human Health and Social Work Activities,Other human health activities,Higher Education,Yes,No,29-1031,1.3739495407622582,0.0
Nutritional Product Developer,Manufacturing,Manufacture of other food products,Higher Education,Yes,No,29-1031,1.3739495407622582,0.0
Occupational Therapy Assistant,Human Health and Social Work Activities,Medical and dental practice activities,Higher Education,No,Yes,31-9099,-0.5134808423859277,0.0
Off-Highway Dump Truck (Rigid) Operator,Construction,Demolition and site preparation,Not Higher Education,No,No,53-3032,-1.100644052209415,0.0
Office Receptionist,Administrative and Support Service Activities,Office administrative and support activities,Higher Education,No,Yes,43-4171,1.0117367283079466,0.0
Oil and Gas Field Technician,Mining and Quarrying,"Extraction of crude petroleum, Extraction of natural gas",Higher Education,No,Yes,17-3029,-0.0372319794758209,0.0
Oil Palm Farmer,"Agriculture, Forestry, and Fishing",Growing of perennial crops,Not Higher Education,No,No,45-2091,-1.153152853548008,0.0
Online Store Executive Assistant,Wholesale and Retail Trade; Repair of Motor Vehicles and Motorcycles,Retail Sale via Mail Order Houses or via Internet,Higher Education,No,Yes,41-1011,0.005064176078184,0.0
Operating Theatre Nurse,Human Health and Social Work Activities,Medical and dental practice activities,Higher Education,Yes,No,29-1171 ,0.2700903207777707,0.0
Operations Assistant,Administrative and Support Service Activities,Office administrative and support activities,Higher Education,No,Yes,43-6011,1.0600457450196432,0.0
Operations Support Analyst,"Professional, Scientific and Technical Activities",Management consultancy activities,Higher Education,No,No,19-3022,1.4774993998129229,0.0
Optician,Human Health and Social Work Activities,Other human health activities,Not Higher Education,No,No,29-1041,0.5783359562603659,0.0
Orchestra Violinist,"Arts, Entertainment and Recreation","Creative, arts and entertainment activities",Higher Education,No,No,27-2042,-0.0481137107809598,0.0
Organic Vegetable Farmer,"Agriculture, Forestry, and Fishing",Plant propagation,Not Higher Education,No,No,45-2091,-1.153152853548008,0.0
Organizational Development Specialist (OD),Administrative and Support Service Activities,Other human resources provision,Higher Education,No,No,21-1012 ,1.390653349799162,0.0
Orthopaedic Physical Therapist,Human Health and Social Work Activities,Medical and dental practice activities,Higher Education,Yes,No,29-1128,-0.0373440278329034,0.0
Orthotic Technician,Human Health and Social Work Activities,Medical and dental practice activities,Not Higher Education,No,No,51-9082 ,-0.5063030629867125,0.0
Orthotic/Prosthetic Technician,Human Health and Social Work Activities,Medical and dental practice activities,Higher Education,No,Yes,51-9082 ,-0.5063030629867125,0.0
Packagers,"Agriculture, Forestry, and Fishing",Post-harvest crop activities or packaging food products,Not Higher Education,No,No,53-7064,-1.559850186283474,0.0
Painter,Construction,Building completion and finishing,Not Higher Education,No,No,47-2142,-1.732568629121242,0.0
Painting Restorer,"Arts, Entertainment and Recreation","Libraries, archives, museums and other cultural activities",Not Higher Education,No,No,27-1013,-0.5800703514608596,0.0
Pantry Attendant,Accommodation and Food Service Activities,Short term accommodation activities,Not Higher Education,No,No,35-9099 ,-0.6267809371496645,0.0
Paper Mache Maker,Manufacturing,Manufacture of paper and paper products,Not Higher Education,No,No,51-9196 ,-0.883448634209523,0.0
Park and Garden Rangers,Administrative and Support Service Activities,Landscape care and maintenance service activities,Not Higher Education,No,No,33-9099,0.0620205340835998,0.0
Park Sweeper,Accommodation and Food Service Activities,Other accommodation,Not Higher Education,No,No,37-3019,-0.5409268890934459,0.6105555555555554
Parking Valet,Accommodation and Food Service Activities,Short term accommodation activities,Not Higher Education,No,No,53-6021,-0.8449649307349394,0.0
Passenger Bus Driver,Transportation and Storage,Transport via buses,Not Higher Education,No,No,53-4041,-0.6509567551407789,0.0
Passenger Services Agent,Transportation and Storage,"Passenger air transport, Freight air transport",Higher Education,No,No,43-4181,0.2121430815192957,0.0
Pastoral Support Worker,Human Health and Social Work Activities,"Other social work activities without accommodation, n.e.c.",Higher Education,No,No,21-1093,0.7806366196871929,0.0
Pastry Baker,Accommodation and Food Service Activities,Restaurants and mobile food service activities,Not Higher Education,No,No,51-3011,-0.3972381613714977,0.0
Pathology Lab Assistant,Human Health and Social Work Activities,Hospital activities,Higher Education,Yes,No,29-2012,-0.3935851657204582,0.0
Patient Care Assistant,Human Health and Social Work Activities,Other human health activities,Not Higher Education,No,No,31-1014 ,-0.4413828025834359,0.0
Patient Service Associate,Human Health and Social Work Activities,Medical and dental practice activities,Higher Education,No,Yes,43-4171,1.0117367283079466,0.0
Paver Operator,Construction,Construction of roads and railways,Not Higher Education,No,No,49-9045,-1.2450507401785935,0.0
Payroll Accountant,Financial and Insurance Activities,"Accounting, bookkeeping and auditing activities; tax consultancy",Higher Education,Yes,No,13-2082,1.3620743346972182,0.0
Payroll Clerk,Administrative and Support Service Activities,Other human resources provision,Higher Education,No,Yes,43-9041 ,1.0618111569602473,0.0
Performance and Rewards Associate,Administrative and Support Service Activities,Other human resources provision,Higher Education,No,Yes,43-4161 ,1.3320301230028002,0.0
Performance Assistant,"Arts, Entertainment and Recreation","Creative, arts and entertainment activities",Higher Education,No,Yes,43-9111,1.2970972393926237,0.0
Performance Specialist,Administrative and Support Service Activities,Other human resources provision,Higher Education,No,No,43-4161 ,1.3320301230028002,0.0
Personal Care Aide,Human Health and Social Work Activities,"Other residential care activities, n.e.c.",Not Higher Education,No,No,31-1014 ,-0.4413828025834359,0.0
Pest Management Assistant,"Agriculture, Forestry, and Fishing",Support activities to agriculture and post-harvest crop activities,Higher Education,No,Yes,19-4011,1.1962758695210862,0.0
Pest-Control Technician,"Agriculture, Forestry, and Fishing",Support activities to agriculture and post-harvest crop activities,Not Higher Education,No,No,19-4011,1.1962758695210862,0.0
Pharmaceutical Laboratory Analyst,Human Health and Social Work Activities,Other human health activities,Higher Education,Yes,No,29-2052,-0.0177127598503812,0.0
Pharmaceutical Machine Operator,Manufacturing,"Manufacture of pharmaceuticals, medicinal chemical and botanical products",Not Higher Education,No,No,51-9195 ,-1.1230266200713226,0.0
Pharmacy Assistant,Human Health and Social Work Activities,Other human health activities,Not Higher Education,No,No,29-2052,-0.0177127598503812,0.0
Philosophy Academic Content Writer,Education,Other Education,Higher Education,No,No,27-3043,0.7743766257616718,0.0
Philosophy and Ethics Instructor,Education,Higher education,Higher Education,No,No,25-1199,0.8006554663832743,0.0
Photo Editing Assistant,Information and Communication,"Motion picture, video and television programme activities",Higher Education,No,Yes,51-9151,-0.3736550360471343,0.0
Photographer,"Arts, Entertainment and Recreation","Libraries, archives, museums and other cultural activities",Not Higher Education,No,No,27-4021,-0.2091213003953986,0.0
Physics Lab Assistant,"Professional, Scientific and Technical Activities",Research and experimental development on natural sciences and engineering,Higher Education,No,Yes,19-4099,0.0882226573666494,0.0
Piano Accompanist,"Arts, Entertainment and Recreation","Creative, arts and entertainment activities",Higher Education,No,No,27-2042,-0.0481137107809598,0.0
Picture Restorer,"Arts, Entertainment and Recreation","Libraries, archives, museums and other cultural activities",Not Higher Education,No,No,27-1013,-0.5800703514608596,0.0
Pili Processor,Manufacturing,Processing and preserving of fruits and vegetables,Not Higher Education,No,No,45-2091,-1.153152853548008,0.0
Pipe Welder (SAW),Construction,Other specialized construction activities,Not Higher Education,No,No,51-4122 ,-0.9644465077543026,0.0
Pipefitter,Construction,"Electrical, plumbing and other construction installation activities",Not Higher Education,No,No,47-2152,-1.141366867160558,0.0
Planetarium Assistant,Education,Educational support services,Higher Education,No,Yes,53-6041,0.3835605034568007,0.0
Plant Maintenance Mechanic,"Electricity, Gas, Steam and Air Conditioning Supply","Electric power generation, transmission and distribution, Manufacture of gas; distribution of gaseous fuels through mains",Not Higher Education,No,No,49-9081,-1.049182638556866,0.0
Plant Process Operator,Manufacturing,"Other manufacturing, n.e.c.",Higher Education,No,Yes,53-7072,-0.7947946588286344,0.0
Plant Propagator,"Agriculture, Forestry, and Fishing",Plant propagation,Not Higher Education,No,No,45-2091,-1.153152853548008,0.0
Plant Tissue Culture Laboratory Technician,"Agriculture, Forestry, and Fishing",Plant propagation,Not Higher Education,No,No,19-4042,0.0841292941739634,0.0
Plate Welder (FCAW),Construction,Other specialized construction activities,Not Higher Education,No,No,51-4122 ,-0.9644465077543026,0.0
Plate Welder (GMAW),Construction,Other specialized construction activities,Not Higher Education,No,No,51-4122 ,-0.9644465077543026,0.0
Plumber,Construction,"Electrical, plumbing and other construction installation activities",Not Higher Education,No,No,47-2152,-1.141366867160558,0.0
Police Officer,Public Administration and Defense; Compulsory Social Security,Public administration and defense; compulsory social security,Higher Education,No,No,33-3052,-0.8302954035397645,0.0
Policy Research Assistant,"Professional, Scientific and Technical Activities",Research and experimental development on social sciences and humanities,Higher Education,No,Yes,13-1199,1.4540568100648037,0.0
Policy Support Officer – Islamic Affairs,Public Administration and Defense; Compulsory Social Security,Public Administration and Defense; Compulsory Social Security,Higher Education,No,No,13-1111,1.369842507381068,0.0
Political Research Assistant,"Professional, Scientific and Technical Activities",Research and experimental development on social sciences and humanities,Higher Education,No,Yes,19-3099,1.3409751077112817,0.0
Political Risk Analyst,"Professional, Scientific and Technical Activities",Research and experimental development on social sciences and humanities,Higher Education,No,No,19-3099,1.3409751077112817,0.0
Pollution Control Officer (Healthcare),Human Health and Social Work Activities,Hospital activities,Higher Education,No,No,19-2041 ,1.121407837793284,0.0
Pollution Control Officer (Manufacturing),Manufacturing,Manufacture of basic chemicals,Higher Education,No,No,29-9011 ,0.2380110444547259,0.0
Pollution Control Technician,"Water Supply; Sewerage, Waste Management and Remediation",Sewerage                                                                    ,Higher Education,No,Yes,17-2081,1.3942922371302795,0.0
Pool Lifeguards,Accommodation and Food Service Activities,Short term accommodation activities,Not Higher Education,No,No,43-5031,0.8618669629198157,0.0
Population Data Scientist,"Professional, Scientific and Technical Activities",Research and experimental development on social sciences and humanities,Higher Education,No,No,19-3022,1.4774993998129229,0.0
Port Operations Assistant,Transportation and Storage,"Sea and coastal water transport, Inland water transport",Higher Education,No,Yes,43-5111,-0.1990509675516624,0.0
Post-Harvest Workers,"Agriculture, Forestry, and Fishing",Post-harvest crop activities,Not Higher Education,No,No,45-2099,-1.153152853548008,0.0
Postproduction Assistant,Information and Communication,"Motion picture, video and television programme activities",Not Higher Education,No,No,27-4032 ,0.9134893505999866,0.0
Poultry Farmer,"Agriculture, Forestry, and Fishing",Animal production,Not Higher Education,No,No,45-2093,-1.1166346396376288,0.0
Poultry Processing Specialist,"Agriculture, Forestry, and Fishing",Animal production,Not Higher Education,No,No,19-4011,1.1962758695210862,0.0
Preschool Teacher,Education,Pre-primary education,Higher Education,Yes,No,25-2012,0.3484516434659395,0.0
Preschool Teaching Aide,Education,Pre-primary education,Higher Education,No,Yes,25-9041 ,0.8006554663832743,0.0
Press Worker,Manufacturing,Printing and service activities related to printing,Not Higher Education,No,No,51-5112,-0.7848217233408605,0.0
Presser (Hand or Machine),Accommodation and Food Service Activities,Short term accommodation activities,Not Higher Education,No,No,51-6011,-1.062885932057287,0.0
Process Chemistry Technician,"Professional, Scientific and Technical Activities",Research and experimental development on natural sciences and engineering,Higher Education,Yes,No,51-8091,-0.3951131271969292,0.0
Process Design Engineer (Licensed),Manufacturing,Manufacture of general purpose machinery,Higher Education,Yes,No,17-2041,1.362684084864043,0.0
Process Improvement Analyst,Manufacturing,"Other manufacturing, n.e.c.",Higher Education,No,No,15-1299,1.2355878663736692,0.0
Process Inspector,Manufacturing,Manufacture of general purpose machinery,Not Higher Education,No,No,51-9061 ,-0.3543641233050396,0.0
Process Instrumentation Technician,Manufacturing,"Manufacture of measuring, testing, navigating and control equipment; watches and clocks",Higher Education,No,Yes,17-2072 ,0.6853776260103156,0.0
Processing Staff/Worker,"Agriculture, Forestry, and Fishing",Post-harvest crop activities,Not Higher Education,No,No,51-9193,-0.9694564085988252,0.0
Procurement Associate,Real Estate Activities,Real Estate Activities on a Fee or Contract Basis,Higher Education,Yes,No,13-1023,1.4742814213283415,0.0
Procurement Staff (Construction),Construction,Construction of buildings,Higher Education,Yes,No,13-1023,1.4742814213283415,0.0
Product Development Assistant,"Professional, Scientific and Technical Activities","Other professional, scientific and technical activities, n.e.c.",Higher Education,No,Yes,19-4099,0.0882226573666494,0.0
Product Development Technician,Manufacturing,Manufacture of other food products,Higher Education,Yes,No,17-2199,0.5129253723597855,0.0
Product Quality Inspector,Manufacturing,"Other manufacturing, n.e.c.",Higher Education,No,No,51-9061 ,-0.3543641233050396,0.0
Production Machine Operator,Manufacturing,Manufacture of general purpose machinery,Not Higher Education,No,No,51-2099,-0.8341351787751918,0.0
Production Plant Assistant,Manufacturing,"Other manufacturing, n.e.c.",Higher Education,No,Yes,49-9097,-0.8516980640166639,0.0
Production Scheduling Analyst,Manufacturing,"Other manufacturing, n.e.c.",Higher Education,No,No,17-2112,1.3022721729014886,0.0
Professional Driver,Transportation and Storage,Other land transport,Not Higher Education,No,No,53-3053,-0.5689450320871856,0.0
Professional Photographer,"Arts, Entertainment and Recreation","Creative, arts and entertainment activities",Not Higher Education,No,No,27-4021,-0.2091213003953986,0.0
Program Development Officer,"Professional, Scientific and Technical Activities",Research and experimental development on social sciences and humanities,Higher Education,No,No,13-1151 ,1.1966462559768865,0.0
Program Evaluation Specialist,Public Administration and Defense; Compulsory Social Security,Public Administration,Higher Education,No,No,15-1133,1.2355878663736692,0.0
Program Production Assistant,Information and Communication,Programming and Broadcasting Activities,Higher Education,No,Yes,15-1151 ,1.2355878663736692,0.0
Program Support Officer – Faith Initiatives,Public Administration and Defense; Compulsory Social Security,Public Administration and Defense; Compulsory Social Security,Higher Education,No,No,21-1093,0.7806366196871929,0.0
Program Support Staff,Public Administration and Defense; Compulsory Social Security,Administration of the State and the economic and social policy of the community,Higher Education,No,No,39-9011,-0.5276871682377668,0.0
Programmable Logic Controller - Electrical (Manufacturing),Manufacturing,Manufacture of other electrical equipment,Higher Education,No,No,17-3024,-0.2923061417176008,0.0
Programmable Logic Controller - Programming (Manufacturing),Manufacturing,Manufacture of computers and peripheral equipment and accessories,Higher Education,No,No,15-1151 ,1.2355878663736692,0.0
Programmable Logic Controller Specialist / Technician (Manufacturing),Manufacturing,Manufacture of other electrical equipment,Higher Education,No,Yes,17-3023,0.2307035718843949,0.0
Programmer (Manufacturing),Manufacturing,Manufacture of computers and peripheral equipment and accessories,Higher Education,No,No,15-1133,1.2355878663736692,0.0
Project Assistant (Cooperatives),Administrative and Support Service Activities,"Business support service activities, n.e.c.",Higher Education,No,Yes,43-6011,1.0600457450196432,0.0
Project Supervisors,Construction,Construction of buildings,Higher Education,Yes,No,47-1011,-0.3811962436263568,0.0
Project Support Officer,"Professional, Scientific and Technical Activities",Research and experimental development on social sciences and humanities,Higher Education,No,No,13-1111,1.369842507381068,0.0
Project Support Officer (Community),Public Administration and Defense; Compulsory Social Security,Other Executive Offices,Higher Education,No,No,21-1093,0.7806366196871929,0.0
Prosthetic Technician,Human Health and Social Work Activities,Medical and dental practice activities,Not Higher Education,No,No,51-9082 ,-0.5063030629867125,0.0
Protocol Officer,Public Administration and Defense; Compulsory Social Security,Foreign affairs,Higher Education,No,No,33-9093 ,-0.5182191975946915,0.0
Public Administration Aide,Public Administration and Defense; Compulsory Social Security,Public Administration and Other Executive Offices,Higher Education,No,Yes,43-6011,1.0600457450196432,0.0
Public Attendant / Public Area Cleaner,Administrative and Support Service Activities,Cleaning activities,Not Higher Education,No,No,37-3019,-0.5409268890934459,0.6105555555555554
Public Health Research Assistant,"Professional, Scientific and Technical Activities","Other professional, scientific and technical activities, n.e.c.",Higher Education,No,Yes,31-9092,0.131317826544596,0.0
Public Policy Officer,Public Administration and Defense; Compulsory Social Security,Public Administration and Other Executive Offices,Higher Education,No,No,13-1199,1.4540568100648037,0.0
Publishing Coordinator,Information and Communication,"Publishing of books, periodicals and other publishing activities",Higher Education,No,Yes,27-1024,0.733024170282144,0.0
Purchasing and Supply Logistics Clerks (Transportation and Storage),Transportation and Storage,Support activities for transportation,Higher Education,No,No,43-5061 ,0.8309021883201236,0.0
Purchasing Officer (Tourism),Accommodation and Food Service Activities,Short term accommodation activities,Higher Education,No,No,13-1023,1.4742814213283415,0.0
PV System Designer,Construction,"Electrical, plumbing and other construction installation activities",Not Higher Education,No,No,17-2071,1.0699352703170644,0.0
PV Systems Installation Technician,Construction,"Electrical, plumbing and other construction installation activities",Not Higher Education,No,No,17-3024,-0.2923061417176008,0.0
Pyrotechnician,"Arts, Entertainment and Recreation",Other amusement and recreation activities,Not Higher Education,No,No,47-5032,-0.7830082666846152,0.0
QA/QA Test Engineer Associate,Information and Communication,"Computer programming, consultancy and related activities",Higher Education,No,No,15-1133,1.2355878663736692,0.0
Quality Auditor,Administrative and Support Service Activities,"Business support service activities, n.e.c.",Higher Education,No,No,53-6041,0.3835605034568007,0.0
Quality Control Chemist,Manufacturing,Manufacture of basic chemicals,Higher Education,Yes,No,19-2032,1.2002810540187745,0.0
Quality Control Supervisors / Engineers (Construction),Construction,Construction of buildings,Higher Education,Yes,No,53-6041,0.3835605034568007,0.0
Quality Controller,"Agriculture, Forestry, and Fishing",Post-harvest crop activities,Higher Education,No,No,53-6041,0.3835605034568007,0.0
Quality Improvement Analyst,Manufacturing,"Other manufacturing, n.e.c.",Higher Education,No,No,15-1299,1.2355878663736692,0.0
Quantity Surveyors (Construction),Construction,Demolition and site preparation,Not Higher Education,No,No,17-2199,0.5129253723597855,0.0
R&D Chef,Accommodation and Food Service Activities,Restaurants and mobile food service activities,Higher Education,No,No,43-4161 ,1.3320301230028002,0.0
R&D Food Specialist,Manufacturing,Manufacture of other food products,Higher Education,Yes,No,19-1012,0.6846442626306308,0.0
Radiation Therapist,Human Health and Social Work Activities,Medical and dental practice activities,Higher Education,Yes,No,29-2035 ,-0.1207078752623671,0.0
Radiation Therapy Assistant,Human Health and Social Work Activities,Other human health activities,Higher Education,No,Yes,29-2035 ,-0.1207078752623671,0.0
Radio Producer Assistant,Information and Communication,Radio broadcasting,Higher Education,No,Yes,27-3041 ,1.1083010062005718,0.0
Radiological Health Assistant,Human Health and Social Work Activities,Other human health activities,Higher Education,No,Yes,31-9099,-0.5134808423859277,0.0
Real Estate Assistant,Real Estate Activities,Real Estate Activities with Own or Leased Property,Higher Education,No,Yes,41-9022,0.8464439460871345,0.0
Real Estate Salesperson,Real Estate Activities,Real estate activities on a fee or contract basis,Not Higher Education,No,No,41-9022,0.8464439460871345,0.0
Records Officer (Criminal Justice),Public Administration and Defense; Compulsory Social Security,Public administration and defense; compulsory social security,Higher Education,No,No,43-9061 ,0.9698125993622836,0.0
Recreation Worker,Human Health and Social Work Activities,Other human health activities,Higher Education,No,No,21-1094 ,0.0229134919313405,0.0
Recreational Activities Attendant,"Arts, Entertainment and Recreation",Sports activities,Higher Education,No,Yes,39-7012,0.4571220527837438,0.0
Recruitment Associate,Administrative and Support Service Activities,Other human resources provision,Higher Education,No,Yes,21-1012 ,1.390653349799162,0.0
Registered Forester,"Agriculture, Forestry, and Fishing",Silviculture and other forestry activities,Higher Education,Yes,No,19-4071,-0.6777790981433184,0.0
Registered Naval Architect,Manufacturing,Building of ships and boats,Higher Education,Yes,No,17-2199,0.5129253723597855,0.0
Registered Nurse,Human Health and Social Work Activities,Hospital activities,Higher Education,Yes,No,29-1171 ,0.2700903207777707,0.0
Registered Radiologic Technologist,Human Health and Social Work Activities,Medical and dental practice activities,Higher Education,Yes,No,29-2035 ,-0.1207078752623671,0.0
Religious Education Teacher,Education,Other education services,Higher Education,Yes,No,25-2031,1.1884950168906403,0.0
Religious Outreach Worker,Human Health and Social Work Activities,"Other social work activities without accommodation, n.e.c.",Higher Education,No,No,21-2099,0.7806366196871929,0.0
Religious Research Assistant,"Professional, Scientific and Technical Activities",Research and experimental development on social sciences and humanities,Higher Education,No,Yes,25-1199,0.8006554663832743,0.0
Religious Studies Teacher,Education,Other education services,Higher Education,Yes,No,21-2021 ,1.2114588767178207,0.0
Research and Development Officer (Agriculture),"Agriculture, Forestry, and Fishing",Support activities to agriculture and post-harvest crop activities,Higher Education,Yes,No,25-9021,0.8006554663832743,0.0
Research Assistant (Physical Sciences),"Professional, Scientific and Technical Activities",Research and experimental development on natural sciences and engineering,Higher Education,No,Yes,17-2081,1.3942922371302795,0.0
Research Associate – Public Affairs,"Professional, Scientific and Technical Activities","Other professional, scientific and technical activities, n.e.c.",Higher Education,No,Yes,27-3031 ,1.2230614224333591,0.0
Research Clerk (Transportation and Storage),Transportation and Storage,Support activities for transportation,Higher Education,No,Yes,43-4111 ,1.25788885874446,0.0
Reservations Clerk,Accommodation and Food Service Activities,Short term accommodation activities,Higher Education,No,Yes,43-4171,1.0117367283079466,0.0
Resort Marketing and Events Officer,Accommodation and Food Service Activities,Short term accommodation activities,Higher Education,No,No,27-3043 ,0.7743766257616718,0.0
Respiratory Therapy Assistant,Human Health and Social Work Activities,Medical and dental practice activities,Higher Education,No,Yes,31-9092,0.131317826544596,0.0
Respite Services Home Care Coordinator,Human Health and Social Work Activities,Other human health activities,Higher Education,No,Yes,29-9092 ,1.5056696701614034,0.0
Restaurant Crew,Accommodation and Food Service Activities,Restaurants and mobile food service activities,Not Higher Education,No,No,35-3041 ,-0.7755887983642628,0.0
Rewards Specialist,Administrative and Support Service Activities,Other human resources provision,Higher Education,No,No,25-9031,1.333804583640498,0.0
RF Systems Engineer,Manufacturing,Manufacture of communication equipment,Higher Education,Yes,No,17-2072,0.6853776260103156,0.0
Rice Farmer,"Agriculture, Forestry, and Fishing",Growing of non-perennial crops,Not Higher Education,No,No,45-2091,-1.153152853548008,0.0
Rice Land Preparation Machinery Operator (Hand Tractor),"Agriculture, Forestry, and Fishing",Support activities to agriculture and post-harvest crop activities,Not Higher Education,No,No,45-4022,-1.012423592144586,0.0
Rice Production Assistant,"Agriculture, Forestry, and Fishing",Growing of non-perennial crops,Higher Education,No,Yes,19-4011,1.1962758695210862,0.0
Ride Operator,"Arts, Entertainment and Recreation",Other amusement and recreation activities,Not Higher Education,No,No,49-9051,-1.2416423994528298,0.0
Rigger,Construction,Demolition and site preparation,Not Higher Education,No,No,49-9096,-1.2235422092033756,0.0
Rigid On-Highway Dump Truck Operator,Construction,Demolition and site preparation,Not Higher Education,No,No,53-3032,-1.100644052209415,0.0
Risk Analyst,Administrative and Support Service Activities,"Business support service activities, n.e.c.",Higher Education,No,No,13-2061,1.4984326197157478,0.0
Risk Management Assistant,Financial and Insurance Activities,"Activities auxiliary to financial service, except insurance and pension funding",Higher Education,No,Yes,41-3021,1.3203041108213494,0.0
Road Roller [Compactor] Operator,Construction,Demolition and site preparation,Not Higher Education,No,No,47-5022,-1.15238606969144,0.0
Rolling Stock Technician,Transportation and Storage,Support activities for transportation,Not Higher Education,No,No,49-3093,-1.5566147016651897,0.0
Room Attendant,Accommodation and Food Service Activities,Short term accommodation activities,Higher Education,No,Yes,31-1014 ,-0.4413828025834359,0.0
Rough And Finishing Carpenter,Construction,Construction of buildings,Not Higher Education,No,No,47-2031,-1.1755193089724034,0.0
Rough Mason,Construction,Construction of buildings,Not Higher Education,No,No,47-4091 ,-0.9916104341060964,0.0
Route Planner,Transportation and Storage,Support activities for transportation,Higher Education,No,Yes,43-5032,1.1679053146236258,0.0
Rural Development Assistant,"Agriculture, Forestry, and Fishing",Support activities to agriculture and post-harvest crop activities,Higher Education,No,Yes,21-1093,0.7806366196871929,0.0
Rural Health Field Researcher,Human Health and Social Work Activities,Other human health activities,Higher Education,No,No,21-1094 ,0.0229134919313405,0.0
Safety Officer (Healthcare),Human Health and Social Work Activities,Hospital activities,Higher Education,No,No,53-6051,0.195081275698469,0.0
Safety Officer (Hotel),Accommodation and Food Service Activities,Short term accommodation activities,Higher Education,No,No,53-6051,0.195081275698469,0.0
Sailing Coach,Other Service Activities,"Personal services for wellness, except sports activities",Not Higher Education,No,No,39-9031,-2.032514091161482,0.0
Sales Assistant (High School),Wholesale and Retail Trade; Repair of Motor Vehicles and Motorcycles,Retail sale in non-specialized stores,Not Higher Education,No,No,41-2031,0.072872365795889,0.0
Sales Associate,Wholesale and Retail Trade; Repair of Motor Vehicles and Motorcycles,Retail sale in non-specialized and specialized stores,Higher Education,No,Yes,43-6014,1.0792977885038806,0.0
Salt Contractor,Manufacturing,Manufacture of other food products,Not Higher Education,No,No,45-3031,-1.3653770485609695,0.0
Sandblasting Crew,Construction,Construction of utility projects,Not Higher Education,No,No,47-3019,-1.15238606969144,0.0
Sanitary Engineer,Manufacturing,Manufacture of medical and dental instruments and supplies,Higher Education,No,No,17-2081,1.3942922371302795,0.0
Sanitary Landfill Facility (SLF) Spotter,"Water Supply; Sewerage, Waste Management and Remediation",Waste treatment and disposal,Not Higher Education,No,No,47-4061,-1.4057761657025905,0.0
Sanitation and Disinfection Officer (Healthcare),Human Health and Social Work Activities,Hospital activities,Higher Education,Yes,No,53-6051,0.195081275698469,0.0
Sanitation Inspector,Human Health and Social Work Activities,Human health activities,Higher Education,No,No,53-6051,0.195081275698469,0.0
SCADA Systems Operator,Manufacturing,"Manufacture of measuring, testing, navigating and control equipment; watches and clocks",Not Higher Education,No,No,51-9162,-0.0655765103781631,0.0
Scaffolder,Construction,Construction of buildings,Not Higher Education,No,No,49-9095,-1.420720591823914,0.0
Science Content Associate,"Professional, Scientific and Technical Activities","Other professional, scientific and technical activities, n.e.c.",Higher Education,No,Yes,27-3031 ,1.2230614224333591,0.0
Science Laboratory Assistant,"Professional, Scientific and Technical Activities",Research and experimental development on natural sciences and engineering,Higher Education,No,Yes,29-2012,-0.3935851657204582,0.0
Science Subject Teacher,Education,"Primary/elementary education, Secondary/high school education",Higher Education,Yes,No,25-2031,1.1884950168906403,0.0
Screed Operator (Heavy Equipment),Construction,Demolition and site preparation,Not Higher Education,No,No,47-5022,-1.15238606969144,0.0
Scriptwriter,"Arts, Entertainment and Recreation","Creative, Arts and Entertainment Activities",Higher Education,No,No,27-3043,0.7743766257616718,0.0
Sculptor Apprentice,"Arts, Entertainment and Recreation","Creative, arts and entertainment activities",Higher Education,No,No,27-1013,-0.5800703514608596,0.0
Sea Patrol (Bantay Dagat),Public Administration and Defense; Compulsory Social Security,Public Administration and Defense; Compulsory Social Security,Not Higher Education,No,No,33-9093 ,-0.5182191975946915,0.0
Seafarers,Transportation and Storage,Sea and coastal water transport,Higher Education,No,No,53-5021,-0.7138985758488017,0.0
Seamer Operator,Manufacturing,Manufacture of parts and accessories for motor vehicles,Not Higher Education,No,No,51-9111,-0.9874640384182614,0.0
Seaweed Nursery Operator,"Agriculture, Forestry, and Fishing",Aquaculture,Not Higher Education,No,No,45-2092,-2.0896117392961986,0.0
Seaweed Processor,Manufacturing,"Processing and preserving of fish, crustaceans and mollusks",Not Higher Education,No,No,51-9199,-0.8341351787751918,0.0
Security Analyst Associate,Administrative and Support Service Activities,"Business support service activities, n.e.c.",Higher Education,No,Yes,15-1299,1.2355878663736692,0.0
Security Guard,Administrative and Support Service Activities,Private security activities,Not Higher Education,No,No,33-9093 ,-0.5182191975946915,0.0
Security Operations Center (SOC) Analyst,Information and Communication,"Data processing, hosting and related activities; web portals",Not Higher Education,No,No,15-1299,1.2355878663736692,0.0
Security Operations Staff,Administrative and Support Service Activities,Private security activities,Higher Education,No,No,33-9093 ,-0.5182191975946915,0.0
Semiconductor Machine Technician,Manufacturing,Manufacture of electronic components,Not Higher Education,No,No,17-3023,0.2307035718843949,0.0
Semiconductor Operator,Manufacturing,Manufacture of electronic components,Not Higher Education,No,No,51-9161,-0.6656689492869381,0.0
Semiconductor Production Operator,Manufacturing,Manufacture of electronic components,Not Higher Education,No,No,53-7011,-0.7654642333588086,0.0
Seminary Support Staff,Human Health and Social Work Activities,"Other social work activities without accommodation, n.e.c.",Higher Education,No,No,21-2099,0.7806366196871929,0.0
Senior Caregiver,Human Health and Social Work Activities,Residential care activities for the elderly and disabled,Not Higher Education,No,No,31-1014 ,-0.4413828025834359,0.0
Service Vehicle Drivers,Construction,Construction of buildings,Higher Education,No,No,53-3053,-0.5689450320871856,0.0
Session Guitarist,"Arts, Entertainment and Recreation","Creative, arts and entertainment activities",Higher Education,No,No,27-2042,-0.0481137107809598,0.0
Shipper and Receiver,Transportation and Storage,Postal activities,Higher Education,No,No,43-5032,1.1679053146236258,0.0
Shoe Cutter,Manufacturing,Manufacture of footwear,Not Higher Education,No,No,51-6041,-0.8841484845166345,0.0
Sign Language Teaching Aide,Education,Other Education,Higher Education,No,Yes,27-3091,1.0640015601650763,0.0
Site Accounting Assistant (Construction),Construction,Construction of buildings,Higher Education,No,Yes,43-3031,1.0204933974998105,0.0
Site Engineering Assistant (Licensed Civil Engineer),Construction,"Construction of buildings, Construction of roads and railways, Construction of utility projects, Construction of other civil engineering projects",Higher Education,Yes,No,17-2051 ,1.303068832130924,0.0
Site HR Officers,Construction,Construction of utility projects,Not Higher Education,No,No,43-4161 ,1.3320301230028002,0.0
Site Monitoring Specialist,"Professional, Scientific and Technical Activities","Other professional, scientific and technical activities, n.e.c.",Higher Education,No,No,15-1244,0.7714307163971404,0.0
Skid Loader Operators,Construction,Construction of utility projects,Not Higher Education,No,No,47-5022,-1.15238606969144,0.0
Slitter,Manufacturing,Manufacture of other fabricated metal products; metal working service activities,Not Higher Education,No,No,51-9195,-1.1230266200713226,0.0
Social Enterprise Assistant,Administrative and Support Service Activities,"Business support service activities, n.e.c.",Higher Education,No,Yes,21-1093,0.7806366196871929,0.0
Social Listening Research Assistant,"Professional, Scientific and Technical Activities",Advertising,Higher Education,No,Yes,27-3041 ,1.1083010062005718,0.0
Social Media Content Creator,Information and Communication,"Motion picture, video and television programme activities",Not Higher Education,No,No,27-3043 ,0.7743766257616718,0.0
Social Media Manager,"Professional, Scientific and Technical Activities",Advertising,Higher Education,No,No,27-3031 ,1.2230614224333591,0.0
Social Policy Analyst,"Professional, Scientific and Technical Activities",Research and experimental development on social sciences and humanities,Higher Education,No,No,13-1199,1.4540568100648037,0.0
Social Welfare Assistant (Healthcare),Human Health and Social Work Activities,Social work activities without accommodation for the elderly and disabled,Higher Education,Yes,No,21-1093,0.7806366196871929,0.0
Social Work Associate,Human Health and Social Work Activities,"Other social work activities without accommodation, n.e.c.",Higher Education,Yes,No,21-1099,0.7806366196871929,0.0
Software Quality Assurance Assistant,Information and Communication,"Computer programming, consultancy and related activities",Higher Education,No,Yes,15-1299,1.2355878663736692,0.0
Soil And Nutrient Technologist,"Agriculture, Forestry, and Fishing",Plant propagation,Not Higher Education,No,No,25-9021,0.8006554663832743,0.0
Soil and Plant Lab Technician,"Professional, Scientific and Technical Activities","Other professional, scientific and technical activities, n.e.c.",Higher Education,No,Yes,19-4011,1.1962758695210862,0.0
Soil and Plant Scientists,"Professional, Scientific and Technical Activities",Research and experimental development on natural sciences and engineering,Higher Education,No,No,25-9021,0.8006554663832743,0.0
Solar Night Light And Post Lamp Assembler,Manufacturing,Manufacture of electric lighting equipment,Not Higher Education,No,No,51-9194,-0.6501212176431842,0.0
Sonar Fishing Operator,"Agriculture, Forestry, and Fishing",Fishing,Not Higher Education,No,No,45-3031,-1.3653770485609695,0.0
Sonar Technician,Transportation and Storage,Support activities for transportation,Not Higher Education,No,No,27-4099 ,0.733024170282144,0.0
Sound Technician,Information and Communication,Sound recording and music publishing activities,Higher Education,No,Yes,27-4099 ,0.733024170282144,0.0
Specialized Carpenter,Construction,Construction of buildings,Not Higher Education,No,No,47-2031,-1.1755193089724034,0.0
SPED Teacher,Education,Other education services,Higher Education,Yes,No,25-2059 ,-0.6104688928723081,0.0
SPED Teacher (Primary),Education,Pre-primary education,Higher Education,Yes,No,25-2059 ,-0.6104688928723081,0.0
SPED Teacher (Secondary),Education,Secondary/high school education,Higher Education,Yes,No,25-2059 ,-0.6104688928723081,0.0
Speech Therapy Aide,Human Health and Social Work Activities,Medical and dental practice activities,Higher Education,Yes,No,29-1181,0.7001210177816167,0.0
Speed Limitation Device Installer,Transportation and Storage,Support activities for transportation,Not Higher Education,No,No,49-9052,-1.0922437980466209,0.0
Sports Coach,Education,Other education services,Higher Education,Yes,No,27-2022,0.1022346308216465,0.0
Sports Events Assistant,"Arts, Entertainment and Recreation",Sports activities,Higher Education,No,Yes,13-1121,0.3580352965169154,0.0
Sports Program Assistant,"Arts, Entertainment and Recreation",Sports activities,Higher Education,No,Yes,39-9031,-2.032514091161482,0.0
Spotters,Construction,Other specialized construction activities,Not Higher Education,No,No,47-3019,-1.15238606969144,0.0
Stage Performer,"Arts, Entertainment and Recreation","Creative, arts and entertainment activities",Higher Education,No,No,27-2011,0.1441760056865995,0.0
Stamping Machine Operators,Construction,Construction of buildings,Higher Education,Yes,No,51-4199,-0.8341351787751918,0.0
Startup Operations Assistant,"Professional, Scientific and Technical Activities","Other professional, scientific and technical activities, n.e.c.",Higher Education,No,Yes,21-1012 ,1.390653349799162,0.0
Startup Program Intern,Administrative and Support Service Activities,"Business support service activities, n.e.c.",Higher Education,No,No,21-1012 ,1.390653349799162,0.0
Statistical Assistant,Financial and Insurance Activities,"Activities auxiliary to financial service, except insurance and pension funding",Higher Education,No,Yes,43-9111,1.2970972393926237,0.0
Steelman,Construction,Construction of buildings,Not Higher Education,No,No,51-2041,-1.1411657620028337,0.0
Store Display Assistant,Wholesale and Retail Trade; Repair of Motor Vehicles and Motorcycles,Retail sale of cultural and recreation goods in specialized stores,Higher Education,No,Yes,41-9011 ,0.1089211280002534,0.0
Store Keeper,Wholesale and Retail Trade; Repair of Motor Vehicles and Motorcycles,Retail sale in non-specialized stores,Not Higher Education,No,No,11-1021,1.0159515689880594,0.0
Store Supervisor Trainee,Wholesale and Retail Trade; Repair of Motor Vehicles and Motorcycles,Retail sale in non-specialized and specialized stores,Higher Education,No,No,41-1011,0.005064176078184,0.0
Storyboard Assistant,"Arts, Entertainment and Recreation","Creative, arts and entertainment activities",Higher Education,No,Yes,27-4032 ,0.9134893505999866,0.0
Strategic Communications Officer,"Professional, Scientific and Technical Activities",Advertising,Higher Education,No,No,27-3031 ,1.2230614224333591,0.0
Strategic Communications Specialist,"Professional, Scientific and Technical Activities",Advertising,Higher Education,No,No,15-1134 ,1.2355878663736692,0.0
Structural Design Technician,"Professional, Scientific and Technical Activities",Architectural and engineering activities and related technical consultancy,Higher Education,Yes,No,17-2051 ,1.303068832130924,0.0
Structural Steel Erector,Construction,Construction of buildings,Not Higher Education,No,No,51-2041,-1.1411657620028337,0.0
Sugarcane Field Technician,"Agriculture, Forestry, and Fishing",Growing of non-perennial crops,Higher Education,No,Yes,19-4011,1.1962758695210862,0.0
Sugarcane Planter,"Agriculture, Forestry, and Fishing",Growing of perennial crops,Not Higher Education,No,No,51-9193,-0.9694564085988252,0.0
Supply Chain Officer (Healthcare),Human Health and Social Work Activities,Hospital activities,Higher Education,No,No,43-5111,-0.1990509675516624,0.0
Supply Chain Specialist,Transportation and Storage,Support activities for transportation,Not Higher Education,No,No,13-1074 ,-0.4471441743981977,0.0
Surf Instructor,Other Service Activities,"Personal services for wellness, except sports activities",Not Higher Education,No,No,39-9031,-2.032514091161482,0.0
Surveillance Officer (CCTV Operation),Administrative and Support Service Activities,Security systems service activities,Higher Education,No,No,27-4099 ,0.733024170282144,0.0
Surveying Technician,"Professional, Scientific and Technical Activities",Architectural and engineering activities and related technical consultancy,Higher Education,Yes,No,47-4011,0.3600520511318562,0.0
Sustainability Assistant,"Professional, Scientific and Technical Activities","Other professional, scientific and technical activities, n.e.c.",Higher Education,No,Yes,19-2041 ,1.121407837793284,0.0
Swine Artificial Insemination Technician,"Agriculture, Forestry, and Fishing",Animal production,Not Higher Education,No,No,31-9096,-0.8265822627679962,0.0
Swine Raiser/Farmer,"Agriculture, Forestry, and Fishing",Animal production,Not Higher Education,No,No,45-2093,-1.1166346396376288,0.0
System Formworks Installer,Construction,"Electrical, plumbing and other construction installation activities",Not Higher Education,No,No,47-4091,-0.9916104341060964,0.0
Systems Accountant,Financial and Insurance Activities,"Accounting, bookkeeping and auditing activities; tax consultancy",Higher Education,Yes,No,13-2082,1.3620743346972182,0.0
Tailor,Manufacturing,Custom tailoring and dressmaking,Not Higher Education,No,No,51-6052,-0.5547315587881533,0.0
Talent Acquisition and Development Officer (Healthcare),Human Health and Social Work Activities,"Other social work activities without accommodation, n.e.c.",Higher Education,No,No,13-1151 ,1.1966462559768865,0.0
Talent Acquisition Associate,Administrative and Support Service Activities,Other human resources provision,Higher Education,No,Yes,13-1199,1.4540568100648037,0.0
Talent Attraction and Management Associate,Administrative and Support Service Activities,Other human resources provision,Higher Education,No,Yes,21-1012 ,1.390653349799162,0.0
Talent Management Specialist,Administrative and Support Service Activities,Other human resources provision,Higher Education,No,No,21-1012 ,1.390653349799162,0.0
Tappers,"Agriculture, Forestry, and Fishing",Support activities to agriculture and post-harvest crop activities,Not Higher Education,No,No,45-2091,-1.153152853548008,0.0
Taro Processor,Manufacturing,Processing and preserving of fruits and vegetables,Not Higher Education,No,No,51-9193,-0.9694564085988252,0.0
Tax Accountant,Financial and Insurance Activities,"Accounting, bookkeeping and auditing activities; tax consultancy",Higher Education,Yes,No,13-2082,1.3620743346972182,0.0
Taxi Drivers,Transportation and Storage,Other land transport,Not Higher Education,No,No,53-3054,-0.7138985758488017,0.0
Technical Communicator,"Professional, Scientific and Technical Activities","Other professional, scientific and technical activities, n.e.c.",Higher Education,No,No,27-3043,0.7743766257616718,0.0
Technical Project Assistant,Information and Communication,"Computer programming, consultancy and related activities",Higher Education,No,Yes,15-1151 ,1.2355878663736692,0.0
Technical Support Specialist,Information and Communication,"Computer programming, consultancy and related activities",Higher Education,No,No,15-1299,1.2355878663736692,0.0
Technology Operations Assistant,Information and Communication,"Computer Programming, Consultancy and Related Activities",Higher Education,No,Yes,15-1151 ,1.2355878663736692,0.0
Telecommunications Engineer,Information and Communication,Wired telecommunications activities,Higher Education,No,No,17-2072,0.6853776260103156,0.0
Telediagnostic Technician,Human Health and Social Work Activities,"Other social work activities without accommodation, n.e.c.",Not Higher Education,No,No,29-2035 ,-0.1207078752623671,0.0
Telephone And Broadband Technician,Information and Communication,Wired telecommunications activities,Not Higher Education,No,No,17-3023,0.2307035718843949,0.0
Television Producer Assistant,Information and Communication,Programming and Broadcasting Activities,Higher Education,No,Yes,27-3041 ,1.1083010062005718,0.0
Tender Planning & Estimating Staff (Construction),Construction,Construction of buildings,Not Higher Education,No,No,21-1012 ,1.390653349799162,0.0
Terminologist,"Professional, Scientific and Technical Activities",Research and experimental development on social sciences and humanities,Higher Education,No,No,27-3091,1.0640015601650763,0.0
Ticket Issuing / Travel Clerk (Transportation and Storage),Transportation and Storage,"Transport via railways, Transport via buses, Other land transport, Inland water transport",Higher Education,No,Yes,43-4181,0.2121430815192957,0.0
Ticketing and Reservations Agent,Accommodation and Food Service Activities,"Travel agency, tour operator and other reservation service and related activities",Higher Education,No,No,43-4181,0.2121430815192957,0.0
TIG Plate Welder (Carbon Steel),Construction,Other specialized construction activities,Not Higher Education,No,No,51-4122 ,-0.9644465077543026,0.0
Tikog Farmer,"Agriculture, Forestry, and Fishing",Growing of perennial crops,Not Higher Education,No,No,45-2091,-1.153152853548008,0.0
Tilapia Farm Technician,"Agriculture, Forestry, and Fishing",Aquaculture,Not Higher Education,No,No,45-2093,-1.1166346396376288,0.0
Tile Setter,Construction,Construction of buildings,Not Higher Education,No,No,47-2044,-1.3040254291646445,0.0
Tinsmith (Automotive Manufacturing),Manufacturing,Manufacture of motor vehicles,Not Higher Education,No,No,51-4192,-0.7322789568903688,0.0
Tinsmith (HVAC/R Worker),"Electricity, Gas, Steam and Air Conditioning Supply","Electric power generation, transmission and distribution",Not Higher Education,No,No,51-4192,-0.7322789568903688,0.0
Tinsmiths,Construction,Building completion and finishing,Not Higher Education,No,No,51-4192,-0.7322789568903688,0.0
TLE (Agricultural Track) Teacher,Education,Secondary/high school education,Higher Education,Yes,No,25-2032,0.381604950374696,0.0
TLE (Industrial Arts) Teacher,Education,Secondary/high school education,Higher Education,Yes,No,25-3099 ,0.8006554663832743,0.0
TLE (Industrial Technology) Teacher,Education,Secondary/high school education,Higher Education,Yes,No,25-2032,0.381604950374696,0.0
Tool Maker,Manufacturing,Manufacture of other fabricated metal products; metal working service activities,Not Higher Education,No,No,51-4192,-0.7322789568903688,0.0
Toolkeepers,Construction,Other specialized construction activities,Not Higher Education,No,No,43-5111,-0.1990509675516624,0.0
Tour Operations Staff,Accommodation and Food Service Activities,Other accommodation,Not Higher Education,No,No,41-9099 ,0.4776825370436939,0.0
Tourism Information Clerk,Accommodation and Food Service Activities,"Travel agency, tour operator and other reservation service and related activities",Higher Education,No,Yes,43-4181,0.2121430815192957,0.0
Tourist Information Officer (LGU),Public Administration and Defense; Compulsory Social Security,Public Administration and Defense; Compulsory Social Security,Not Higher Education,No,No,43-4181,0.2121430815192957,0.0
Tower Crane Operator,Construction,Demolition and site preparation,Not Higher Education,No,No,53-7041,-0.9871245285050874,0.0
Tower Light Tenders,Construction,Other specialized construction activities,Higher Education,No,No,51-9194,-0.6501212176431842,0.0
Trade & Diplomatic Analyst,"Professional, Scientific and Technical Activities",Research and experimental development on social sciences and humanities,Higher Education,No,No,43-5011 ,0.9292408184875,0.0
Traditional Animator,"Arts, Entertainment and Recreation","Creative, arts and entertainment activities",Not Higher Education,No,No,27-1024,0.733024170282144,0.0
Training Quality Specialist,Information and Communication,Other information service activities,Higher Education,No,No,13-1151 ,1.1966462559768865,0.0
Transit Mixer Operator,Construction,Demolition and site preparation,Not Higher Education,No,No,53-3032,-1.100644052209415,0.0
Translation Associate,Information and Communication,"Publishing of books, periodicals and other publishing activities",Higher Education,No,Yes,27-3091,1.0640015601650763,0.0
Translator,"Professional, Scientific and Technical Activities","Other professional, scientific and technical activities, n.e.c.",Higher Education,No,No,27-3091,1.0640015601650763,0.0
Transmission Lineman,"Electricity, Gas, Steam and Air Conditioning Supply","Electric power generation, transmission and distribution",Not Higher Education,No,No,49-9051,-1.2416423994528298,0.0
Travel Agency Coordinator,Accommodation and Food Service Activities,Other accommodation,Higher Education,No,Yes,41-9099 ,0.4776825370436939,0.0
Travel Content Creator,"Arts, Entertainment and Recreation","Creative, arts and entertainment activities",Higher Education,No,No,43-4181,0.2121430815192957,0.0
Travel Services Clerk,Accommodation and Food Service Activities,"Travel agency, tour operator and other reservation service and related activities",Not Higher Education,No,No,43-4181,0.2121430815192957,0.0
Treasury Staff (Construction),Construction,Construction of buildings,Higher Education,No,No,43-3031,1.0204933974998105,0.0
Truck Mounted Crane Operator,Construction,Demolition and site preparation,Not Higher Education,No,No,53-7041,-0.9871245285050874,0.0
TVET Instructor,Education,Other Education,Higher Education,Yes,No,25-1194,0.1473641831244497,0.0
U.S. Country Desk Analyst,"Professional, Scientific and Technical Activities",Research and experimental development on social sciences and humanities,Higher Education,No,No,19-3011,1.3739893283132485,0.0
UI/UX Designer,Information and Communication,"Computer programming, consultancy and related activities",Higher Education,No,No,27-1027,0.4050940821041838,0.0
UI/UX Game Artist,Information and Communication,"Motion picture, video and television programme activities",Higher Education,No,No,27-1024,0.733024170282144,0.0
Underwater Diving Instructor,Other Service Activities,"Personal services for wellness, except sports activities",Not Higher Education,No,No,39-9031,-2.032514091161482,0.0
Urban Forestry Aide,"Agriculture, Forestry, and Fishing",Silviculture and other forestry activities,Higher Education,Yes,No,25-9021,0.8006554663832743,0.0
Urban Planning Assistant,"Professional, Scientific and Technical Activities",Architectural and engineering activities and related technical consultancy,Higher Education,No,Yes,19-3051,1.22004492837092,0.0
Utility Personnel (Tourism),Accommodation and Food Service Activities,Short term accommodation activities,Not Higher Education,No,No,53-6021,-0.8449649307349394,0.0
Values Education Teacher,Education,"Primary/elementary education, Secondary/high school education",Higher Education,Yes,No,25-2022,1.2731661055605612,0.0
Vector Control Assistant,"Professional, Scientific and Technical Activities","Other professional, scientific and technical activities, n.e.c.",Higher Education,No,Yes,53-6051,0.195081275698469,0.0
Vehicle Mechanic,Manufacturing,Manufacture of motor vehicles,Higher Education,No,No,49-3093,-1.5566147016651897,0.0
Veterinary Lab Technician,"Agriculture, Forestry, and Fishing",Animal production,Higher Education,No,Yes,31-9096,-0.8265822627679962,0.0
Video Editing Assistant,Information and Communication,"Motion picture, video and television programme activities",Higher Education,No,Yes,27-4099 ,0.733024170282144,0.0
Video Post-Production Editor,Information and Communication,"Motion picture, video and television programme activities",Not Higher Education,No,No,27-4032 ,0.9134893505999866,0.0
Video Production Assistant,Information and Communication,"Motion picture, video and television programme activities",Higher Education,No,Yes,27-4099 ,0.733024170282144,0.0
Virtual Assistant,Administrative and Support Service Activities,"Business support service activities, n.e.c.",Not Higher Education,No,No,43-6011,1.0600457450196432,0.0
Visual Designer,"Arts, Entertainment and Recreation","Creative, arts and entertainment activities",Higher Education,No,No,27-1027,0.4050940821041838,0.0
Visual Effects Assistant,"Arts, Entertainment and Recreation","Creative, arts and entertainment activities",Higher Education,No,Yes,27-1024,0.733024170282144,0.0
Visual Graphic Artist,"Arts, Entertainment and Recreation","Creative, arts and entertainment activities",Not Higher Education,No,No,27-1013,-0.5800703514608596,0.0
Visual Storyteller,Information and Communication,Other information service activities,Higher Education,No,No,27-2011,0.1441760056865995,0.0
Vocal Performer,"Arts, Entertainment and Recreation","Creative, arts and entertainment activities",Higher Education,No,No,27-2042,-0.0481137107809598,0.0
Voice and Speech Therapist,Human Health and Social Work Activities,Medical and dental practice activities,Higher Education,Yes,No,29-1181,0.7001210177816167,0.0
Voice Talent,"Arts, Entertainment and Recreation","Creative, arts and entertainment activities",Higher Education,No,No,25-3021,0.5095961456095874,0.0
Voice-over Artist,"Arts, Entertainment and Recreation","Creative, arts and entertainment activities",Higher Education,No,No,27-2042,-0.0481137107809598,0.0
Wafer Fabrication Technician,Manufacturing,Manufacture of electronic components,Higher Education,No,Yes,49-9052,-1.0922437980466209,0.0
Ward Assistant,Human Health and Social Work Activities,Medical and dental practice activities,Higher Education,No,Yes,31-9092,0.131317826544596,0.0
Ward Attendant,Human Health and Social Work Activities,Medical and dental practice activities,Higher Education,No,Yes,31-9092,0.131317826544596,0.0
Warehouse Aide (Healthcare),Human Health and Social Work Activities,Hospital activities,Not Higher Education,No,No,53-7121,-1.394520359139548,0.0
Warehouse Forklift Operator,Transportation and Storage,Other land transport,Not Higher Education,No,No,53-7051 ,-1.298820999584999,0.0
Warehouse Personnel,Transportation and Storage,Support activities for transportation,Not Higher Education,No,No,43-5111,-0.1990509675516624,0.0
Warehouseman (Healthcare),Human Health and Social Work Activities,Hospital activities,Not Higher Education,No,No,43-5111,-0.1990509675516624,0.0
Waste Handler (Manufacturing),Manufacturing,Manufacture of other food products,Not Higher Education,No,No,53-7081,-1.4535586106918108,0.0
Waste Management Officer (Manufacturing),Manufacturing,"Other manufacturing, n.e.c.",Higher Education,No,No,53-6051,0.195081275698469,0.0
Waste Officer (Healthcare),Human Health and Social Work Activities,Hospital activities,Higher Education,No,No,53-6051,0.195081275698469,0.0
Wastewater Treatment Specialist,"Water Supply; Sewerage, Waste Management and Remediation",Waste treatment and disposal,Higher Education,Yes,No,51-8031,-0.5354943497652578,0.0
Water Quality Analyst,"Water Supply; Sewerage, Waste Management and Remediation","Water collection, treatment and supply",Higher Education,No,No,19-2041 ,1.121407837793284,0.0
Water Quality Engineer,"Water Supply; Sewerage, Waste Management and Remediation","Water collection, treatment and supply",Higher Education,Yes,No,17-2071,1.0699352703170644,0.0
Water Well Installer,Construction,"Electrical, plumbing and other construction installation activities",Not Higher Education,No,No,53-7073,-1.0995030656189302,0.0
Waterside Worker,Transportation and Storage,Sea and coastal water transport,Not Higher Education,No,No,53-7121,-1.394520359139548,0.0
Web Application Developer,Information and Communication,"Computer programming, consultancy and related activities",Not Higher Education,No,No,15-1134 ,1.2355878663736692,0.0
Web Designer,Information and Communication,"Computer programming, consultancy and related activities",Not Higher Education,No,No,27-1024,0.733024170282144,0.0
Web Developer (Python),Information and Communication,"Computer programming, consultancy and related activities",Not Higher Education,No,No,15-1134 ,1.2355878663736692,0.0
Web Developer Intern,Information and Communication,"Computer programming, consultancy and related activities",Higher Education,No,No,15-1134 ,1.2355878663736692,0.0
Wellness Coach,Human Health and Social Work Activities,"Other social work activities without accommodation, n.e.c.",Higher Education,No,No,39-9031,-2.032514091161482,0.0
Wellness Program Aide,Human Health and Social Work Activities,Other human health activities,Higher Education,No,Yes,21-1094 ,0.0229134919313405,0.0
Wheelchair Technician,Human Health and Social Work Activities,Other human health activities,Not Higher Education,No,No,49-3091 ,-0.9317349798312308,0.0
Wheel-Loader Operator,Construction,Demolition and site preparation,Not Higher Education,No,No,47-5022,-1.15238606969144,0.0
Wildlife Field Assistant,"Professional, Scientific and Technical Activities","Other professional, scientific and technical activities, n.e.c.",Higher Education,No,Yes,31-9096,-0.8265822627679962,0.0
Wind Turbine Technician,"Electricity, Gas, Steam and Air Conditioning Supply","Electric power generation, transmission and distribution",Not Higher Education,No,No,17-3024,-0.2923061417176008,0.0
Window Cleaner,Accommodation and Food Service Activities,Other accommodation,Higher Education,No,No,47-4071,-1.2182870337341567,0.0
Wood Carver,Manufacturing,Manufacture of furniture,Not Higher Education,No,No,51-7099,-0.8341351787751918,0.0
Workforce Management Analyst,Administrative and Support Service Activities,"Business support service activities, n.e.c.",Higher Education,No,No,13-1151 ,1.1966462559768865,0.0
Workforce Wellness Coordinator,Human Health and Social Work Activities,"Other social work activities without accommodation, n.e.c.",Higher Education,No,Yes,29-9092 ,1.5056696701614034,0.0
Worship Musician,"Arts, Entertainment and Recreation","Creative, arts and entertainment activities",Higher Education,No,No,27-2042,-0.0481137107809598,0.0
