Job Title,Job Sector,Job Subsector,Educational Pathway,HEI with PRC (Professional Regulation Commission) Exam,Some HEI,PSOC,ISCO,SOC,AIOE,major_minor
2D Echocardiography Technician,Human Health and Social Work Activities,Medical and dental practice activities,Higher Education,No,Yes,3211.0,3211,29-2035 ,-0.20865565249295095,29
2D Game Artist,"Arts, Entertainment and Recreation","Creative, arts and entertainment activities",Not Higher Education,No,No,2166.0,2166,27-1024,0.6558359528610636,27
3D Game Artist,"Arts, Entertainment and Recreation","Creative, arts and entertainment activities",Not Higher Education,No,No,2166.0,2166,27-1024,0.6558359528610636,27
3D Modeller,"Arts, Entertainment and Recreation","Creative, arts and entertainment activities",Not Higher Education,No,No,2166.0,2166,27-1024,0.6558359528610636,27
3D Printing Designer,Manufacturing                                                ,Manufacture of other fabricated metal products; metal working service activities,Higher Education,No,No,2166.0,2166,27-1024,0.6558359528610636,27
4-Wheel Tractor Mechanic,"Agriculture, Forestry, and Fishing",Support activities to agriculture and post-harvest crop activities,Not Higher Education,No,No,7233.0,7233,49-9081,-1.1488319558659998,49
Abaca Fiber Stripper And Classifier,"Agriculture, Forestry, and Fishing",Support activities to agriculture and post-harvest crop activities,Not Higher Education,No,No,7318.0,7318,51-6041,-0.9817178812461512,51
Abaca Grower,"Agriculture, Forestry, and Fishing",Growing of perennial crops,Not Higher Education,No,No,6116.0,6111 p,45-2092,-2.2023735538992737,45
Academic Researcher,"Professional, Scientific and Technical Activities",Research and experimental development on social sciences and humanities,Higher Education,No,No,2131.0,2131,19-1099,1.2714488780375865,19
Accounting Clerk (Healthcare),Human Health and Social Work Activities,Hospital activities,Higher Education,No,Yes,4311.0,4311,43-3031,0.9469281462772959,43
Accounting Professional (Manufacturing),Manufacturing                                                ,"Other manufacturing, n.e.c.",Higher Education,Yes,No,2411.0,2411,13-2082,1.2928140179594079,13
Accounting Staff (Construction),Construction,Construction of buildings,Higher Education,No,No,4311.0,4311,43-3031,0.9469281462772959,43
Actuarial Assistant,Financial and Insurance Activities,Activities auxiliary to insurance and pension funding,Higher Education,No,No,3314.0,3314,43-9111,1.2270180182376416,43
Actuarial Assistant (Healthcare),Human Health and Social Work Activities,Hospital activities,Higher Education,No,No,2123.0,2120,19-3022,1.4096937817690525,19
Admin Assistant (Construction),Construction,Construction of buildings,Higher Education,No,Yes,4110.0,4110,43-9061 ,0.8956086195344649,43
Admin Staff (Healthcare),Human Health and Social Work Activities,Hospital activities,Higher Education,No,Yes,3343.0,3343,43-6011,0.9869789708672666,43
Administrative Assistant,Administrative and Support Service Activities,Office administrative and support activities,Higher Education,No,Yes,3343.0,3343,43-6011,0.9869789708672666,43
Advertising Clerk (Tourism),"Professional, Scientific and Technical Activities",Advertising,Higher Education,No,Yes,4419.0,4419,43-9199 ,0.9380611170416764,43
Aesthetician,Other Service Activities,"Personal services for wellness, except sports activities",Not Higher Education,No,No,5142.0,5142,39-5094,-0.2689427099948295,39
Agribusiness Assistant,"Agriculture, Forestry, and Fishing",Support activities to agriculture and post-harvest crop activities,Higher Education,No,Yes,5246.0,5246,35-9011 ,-1.9363931399533265,35
Agricultural Data Assistant,"Agriculture, Forestry, and Fishing",Support activities to agriculture and post-harvest crop activities,Higher Education,No,Yes,3512.0,3512,15-1151 ,1.388784111523391,15
Agricultural Engineer,"Agriculture, Forestry, and Fishing",Support activities to agriculture and post-harvest crop activities,Higher Education,Yes,No,2144.0,2144,17-2141 ,0.8915684104716345,17
Agricultural Extension Officer,"Agriculture, Forestry, and Fishing",Support activities to agriculture and post-harvest crop activities,Higher Education,Yes,No,3143.0,3143,19-4071,-0.7727476275783224,19
Agricultural Lab Technician,"Professional, Scientific and Technical Activities",Research and experimental development on natural sciences and engineering,Higher Education,Yes,No,3142.0,3142,19-4011,1.2714488780375865,19
Agricultural Laboratory Assistant,"Agriculture, Forestry, and Fishing",Support activities to agriculture and post-harvest crop activities,Higher Education,No,Yes,3359.0,3359,45-2011 ,0.07113037664391465,45
Agricultural Machinery Operator,"Agriculture, Forestry, and Fishing",Support activities to agriculture and post-harvest crop activities,Not Higher Education,No,No,8341.0,8341,45-4022,-1.1116096362751187,45
Agricultural RPA Pilot,"Agriculture, Forestry, and Fishing",Support activities to agriculture and post-harvest crop activities,Not Higher Education,No,No,3153.0,3153,53-2012,-0.29481260543931975,53
Agricultural Specialist,"Agriculture, Forestry, and Fishing",Support activities to agriculture and post-harvest crop activities,Higher Education,Yes,No,2132.0,2132,25-9021,0.7243196041937822,25
Agriculture Clerk,"Agriculture, Forestry, and Fishing",Support activities to agriculture and post-harvest crop activities,Higher Education,No,Yes,4110.0,4110,43-9061 ,0.8956086195344649,43
Agriculture Program Assistant,"Agriculture, Forestry, and Fishing",Support activities to agriculture and post-harvest crop activities,Higher Education,No,Yes,3343.0,3343,43-6011,0.9869789708672666,43
Agronomy Technicians,"Agriculture, Forestry, and Fishing","Growing of non-perennial crops, Growing of perennial crops, Plant propagation",Higher Education,Yes,No,3142.0,3142,19-4011,1.2714488780375865,19
AI Engineer,Information and Communication,"Computer programming, consultancy and related activities",Higher Education,No,No,2512.0,2512,15-1133,1.388784111523391,15
AI Prompter,Information and Communication,Other information service activities,Not Higher Education,No,No,2529.0,2529,15-1299,1.388784111523391,15
Air Traffic Radio Communications Officer,Transportation and Storage,"Passenger air transport, Freight air transport",Higher Education,No,No,3154.0,3154,53-2021,1.0607102035644898,53
Aircraft Cleaning Specialist,Transportation and Storage,Support activities for transportation,Not Higher Education,No,No,3153.0,3153,53-2012,-0.29481260543931975,53
Airline Ground Staff,Transportation and Storage,"Passenger air transport, Freight air transport",Higher Education,No,No,5111.0,5111,53-6061,-0.4785625981014229,53
Airport Equipment Operator,Transportation and Storage,Support activities for transportation,Not Higher Education,No,No,3521.0,3521,27-4099 ,0.6558359528610636,27
Alimak Operators,Construction,Other specialized construction activities,Not Higher Education,No,No,8344.0,8344,53-7051 ,-1.4016165018010325,53
Ambulance Care Assistant,Human Health and Social Work Activities,Other human health activities,Not Higher Education,No,No,3258.0,3258,29-2041 ,0.10949159858559132,29
Ambulance Driver,Human Health and Social Work Activities,Hospital activities,Not Higher Education,No,No,8322.0,8322 p,53-3011,-0.9365306183983924,53
Analog / Digital Chip Analyst,Manufacturing                                                ,Manufacture of electronic components,Higher Education,No,No,2152.0,2152,17-2072 ,0.701947303775666,17
Anatomy and Physiology Instructor,Education,Higher education,Higher Education,No,No,2310.0,2310,25-1199,0.7243196041937822,25
Animal Caretaker,"Agriculture, Forestry, and Fishing",Animal production,Not Higher Education,No,No,5164.0,5164,39-2021 ,-0.9961877096273571,39
Animal Health Technician,"Agriculture, Forestry, and Fishing",Animal production,Higher Education,No,Yes,3240.0,3240,31-9096,-0.9234261541013596,31
Animal Production Assistant,"Agriculture, Forestry, and Fishing",Animal production,Higher Education,Yes,No,3240.0,3240,31-9096,-0.9234261541013596,31
Apparel Display Technician,Manufacturing                                                ,"Manufacture of wearing apparel, except fur apparel",Higher Education,No,Yes,3432.0,3432,27-1027,0.3237729714462846,27
Apparel Pattern Designer,Manufacturing                                                ,"Manufacture of wearing apparel, except fur apparel",Higher Education,No,No,7532.0,7532,51-9031,-1.0554923729099774,51
Apparel Quality Technician,Manufacturing                                                ,"Manufacture of wearing apparel, except fur apparel",Higher Education,No,Yes,3119.0,3119,53-6041,0.30196800574182847,53
Application Developer,Information and Communication,"Computer programming, consultancy and related activities",Not Higher Education,No,No,2512.0,2512,15-1133,1.388784111523391,15
Aquaculture Business Assistant,"Agriculture, Forestry, and Fishing",Support activities to agriculture and post-harvest crop activities,Higher Education,Yes,No,6221.0,6221 p,11-9013,-0.2301508125264998,11
Aquaculture Teacher,Education,Other education services,Higher Education,Yes,No,3142.0,3142,19-4011,1.2714488780375865,19
Aquaculture Technician,"Agriculture, Forestry, and Fishing",Aquaculture,Higher Education,No,Yes,3142.0,3142,19-4011,1.2714488780375865,19
Aquaculture Worker,"Agriculture, Forestry, and Fishing",Aquaculture,Not Higher Education,No,No,3142.0,3142,19-4011,1.2714488780375865,19
Aquatic Ecology Technician,"Professional, Scientific and Technical Activities",Research and experimental development on natural sciences and engineering,Higher Education,No,Yes,2131.0,2131,19-1099,1.2714488780375865,19
Architectural Drafter,"Professional, Scientific and Technical Activities",Architectural and engineering activities and related technical consultancy,Higher Education,Yes,No,3118.0,3118,27-1013 ,-0.673807460441017,27
Archivist,"Arts, Entertainment and Recreation","Libraries, archives, museums and other cultural activities",Higher Education,Yes,No,2621.0,2621,25-4012,0.641460704726019,25
Art Gallery Associate,"Arts, Entertainment and Recreation","Creative, arts and entertainment activities",Higher Education,No,Yes,3433.0,3433,27-1012 ,-0.9646161941936396,27
Art Gallery Technician,"Arts, Entertainment and Recreation","Creative, arts and entertainment activities",Higher Education,No,Yes,3432.0,3432,27-1027,0.3237729714462846,27
Articulated Truck Driver,Transportation and Storage,Other land transport,Not Higher Education,No,No,8332.0,8332,53-3032,-1.2009419361981832,53
Artificial Insemination Technician,"Agriculture, Forestry, and Fishing",Animal production,Not Higher Education,No,No,3240.0,3240,31-9096,-0.9234261541013596,31
Artisanal Weaver,Manufacturing                                                ,"Spinning, weaving and finishing of textiles",Not Higher Education,No,No,7317.0,7317,51-7099,-0.9310742592864005,51
ASEAN Affairs Specialist,"Professional, Scientific and Technical Activities",Research and experimental development on social sciences and humanities,Higher Education,No,No,2421.0,2421,13-1111,1.3006800926946551,13
Associate Data Engineer,Information and Communication,"Data processing, hosting and related activities; web portals",Higher Education,No,No,2521.0,2521,15-1242,1.2712595915227325,15
Astronomical Data Technician,"Professional, Scientific and Technical Activities",Research and experimental development on natural sciences and engineering,Higher Education,No,Yes,2111.0,2111,19-2012,1.269877597832301,19
Audio Post Specialist,Information and Communication,"Motion picture, video and television programme activities",Not Higher Education,No,No,2654.0,2654,27-4032 ,0.8385755305279295,27
Audio Stagehand,"Arts, Entertainment and Recreation","Creative, arts and entertainment activities",Not Higher Education,No,No,2654.0,2654,27-4032 ,0.8385755305279295,27
Auto-Electrical Diagnosis Technician,Manufacturing                                                ,Manufacture of parts and accessories for motor vehicles,Not Higher Education,No,No,3115.0,3115,17-3029,-0.12412771245194032,17
Automation Control Technician,Manufacturing                                                ,Manufacture of general purpose machinery,Higher Education,No,Yes,3115.0,3115,17-3029,-0.12412771245194032,17
Automotive Body Painting Specialist,Manufacturing                                                ,Manufacture of bodies (coachwork) for motor vehicles; manufacture of trailers and semi-trailers,Not Higher Education,No,No,7132.0,7132,51-9124,-1.2802860175894015,51
Automotive Body Specialist,Manufacturing                                                ,Manufacture of bodies (coachwork) for motor vehicles; manufacture of trailers and semi-trailers,Not Higher Education,No,No,7231.0,7231,49-3093,-1.6626591703110543,49
Automotive Chassis Mechanic,Manufacturing                                                ,Manufacture of parts and accessories for motor vehicles,Not Higher Education,No,No,7231.0,7231,49-3093,-1.6626591703110543,49
Automotive Electrical Assembly Technician,Manufacturing                                                ,Manufacture of parts and accessories for motor vehicles,Not Higher Education,No,No,3113.0,3113,17-3024,-0.3880986218292488,17
Automotive Engine Specialist,Manufacturing                                                ,Manufacture of parts and accessories for motor vehicles,Not Higher Education,No,No,2144.0,2144,17-2141 ,0.8915684104716345,17
Automotive Maintenance Staff,Manufacturing                                                ,Manufacture of parts and accessories for motor vehicles,Not Higher Education,No,No,7231.0,7231,49-3093,-1.6626591703110543,49
Automotive Mechanic Specialized In EV Power,Manufacturing                                                ,Manufacture of batteries and accumulators,Not Higher Education,No,No,7414.0,,49-3023,-0.9743125465558188,49
Automotive Mechanical Assembly Technician,Manufacturing                                                ,Manufacture of parts and accessories for motor vehicles,Not Higher Education,No,No,8211.0,8211,51-2031,-1.063720162191619,51
Automotive Painter (Transportation and Storage),Transportation and Storage,Support activities for transportation,Not Higher Education,No,No,7132.0,7132,51-9124,-1.2802860175894015,51
Automotive Painting Machine Operator,Manufacturing                                                ,Manufacture of bodies (coachwork) for motor vehicles; manufacture of trailers and semi-trailers,Not Higher Education,No,No,8122.0,8122,51-9192 ,-1.2508291518999057,51
Automotive Service Specialist (Chassis),Manufacturing                                                ,Manufacture of parts and accessories for motor vehicles,Not Higher Education,No,No,7231.0,7231,49-3093,-1.6626591703110543,49
Automotive Wiring Harness Assembler,Manufacturing                                                ,Manufacture of wiring and wiring devices,Not Higher Education,No,No,8211.0,8211,51-2031,-1.063720162191619,51
Back End Game Developer,Information and Communication,"Computer programming, consultancy and related activities",Higher Education,No,No,2512.0,2512,15-1133,1.388784111523391,15
Backend Developer,Information and Communication,"Computer programming, consultancy and related activities",Not Higher Education,No,No,2513.0,2513,15-1134 ,1.388784111523391,15
Backhoe Loader Operator,Construction,Demolition and site preparation,Not Higher Education,No,No,8342.0,8342,47-5022,-1.2533360568016358,47
Backstrap Warper,Manufacturing                                                ,"Spinning, weaving and finishing of textiles",Not Higher Education,No,No,8152.0,8152,51-6063,-1.2708785269881024,51
Baggage Handlers,Accommodation and Food Service Activities,Short term accommodation activities,Not Higher Education,No,No,9333.0,9333,53-7121,-1.4985219575636737,53
Bamboo Farmer,"Agriculture, Forestry, and Fishing",Growing of perennial crops,Not Higher Education,No,No,6118.0,6113,45-2091,-1.25411250441255,45
Banking Associate,Financial and Insurance Activities,Monetary intermediation,Higher Education,No,Yes,2411.0,2411,13-2082,1.2928140179594079,13
Barangay Health Worker,Human Health and Social Work Activities,"Other social work activities without accommodation, n.e.c.",Higher Education,No,No,5321.0,5321,31-1014 ,-0.5333720364723773,31
Barangay Nutrition Action Officer,Human Health and Social Work Activities,Other human health activities,Higher Education,Yes,No,2265.0,2265,29-1031,1.3048388868965093,29
Barber,Other Service Activities,"Personal services for wellness, except sports activities",Not Higher Education,No,No,5141.0,5141,39-5012,-0.7879999963529365,39
Barista,Accommodation and Food Service Activities,Beverage serving activities,Not Higher Education,No,No,5132.0,5132,35-3011,-0.7211067382646418,35
Bartender,Accommodation and Food Service Activities,Beverage serving activities,Not Higher Education,No,No,5132.0,5132,35-3011,-0.7211067382646418,35
Basic Jewelry Fabricator,Manufacturing                                                ,"Manufacture of jewelry, bijouterie and related articles",Not Higher Education,No,No,8219.0,8219,51-2099,-0.9310742592864005,51
Basket Weaver,Manufacturing                                                ,"Manufacture of products of wood, cork, straw and plaiting materials",Not Higher Education,No,No,7317.0,7317,51-7099,-0.9310742592864005,51
Beach Lifeguards,Accommodation and Food Service Activities,Short term accommodation activities,Not Higher Education,No,No,5419.0,5419,43-5031,0.7863025474171983,43
Beach Recreation Associate,Accommodation and Food Service Activities,Short term accommodation activities,Higher Education,No,Yes,5113.0,5113,39-7012,0.37645664910699317,39
Beadwork Accessories Makers,Manufacturing                                                ,"Manufacture of jewelry, bijouterie and related articles",Not Higher Education,No,No,7319.0,7319,27-1012 ,-0.9646161941936396,27
Beekeeper,"Agriculture, Forestry, and Fishing",Animal production,Not Higher Education,No,No,6128.0,6123,45-2021,-1.1525280355196172,45
Bell Boy / Luggage Porter,Accommodation and Food Service Activities,Short term accommodation activities,Not Higher Education,No,No,9621.0,9621,43-5021,-1.0667742938745437,43
Bench Technician (Electronics),Manufacturing                                                ,Manufacture of consumer electronics,Higher Education,No,Yes,3114.0,3114,17-3023,0.14718462276569041,17
Bibliographer,"Arts, Entertainment and Recreation","Libraries, archives, museums and other cultural activities",Higher Education,No,No,2622.0,2622,25-9011,0.7243196041937822,25
Billing & Collection Staff (Construction),Construction,Construction of buildings,Higher Education,No,No,4214.0,4214,43-3011,1.180784811080226,43
BIM Modeler,Construction,Other specialized construction activities,Not Higher Education,No,No,3118.0,3118,27-1013 ,-0.673807460441017,27
Biology Instructor,Education,Higher education,Higher Education,No,No,2310.0,2310,25-1199,0.7243196041937822,25
Biology Lab Technician,"Professional, Scientific and Technical Activities",Research and experimental development on natural sciences and engineering,Higher Education,No,Yes,3212.0,3212,29-2012,-0.48497200740066854,29
Biomedical Technician,Human Health and Social Work Activities,Other human health activities,Not Higher Education,No,No,3212.0,3212,29-2012,-0.48497200740066854,29
Biotech Lab Technician,"Professional, Scientific and Technical Activities",Research and experimental development on natural sciences and engineering,Higher Education,No,Yes,3212.0,3212,29-2012,-0.48497200740066854,29
Blacksmith,Manufacturing                                                ,Manufacture of other fabricated metal products; metal working service activities,Not Higher Education,No,No,7221.0,7221,51-4199 ,-0.9310742592864005,51
Boat Fitter,Manufacturing                                                ,Building of ships and boats,Not Higher Education,No,No,7233.0,7233,49-9081,-1.1488319558659998,49
Boat Operator (Tourism),Transportation and Storage,Sea and coastal water transport,Not Higher Education,No,No,8350.0,8350,53-5022,-0.906909571310061,53
Body Repair Personnel,Manufacturing                                                ,Manufacture of bodies (coachwork) for motor vehicles; manufacture of trailers and semi-trailers,Not Higher Education,No,No,7231.0,7231,49-3093,-1.6626591703110543,49
Book Illustrator,"Arts, Entertainment and Recreation","Creative, arts and entertainment activities",Not Higher Education,No,No,2166.0,2166,27-1024,0.6558359528610636,27
Bookkeeper,Financial and Insurance Activities,"Activities auxiliary to financial service, except insurance and pension funding",Not Higher Education,No,No,3313.0,3313,43-3031,0.9469281462772959,43
Boom Truck Drivers,Construction,Construction of roads and railways,Not Higher Education,No,No,8332.0,8332,53-3032,-1.2009419361981832,53
Bouncer,Accommodation and Food Service Activities,Other accommodation,Not Higher Education,No,No,5414.0,5414,33-9093 ,-0.6111767983055003,33
Branch Associate,Administrative and Support Service Activities,Office administrative and support activities,Higher Education,No,Yes,3343.0,3343,43-6011,0.9869789708672666,43
Brand Communications Officer,"Professional, Scientific and Technical Activities",Advertising,Higher Education,No,No,4120.0,4120,43-6014,1.0064736472881555,43
Brand Designer,"Professional, Scientific and Technical Activities",Advertising,Higher Education,No,No,2163.0,2163,27-1029,0.6558359528610636,27
Broadcast Operations Assistant,Information and Communication,Programming and Broadcasting Activities,Higher Education,No,Yes,3435.0,3435,39-3099 ,-0.620764093503558,39
Broadcast Production Assistant,Information and Communication,Programming and Broadcasting Activities,Higher Education,No,Yes,3521.0,3521,27-4099 ,0.6558359528610636,27
Broadcast Scriptwriter,Information and Communication,Programming and Broadcasting Activities,Higher Education,No,No,2641.0,2641,27-3043,0.697709572118294,27
Building Design Assistant,"Professional, Scientific and Technical Activities",Architectural and engineering activities and related technical consultancy,Higher Education,Yes,No,2161.0,2161,17-1011,0.9883662038987108,17
Building-Wiring Electrician,Construction,"Electrical, plumbing and other construction installation activities",Not Higher Education,No,No,7411.0,7411,47-2231,-1.085191831210996,47
Bulldozer Operator,Construction,Demolition and site preparation,Not Higher Education,No,No,8342.0,8342,47-5022,-1.2533360568016358,47
Business Development Officer,"Professional, Scientific and Technical Activities",Advertising,Higher Education,No,No,2424.0,2424,13-1151 ,1.125301054038325,13
Business Innovation Assistant,"Professional, Scientific and Technical Activities","Other professional, scientific and technical activities, n.e.c.",Higher Education,No,Yes,3343.0,3343,43-6011,0.9869789708672666,43
Business Intelligence Analyst,Information and Communication,"Data processing, hosting and related activities; web portals",Higher Education,No,No,2421.0,2421,13-1111,1.3006800926946551,13
Business News Research Assistant,Information and Communication,"Publishing of books, periodicals and other publishing activities",Higher Education,No,Yes,2642.0,2642,27-3041 ,1.0358423916827189,27
Business Support Coordinator,Administrative and Support Service Activities,"Business support service activities, n.e.c.",Higher Education,No,Yes,3343.0,3343,43-6011,0.9869789708672666,43
Butcher,Manufacturing                                                ,Processing and preserving of meat,Not Higher Education,No,No,7511.0,7511,51-3091 ,-0.8649918010858667,51
Butler,Accommodation and Food Service Activities,Short term accommodation activities,Higher Education,No,No,5152.0,5152,39-9099 ,-0.620764093503558,39
Butterfly Breeder,"Agriculture, Forestry, and Fishing",Animal production,Not Higher Education,No,No,6128.0,6123,45-2021,-1.1525280355196172,45
Cable TV Installer,Information and Communication,Wired telecommunications activities,Not Higher Education,No,No,7422.0,7422,49-9052,-1.1924358138797408,49
Cacao Farmer,"Agriculture, Forestry, and Fishing",Growing of perennial crops,Not Higher Education,No,No,6117.0,6112,45-2091,-1.25411250441255,45
CAD Operator,Construction,Other specialized construction activities,Not Higher Education,No,No,3511.0,3511,15-1299,1.388784111523391,15
Cadet Marine Electrician,Construction,"Electrical, plumbing and other construction installation activities",Not Higher Education,No,No,3151.0,3151,53-5031,-0.6279944457278928,53
Call Center Staff,Administrative and Support Service Activities,Call centers and other related activities,Not Higher Education,No,No,4222.0,4222,43-4171 ,0.9380611170416764,43
Carbon Steel Plate Welder (MMAW),Construction,Other specialized construction activities,Not Higher Education,No,No,7212.0,7212,51-4122 ,-1.063027898104206,51
Carbon Steel Plate/ Pipe Welder (MMAW),Construction,Other specialized construction activities,Not Higher Education,No,No,7212.0,7212,51-4122 ,-1.063027898104206,51
Caregiver (Newborn),Human Health and Social Work Activities,"Other residential care activities, n.e.c.",Not Higher Education,No,No,5322.0,5322,39-9021,-0.620764093503558,39
Caregiver For People With Special Needs,Human Health and Social Work Activities,"Residential care activities for mental retardation, mental health and substance abuse",Not Higher Education,No,No,5322.0,5322,39-9021,-0.620764093503558,39
Caregiver Nanny,Human Health and Social Work Activities,"Other residential care activities, n.e.c.",Not Higher Education,No,No,5311.0,5311,39-9011,-0.620764093503558,39
Cartoonist,"Arts, Entertainment and Recreation","Creative, arts and entertainment activities",Not Higher Education,No,No,2651.0,2651,27-1013,-0.673807460441017,27
Casework Support Assistant,Human Health and Social Work Activities,"Other social work activities without accommodation, n.e.c.",Higher Education,No,Yes,3412.0,3412,21-1093,0.7040484605627692,21
Cashier,Wholesale and Retail Trade; Repair of Motor Vehicles and Motorcycles,Retail sale in non-specialized stores,Not Higher Education,No,No,5230.0,5230,41-2012,-0.15099712551111377,41
Cataloguer,"Arts, Entertainment and Recreation","Libraries, archives, museums and other cultural activities",Higher Education,No,No,2622.0,2622,25-9011,0.7243196041937822,25
Cataloguing Officer,Information and Communication,Other information service activities,Higher Education,Yes,No,3323.0,3323,13-1023,1.4064352471964678,13
CATV Systems Technician,Information and Communication,Wired telecommunications activities,Not Higher Education,No,No,3521.0,3521,27-4099 ,0.6558359528610636,27
Certified Public Accountant,Financial and Insurance Activities,"Accounting, bookkeeping and auditing activities; tax consultancy",Higher Education,Yes,No,2411.0,2411,13-2082,1.2928140179594079,13
Certified Public Accountant (Healthcare),Human Health and Social Work Activities,Hospital activities,Higher Education,Yes,No,2411.0,2411,13-2082,1.2928140179594079,13
Chaplaincy Aide,Human Health and Social Work Activities,"Other social work activities without accommodation, n.e.c.",Higher Education,No,Yes,2636.0,2636,21-2021 ,1.140300357801912,21
Character Illustrator,"Arts, Entertainment and Recreation","Creative, arts and entertainment activities",Higher Education,No,No,2166.0,2166,27-1024,0.6558359528610636,27
Chef,Accommodation and Food Service Activities,Restaurants and mobile food service activities,Higher Education,No,No,3434.0,3434,35-1012,-0.2372197068437902,35
Chef de Partie - Butcher Chef,Accommodation and Food Service Activities,Restaurants and mobile food service activities,Higher Education,No,No,3434.0,3434,35-1012,-0.2372197068437902,35
Chef de Partie - Entremetier,Accommodation and Food Service Activities,Restaurants and mobile food service activities,Higher Education,No,No,3434.0,3434,35-1012,-0.2372197068437902,35
Chef de Partie - Main Course Chef,Accommodation and Food Service Activities,Restaurants and mobile food service activities,Higher Education,No,No,3434.0,3434,35-1012,-0.2372197068437902,35
Chef de Partie - Saucier,Accommodation and Food Service Activities,Restaurants and mobile food service activities,Higher Education,No,No,3434.0,3434,35-1012,-0.2372197068437902,35
Chemical Analyst (Agriculture),"Agriculture, Forestry, and Fishing",Support activities to agriculture and post-harvest crop activities,Higher Education,Yes,No,2145.0,2145,17-2041,1.2934314527896151,17
Chemical Informatics Assistant,Manufacturing                                                ,Manufacture of basic chemicals,Higher Education,Yes,No,3133.0,3133,51-8091,-0.48651922573059664,51
Chemical Lab Technologist,"Professional, Scientific and Technical Activities",Research and experimental development on natural sciences and engineering,Higher Education,No,Yes,3116.0,3116,17-3029,-0.12412771245194032,17
Chemical Process Operator,Manufacturing                                                ,Manufacture of basic chemicals,Not Higher Education,No,No,3133.0,3133,51-8091,-0.48651922573059664,51
Chemical Production Technician,Manufacturing                                                ,Manufacture of basic chemicals,Higher Education,Yes,No,3133.0,3133,51-8091,-0.48651922573059664,51
Chemical Sprayer,"Agriculture, Forestry, and Fishing",Support activities to agriculture and post-harvest crop activities,Not Higher Education,No,No,6110.0,,37-3012.00,-0.6341706741709909,37
Child Caregiver,Human Health and Social Work Activities,"Other residential care activities, n.e.c.",Not Higher Education,No,No,5311.0,5311,39-9011,-0.620764093503558,39
Child Development Worker/Teacher,Education,Other education services,Not Higher Education,No,No,5311.0,5311,39-9011,-0.620764093503558,39
China Desk Specialist,"Professional, Scientific and Technical Activities",Research and experimental development on social sciences and humanities,Higher Education,No,No,2422.0,2422,13-1199,0.437657911612694,13
Chocolate Maker,Manufacturing,Manufacture of other food products,Not Higher Education,No,No,7512.0,7512,51-3011,-0.48867104164824,51
Church Worker,Human Health and Social Work Activities,"Other social work activities without accommodation, n.e.c.",Higher Education,No,No,3413.0,3413,21-2099,0.7040484605627692,21
Circuit Design Engineer,Manufacturing                                                ,Manufacture of electronic components,Higher Education,Yes,No,2152.0,2152,17-2072 ,0.701947303775666,17
Civics Curriculum Developer,Education,Educational support services,Higher Education,No,No,2351.0,2351,25-9031,1.2641879840632628,25
Civil Defense Program Staff,Public Administration and Defense; Compulsory Social Security,Public administration and defense; compulsory social security,Higher Education,No,No,5411.0,5411,33-2011,-1.3787987685071146,33
Civil Service Officer,Public Administration and Defense; Compulsory Social Security,Public Order and Safety Activities,Higher Education,Yes,No,2422.0,2422,13-1199,0.437657911612694,13
Classical Performer,"Arts, Entertainment and Recreation","Creative, arts and entertainment activities",Higher Education,No,No,2652.0,2652,27-2042,-0.13514658589602044,27
Clean-Up Artist,"Arts, Entertainment and Recreation","Creative, arts and entertainment activities",Not Higher Education,No,No,5142.0,5142,39-5094,-0.2689427099948295,39
Clergy Program Assistant,Human Health and Social Work Activities,"Other social work activities without accommodation, n.e.c.",Higher Education,No,Yes,3413.0,3413,21-2099,0.7040484605627692,21
Clerk (Healthcare),Human Health and Social Work Activities,Hospital activities,Higher Education,No,Yes,4419.0,4419,43-9199 ,0.9380611170416764,43
Climate and Weather Monitoring Technician,"Professional, Scientific and Technical Activities","Other professional, scientific and technical activities, n.e.c.",Higher Education,No,Yes,3111.0,3111,19-4099,0.8333873440481492,19
Climate Science Research Assistant,"Professional, Scientific and Technical Activities",Research and experimental development on natural sciences and engineering,Higher Education,No,Yes,2133.0,2133,19-2041 ,1.317259559340737,19
Clinical Assistant,Human Health and Social Work Activities,Medical and dental practice activities,Higher Education,No,Yes,3256.0,3256,31-9092,0.04654632180638959,31
Clinical Chemistry Analyst,Manufacturing                                                ,Manufacture of basic chemicals,Higher Education,Yes,No,2131.0,2131,19-1099,1.2714488780375865,19
Clinical Research Assistant,Human Health and Social Work Activities,Other human health activities,Higher Education,No,Yes,3256.0,3256,31-9092,0.04654632180638959,31
Clothing Line Technician,Manufacturing                                                ,"Manufacture of wearing apparel, except fur apparel",Higher Education,No,Yes,3119.0,3119,53-6041,0.30196800574182847,53
CNC EDM Wire Cut Operator,Manufacturing                                                ,Manufacture of general purpose machinery,Not Higher Education,No,No,7223.0,7223,51-4199,-0.9310742592864005,51
CNC Lathe Machine Operator,Manufacturing                                                ,Manufacture of general purpose machinery,Not Higher Education,No,No,7523.0,7523,51-7042,-1.2391948240029296,51
CNC Machinist,Manufacturing                                                ,Manufacture of general purpose machinery,Not Higher Education,No,No,7223.0,7223,51-4199,-0.9310742592864005,51
CNC Milling Machine Operator,Manufacturing                                                ,Manufacture of general purpose machinery,Not Higher Education,No,No,7223.0,7223,51-4199,-0.9310742592864005,51
Coastal Resource Assistant,"Agriculture, Forestry, and Fishing",Aquaculture,Higher Education,No,Yes,2133.0,2133,19-2041 ,1.317259559340737,19
Coconut Farmer,"Agriculture, Forestry, and Fishing",Support activities to agriculture and post-harvest crop activities,Not Higher Education,No,No,9211.0,9211,45-2099,-1.25411250441255,45
Cocoon Farmer,"Agriculture, Forestry, and Fishing",Animal production,Not Higher Education,No,No,6128.0,6123,45-2021,-1.1525280355196172,45
Coffee Farmer Nursery Operator,"Agriculture, Forestry, and Fishing",Growing of perennial crops,Not Higher Education,No,No,6117.0,6112,45-2091,-1.25411250441255,45
Cold Storage Technician,Manufacturing                                                ,Installation of industrial machinery and equipment,Higher Education,No,No,,,51-9193,-1.0681009385814242,51
Commercial Air-Conditioning Unit Technician,"Electricity, Gas, Steam and Air Conditioning Supply",Airconditioning and Refrigeration,Not Higher Education,No,No,7127.0,7127,49-9021 ,-1.0085507507672364,49
Commercial Diver,Transportation and Storage,"Sea and coastal water transport, Inland water transport",Not Higher Education,No,No,,,53-5021,-0.8093223179968441,53
Commercial Refrigeration Equipment Technician,"Electricity, Gas, Steam and Air Conditioning Supply",Airconditioning and Refrigeration,Not Higher Education,No,No,7127.0,7127,49-9021 ,-1.0085507507672364,49
Commis Chef,Accommodation and Food Service Activities,Restaurants and mobile food service activities,Higher Education,No,No,3434.0,3434,35-1012,-0.2372197068437902,35
Commis Helper,Accommodation and Food Service Activities,Restaurants and mobile food service activities,Not Higher Education,No,No,9412.0,9412,35-9099 ,-0.7211067382646418,35
Communications and Advocacy Officer,"Professional, Scientific and Technical Activities",Advertising,Higher Education,No,No,2432.0,2432,27-3031 ,1.1520491300591627,27
Communications Consultant,"Professional, Scientific and Technical Activities",Advertising,Higher Education,No,No,2431.0,2431,27-3043 ,0.697709572118294,27
Communications Designer,"Professional, Scientific and Technical Activities",Specialized design activities,Higher Education,No,No,2513.0,2513,15-1134 ,1.388784111523391,15
Communications Specialist,"Professional, Scientific and Technical Activities",Advertising,Higher Education,No,No,7422.0,7422,49-9052,-1.1924358138797408,49
Community Birth Attendant,Human Health and Social Work Activities,Medical and dental practice activities,Higher Education,Yes,No,5311.0,5311,39-9011,-0.620764093503558,39
Community Development Assistant,Human Health and Social Work Activities,"Other social work activities without accommodation, n.e.c.",Higher Education,Yes,No,3412.0,3412,21-1093,0.7040484605627692,21
Community Governance Assistant,Public Administration and Defense; Compulsory Social Security,Public Administration and Defense; Compulsory Social Security,Higher Education,No,Yes,3343.0,3343,43-6011,0.9869789708672666,43
Community Health Worker,Human Health and Social Work Activities,"Other social work activities without accommodation, n.e.c.",Not Higher Education,No,No,3253.0,3253,21-1094 ,-0.0632242294411926,21
Community Infectious Disease Management Officer,Human Health and Social Work Activities,"Other social work activities without accommodation, n.e.c.",Not Higher Education,No,No,2212.0,2212,29-1229,0.07329974230484824,29
Community Media Coordinator,"Professional, Scientific and Technical Activities",Advertising,Higher Education,No,Yes,3435.0,3435,39-3099 ,-0.620764093503558,39
Community Ministry Assistant,Human Health and Social Work Activities,"Other social work activities without accommodation, n.e.c.",Higher Education,No,Yes,3413.0,3413,21-2099,0.7040484605627692,21
Community Mobilization Officer,Human Health and Social Work Activities,"Other social work activities without accommodation, n.e.c.",Higher Education,No,No,3412.0,3412,21-1093,0.7040484605627692,21
Community Nutrition Services Worker,Human Health and Social Work Activities,"Other social work activities without accommodation, n.e.c.",Not Higher Education,No,No,3253.0,3253,21-1094 ,-0.0632242294411926,21
Community Outreach Aide,Human Health and Social Work Activities,"Other social work activities without accommodation, n.e.c.",Higher Education,Yes,No,3253.0,3253,21-1094 ,-0.0632242294411926,21
Community Participation Officer,Human Health and Social Work Activities,"Other social work activities without accommodation, n.e.c.",Higher Education,No,No,3412.0,3412,21-1093,0.7040484605627692,21
Community Pharmacist,Human Health and Social Work Activities,Other human health activities,Higher Education,Yes,No,2262.0,2262,29-1051,0.5220524179890909,29
Community Relations Associate,Human Health and Social Work Activities,"Other social work activities without accommodation, n.e.c.",Higher Education,No,Yes,2432.0,2432,27-3031 ,1.1520491300591627,27
Community Relations Officer,Construction,Construction of buildings,Higher Education,No,No,2432.0,2432,27-3031 ,1.1520491300591627,27
Community-Based Health Care Worker,Human Health and Social Work Activities,"Other social work activities without accommodation, n.e.c.",Higher Education,No,No,3253.0,3253,21-1094 ,-0.0632242294411926,21
Company Driver (Hotel),Accommodation and Food Service Activities,Short term accommodation activities,Not Higher Education,No,No,8322.0,8322 p,53-3053,-0.662541928995153,53
Compliance and Regulatory Officer,Public Administration and Defense; Compulsory Social Security,Public Administration and Defense; Compulsory Social Security,Higher Education,No,No,2422.0,2422,13-1199,0.437657911612694,13
Compliance Officer,Administrative and Support Service Activities,"Business support service activities, n.e.c.",Higher Education,No,No,2422.0,2422,13-1199,0.437657911612694,13
Computer Assembler,Manufacturing                                                ,Manufacture of computers and peripheral equipment and accessories,Not Higher Education,No,No,8212.0,8212,51-9194,-0.7447411756253555,51
Computer Maintenance Technologist (Healthcare),Human Health and Social Work Activities,Hospital activities,Higher Education,No,Yes,3512.0,3512,15-1151 ,1.388784111523391,15
Computer Security Support Staff,Information and Communication,Other information service activities,Not Higher Education,No,No,2529.0,2529,15-1299,1.388784111523391,15
Computer Technician,Information and Communication,"Computer Programming, Consultancy and Related Activities",Higher Education,No,Yes,7422.0,7422,49-9052,-1.1924358138797408,49
Computer Transcriptionist,Information and Communication,Other information service activities,Higher Education,No,No,4419.0,4419,43-9199 ,0.9380611170416764,43
Concept Art Assistant,"Arts, Entertainment and Recreation","Creative, arts and entertainment activities",Higher Education,No,Yes,2166.0,2166,27-1024,0.6558359528610636,27
Concierge Assistant,Accommodation and Food Service Activities,Short term accommodation activities,Higher Education,No,Yes,5153.0,5153,37-2011,-1.5455201611166942,37
Concrete Pump Operator,Construction,Other specialized construction activities,Not Higher Education,No,No,8342.0,8342,47-5022,-1.2533360568016358,47
Conductor,Transportation and Storage,Other land transport,Not Higher Education,No,No,5112.0,5112,53-6061,-0.4785625981014229,53
Confectioner,Accommodation and Food Service Activities,Restaurants and mobile food service activities,Not Higher Education,No,No,7512.0,7512,51-3011,-0.48867104164824,51
Conservation Research Assistant,"Professional, Scientific and Technical Activities",Research and experimental development on natural sciences and engineering,Higher Education,No,Yes,2133.0,2133,19-2041 ,1.317259559340737,19
Conservation Scientist,"Professional, Scientific and Technical Activities",Research and experimental development on natural sciences and engineering,Higher Education,No,No,2132.0,2132,25-9021,0.7243196041937822,25
Construction Laborer,Construction,"Construction of buildings, Construction of roads and railways, Construction of utility projects, Construction of other civil engineering projects",Not Higher Education,No,No,9313.0,9313,47-3019,-1.2533360568016358,47
Construction Lift Passenger/ Material Elevator Operator,Construction,Construction of utility projects,Not Higher Education,No,No,8343.0,8343,53-7041,-1.0859917292821646,53
Construction Painter,Construction,Building completion and finishing,Not Higher Education,No,No,7131.0,7131,47-2142,-1.8408306399292644,47
Construction Scheduler,Construction,"Construction of buildings, Construction of roads and railways, Construction of utility projects, Construction of other civil engineering projects",Higher Education,No,Yes,1323.0,1323,11-9021,0.5235649551415154,11
Construction Site Assistant (Foreman),Construction,"Construction of buildings, Construction of roads and railways, Construction of utility projects, Construction of other civil engineering projects",Higher Education,No,Yes,7111.0,7111,11-9021,0.5235649551415154,11
Construction Site Technician,Construction,"Construction of buildings, Construction of roads and railways, Construction of utility projects, Construction of other civil engineering projects",Higher Education,No,Yes,2142.0,2142,17-2051 ,1.2938017753796889,17
Consular Affairs Associate,Public Administration and Defense; Compulsory Social Security,Foreign affairs,Higher Education,No,Yes,3351.0,3351,33-3051,-0.20156335448638277,33
Consumer Electronics Assembler,Manufacturing                                                ,Manufacture of consumer electronics,Not Higher Education,No,No,8212.0,8212,51-9194,-0.7447411756253555,51
Contact Center (Call Center) Agent,Administrative and Support Service Activities,Call centers and other related activities,Not Higher Education,No,No,4222.0,4222,43-4171 ,0.9380611170416764,43
Container Stacker Operator,Construction,Demolition and site preparation,Not Higher Education,No,No,8343.0,8343,53-7041,-1.0859917292821646,53
Content Editor,Information and Communication,"Publishing of books, periodicals and other publishing activities",Higher Education,No,No,2642.0,2642,27-3041 ,1.0358423916827189,27
Content Writer,Information and Communication,"Publishing of books, periodicals and other publishing activities",Higher Education,No,No,2641.0,2641,27-3043,0.697709572118294,27
Control Systems Technician,"Electricity, Gas, Steam and Air Conditioning Supply","Electric power generation, transmission and distribution",Higher Education,Yes,No,3114.0,3114,17-3023,0.14718462276569041,17
Cook,Accommodation and Food Service Activities,Event catering and other food service activities,Not Higher Education,No,No,5120.0,5120,35-2019,-0.7211067382646418,35
Cook (Healthcare Facility),Human Health and Social Work Activities,Hospital activities,Not Higher Education,No,No,5120.0,5120,35-2019,-0.7211067382646418,35
Cooling Systems Technician,"Electricity, Gas, Steam and Air Conditioning Supply","Electric power generation, transmission and distribution",Higher Education,No,Yes,3114.0,3114,17-3023,0.14718462276569041,17
Co-op Administrative Support,Administrative and Support Service Activities,"Business support service activities, n.e.c.",Higher Education,No,Yes,4111.0,,43-601,0.9380611170416764,43
Cooperative Assistant,Administrative and Support Service Activities,"Business support service activities, n.e.c.",Higher Education,No,Yes,3343.0,3343,43-6011,0.9869789708672666,43
Cooperative Development Officer,"Agriculture, Forestry, and Fishing",Support activities to agriculture and post-harvest crop activities,Higher Education,No,No,2424.0,2424,13-1151 ,1.125301054038325,13
Corporate Auditor,Financial and Insurance Activities,Activities of holding companies,Higher Education,Yes,No,2411.0,2411,13-2082,1.2928140179594079,13
Corporate Communications Officer,"Professional, Scientific and Technical Activities",Advertising,Higher Education,No,No,2432.0,2432,27-3031 ,1.1520491300591627,27
Cost Accountant,Financial and Insurance Activities,"Accounting, bookkeeping and auditing activities; tax consultancy",Higher Education,Yes,No,2411.0,2411,13-2082,1.2928140179594079,13
Cost Controller,Financial and Insurance Activities,"Activities auxiliary to financial service, except insurance and pension funding",Higher Education,No,No,4311.0,4311,43-3031,0.9469281462772959,43
Courier,Transportation and Storage,Support activities for transportation,Not Higher Education,No,No,4412.0,4412,43-9051,-0.9250415251550858,43
Courier Scheduler,Transportation and Storage,Courier activities,Higher Education,No,Yes,4323.0,4323,43-5032,1.096197891448219,43
Court Clerk,Public Administration and Defense; Compulsory Social Security,Justice and Judicial Activities,Higher Education,No,Yes,3411.0,3411,33-9031,0.6331519841981866,33
Court Stenographer,Public Administration and Defense; Compulsory Social Security,Public Administration and Defense; Compulsory Social Security,Not Higher Education,No,No,4131.0,4131,43-9022,0.5259741602171287,43
"Crane, Hoist and Lift Operator",Transportation and Storage,Warehousing and storage,Not Higher Education,No,No,8343.0,8343,53-7041,-1.0859917292821646,53
Crawler Crane Operator,Construction,Demolition and site preparation,Not Higher Education,No,No,8343.0,8343,53-7041,-1.0859917292821646,53
Creative Writing Instructor,Information and Communication,"Publishing of books, periodicals and other publishing activities",Higher Education,No,No,2641.0,2641,27-3043,0.697709572118294,27
Criminal Investigator (Registered Criminologist),Public Administration and Defense; Compulsory Social Security,Public Order and Safety Activities,Higher Education,Yes,No,3355.0,3355,33-3021,1.3966747844152223,33
Crop Field Technician,"Agriculture, Forestry, and Fishing",Growing of non-perennial crops,Higher Education,No,Yes,3142.0,3142,19-4011,1.2714488780375865,19
Cruise Cabin Attendant,Accommodation and Food Service Activities,Other accommodation,Higher Education,No,Yes,5111.0,5111,53-6061,-0.4785625981014229,53
Cruise Operations Assistant,Accommodation and Food Service Activities,Other accommodation,Higher Education,No,Yes,3152.0,3152,53-5021,-0.8093223179968441,53
Culinary Tour Assistant,Accommodation and Food Service Activities,Restaurants and mobile food service activities,Higher Education,No,Yes,5246.0,5246,35-9011 ,-1.9363931399533265,35
Cultural Affairs Officer,Public Administration and Defense; Compulsory Social Security,Other Personal Service Activities,Higher Education,No,No,2432.0,2432,27-3031 ,1.1520491300591627,27
Cultural Dancer,"Arts, Entertainment and Recreation","Creative, arts and entertainment activities",Not Higher Education,No,No,2653.0,2653,27-2032,-1.709171930211702,27
Cultural Heritage Researcher,"Arts, Entertainment and Recreation","Libraries, archives, museums and other cultural activities",Higher Education,No,No,2621.0,2621,25-4012,0.641460704726019,25
Culture & Communications Analyst,"Professional, Scientific and Technical Activities",Advertising,Higher Education,No,No,2432.0,2432,27-3031 ,1.1520491300591627,27
Curriculum Designer,Education,Educational support services,Not Higher Education,No,No,2351.0,2351,25-9031,1.2641879840632628,25
Customer Interaction Specialist,Information and Communication,Other information service activities,Higher Education,No,No,4222.0,4222,43-4171 ,0.9380611170416764,43
Customer Service Representative,Administrative and Support Service Activities,"Business support service activities, n.e.c.",Not Higher Education,No,No,4222.0,4222,43-4171 ,0.9380611170416764,43
Customs Officer,Public Administration and Defense; Compulsory Social Security,Public administration and defense; compulsory social security,Higher Education,Yes,No,3351.0,3351,33-3051,-0.20156335448638277,33
Cyber Threat Analyst,Information and Communication,"Data processing, hosting and related activities; web portals",Not Higher Education,No,No,2529.0,2529,15-1299,1.388784111523391,15
Cybersecurity Help Desk,Information and Communication,Other information service activities,Not Higher Education,No,No,3512.0,3512,15-1151 ,1.388784111523391,15
Dairy Farm Milker,"Agriculture, Forestry, and Fishing",Animal production,Not Higher Education,No,No,3142.0,3142,19-4011,1.2714488780375865,19
Dancer,"Arts, Entertainment and Recreation","Creative, arts and entertainment activities",Not Higher Education,No,No,2653.0,2653,27-2032,-1.709171930211702,27
Data Analyst Associate,Information and Communication,"Data processing, hosting and related activities; web portals",Not Higher Education,No,No,2521.0,2521,15-1242,1.2712595915227325,15
Data Annotation Associate,Information and Communication,"Data processing, hosting and related activities; web portals",Not Higher Education,No,No,2124.0,2120,19-3022,1.4096937817690525,19
Data Encoder (Healthcare Facility),Human Health and Social Work Activities,Hospital activities,Not Higher Education,No,No,4132.0,4132,43-9021,0.21253484855454277,43
Data Encoding Associate,Information and Communication,"Data processing, hosting and related activities; web portals",Not Higher Education,No,No,4132.0,4132,43-9021,0.21253484855454277,43
Data Management Assistant,Administrative and Support Service Activities,Office administrative and support activities,Higher Education,No,Yes,4415.0,4415,43-9071 ,-0.6214765663896835,43
Data Quality Specialist,Information and Communication,"Data processing, hosting and related activities; web portals",Higher Education,No,No,2521.0,2521,15-1242,1.2712595915227325,15
Data Scientist,Information and Communication,"Data processing, hosting and related activities; web portals",Higher Education,No,No,3314.0,3314,43-9111,1.2270180182376416,43
Database Assistant,Information and Communication,"Computer programming, consultancy and related activities",Higher Education,No,Yes,3512.0,3512,15-1151 ,1.388784111523391,15
Delivery Driver,Transportation and Storage,Support activities for transportation,Not Higher Education,No,No,8322.0,8322 p,43-5021,-1.0667742938745437,43
Demi Chef,Accommodation and Food Service Activities,Restaurants and mobile food service activities,Higher Education,No,No,3434.0,3434,35-1012,-0.2372197068437902,35
Dental Hygienist,Human Health and Social Work Activities,Medical and dental practice activities,Not Higher Education,No,No,3251.0,3251,31-9091,-0.5333720364723773,31
Dental Laboratory Assistant,Human Health and Social Work Activities,Medical and dental practice activities,Not Higher Education,No,No,3251.0,3251,31-9091,-0.5333720364723773,31
Dental Laboratory Technician,Human Health and Social Work Activities,Medical and dental practice activities,Not Higher Education,No,No,,,51-9082,-0.5991104850042395,51
Dentist,Human Health and Social Work Activities,Medical and dental practice activities,Higher Education,Yes,No,2261.0,2261,29-1029,0.10949159858559132,29
Dermopigmentation/Tattoo Artist,"Arts, Entertainment and Recreation","Creative, arts and entertainment activities",Not Higher Education,No,No,3435.0,3435,39-3099 ,-0.620764093503558,39
Design Engineer,"Professional, Scientific and Technical Activities",Architectural and engineering activities and related technical consultancy,Higher Education,Yes,No,2141.0,2141,17-2112,0.45342778924357,17
Development Education Assistant,Education,Other Education,Higher Education,Yes,No,3412.0,3412,21-1093,0.7040484605627692,21
Development Planning Associate,"Professional, Scientific and Technical Activities","Other professional, scientific and technical activities, n.e.c.",Higher Education,No,Yes,2424.0,2424,13-1151 ,1.125301054038325,13
Development Researcher,Public Administration and Defense; Compulsory Social Security,Public Administration,Higher Education,No,No,2310.0,2310,25-1199,0.7243196041937822,25
Dialysis Nurse,Human Health and Social Work Activities,Medical and dental practice activities,Higher Education,Yes,No,2221.0,2221,29-1171 ,0.18706776169459535,29
Diesel Power Plant Operator,"Electricity, Gas, Steam and Air Conditioning Supply","Electric power generation, transmission and distribution",Not Higher Education,No,No,3131.0,3131,51-8013,-0.7095238336216172,51
Digital Background Painting,Information and Communication,"Motion picture, video and television programme activities",Higher Education,No,No,,,27-1014,0.6104659406880933,27
Digital Content Strategist,"Professional, Scientific and Technical Activities",Advertising,Higher Education,No,No,2513.0,2513,15-1134 ,1.388784111523391,15
Digital Fabrication Machine Operator,Manufacturing                                                ,Manufacture of general purpose machinery,Not Higher Education,No,No,7223.0,7223,51-4199,-0.9310742592864005,51
Digital Marketing Specialist,"Professional, Scientific and Technical Activities",Advertising,Not Higher Education,No,No,2431.0,2431,27-3043 ,0.697709572118294,27
Digital Sales Support Staff,Wholesale and Retail Trade; Repair of Motor Vehicles and Motorcycles,Retail Sale via Mail Order Houses or via Internet,Higher Education,No,No,2434.0,2434,41-9031,1.1301939761299715,41
Digital Transformation Associate,"Professional, Scientific and Technical Activities","Other professional, scientific and technical activities, n.e.c.",Higher Education,No,Yes,2519.0,2519,15-1299,1.388784111523391,15
Dispatch Coordinator,Transportation and Storage,Support activities for transportation,Higher Education,No,Yes,4412.0,4412,43-9051,-0.9250415251550858,43
Dispatcher,Transportation and Storage,"Postal activities, Warehousing and storage",Higher Education,No,No,4323.0,4323,43-5032,1.096197891448219,43
Diversity & Inclusion Specialist,"Professional, Scientific and Technical Activities",Research and experimental development on social sciences and humanities,Higher Education,No,No,2422.0,2422,13-1199,0.437657911612694,13
Document Controller (Construction),Construction,Construction of buildings,Higher Education,No,No,4415.0,4415,43-9071 ,-0.6214765663896835,43
Documentation Specialist,"Arts, Entertainment and Recreation","Libraries, archives, museums and other cultural activities",Higher Education,No,No,3433.0,3433,27-1012 ,-0.9646161941936396,27
Domestic Refrigeration And Air-Conditioning Technician,"Electricity, Gas, Steam and Air Conditioning Supply",Airconditioning and Refrigeration,Not Higher Education,No,No,7124.0,7124,47-2132,-1.4953485752730538,47
Doorkeeper,Accommodation and Food Service Activities,Short term accommodation activities,Not Higher Education,No,No,5414.0,5414,33-9093 ,-0.6111767983055003,33
Drafting Technician,Manufacturing                                                ,"Manufacture of measuring, testing, navigating and control equipment; watches and clocks",Higher Education,No,Yes,3118.0,3118,27-1013 ,-0.673807460441017,27
Drafting Technician (Architecture),"Professional, Scientific and Technical Activities",Architectural and engineering activities and related technical consultancy,Higher Education,Yes,No,3118.0,3118,27-1013 ,-0.673807460441017,27
Draftsman,Construction,Other specialized construction activities,Not Higher Education,No,No,3118.0,3118,27-1013 ,-0.673807460441017,27
Dressmaker,Manufacturing                                                ,Custom tailoring and dressmaking,Not Higher Education,No,No,7531.0,7531,51-6052,-0.6481493237110207,51
Drilling Rig Operators,Construction,Construction of utility projects,Not Higher Education,No,No,8111.0,8111,47-5044,-1.2177892916299509,47
Drying And Milling Plant Service Technician,Manufacturing                                                ,"Manufacture of grain mill products, starches and starch products",Not Higher Education,No,No,8189.0,8189,53-7011,-0.8615378559687488,53
Early Learning Materials Developer,Education,Other Education,Higher Education,Yes,No,2351.0,2351,25-9031,1.2641879840632628,25
Ecological Survey Assistant,"Professional, Scientific and Technical Activities","Other professional, scientific and technical activities, n.e.c.",Higher Education,No,Yes,2269.0,2269,29-9092 ,1.438219081204524,29
E-Commerce Data Analyst,Information and Communication,"Data processing, hosting and related activities; web portals",Not Higher Education,No,No,2521.0,2521,15-1242,1.2712595915227325,15
E-Commerce Support Associate,Wholesale and Retail Trade; Repair of Motor Vehicles and Motorcycles,Retail Sale via Mail Order Houses or via Internet,Higher Education,No,Yes,4222.0,4222,43-4171 ,0.9380611170416764,43
Economic Data Analyst,"Professional, Scientific and Technical Activities",Research and experimental development on social sciences and humanities,Higher Education,No,No,2631.0,2631,19-3011,1.295165094767305,19
Economic Policy Researcher,"Professional, Scientific and Technical Activities",Research and experimental development on social sciences and humanities,Higher Education,No,No,2631.0,2631,19-3011,1.295165094767305,19
Economics Instructor,Education,Higher education,Higher Education,No,No,2631.0,2631,19-3011,1.295165094767305,19
Eco-Tourism Guide,Accommodation and Food Service Activities,Other accommodation,Higher Education,No,No,5113.0,5113,39-7012,0.37645664910699317,39
Eco-Tourism Program Aide,Accommodation and Food Service Activities,Other accommodation,Higher Education,No,Yes,4221.0,4221,43-4181,0.12839021508751947,43
Eco-Tourism Program Assistant,"Professional, Scientific and Technical Activities","Other professional, scientific and technical activities, n.e.c.",Higher Education,No,Yes,4221.0,4221,43-4181,0.12839021508751947,43
Editorial Assistant,Information and Communication,Programming and Broadcasting Activities,Higher Education,No,Yes,2642.0,2642,27-3041 ,1.0358423916827189,27
Education Program Assistant,Education,Other Education,Higher Education,No,Yes,5312.0,5312,25-9041 ,0.7243196041937822,25
Electric Discharge Machine-Sinking Operator,Manufacturing                                                ,Manufacture of other fabricated metal products; metal working service activities,Not Higher Education,No,No,7212.0,7212,51-4122 ,-1.063027898104206,51
Electric Power Distribution Line Worker,"Electricity, Gas, Steam and Air Conditioning Supply","Electric power generation, transmission and distribution",Not Higher Education,No,No,7413.0,7413,49-9051,-1.3437172814565186,49
Electrical Appliance Servicer,Other Service Activities,Repair of personal and household goods,Higher Education,No,No,7421.0,7421,49-2096,-0.8979936866701642,49
Electrical Distribution Engineer,"Electricity, Gas, Steam and Air Conditioning Supply","Electric power generation, transmission and distribution",Higher Education,Yes,No,2151.0,2151,17-2071,0.9969931335605551,17
Electrical Systems Technician,"Electricity, Gas, Steam and Air Conditioning Supply","Electric power generation, transmission and distribution",Higher Education,Yes,No,3113.0,3113,17-3024,-0.3880986218292488,17
Electrical Technician (Automotive),Manufacturing                                                ,Manufacture of parts and accessories for motor vehicles,Not Higher Education,No,No,3113.0,3113,17-3024,-0.3880986218292488,17
Electronic Products Assembler,Manufacturing                                                ,Manufacture of electronic components,Not Higher Education,No,No,8212.0,8212,51-9194,-0.7447411756253555,51
Electronics Design Engineer,Manufacturing                                                ,Manufacture of electronic components,Higher Education,Yes,No,2152.0,2152,17-2072 ,0.701947303775666,17
Electronics Operator,Manufacturing                                                ,Manufacture of electronic components,Not Higher Education,No,No,8212.0,8212,51-9194,-0.7447411756253555,51
Electronics Repair Technician,Manufacturing                                                ,Manufacture of consumer electronics,Higher Education,No,Yes,3114.0,3114,17-3023,0.14718462276569041,17
Electronics Test Technician,Manufacturing                                                ,Manufacture of consumer electronics,Higher Education,No,Yes,3119.0,3119,53-6041,0.30196800574182847,53
Elevator Attendant,Accommodation and Food Service Activities,Short term accommodation activities,Not Higher Education,No,No,9629.0,9629,53-6021,-0.9420404982909311,53
Elevator Installation Technician,Construction,"Electrical, plumbing and other construction installation activities",Not Higher Education,No,No,3115.0,3115,17-3029,-0.12412771245194032,17
Elevator Installer,Construction,Other specialized construction activities,Not Higher Education,No,No,3115.0,3115,17-3029,-0.12412771245194032,17
Embalmer,Human Health and Social Work Activities,Other human health activities,Not Higher Education,No,No,5163.0,5163,39-4031,-0.37783990878543733,39
Embassy Administrative Attaché,Public Administration and Defense; Compulsory Social Security,Foreign affairs,Higher Education,No,Yes,4111.0,,43-6011,0.9869789708672666,43
Embedded Systems Developer,Information and Communication,"Computer Programming, Consultancy and Related Activities",Higher Education,No,No,2512.0,2512,15-1133,1.388784111523391,15
Embedded Systems Technician,Manufacturing                                                ,Manufacture of electronic components,Higher Education,Yes,No,7422.0,7422,49-9052,-1.1924358138797408,49
Embroiderer,Manufacturing                                                ,Manufacture of knitted and crocheted apparel,Not Higher Education,No,No,7533.0,7533,51-6051,-0.8079271349688679,51
Emergency Medical Technician,Human Health and Social Work Activities,"Other social work activities without accommodation, n.e.c.",Not Higher Education,No,No,3258.0,3258,29-2041 ,0.10949159858559132,29
Emergency Response Officer,Public Administration and Defense; Compulsory Social Security,Public administration and defense; compulsory social security,Higher Education,No,No,3258.0,3258,29-2041 ,0.10949159858559132,29
Employee Engagement Officer,Administrative and Support Service Activities,Other human resources provision,Higher Education,No,No,2423.0,2423,21-1012 ,1.321753213546424,21
Energy Auditors,Manufacturing                                                ,"Manufacture of electric motors, generators, transformers and electricity distribution and control apparatus",Higher Education,No,No,3113.0,3113,17-3024,-0.3880986218292488,17
Energy Conservation Officer,"Electricity, Gas, Steam and Air Conditioning Supply","Electric power generation, transmission and distribution",Not Higher Education,No,No,3113.0,3113,17-3024,-0.3880986218292488,17
Engine Repair Specialist,Manufacturing                                                ,"Repair of fabricated metal products, machinery and equipment",Not Higher Education,No,No,7231.0,7231,49-3093,-1.6626591703110543,49
Engineered Bamboo Processor,Manufacturing                                                ,"Manufacture of products of wood, cork, straw and plaiting materials",Not Higher Education,No,No,7523.0,7523,51-7042,-1.2391948240029296,51
Engineering Assistant (Healthcare),Human Health and Social Work Activities,Hospital activities,Higher Education,Yes,No,3115.0,3115,17-3029,-0.12412771245194032,17
English Education Materials Writer,Education,Other Education,Higher Education,No,No,2351.0,2351,25-9031,1.2641879840632628,25
English Subject Teacher,Education,"Primary/elementary education, Secondary/high school education",Higher Education,Yes,No,2353.0,2353,25-3099 ,0.7243196041937822,25
Enterprise Development Assistant,Administrative and Support Service Activities,"Business support service activities, n.e.c.",Higher Education,No,Yes,3512.0,3512,15-1151 ,1.388784111523391,15
Enumerator,"Professional, Scientific and Technical Activities","Other professional, scientific and technical activities, n.e.c.",Not Higher Education,No,No,4227.0,4227,43-4111 ,1.1873154955236864,43
Environment and Occupational Safety and Health Specialist (Manufacturing),Manufacturing                                                ,"Other manufacturing, n.e.c.",Higher Education,No,No,2263.0,2263,29-9011 ,0.10949159858559132,29
"Environment, Safety & Health Officers",Construction,Construction of utility projects,Higher Education,No,No,3257.0,3257,53-6051,-0.6654977504716957,53
Environmental Compliance Analyst,"Water Supply; Sewerage, Waste Management and Remediation     ",Remediation activities and other waste management services,Higher Education,No,No,2143.0,2143,17-2081,1.3254379616673337,17
Environmental Engineer,"Professional, Scientific and Technical Activities",Architectural and engineering activities and related technical consultancy,Higher Education,No,No,2133.0,2133,19-2041 ,1.317259559340737,19
Environmental Field Assistant,"Professional, Scientific and Technical Activities","Other professional, scientific and technical activities, n.e.c.",Higher Education,No,Yes,2143.0,2143,17-2081,1.3254379616673337,17
Environmental Health Assistant,Human Health and Social Work Activities,Other human health activities,Higher Education,No,Yes,2263.0,2263,29-9011 ,0.10949159858559132,29
Environmental Impact Analyst,"Water Supply; Sewerage, Waste Management and Remediation     ",Remediation activities and other waste management services,Higher Education,No,No,2133.0,2133,19-2041 ,1.317259559340737,19
Equipment Dispatchers,Construction,Construction of utility projects,Not Higher Education,No,No,4321.0,4321,43-5111,-0.28798610046550455,43
Equipment Technicians,Construction,Construction of utility projects,Not Higher Education,No,No,3113.0,3113,17-3024,-0.3880986218292488,17
Equipment Tool Keepers,Construction,Other specialized construction activities,Not Higher Education,No,No,4321.0,4321,43-5111,-0.28798610046550455,43
Erection Crew,Construction,Construction of buildings,Not Higher Education,No,No,9313.0,9313,47-3019,-1.2533360568016358,47
ESL Curriculum Assistant,Education,Other Education,Higher Education,No,Yes,2351.0,2351,25-9031,1.2641879840632628,25
ESL Trainer,Education,Other Education,Higher Education,No,No,2356.0,2356,13-1151 ,1.125301054038325,13
Estimator,Transportation and Storage,Warehousing and storage,Higher Education,Yes,No,2149.0,2149,17-2199,0.42635454248385546,17
Ethics Research Assistant,"Professional, Scientific and Technical Activities",Research and experimental development on social sciences and humanities,Higher Education,No,Yes,2310.0,2310,25-1199,0.7243196041937822,25
EU Policy Analyst,"Professional, Scientific and Technical Activities",Research and experimental development on social sciences and humanities,Higher Education,No,No,2422.0,2422,13-1199,0.437657911612694,13
EV Battery Automotive Mechanic,Manufacturing                                                ,Manufacture of batteries and accumulators,Not Higher Education,No,No,,,49-2093,-0.9370531767463328,49
Events Assistant,Administrative and Support Service Activities,"Business support service activities, n.e.c.",Higher Education,No,Yes,3332.0,3332,13-1121,0.2761211053711379,13
Executive Assistant (Airline),Administrative and Support Service Activities,Office administrative and support activities,Higher Education,No,Yes,3343.0,3343,43-6011,0.9869789708672666,43
Executive Secretary,Administrative and Support Service Activities,Office administrative and support activities,Higher Education,No,Yes,3343.0,3343,43-6011,0.9869789708672666,43
Exercise Physiologist,Human Health and Social Work Activities,Medical and dental practice activities,Higher Education,No,No,2131.0,2131,19-1099,1.2714488780375865,19
Exhibit Design Assistant,"Arts, Entertainment and Recreation","Creative, arts and entertainment activities",Higher Education,No,Yes,2163.0,2163,27-1029,0.6558359528610636,27
Exhibits Specialist,"Arts, Entertainment and Recreation","Libraries, archives, museums and other cultural activities",Higher Education,No,No,2621.0,2621,25-4012,0.641460704726019,25
Export Brokerage Clerk,Transportation and Storage,"Freight air transport, Sea and coastal water transport",Higher Education,No,Yes,3351.0,3351,33-3051,-0.20156335448638277,33
External Auditor,Financial and Insurance Activities,"Accounting, bookkeeping and auditing activities; tax consultancy",Higher Education,Yes,No,2411.0,2411,13-2082,1.2928140179594079,13
Eyelash And Eyebrow Technician,Other Service Activities,"Personal services for wellness, except sports activities",Not Higher Education,No,No,5142.0,5142,39-5094,-0.2689427099948295,39
Fabric Quality Controller,Manufacturing                                                ,Manufacture of other textiles,Higher Education,No,No,7532.0,7532,51-9031,-1.0554923729099774,51
Facilities Management Assistant,Administrative and Support Service Activities,Landscape care and maintenance service activities,Higher Education,No,Yes,5153.0,5153,37-2011,-1.5455201611166942,37
Facility Cleaning Specialist,Accommodation and Food Service Activities,Other accommodation,Not Higher Education,No,No,9112.0,9112,53-7061,-1.8046194638439987,53
Failure Analysis Technician,Manufacturing                                                ,Manufacture of electronic components,Higher Education,No,Yes,3119.0,3119,53-6041,0.30196800574182847,53
Faith Formation Instructor,Education,Other education services,Higher Education,Yes,No,2341.0,2341,25-2022,1.2027852810311723,25
Faith-Based NGO Assistant,Human Health and Social Work Activities,"Other social work activities without accommodation, n.e.c.",Higher Education,No,Yes,2423.0,2423,21-1012 ,1.321753213546424,21
Family Life Educator,Human Health and Social Work Activities,"Other social work activities without accommodation, n.e.c.",Higher Education,No,No,2342.0,2342,25-2012,0.26641666982320217,25
Family Welfare Worker,Human Health and Social Work Activities,"Other social work activities without accommodation, n.e.c.",Higher Education,No,No,3412.0,3412,21-1093,0.7040484605627692,21
Farm Equipment Fabricator,Manufacturing                                                ,"Manufacture of structural metal products, tanks, reservoirs and steam generators",Not Higher Education,No,No,7233.0,7233,49-9081,-1.1488319558659998,49
Farm Operations Assistant,"Agriculture, Forestry, and Fishing",Support activities to agriculture and post-harvest crop activities,Higher Education,Yes,No,3143.0,3143,19-4071,-0.7727476275783224,19
Farm Systems Technician,"Agriculture, Forestry, and Fishing",Growing of non-perennial crops,Higher Education,No,Yes,3142.0,3142,19-4011,1.2714488780375865,19
Farm Technician,"Agriculture, Forestry, and Fishing",Animal production,Higher Education,No,Yes,3142.0,3142,19-4011,1.2714488780375865,19
Farm Tour Assistant,Accommodation and Food Service Activities,Other accommodation,Higher Education,No,Yes,5113.0,5113,39-7012,0.37645664910699317,39
Fashion Designer,Manufacturing                                                ,"Manufacture of wearing apparel, except fur apparel",Not Higher Education,No,No,2163.0,2163,27-1029,0.6558359528610636,27
Fashion Exhibition Assistant,"Arts, Entertainment and Recreation","Creative, arts and entertainment activities",Higher Education,No,Yes,5223.0,5223,41-2031,-0.012635725361676425,41
Fashion Merchandising Assistant,Wholesale and Retail Trade; Repair of Motor Vehicles and Motorcycles,Retail Sale in Specialized Stores,Higher Education,No,Yes,2431.0,2431,27-3043 ,0.697709572118294,27
Fiber Optic Cable Technician,Information and Communication,Wired telecommunications activities,Not Higher Education,No,No,7422.0,7422,49-9052,-1.1924358138797408,49
Fiber Optic Technician,Information and Communication,Wired telecommunications activities,Higher Education,No,Yes,3254.0,3254,29-2081,0.11000396896726682,29
Field Agronomist Assistant,"Agriculture, Forestry, and Fishing",Plant propagation,Higher Education,Yes,No,3142.0,3142,19-4011,1.2714488780375865,19
Field Development Associate,Human Health and Social Work Activities,"Other social work activities without accommodation, n.e.c.",Higher Education,No,Yes,2424.0,2424,13-1151 ,1.125301054038325,13
Field Engineers,Construction,Construction of buildings,Higher Education,Yes,No,2142.0,2142,17-2051 ,1.2938017753796889,17
Field Science Assistant,"Professional, Scientific and Technical Activities",Research and experimental development on natural sciences and engineering,Higher Education,No,Yes,3256.0,3256,31-9092,0.04654632180638959,31
Field Service Technician (Electronics),Manufacturing                                                ,Manufacture of consumer electronics,Higher Education,No,Yes,3114.0,3114,17-3023,0.14718462276569041,17
Filipino Content Strategist,"Professional, Scientific and Technical Activities",Advertising,Higher Education,No,No,2432.0,2432,27-3031 ,1.1520491300591627,27
Filipino Language Educator,Education,Other Education,Higher Education,No,No,2353.0,2353,25-3099 ,0.7243196041937822,25
Filipino Sign Language Interpreter,Other Service Activities,"Other personal service activities, n.e.c.",Not Higher Education,No,No,2643.0,2643,27-3091,0.9909846410343951,27
Film and Video Editor,Information and Communication,"Motion picture, video and television programme activities",Higher Education,No,No,2654.0,2654,27-4032 ,0.8385755305279295,27
Finance Assistant (Cooperatives),Financial and Insurance Activities,"Other financial service activities, except insurance and pension funding activities",Higher Education,No,Yes,3313.0,3313,43-3031,0.9469281462772959,43
Finance Associate,Financial and Insurance Activities,"Other financial service activities, except insurance and pension funding activities",Higher Education,No,Yes,3313.0,3313,43-3031,0.9469281462772959,43
Financial Auditor,Financial and Insurance Activities,"Accounting, bookkeeping and auditing activities; tax consultancy",Higher Education,Yes,No,2411.0,2411,13-2082,1.2928140179594079,13
Finishing Mason,Construction,Construction of buildings,Not Higher Education,No,No,7113.0,7113,47-4091 ,-1.0905341706192582,47
First-Aider,Human Health and Social Work Activities,"Other social work activities without accommodation, n.e.c.",Not Higher Education,No,No,5329.0,5329,31-9099,-0.6063787257456854,31
Fish Finder Operator,Manufacturing                                                ,"Manufacture of measuring, testing, navigating and control equipment; watches and clocks",Not Higher Education,No,No,7311.0,7311,49-9069 ,-1.1924358138797408,49
Fish Packaging Worker,Manufacturing                                                ,"Processing and preserving of fish, crustaceans and mollusks",Not Higher Education,No,No,7511.0,7511,51-3091 ,-0.8649918010858667,51
Fish Processing Technician,"Agriculture, Forestry, and Fishing",Aquaculture,Higher Education,Yes,No,7511.0,7511,51-3091 ,-0.8649918010858667,51
Fish Quality Inspector,"Agriculture, Forestry, and Fishing",Fishing,Higher Education,Yes,No,3359.0,3359,45-2011 ,0.07113037664391465,45
Fishery Operations Assistant,"Agriculture, Forestry, and Fishing",Aquaculture,Higher Education,No,Yes,6221.0,6221 p,45-2093,-1.2171340525284933,45
Fishnet Maker,"Agriculture, Forestry, and Fishing",Aquaculture,Not Higher Education,No,No,7318.0,7318,51-6041,-0.9817178812461512,51
Fitness Instructor,"Arts, Entertainment and Recreation",Sports activities,Higher Education,No,No,3422.0,3422 p,39-9031,-2.1445563057878494,39
Fitness Testing Technician,"Arts, Entertainment and Recreation",Sports activities,Higher Education,No,Yes,3119.0,3119,53-6041,0.30196800574182847,53
Fixed Wireless Broadband Installer,Information and Communication,Wireless telecommunications activities,Not Higher Education,No,No,7422.0,7422,49-9052,-1.1924358138797408,49
Flight Dispatch Officer,Transportation and Storage,"Passenger air transport, Freight air transport",Higher Education,No,No,4323.0,4323,43-5032,1.096197891448219,43
Flight Engineers,Transportation and Storage,Support activities for transportation,Higher Education,No,No,3153.0,3153,53-2012,-0.29481260543931975,53
Flight Operations Assistant,Transportation and Storage,"Passenger air transport, Freight air transport",Higher Education,No,Yes,7232.0,7232,49-3011,-0.7906103718784216,49
Florist,Other Service Activities,"Personal services for wellness, except sports activities",Not Higher Education,No,No,7549.0,7549,51-9083 ,-0.7015575324103009,51
Food and Beverage Attendant,Accommodation and Food Service Activities,Restaurants and mobile food service activities,Higher Education,No,Yes,5131.0,5131,35-3041 ,-0.8717900205685837,35
Food Processing Worker,Manufacturing                                                ,Manufacture of other food products,Not Higher Education,No,No,7511.0,7511,51-3091 ,-0.8649918010858667,51
Food Product Developer,Accommodation and Food Service Activities,Restaurants and mobile food service activities,Higher Education,No,No,3434.0,3434,35-1012,-0.2372197068437902,35
Food Safety Auditor,Manufacturing                                                ,Manufacture of other food products,Higher Education,Yes,No,,,13-1041,1.4521896339599962,13
Food Safety Officer,Accommodation and Food Service Activities,Event catering and other food service activities,Higher Education,No,No,3257.0,3257,53-6051,-0.6654977504716957,53
Food Service Worker,Accommodation and Food Service Activities,Restaurants and mobile food service activities,Higher Education,No,No,5246.0,5246,35-9011 ,-1.9363931399533265,35
Food Technologist,"Agriculture, Forestry, and Fishing",Support activities to agriculture and post-harvest crop activities,Higher Education,Yes,No,2132.0,2132,25-9021,0.7243196041937822,25
Foreign Affairs Researcher,"Professional, Scientific and Technical Activities",Research and experimental development on social sciences and humanities,Higher Education,No,No,2421.0,2421,13-1111,1.3006800926946551,13
Foreign Language Teacher (Arabic),Education,Other education services,Higher Education,Yes,No,2353.0,2353,25-3099 ,0.7243196041937822,25
Foreign Policy Research Assistant,"Professional, Scientific and Technical Activities",Research and experimental development on social sciences and humanities,Higher Education,No,Yes,2422.0,2422,13-1199,0.437657911612694,13
Forensic Accountant,Financial and Insurance Activities,"Accounting, bookkeeping and auditing activities; tax consultancy",Higher Education,Yes,No,2411.0,2411,13-2082,1.2928140179594079,13
Forensic Lab Assistant,"Professional, Scientific and Technical Activities","Other professional, scientific and technical activities, n.e.c.",Higher Education,No,Yes,3119.0,3119,53-6041,0.30196800574182847,53
Forensic Laboratory Analyst,"Professional, Scientific and Technical Activities","Other professional, scientific and technical activities, n.e.c.",Higher Education,No,No,3119.0,3119,53-6041,0.30196800574182847,53
Forestry Extension Assistant,"Agriculture, Forestry, and Fishing",Silviculture and other forestry activities,Higher Education,Yes,No,2132.0,2132,25-9021,0.7243196041937822,25
Forging Machine Operator,Manufacturing                                                ,Manufacture of other fabricated metal products; metal working service activities,Not Higher Education,No,No,7221.0,7221,51-4199 ,-0.9310742592864005,51
Forklift Drivers,Transportation and Storage,Other land transport,Not Higher Education,No,No,8344.0,8344,53-7051 ,-1.4016165018010325,53
Forklift Operator,Construction,Demolition and site preparation,Not Higher Education,No,No,8344.0,8344,53-7051 ,-1.4016165018010325,53
Formworks Crew,Construction,Construction of buildings,Not Higher Education,No,No,9313.0,9313,47-3019,-1.2533360568016358,47
Foundry Melter,Manufacturing                                                ,Casting of metals,Not Higher Education,No,No,7224.0,7224,51-9022,-1.1585726962346108,51
Foundry Molder,Manufacturing                                                ,Casting of metals,Not Higher Education,No,No,7211.0,7211,51-4072 ,-1.2551153089815006,51
Foundry Patternmaker,Manufacturing                                                ,Casting of metals,Not Higher Education,No,No,7222.0,7222,51-4192,-0.8279343464389866,51
Freight and Furniture Handlers,Transportation and Storage,Freight air transport,Not Higher Education,No,No,9333.0,9333,53-7121,-1.4985219575636737,53
Front End Game Developer,Information and Communication,"Computer programming, consultancy and related activities",Higher Education,No,No,2512.0,2512,15-1133,1.388784111523391,15
Front Office Agent,Accommodation and Food Service Activities,Other accommodation,Not Higher Education,No,No,4226.0,4226,43-4171,0.9380611170416764,43
Front-End Developer,Information and Communication,"Computer programming, consultancy and related activities",Higher Education,No,No,2513.0,2513,15-1134 ,1.388784111523391,15
Front-End Web Developer,Information and Communication,"Computer programming, consultancy and related activities",Not Higher Education,No,No,2513.0,2513,15-1134 ,1.388784111523391,15
Furniture Maker Finisher,Manufacturing                                                ,Manufacture of furniture,Not Higher Education,No,No,8219.0,8219,51-2099,-0.9310742592864005,51
Game Designer,Information and Communication,Other information service activities,Higher Education,No,No,2166.0,2166,27-1024,0.6558359528610636,27
Game Programmer,Information and Communication,"Computer programming, consultancy and related activities",Not Higher Education,No,No,2166.0,2166,27-1024,0.6558359528610636,27
Garment Technician,Manufacturing                                                ,"Manufacture of wearing apparel, except fur apparel",Higher Education,No,Yes,2163.0,2163,27-1029,0.6558359528610636,27
Gas Welder (Oxy-Acetylene),Construction,Other specialized construction activities,Not Higher Education,No,No,7212.0,7212,51-4122 ,-1.063027898104206,51
Genealogist,"Arts, Entertainment and Recreation","Libraries, archives, museums and other cultural activities",Higher Education,No,No,2633.0,2633,19-3099,1.2714488780375865,19
General Subject Basic Education Teacher,Education,Primary/elementary education,Higher Education,Yes,No,2330.0,2330,25-2031,1.1170470851261018,25
General Subject High School Teacher,Education,Secondary/high school education,Higher Education,Yes,No,2330.0,2330,25-2031,1.1170470851261018,25
Generator Set Tenders,Construction,"Electrical, plumbing and other construction installation activities",Not Higher Education,No,No,3131.0,3131,51-8013,-0.7095238336216172,51
Geothermal Plant Technician,"Electricity, Gas, Steam and Air Conditioning Supply",Manufacture of gas; distribution of gaseous fuels through mains,Higher Education,No,Yes,2114.0,2114,19-2043,0.5446441627992081,19
Geriatric Physical Therapist,Human Health and Social Work Activities,Medical and dental practice activities,Higher Education,Yes,No,2264.0,2264,29-1128,-0.12424117295116499,29
GIS & Spatial Analyst,"Professional, Scientific and Technical Activities",Research and experimental development on social sciences and humanities,Higher Education,No,No,3511.0,3511,15-1299,1.388784111523391,15
Global Programs Associate,"Professional, Scientific and Technical Activities","Other professional, scientific and technical activities, n.e.c.",Higher Education,No,Yes,2423.0,2423,21-1012 ,1.321753213546424,21
Gondola Tenders,Construction,Other specialized construction activities,Not Higher Education,No,No,8343.0,8343,53-7041,-1.0859917292821646,53
Government Program Officer,Public Administration and Defense; Compulsory Social Security,Public Administration and Defense; Compulsory Social Security,Higher Education,No,No,2423.0,2423,21-1012 ,1.321753213546424,21
Government Records Assistant,Public Administration and Defense; Compulsory Social Security,Public Administration and Other Executive Offices,Higher Education,No,Yes,4110.0,4110,43-9061 ,0.8956086195344649,43
Graphic Designer,Information and Communication,Other information service activities,Higher Education,No,No,2513.0,2513,15-1134 ,1.388784111523391,15
Green Coffee Beans Processor,"Agriculture, Forestry, and Fishing",Support activities to agriculture and post-harvest crop activities,Not Higher Education,No,No,6117.0,6112,45-2091,-1.25411250441255,45
Ground Operations Crew Member,Transportation and Storage,"Passenger air transport, Freight air transport",Higher Education,No,No,5111.0,5111,53-6061,-0.4785625981014229,53
GTAW/TIG Welder,Construction,Other specialized construction activities,Not Higher Education,No,No,7212.0,7212,51-4122 ,-1.063027898104206,51
Guest Relations Associate,Accommodation and Food Service Activities,Short term accommodation activities,Higher Education,No,Yes,4224.0,4224,43-4081,0.5101945500514448,43
HACCP Coordinator,Manufacturing                                                ,Manufacture of other food products,Higher Education,No,No,,,13-1041,1.4521896339599962,13
Hairdresser,Other Service Activities,"Personal services for wellness, except sports activities",Not Higher Education,No,No,5141.0,5141,39-5012,-0.7879999963529365,39
Halal Compliance Specialist,Manufacturing,Manufacture of other food products,Higher Education,No,No,2632.0,2632,19-3092,1.339854496286321,19
Halal Seaweed Processing Worker,Manufacturing                                                ,"Processing and preserving of fish, crustaceans and mollusks",Not Higher Education,No,No,6222.0,6221 p,51-9199,-0.9310742592864005,51
Halal Slaughterer,Manufacturing                                                ,Processing and preserving of meat,Not Higher Education,No,No,7511.0,7511,51-3091 ,-0.8649918010858667,51
Handloom Weaver,Manufacturing                                                ,"Spinning, weaving and finishing of textiles",Not Higher Education,No,No,7318.0,7318,51-6041,-0.9817178812461512,51
Hatchery Farm Worker,"Agriculture, Forestry, and Fishing",Aquaculture,Not Higher Education,No,No,6225.0,6221 p,45-2093,-1.2171340525284933,45
HDD FOL Operator,Manufacturing                                                ,Manufacture of electronic components,Not Higher Education,No,No,8212.0,8212,51-9194,-0.7447411756253555,51
Health and Safety Officer (Manufacturing),Manufacturing                                                ,"Other manufacturing, n.e.c.",Higher Education,No,No,2263.0,2263,29-9011 ,0.10949159858559132,29
Health Information Management Technician,Information and Communication,"Data processing, hosting and related activities; web portals (if digitized records)OR Other information service activities (if part of IT-BPM support to healthcare)",Higher Education,No,Yes,3252.0,3252,29-2071 ,0.10949159858559132,29
Health Program Assistant,Human Health and Social Work Activities,Other human health activities,Higher Education,No,Yes,3256.0,3256,31-9092,0.04654632180638959,31
Health Promotion Officer,Human Health and Social Work Activities,Other human health activities,Higher Education,No,No,2269.0,2269,29-9092 ,1.438219081204524,29
Health Services Clerk,Human Health and Social Work Activities,Human Health Activities,Higher Education,No,Yes,3252.0,3252,29-2071 ,0.10949159858559132,29
Heat Treater,Manufacturing                                                ,Manufacture of basic iron and steel,Not Higher Education,No,No,3133.0,3133,51-8091,-0.48651922573059664,51
Heavy Equipment Mechanic,Construction,Other specialized construction activities,Not Higher Education,No,No,7233.0,7233,49-9081,-1.1488319558659998,49
Heavy Equipment Operator (High School),Construction,Demolition and site preparation,Not Higher Education,No,No,8342.0,8342,47-5022,-1.2533360568016358,47
Herbal Remedies Research Aide,Human Health and Social Work Activities,Other human health activities,Higher Education,No,Yes,3230.0,3230,29-9099,0.10897922820391583,29
Heritage Planner,"Arts, Entertainment and Recreation","Libraries, archives, museums and other cultural activities",Higher Education,No,Yes,2621.0,2621,25-4012,0.641460704726019,25
Heritage Site Guide,"Arts, Entertainment and Recreation","Libraries, archives, museums and other cultural activities",Higher Education,No,No,5113.0,5113,39-7012,0.37645664910699317,39
Heritage Tourism Operator,"Arts, Entertainment and Recreation","Libraries, archives, museums and other cultural activities",Higher Education,No,Yes,3339.0,3339,41-9099 ,0.3972762565441296,41
Heritage Tradesperson / Heritage Conservation Technician,"Arts, Entertainment and Recreation","Libraries, archives, museums and other cultural activities",Higher Education,No,Yes,3433.0,3433,27-1012 ,-0.9646161941936396,27
High School Science Teacher,Education,Secondary/high school education,Higher Education,Yes,No,4411.0,4411,43-4121,0.10481105731086658,43
History Lecturer,Education,Higher education,Higher Education,No,No,2633.0,2633,19-3099,1.2714488780375865,19
Home Economics Extension Worker,Human Health and Social Work Activities,"Other social work activities without accommodation, n.e.c.",Higher Education,No,No,3412.0,3412,21-1093,0.7040484605627692,21
Home-Based Birth Assistant (Registered Midwife),Human Health and Social Work Activities,Medical and dental practice activities,Higher Education,Yes,No,3222.0,3222,29-9099,0.10897922820391583,29
Horse Riding Instructor,Other Service Activities,"Personal services for wellness, except sports activities",Not Higher Education,No,No,3423.0,3423,39-9031,-2.1445563057878494,39
Horticulture Assistant,"Agriculture, Forestry, and Fishing",Plant propagation,Higher Education,No,Yes,3142.0,3142,19-4011,1.2714488780375865,19
Hospital Administration Associate,Human Health and Social Work Activities,Hospital activities,Higher Education,No,Yes,3344.0,3344,43-6013,0.9603157503903837,43
Hospital Caregiver,Human Health and Social Work Activities,Hospital activities,Not Higher Education,No,No,5321.0,5321,31-1014 ,-0.5333720364723773,31
Hospital Nursing Aide,Human Health and Social Work Activities,Hospital activities,Not Higher Education,No,No,5321.0,5321,31-1014 ,-0.5333720364723773,31
Hospital Pharmacist,Human Health and Social Work Activities,Other human health activities,Higher Education,Yes,No,2262.0,2262,29-1051,0.5220524179890909,29
Hospitality Systems and Technology Analyst,Information and Communication,"Computer programming, consultancy and related activities",Higher Education,No,No,2511.0,2511,15-1211,1.051640306129637,15
Hotel Cleaners,Accommodation and Food Service Activities,Short term accommodation activities,Not Higher Education,No,No,9112.0,9112,53-7061,-1.8046194638439987,53
Hotel Duty Engineer,Accommodation and Food Service Activities,Short term accommodation activities,Higher Education,Yes,No,2149.0,2149,17-2199,0.42635454248385546,17
Hotel Maintenance,Accommodation and Food Service Activities,Short term accommodation activities,Not Higher Education,No,No,7411.0,7411,47-2231,-1.085191831210996,47
Hotel Receptionist,Accommodation and Food Service Activities,Short term accommodation activities,Higher Education,No,Yes,4226.0,4226,43-4171,0.9380611170416764,43
Hotel Services Attendant,Accommodation and Food Service Activities,Short term accommodation activities,Higher Education,No,Yes,5151.0,5151,37-1011 ,-0.6341706741709909,37
Household Equipment Technician,Other Service Activities,Repair of personal and household goods,Higher Education,No,Yes,7421.0,7421,49-2096,-0.8979936866701642,49
Housekeeping Attendant,Accommodation and Food Service Activities,Other accommodation,Not Higher Education,No,No,5151.0,5151,37-1011 ,-0.6341706741709909,37
HR Assistants / Timekeepers (Construction),Construction,Construction of buildings,Higher Education,No,No,4416.0,4416,43-4161 ,1.2623911599504438,43
HR Business Partner,Administrative and Support Service Activities,Other human resources provision,Higher Education,No,No,2423.0,2423,21-1012 ,1.321753213546424,21
HR Operations and Technology Specialist,Administrative and Support Service Activities,Other human resources provision,Higher Education,No,No,2423.0,2423,21-1012 ,1.321753213546424,21
Human Resource Assistant (Transportation and Storage),Transportation and Storage,Support activities for transportation,Higher Education,No,Yes,4416.0,4416,43-4161 ,1.2623911599504438,43
Human Resource Associate,Administrative and Support Service Activities,Other human resources provision,Higher Education,No,Yes,2423.0,2423,21-1012 ,1.321753213546424,21
Human Resource Staff (Construction),Construction,Construction of buildings,Higher Education,No,No,4416.0,4416,43-4161 ,1.2623911599504438,43
Humanitarian Affairs Officer,Public Administration and Defense; Compulsory Social Security,Public administration and defense; compulsory social security,Higher Education,No,No,2635.0,2635,21-1099,0.7040484605627692,21
Humanities Researcher,"Professional, Scientific and Technical Activities",Research and experimental development on social sciences and humanities,Higher Education,No,No,2310.0,2310,25-1199,0.7243196041937822,25
HVAC Technician,"Electricity, Gas, Steam and Air Conditioning Supply",Airconditioning and Refrigeration,Higher Education,No,Yes,3115.0,3115,17-3029,-0.12412771245194032,17
Hydraulic Excavator Operator,Construction,Demolition and site preparation,Not Higher Education,No,No,8342.0,8342,47-5022,-1.2533360568016358,47
IC Designer,Manufacturing                                                ,Manufacture of electronic components,Higher Education,No,No,2152.0,2152,17-2072 ,0.701947303775666,17
Ice Plant Refrigeration Technician,"Electricity, Gas, Steam and Air Conditioning Supply",Airconditioning and Refrigeration,Not Higher Education,No,No,7127.0,7127,49-9021 ,-1.0085507507672364,49
Import Coordinator,Transportation and Storage,Support activities for transportation,Not Higher Education,No,No,3331.0,3331,43-5071 ,-0.852355785236329,43
Import/Export Documentation Clerk,Transportation and Storage,Support activities for transportation,Higher Education,No,Yes,3351.0,3351,33-3051,-0.20156335448638277,33
Industrial Automation Technician,Manufacturing                                                ,Manufacture of general purpose machinery,Higher Education,No,Yes,3115.0,3115,17-3029,-0.12412771245194032,17
Industrial Chemist (Licensed),Manufacturing                                                ,Manufacture of basic chemicals,Higher Education,Yes,No,2113.0,2113,19-2032,1.1289816613328132,19
Industrial Electrician,Construction,"Electrical, plumbing and other construction installation activities",Not Higher Education,No,No,7411.0,7411,47-2231,-1.085191831210996,47
Industrial Policy Analyst,"Professional, Scientific and Technical Activities",Research and experimental development on social sciences and humanities,Higher Education,No,No,2422.0,2422,13-1199,0.437657911612694,13
Industrial Refrigeration Plant Operator,"Electricity, Gas, Steam and Air Conditioning Supply",Airconditioning and Refrigeration,Not Higher Education,No,No,7127.0,7127,49-9021 ,-1.0085507507672364,49
Industrial Scheduler,"Professional, Scientific and Technical Activities","Other professional, scientific and technical activities, n.e.c.",Higher Education,No,Yes,8211.0,8211,51-2031,-1.063720162191619,51
Infrastructure Support Technician,Information and Communication,"Computer programming, consultancy and related activities",Higher Education,No,Yes,3513.0,3513,15-1152 ,1.388784111523391,15
Inland Water Fisheries Assistant,"Agriculture, Forestry, and Fishing",Aquaculture,Higher Education,Yes,No,2132.0,2132,25-9021,0.7243196041937822,25
Institutional Catering Assistant,Accommodation and Food Service Activities,Event catering and other food service activities,Higher Education,No,Yes,5246.0,5246,35-9011 ,-1.9363931399533265,35
Instrumental Music Teacher,Education,Other education services,Higher Education,Yes,No,2354.0,2354,25-3021,0.4295920713782472,25
Instrumentation And Automation Technician,Manufacturing                                                ,"Manufacture of measuring, testing, navigating and control equipment; watches and clocks",Not Higher Education,No,No,3119.0,3119,53-6041,0.30196800574182847,53
Instrumentation Engineer (Licensed),"Electricity, Gas, Steam and Air Conditioning Supply","Electric power generation, transmission and distribution",Higher Education,Yes,No,2152.0,2152,17-2072 ,0.701947303775666,17
Insurance Processors,Financial and Insurance Activities,Activities auxiliary to insurance and pension funding,Not Higher Education,No,No,3321.0,3321,41-3021,1.2505173651830495,41
Interactive Content Developer,Information and Communication,"Computer programming, consultancy and related activities",Higher Education,No,No,2513.0,2513,15-1134 ,1.388784111523391,15
Interactive Media Assistant,Information and Communication,"Computer programming, consultancy and related activities",Higher Education,No,Yes,3521.0,3521,27-4099 ,0.6558359528610636,27
Intercultural Program Facilitator,Human Health and Social Work Activities,"Other social work activities without accommodation, n.e.c.",Higher Education,No,No,3412.0,3412,21-1093,0.7040484605627692,21
Interfaith Program Assistant,Human Health and Social Work Activities,"Other social work activities without accommodation, n.e.c.",Higher Education,No,Yes,3512.0,3512,15-1151 ,1.388784111523391,15
Interior Architect (Tourism),"Professional, Scientific and Technical Activities",Architectural and engineering activities and related technical consultancy,Higher Education,Yes,No,2161.0,2161,17-1011,0.9883662038987108,17
Interior Design Assistant,"Professional, Scientific and Technical Activities",Specialized design activities,Higher Education,Yes,No,3432.0,3432,27-1027,0.3237729714462846,27
Internal Communications Specialist,"Professional, Scientific and Technical Activities",Advertising,Higher Education,No,No,7422.0,7422,49-9052,-1.1924358138797408,49
International Affairs Assistant,"Professional, Scientific and Technical Activities",Research and experimental development on social sciences and humanities,Higher Education,No,Yes,3343.0,3343,43-6011,0.9869789708672666,43
International Cooperation Analyst,"Professional, Scientific and Technical Activities",Research and experimental development on social sciences and humanities,Higher Education,No,No,2631.0,2631,19-3011,1.295165094767305,19
International Trade Support Staff,Wholesale and Retail Trade; Repair of Motor Vehicles and Motorcycles,Wholesale Trade,Higher Education,No,No,3324.0,3324,43-5011 ,0.8545255137010148,43
Inventory Analyst,Transportation and Storage,Support activities for transportation,Not Higher Education,No,No,4321.0,4321,43-5111,-0.28798610046550455,43
Inventory Clerk (Transportation and Storage),Transportation and Storage,Support activities for transportation,Higher Education,No,Yes,4321.0,4321,43-5111,-0.28798610046550455,43
Inventory Management Assistant,Transportation and Storage,Support activities for transportation,Higher Education,No,Yes,4321.0,4321,43-5111,-0.28798610046550455,43
Investment Accountant,Financial and Insurance Activities,"Accounting, bookkeeping and auditing activities; tax consultancy",Higher Education,Yes,No,2411.0,2411,13-2082,1.2928140179594079,13
Irrigation Technician,"Agriculture, Forestry, and Fishing",Aquaculture,Not Higher Education,No,No,3142.0,3142,19-4011,1.2714488780375865,19
IT Business Analyst Assistant,Information and Communication,"Computer programming, consultancy and related activities",Higher Education,No,Yes,2511.0,2511,15-1211,1.051640306129637,15
IT Support Specialist,Information and Communication,"Computer Programming, Consultancy and Related Activities",Higher Education,No,No,2423.0,2423,21-1012 ,1.321753213546424,21
IT Support Technician (Air Transport),Transportation and Storage,"Passenger air transport, Freight air transport",Higher Education,No,Yes,3155.0,3155,17-3023,0.14718462276569041,17
IT Technical Support Personnel (Healthcare),Human Health and Social Work Activities,Hospital activities,Higher Education,No,No,3512.0,3512,15-1151 ,1.388784111523391,15
IT Technician,Information and Communication,"Computer Programming, Consultancy and Related Activities",Higher Education,No,Yes,3114.0,3114,17-3023,0.14718462276569041,17
Japan Market Liaison,"Professional, Scientific and Technical Activities","Other professional, scientific and technical activities, n.e.c.",Higher Education,No,No,2433.0,2433,41-4011,1.0506936744978643,41
Japanese Language and Culture Assistant,Education,Other Education,Higher Education,No,Yes,3412.0,3412,21-1093,0.7040484605627692,21
Java Programmer,Information and Communication,"Computer programming, consultancy and related activities",Not Higher Education,No,No,2512.0,2512,15-1133,1.388784111523391,15
Jobs Coordinator (Transportation and Storage),Transportation and Storage,Support activities for transportation,Higher Education,No,Yes,4416.0,4416,43-4161 ,1.2623911599504438,43
Judicial Assistant,Public Administration and Defense; Compulsory Social Security,Justice and Judicial Activities,Higher Education,No,Yes,3411.0,3411,33-9031,0.6331519841981866,33
Junior AI Data Governance Officer,Information and Communication,"Data processing, hosting and related activities; web portals",Not Higher Education,No,No,2521.0,2521,15-1242,1.2712595915227325,15
Junior Airline Accounting Clerk,Transportation and Storage,"Passenger air transport, Freight air transport",Higher Education,Yes,No,,,43-3011,1.180784811080226,43
Junior Applications Analyst,Information and Communication,"Computer Programming, Consultancy and Related Activities",Higher Education,No,No,2512.0,2512,15-1133,1.388784111523391,15
Junior Architectural Technologist,"Professional, Scientific and Technical Activities",Architectural and engineering activities and related technical consultancy,Higher Education,Yes,No,2161.0,2161,17-1011,0.9883662038987108,17
Junior Associate (Consulting),"Professional, Scientific and Technical Activities",Management consultancy activities,Higher Education,No,Yes,2421.0,2421,13-1111,1.3006800926946551,13
Junior Behavioral Health Analyst,Human Health and Social Work Activities,"Other social work activities without accommodation, n.e.c.",Higher Education,No,No,2634.0,2634,19-3039,1.1284278969233745,19
Junior Botanist,"Professional, Scientific and Technical Activities",Research and experimental development on natural sciences and engineering,Higher Education,No,No,2131.0,2131,19-1099,1.2714488780375865,19
Junior Budget Analyst,Financial and Insurance Activities,"Activities auxiliary to financial service, except insurance and pension funding",Higher Education,Yes,No,2413.0,2413,13-2061,1.4308908224253862,13
Junior Business Analyst,Financial and Insurance Activities,"Activities auxiliary to financial service, except insurance and pension funding",Higher Education,No,No,2413.0,2413,13-2061,1.4308908224253862,13
Junior Business News Writer,Information and Communication,"Publishing of books, periodicals and other publishing activities",Higher Education,No,No,2642.0,2642,27-3041 ,1.0358423916827189,27
Junior Business Process Analyst,Information and Communication,Management consultancy activities,Higher Education,No,No,2511.0,2511,15-1211,1.051640306129637,15
Junior Computational Physicist,"Professional, Scientific and Technical Activities",Research and experimental development on natural sciences and engineering,Higher Education,No,No,2111.0,2111,19-2012,1.269877597832301,19
Junior Credit Analyst,Financial and Insurance Activities,Monetary intermediation,Higher Education,No,No,3312.0,3312,13-2072 ,1.1667070504207502,13
Junior Database Administrator,Information and Communication,"Computer programming, consultancy and related activities",Higher Education,No,No,2521.0,2521,15-1242,1.2712595915227325,15
Junior Economic Analyst,"Professional, Scientific and Technical Activities",Research and experimental development on social sciences and humanities,Higher Education,No,No,2631.0,2631,19-3011,1.295165094767305,19
Junior Editorial Researcher,Information and Communication,Programming and Broadcasting Activities,Higher Education,No,No,2642.0,2642,27-3041 ,1.0358423916827189,27
Junior Financial Analyst,Financial and Insurance Activities,Fund management activities,Higher Education,Yes,No,2413.0,2413,13-2061,1.4308908224253862,13
Junior Financial Market Analyst,Financial and Insurance Activities,Fund management activities,Higher Education,No,No,2413.0,2413,13-2061,1.4308908224253862,13
Junior Geologist,"Professional, Scientific and Technical Activities",Research and experimental development on natural sciences and engineering,Higher Education,Yes,No,2114.0,2114,19-2043,0.5446441627992081,19
Junior Illustrator,"Arts, Entertainment and Recreation","Creative, arts and entertainment activities",Higher Education,No,No,2166.0,2166,27-1024,0.6558359528610636,27
Junior Information Systems Analyst,Information and Communication,"Computer Programming, Consultancy and Related Activities",Higher Education,No,No,2511.0,2511,15-1211,1.051640306129637,15
Junior IoT Specialist,Information and Communication,Other information service activities,Not Higher Education,No,No,3513.0,3513,15-1152 ,1.388784111523391,15
Junior Landscape Planner,"Professional, Scientific and Technical Activities",Architectural and engineering activities and related technical consultancy,Higher Education,Yes,No,2164.0,2164,19-3051,1.1489946192109544,19
Junior Physics Instructor,Education,Higher education,Higher Education,No,No,3111.0,3111,19-4099,0.8333873440481492,19
Junior Power Systems Engineer,"Electricity, Gas, Steam and Air Conditioning Supply","Manufacture of electric motors, generators, transformers and electricity distribution and control apparatus",Higher Education,Yes,No,2144.0,2144,17-2141 ,0.8915684104716345,17
Junior Prepress Technician,Manufacturing                                                ,Printing and service activities related to printing,Not Higher Education,No,No,7322.0,7322,51-5112,-0.8811393078265563,51
Junior Project Coordinator,"Professional, Scientific and Technical Activities","Other professional, scientific and technical activities, n.e.c.",Higher Education,No,Yes,3412.0,3412,21-1093,0.7040484605627692,21
Junior Quantitative Analyst,Financial and Insurance Activities,Fund management activities,Higher Education,No,No,2631.0,2631,19-3011,1.295165094767305,19
Junior Risk Analyst,Financial and Insurance Activities,"Activities auxiliary to financial service, except insurance and pension funding",Higher Education,No,No,2413.0,2413,13-2061,1.4308908224253862,13
Junior Software Developer,Information and Communication,"Computer programming, consultancy and related activities",Higher Education,No,No,2512.0,2512,15-1133,1.388784111523391,15
Junior Software Engineer,Information and Communication,"Computer Programming, Consultancy and Related Activities",Higher Education,No,No,2512.0,2512,15-1133,1.388784111523391,15
Junior Statistician,Financial and Insurance Activities,"Activities auxiliary to financial service, except insurance and pension funding",Higher Education,No,No,2131.0,2131,19-1099,1.2714488780375865,19
Junior Systems Administrator,Information and Communication,"Computer programming, consultancy and related activities",Higher Education,No,No,2522.0,2522,15-1244,0.694726535544861,15
Junior Trade and Culture Analyst,Public Administration and Defense; Compulsory Social Security,Public Administration and Defense; Compulsory Social Security,Higher Education,No,No,2421.0,2421,13-1111,1.3006800926946551,13
Kiln Operator,Manufacturing                                                ,"Manufacture of non-metallic mineral products, n.e.c.",Higher Education,No,Yes,7521.0,7521,51-9191,-1.421573203814197,51
Kindergarten Teacher,Education,Pre-primary/pre-school education,Higher Education,Yes,No,2342.0,2342,25-2012,0.26641666982320217,25
Kitchen Staff,Accommodation and Food Service Activities,Event catering and other food service activities,Higher Education,No,No,5246.0,5246,35-9011 ,-1.9363931399533265,35
Knowledge Management Officer,Information and Communication,Other information service activities,Higher Education,Yes,No,2622.0,2622,25-9011,0.7243196041937822,25
Labor Relations Specialist,Administrative and Support Service Activities,Other human resources provision,Higher Education,No,No,2423.0,2423,21-1012 ,1.321753213546424,21
Laboratory And Metrology Calibration Technician,Manufacturing                                                ,"Manufacture of measuring, testing, navigating and control equipment; watches and clocks",Not Higher Education,No,No,3119.0,3119,53-6041,0.30196800574182847,53
Laboratory Technician,"Professional, Scientific and Technical Activities",Research and experimental development on natural sciences and engineering,Higher Education,No,Yes,3212.0,3212,29-2012,-0.48497200740066854,29
"Laborers and Hand Freight, Stock, and Material Movers",Transportation and Storage,Freight air transport,Not Higher Education,No,No,9333.0,9333,53-7121,-1.4985219575636737,53
Land-Based Transport Refrigeration Mechanic,"Electricity, Gas, Steam and Air Conditioning Supply",Airconditioning and Refrigeration,Not Higher Education,No,No,7127.0,7127,49-9021 ,-1.0085507507672364,49
Landscape Design Assistant (Licensed Architect),"Professional, Scientific and Technical Activities",Architectural and engineering activities and related technical consultancy,Higher Education,Yes,No,2161.0,2161,17-1011,0.9883662038987108,17
Landscape Design Technician,"Professional, Scientific and Technical Activities",Architectural and engineering activities and related technical consultancy,Higher Education,No,Yes,3112.0,3112,47-4011,-0.09497722576570897,47
Landscape Gardener,Other Service Activities,"Personal services for wellness, except sports activities",Not Higher Education,No,No,6118.0,6113,45-2091,-1.25411250441255,45
Language Arts Curriculum Developer,Education,Other Education,Higher Education,No,No,2351.0,2351,25-9031,1.2641879840632628,25
Language Policy Research Assistant,"Professional, Scientific and Technical Activities",Research and experimental development on social sciences and humanities,Higher Education,No,Yes,2353.0,2353,25-3099 ,0.7243196041937822,25
Language Teaching Assistant,Education,Other Education,Higher Education,No,Yes,2353.0,2353,25-3099 ,0.7243196041937822,25
Latex Receiver,Manufacturing                                                ,Manufacture of rubber products,Not Higher Education,No,No,8141.0,8141,51-9197,-1.8120926328159221,51
Laundry Attendant,Accommodation and Food Service Activities,Short term accommodation activities,Not Higher Education,No,No,8157.0,8157,51-6011,-1.1627079515705543,51
Laundry Machine Operator,Other Service Activities,Laundry services,Not Higher Education,No,No,8157.0,8157,51-6011,-1.1627079515705543,51
Layout Artist,"Arts, Entertainment and Recreation","Creative, arts and entertainment activities",Higher Education,No,No,2651.0,2651,27-1013,-0.673807460441017,27
Learning and Development Officer,Administrative and Support Service Activities,Other human resources provision,Higher Education,No,No,2423.0,2423,21-1012 ,1.321753213546424,21
Leasing Assistant,Real Estate Activities,Real Estate Activities with Own or Leased Property,Higher Education,No,Yes,3343.0,3343,43-6011,0.9869789708672666,43
Legal Assistant,"Professional, Scientific and Technical Activities","Other professional, scientific and technical activities, n.e.c.",Higher Education,No,Yes,3411.0,3411,33-9031,0.6331519841981866,33
Legal Associate,Public Administration and Defense; Compulsory Social Security,Justice and Judicial Activities,Higher Education,Yes,No,3411.0,3411,33-9031,0.6331519841981866,33
Legal Research Assistant,Public Administration and Defense; Compulsory Social Security,Public Administration,Higher Education,No,Yes,2611.0,2611,23-1011,1.3217419158698878,23
Legislative Researcher,"Professional, Scientific and Technical Activities",Research and experimental development on social sciences and humanities,Higher Education,No,No,2310.0,2310,25-1199,0.7243196041937822,25
Legislative Staff Officer,Public Administration and Defense; Compulsory Social Security,Research and experimental development on social sciences and humanities,Higher Education,No,No,2423.0,2423,21-1012 ,1.321753213546424,21
"LGU Program Assistant, Local Government Support Staff",Public Administration and Defense; Compulsory Social Security,Public Administration and Other Executive Offices,Higher Education,No,Yes,3512.0,3512,15-1151 ,1.388784111523391,15
Liaison Staff (Construction),Construction,Construction of buildings,Higher Education,No,No,4110.0,4110,43-9061 ,0.8956086195344649,43
Librarian,"Arts, Entertainment and Recreation","Libraries, archives, museums and other cultural activities",Higher Education,Yes,No,2622.0,2622,25-9011,0.7243196041937822,25
Librarian Assistant,"Arts, Entertainment and Recreation","Libraries, archives, museums and other cultural activities",Higher Education,No,Yes,2622.0,2622,25-9011,0.7243196041937822,25
Library Clerk,"Arts, Entertainment and Recreation","Libraries, archives, museums and other cultural activities",Higher Education,No,Yes,4411.0,4411,43-4121,0.10481105731086658,43
Library Technician,"Arts, Entertainment and Recreation","Libraries, archives, museums and other cultural activities",Higher Education,Yes,No,3433.0,3433,27-1012 ,-0.9646161941936396,27
Licensed Aeronautical Engineer,Manufacturing                                                ,Manufacture of air and spacecraft and related machinery,Higher Education,Yes,No,2144.0,2144,17-2141 ,0.8915684104716345,17
Licensed Agricultural and Biosystems Engineer,"Agriculture, Forestry, and Fishing",Support activities to agriculture and post-harvest crop activities,Higher Education,Yes,No,2149.0,2149,17-2199,0.42635454248385546,17
Licensed Agriculturist,"Agriculture, Forestry, and Fishing",Growing of non-perennial crops,Higher Education,Yes,No,3142.0,3142,19-4011,1.2714488780375865,19
Licensed Aquaculturist,"Agriculture, Forestry, and Fishing",Aquaculture,Higher Education,No,No,7422.0,7422,49-9052,-1.1924358138797408,49
Licensed Architect,"Professional, Scientific and Technical Activities",Architectural and engineering activities and related technical consultancy,Higher Education,Yes,No,2161.0,2161,17-1011,0.9883662038987108,17
Licensed Chemist,"Professional, Scientific and Technical Activities","Other professional, scientific and technical activities, n.e.c.",Higher Education,Yes,No,2143.0,2143,17-2081,1.3254379616673337,17
Licensed Criminologist,Public Administration and Defense; Compulsory Social Security,Public Order and Safety Activities,Higher Education,Yes,No,2212.0,2212,29-1229,0.07329974230484824,29
Licensed Dentist,Human Health and Social Work Activities,Medical and dental practice activities,Higher Education,Yes,No,2261.0,2261,29-1029,0.10949159858559132,29
Licensed Nutritionist and Dietician,Human Health and Social Work Activities,Other human health activities,Higher Education,Yes,No,2265.0,2265,29-1031,1.3048388868965093,29
Licensed Occupational Therapist,Human Health and Social Work Activities,Medical and dental practice activities,Higher Education,Yes,No,2269.0,2269,29-9092 ,1.438219081204524,29
Licensed Optometrist,Human Health and Social Work Activities,Medical and dental practice activities,Higher Education,Yes,No,2267.0,2267,29-1041,0.4991982078368139,29
Licensed Pharmacist,Human Health and Social Work Activities,Other human health activities,Higher Education,Yes,No,2262.0,2262,29-1051,0.5220524179890909,29
Licensed Physical Therapist,Human Health and Social Work Activities,Medical and dental practice activities,Higher Education,Yes,No,2264.0,2264,29-1128,-0.12424117295116499,29
Licensed Psychometrician,Human Health and Social Work Activities,Other human health activities,Higher Education,Yes,No,2634.0,2634,19-3039,1.1284278969233745,19
Licensed Respiratory Therapist,Human Health and Social Work Activities,Hospital activities,Higher Education,Yes,No,2269.0,2269,29-9092 ,1.438219081204524,29
Life Science Research Assistant,"Professional, Scientific and Technical Activities","Other professional, scientific and technical activities, n.e.c.",Higher Education,No,Yes,3256.0,3256,31-9092,0.04654632180638959,31
Lifeguard,Accommodation and Food Service Activities,Short term accommodation activities,Not Higher Education,No,No,5419.0,5419,43-5031,0.7863025474171983,43
Lighting Technician,"Arts, Entertainment and Recreation","Creative, arts and entertainment activities",Not Higher Education,No,Yes,3435.0,3435,39-3099 ,-0.620764093503558,39
Line Technician,Manufacturing                                                ,"Other manufacturing, n.e.c.",Higher Education,No,Yes,7422.0,7422,49-9052,-1.1924358138797408,49
Linen Attendant,Accommodation and Food Service Activities,Short term accommodation activities,Not Higher Education,No,No,5151.0,5151,37-1011 ,-0.6341706741709909,37
Linguistics Analyst,"Professional, Scientific and Technical Activities",Research and experimental development on social sciences and humanities,Higher Education,No,No,2353.0,2353,25-3099 ,0.7243196041937822,25
Linguistics Researcher,"Professional, Scientific and Technical Activities",Research and experimental development on social sciences and humanities,Higher Education,No,No,2353.0,2353,25-3099 ,0.7243196041937822,25
Literary Reviewer,Information and Communication,"Publishing of books, periodicals and other publishing activities",Higher Education,No,No,2641.0,2641,27-3043,0.697709572118294,27
Livelihood Education Teacher,Education,Secondary/high school education,Higher Education,Yes,No,2330.0,2330,25-2031,1.1170470851261018,25
Livestock Agriculture Technician,"Agriculture, Forestry, and Fishing",Animal production,Higher Education,Yes,No,3144.0,,19-4012,0.11053908763618922,19
Livestock Health Technician,Manufacturing                                                ,"Manufacture of pharmaceuticals, medicinal chemical and botanical products",Not Higher Education,No,No,3240.0,3240,31-9096,-0.9234261541013596,31
Livestock Raiser,"Agriculture, Forestry, and Fishing",Animal production,Not Higher Education,No,No,6121.0,6121 p,45-2093,-1.2171340525284933,45
Loan Processing Assistant,Financial and Insurance Activities,Monetary intermediation,Higher Education,No,Yes,4213.0,4213,43-3099 ,0.9380611170416764,43
Local Government Contact Tracer,Human Health and Social Work Activities,"Other social work activities without accommodation, n.e.c.",Not Higher Education,No,No,3252.0,3252,29-2071 ,0.10949159858559132,29
Local Heritage Specialist,"Arts, Entertainment and Recreation","Libraries, archives, museums and other cultural activities",Higher Education,No,No,2621.0,2621,25-4012,0.641460704726019,25
Logic Teaching Aide,Education,Other Education,Higher Education,No,Yes,5311.0,5311,39-9011,-0.620764093503558,39
Logistics & Support Staff (Construction),Construction,Construction of buildings,Not Higher Education,No,No,4321.0,4321,43-5111,-0.28798610046550455,43
Logistics Assistant,Transportation and Storage,Support activities for transportation,Higher Education,No,Yes,4321.0,4321,43-5111,-0.28798610046550455,43
Logistics Clerk,Transportation and Storage,Support activities for transportation,Higher Education,No,Yes,4321.0,4321,43-5111,-0.28798610046550455,43
Logistics Support Clerk,Transportation and Storage,Support activities for transportation,Higher Education,No,Yes,4323.0,4323,43-5032,1.096197891448219,43
Lumber Quality Analyst,Manufacturing                                                ,Sawmilling and planing of wood,Higher Education,No,No,3119.0,3119,53-6041,0.30196800574182847,53
M&E Program Assistant,"Professional, Scientific and Technical Activities","Other professional, scientific and technical activities, n.e.c.",Higher Education,No,Yes,3512.0,3512,15-1151 ,1.388784111523391,15
Machine Design Engineer,"Professional, Scientific and Technical Activities",Architectural and engineering activities and related technical consultancy,Higher Education,Yes,No,2141.0,2141,17-2112,0.45342778924357,17
Machine Learning Engineer,Information and Communication,"Computer programming, consultancy and related activities",Higher Education,No,No,2512.0,2512,15-1133,1.388784111523391,15
Machine Operator,Manufacturing                                                ,"Other manufacturing, n.e.c.",Higher Education,No,Yes,3511.0,3511,15-1299,1.388784111523391,15
Machine Operator (Transportation and Storage),Transportation and Storage,Support activities for transportation,Higher Education,No,Yes,8189.0,8189,53-7011,-0.8615378559687488,53
Machinist,Manufacturing                                                ,Manufacture of general purpose machinery,Not Higher Education,No,No,7223.0,7223,51-4199,-0.9310742592864005,51
Magician,"Arts, Entertainment and Recreation",Other amusement and recreation activities,Not Higher Education,No,No,2659.0,2659,27-2099,0.6558359528610636,27
Mail and Document Clerk,Transportation and Storage,"Postal activities, Courier activities",Higher Education,No,Yes,4412.0,4412,43-9051,-0.9250415251550858,43
Maintenance Fitter,Manufacturing                                                ,"Other manufacturing, n.e.c.",Higher Education,No,No,7233.0,7233,49-9081,-1.1488319558659998,49
Maintenance Laborer,Construction,Construction of buildings,Not Higher Education,No,No,,,49-9071,-1.1006798329241458,49
Maintenance Line Worker,"Electricity, Gas, Steam and Air Conditioning Supply","Electric power generation, transmission and distribution",Not Higher Education,No,No,7413.0,7413,49-9051,-1.3437172814565186,49
Maintenance Technician,Manufacturing                                                ,"Other manufacturing, n.e.c.",Higher Education,No,Yes,3115.0,3115,17-3029,-0.12412771245194032,17
Maintenance Technician (Construction),Construction,Building completion and finishing,Not Higher Education,No,No,7411.0,7411,47-2231,-1.085191831210996,47
Management Accountant,Financial and Insurance Activities,"Accounting, bookkeeping and auditing activities; tax consultancy",Higher Education,Yes,No,2411.0,2411,13-2082,1.2928140179594079,13
Management Information Assistant,Information and Communication,"Computer programming, consultancy and related activities",Higher Education,No,Yes,3511.0,3511,15-1299,1.388784111523391,15
Mango Grower,"Agriculture, Forestry, and Fishing",Growing of perennial crops,Not Higher Education,No,No,6117.0,6112,45-2091,-1.25411250441255,45
Mangosteen Grower,"Agriculture, Forestry, and Fishing",Growing of non-perennial crops,Not Higher Education,No,No,6117.0,6112,45-2091,-1.25411250441255,45
Manufacturing Engineer,"Professional, Scientific and Technical Activities",Architectural and engineering activities and related technical consultancy,Higher Education,Yes,No,2141.0,2141,17-2112,0.45342778924357,17
Manufacturing Equipment Technician,Manufacturing                                                ,Installation of industrial machinery and equipment,Higher Education,No,Yes,3115.0,3115,17-3029,-0.12412771245194032,17
Marine Biology Research Assistant,"Professional, Scientific and Technical Activities",Research and experimental development on natural sciences and engineering,Higher Education,No,Yes,2131.0,2131,19-1099,1.2714488780375865,19
Marine Biology Technician,"Professional, Scientific and Technical Activities",Research and experimental development on natural sciences and engineering,Higher Education,No,Yes,3115.0,3115,17-3029,-0.12412771245194032,17
Marine Conservation Aide,"Professional, Scientific and Technical Activities","Other professional, scientific and technical activities, n.e.c.",Higher Education,No,Yes,2131.0,2131,19-1099,1.2714488780375865,19
Marine Data Analyst,"Professional, Scientific and Technical Activities",Research and experimental development on natural sciences and engineering,Higher Education,No,No,3115.0,3115,17-3029,-0.12412771245194032,17
Marine Navigation and Port Operations Officer,Transportation and Storage,"Sea and coastal water transport, Inland water transport",Higher Education,No,No,3152.0,3152,53-5021,-0.8093223179968441,53
Market & Social Researcher,"Professional, Scientific and Technical Activities",Research and experimental development on social sciences and humanities,Higher Education,No,No,2431.0,2431,27-3043 ,0.697709572118294,27
Marketing Analyst (Transportation and Storage),Transportation and Storage,Support activities for transportation,Higher Education,No,No,2431.0,2431,27-3043 ,0.697709572118294,27
Marketing Coordinator,"Professional, Scientific and Technical Activities",Advertising,Not Higher Education,No,No,2431.0,2431,27-3043 ,0.697709572118294,27
Marketing Professional (Manufacturing),Manufacturing                                                ,"Other manufacturing, n.e.c.",Higher Education,No,No,2431.0,2431,27-3043 ,0.697709572118294,27
Marriage Counselor,Human Health and Social Work Activities,"Other social work activities without accommodation, n.e.c.",Higher Education,No,No,2635.0,2635,21-1099,0.7040484605627692,21
Mass Media Coordinator,"Professional, Scientific and Technical Activities",Advertising,Higher Education,No,Yes,2431.0,2431,27-3043 ,0.697709572118294,27
Massage Therapist,Other Service Activities,"Personal services for wellness, except sports activities",Not Higher Education,No,No,3255.0,3255,31-9011 ,-1.5761320352117902,31
Master Tagger,"Agriculture, Forestry, and Fishing",Support activities to agriculture and post-harvest crop activities,Not Higher Education,No,No,3142.0,3142,19-4011,1.2714488780375865,19
Mat Weaver,Manufacturing                                                ,"Spinning, weaving and finishing of textiles",Not Higher Education,No,No,7318.0,7318,51-6041,-0.9817178812461512,51
Material Handlers,Manufacturing                                                ,Manufacture of other fabricated metal products; metal working service activities,Higher Education,No,No,9329.0,9329,53-7063,-1.1455667893515662,53
Material Inventory Assistants / Warehouse,Construction,Construction of buildings,Not Higher Education,No,No,4322.0,4322,43-5061 ,0.754947524675795,43
Materials Engineer,"Professional, Scientific and Technical Activities",Architectural and engineering activities and related technical consultancy,Higher Education,Yes,No,2149.0,2149,17-2199,0.42635454248385546,17
Materials Laboratory Technician,"Professional, Scientific and Technical Activities",Research and experimental development on natural sciences and engineering,Higher Education,No,Yes,3111.0,3111,19-4099,0.8333873440481492,19
Materials Testing Technician,"Professional, Scientific and Technical Activities",Technical Testing and Analysis,Higher Education,No,Yes,3119.0,3119,53-6041,0.30196800574182847,53
Mathematics Instructor,Education,Higher education,Higher Education,No,No,2310.0,2310,25-1199,0.7243196041937822,25
Mathematics Teacher,Education,"Primary/elementary education, Secondary/high school education",Higher Education,Yes,No,2330.0,2330,25-2031,1.1170470851261018,25
Meat Processor,Manufacturing                                                ,Processing and preserving of meat,Not Higher Education,No,No,7511.0,7511,51-3091 ,-0.8649918010858667,51
Mechanical Designer,Manufacturing                                                ,Manufacture of special purpose machinery,Higher Education,No,No,3115.0,3115,17-3029,-0.12412771245194032,17
Mechanical Draftsman,"Professional, Scientific and Technical Activities",Architectural and engineering activities and related technical consultancy,Higher Education,No,Yes,3118.0,3118,27-1013 ,-0.673807460441017,27
Mechatronics and Automation Technician,Manufacturing                                                ,Manufacture of general purpose machinery,Not Higher Education,No,No,7231.0,7231,49-3093,-1.6626591703110543,49
Mechatronics Engineer,"Professional, Scientific and Technical Activities",Architectural and engineering activities and related technical consultancy,Higher Education,Yes,No,2144.0,2144,17-2141 ,0.8915684104716345,17
Media Arts Teaching Assistant,Education,Other education services,Higher Education,Yes,No,3521.0,3521,27-4099 ,0.6558359528610636,27
Media Planning Assistant,Information and Communication,"Motion picture, video and television programme activities",Higher Education,No,Yes,3521.0,3521,27-4099 ,0.6558359528610636,27
Media Production Assistant,Information and Communication,"Motion picture, video and television programme activities",Higher Education,No,Yes,3521.0,3521,27-4099 ,0.6558359528610636,27
Media Relations Officer,"Professional, Scientific and Technical Activities",Advertising,Higher Education,No,No,2432.0,2432,27-3031 ,1.1520491300591627,27
Medical Assistant,Human Health and Social Work Activities,Medical and dental practice activities,Higher Education,No,Yes,3256.0,3256,31-9092,0.04654632180638959,31
Medical Claims Associate,Human Health and Social Work Activities,Hospital activities,Higher Education,No,Yes,4312.0,4312,43-9041 ,0.9887666322425293,43
Medical Claims Representative,Human Health and Social Work Activities,Hospital activities,Higher Education,No,No,4312.0,4312,43-9041 ,0.9887666322425293,43
Medical Coding Specialist,Human Health and Social Work Activities,Other human health activities,Not Higher Education,No,No,3252.0,3252,29-2071 ,0.10949159858559132,29
Medical First Responder,Human Health and Social Work Activities,Medical and dental practice activities,Not Higher Education,No,No,2240.0,2240,29-1071,-0.22033826131166323,29
Medical Laboratory Aide,Human Health and Social Work Activities,Hospital activities,Higher Education,No,Yes,3212.0,3212,29-2012,-0.48497200740066854,29
Medical Laboratory Technologist,Human Health and Social Work Activities,Hospital activities,Higher Education,Yes,No,3212.0,3212,29-2012,-0.48497200740066854,29
Medical Liaison,Human Health and Social Work Activities,Medical and dental practice activities,Higher Education,No,No,2269.0,2269,29-9092 ,1.438219081204524,29
Medical Provider and Membership Relations Officer,Human Health and Social Work Activities,Hospital activities,Higher Education,No,No,3339.0,3339,41-9099 ,0.3972762565441296,41
Medical Records Technician,Human Health and Social Work Activities,Medical and dental practice activities,Higher Education,No,Yes,3252.0,3252,29-2071 ,0.10949159858559132,29
Medical Secretary,Human Health and Social Work Activities,Medical and dental practice activities,Higher Education,No,Yes,3344.0,3344,43-6013,0.9603157503903837,43
Medical Transcriptionist,Human Health and Social Work Activities,Other human health activities,Not Higher Education,No,No,3344.0,3344,43-6013,0.9603157503903837,43
Mental Health Program Officer,Human Health and Social Work Activities,"Other social work activities without accommodation, n.e.c.",Higher Education,No,No,3412.0,3412,21-1093,0.7040484605627692,21
Messman,Accommodation and Food Service Activities,Other accommodation,Not Higher Education,No,No,9412.0,9412,35-9099 ,-0.7211067382646418,35
Metadata Specialist,Information and Communication,Other information service activities,Higher Education,No,No,2124.0,2120,19-3022,1.4096937817690525,19
Metallurgical Technician,"Professional, Scientific and Technical Activities","Other professional, scientific and technical activities, n.e.c.",Higher Education,No,Yes,3117.0,3117,19-4041,1.2714488780375865,19
Microbiology Lab Assistant,"Professional, Scientific and Technical Activities",Research and experimental development on natural sciences and engineering,Higher Education,No,Yes,2131.0,2131,19-1099,1.2714488780375865,19
Microfinance Loan Officer,Financial and Insurance Activities,Monetary intermediation,Not Higher Education,No,No,3312.0,3312,13-2072 ,1.1667070504207502,13
Milk Processing Technician,Manufacturing                                                ,Manufacture of dairy products,Higher Education,No,No,,,51-9193,-1.0681009385814242,51
Millwright,Construction,Construction of buildings,Higher Education,No,No,7233.0,7233,49-9081,-1.1488319558659998,49
Mine Safety Engineer,Mining and Quarrying,Mining of Metal Ores,Higher Education,Yes,No,2149.0,2149,17-2199,0.42635454248385546,17
Ministry Program Assistant,Human Health and Social Work Activities,"Other social work activities without accommodation, n.e.c.",Higher Education,No,Yes,4111.0,,43-406,0.9380611170416764,43
MIS Technical Support (Healthcare),Human Health and Social Work Activities,Hospital activities,Higher Education,No,No,3512.0,3512,15-1151 ,1.388784111523391,15
Mobile Air-Conditioning (MAC) Technician,"Electricity, Gas, Steam and Air Conditioning Supply",Airconditioning and Refrigeration,Not Higher Education,No,No,7127.0,7127,49-9021 ,-1.0085507507672364,49
Mobile Phones And Handheld Gadgets Technician,Manufacturing                                                ,Manufacture of consumer electronics,Not Higher Education,No,No,3114.0,3114,17-3023,0.14718462276569041,17
Mobile Robotics System Technician,Manufacturing                                                ,Manufacture of general purpose machinery,Not Higher Education,No,No,3119.0,3119,53-6041,0.30196800574182847,53
Mold Maker,Manufacturing                                                ,Manufacture of other fabricated metal products; metal working service activities,Not Higher Education,No,No,7211.0,7211,51-4072 ,-1.2551153089815006,51
Motion Graphics Artist,"Arts, Entertainment and Recreation","Creative, arts and entertainment activities",Not Higher Education,No,No,2651.0,2651,27-1013,-0.673807460441017,27
Motorcycle/Small Engine Mechanic,Manufacturing                                                ,Manufacture of motor vehicles,Not Higher Education,No,No,7231.0,7231,49-3093,-1.6626591703110543,49
Motor-Grader Operator,Construction,Demolition and site preparation,Not Higher Education,No,No,8342.0,8342,47-5022,-1.2533360568016358,47
Multilateral Affairs Analyst,"Professional, Scientific and Technical Activities",Research and experimental development on social sciences and humanities,Higher Education,No,No,2422.0,2422,13-1199,0.437657911612694,13
Multimedia Designer,"Arts, Entertainment and Recreation","Creative, arts and entertainment activities",Higher Education,No,No,2166.0,2166,27-1024,0.6558359528610636,27
Multimedia Journalist,Information and Communication,Programming and Broadcasting Activities,Higher Education,No,No,2642.0,2642,27-3041 ,1.0358423916827189,27
Municipal Fisherman,"Agriculture, Forestry, and Fishing",Fishing,Not Higher Education,No,No,6221.0,6221 p,45-3031,-1.4690113547007615,45
Municipal Services Clerk,Public Administration and Defense; Compulsory Social Security,Public Administration and Other Executive Offices,Higher Education,No,Yes,4110.0,4110,43-9061 ,0.8956086195344649,43
Museum Curator,"Arts, Entertainment and Recreation","Libraries, archives, museums and other cultural activities",Higher Education,No,No,2621.0,2621,25-4012,0.641460704726019,25
Museum Guide,"Arts, Entertainment and Recreation","Libraries, archives, museums and other cultural activities",Higher Education,No,No,5113.0,5113,39-7012,0.37645664910699317,39
Museum Program Assistant,"Arts, Entertainment and Recreation","Libraries, archives, museums and other cultural activities",Higher Education,No,Yes,3433.0,3433,27-1012 ,-0.9646161941936396,27
Museum Researcher,"Arts, Entertainment and Recreation","Libraries, archives, museums and other cultural activities",Higher Education,No,No,2621.0,2621,25-4012,0.641460704726019,25
Museum Technician,"Arts, Entertainment and Recreation","Libraries, archives, museums and other cultural activities",Higher Education,No,Yes,3433.0,3433,27-1012 ,-0.9646161941936396,27
Museums / Zoos / Aquariums Personnel,"Arts, Entertainment and Recreation",Other amusement and recreation activities,Not Higher Education,No,No,3433.0,3433,27-1012 ,-0.9646161941936396,27
Music Arranger Assistant,"Arts, Entertainment and Recreation","Creative, arts and entertainment activities",Higher Education,No,Yes,2652.0,2652,27-2042,-0.13514658589602044,27
Music Production Assistant,Information and Communication,Sound recording and music publishing activities,Higher Education,No,Yes,3521.0,3521,27-4099 ,0.6558359528610636,27
Music Teacher (Choral Director),Education,Other education services,Higher Education,Yes,No,2354.0,2354,25-3021,0.4295920713782472,25
Nail Technician,Other Service Activities,"Personal services for wellness, except sports activities",Not Higher Education,No,No,5142.0,5142,39-5094,-0.2689427099948295,39
Natural Resource Planner,"Professional, Scientific and Technical Activities","Other professional, scientific and technical activities, n.e.c.",Higher Education,No,Yes,2133.0,2133,19-2041 ,1.317259559340737,19
Natural Resources Technician,"Professional, Scientific and Technical Activities","Other professional, scientific and technical activities, n.e.c.",Higher Education,No,Yes,3115.0,3115,17-3029,-0.12412771245194032,17
Network Cabling Technician,Manufacturing                                                ,Manufacture of communication equipment,Not Higher Education,No,Yes,3513.0,3513,15-1152 ,1.388784111523391,15
Network Operations Technician,Information and Communication,"Computer programming, consultancy and related activities",Higher Education,No,Yes,3513.0,3513,15-1152 ,1.388784111523391,15
News Production Assistant,Information and Communication,Programming and Broadcasting Activities,Higher Education,No,Yes,3521.0,3521,27-4099 ,0.6558359528610636,27
News Reporter,Information and Communication,Programming and Broadcasting Activities,Higher Education,No,No,2642.0,2642,27-3041 ,1.0358423916827189,27
Newsroom Assistant,Information and Communication,Programming and Broadcasting Activities,Higher Education,No,Yes,5221.0,5221,11-1021,0.9423290772346642,11
Nurse Anaesthetist,Human Health and Social Work Activities,Medical and dental practice activities,Higher Education,Yes,No,2221.0,2221,29-1171 ,0.18706776169459535,29
Nursery Teacher,Education,Pre-primary/pre-school education,Higher Education,Yes,No,2342.0,2342,25-2012,0.26641666982320217,25
Nursing Attendant,Human Health and Social Work Activities,"Other social work activities without accommodation, n.e.c.",Not Higher Education,No,No,5321.0,5321,31-1014 ,-0.5333720364723773,31
Nutrition Program Assistant,Human Health and Social Work Activities,Other human health activities,Higher Education,Yes,No,2265.0,2265,29-1031,1.3048388868965093,29
Nutritional Product Developer,Manufacturing                                                ,Manufacture of other food products,Higher Education,Yes,No,2265.0,2265,29-1031,1.3048388868965093,29
Occupational Therapy Assistant,Human Health and Social Work Activities,Medical and dental practice activities,Higher Education,No,Yes,3259.0,3259,31-9099,-0.6063787257456854,31
Off-Highway Dump Truck (Rigid) Operator,Construction,Demolition and site preparation,Not Higher Education,No,No,8332.0,8332,53-3032,-1.2009419361981832,53
Office Receptionist,Administrative and Support Service Activities,Office administrative and support activities,Higher Education,No,Yes,4226.0,4226,43-4171,0.9380611170416764,43
Oil and Gas Field Technician,Mining and Quarrying,"Extraction of crude petroleum, Extraction of natural gas",Higher Education,No,Yes,3116.0,3116,17-3029,-0.12412771245194032,17
Oil Palm Farmer,"Agriculture, Forestry, and Fishing",Growing of perennial crops,Not Higher Education,No,No,6117.0,6112,45-2091,-1.25411250441255,45
Online Store Executive Assistant,Wholesale and Retail Trade; Repair of Motor Vehicles and Motorcycles,Retail Sale via Mail Order Houses or via Internet,Higher Education,No,Yes,5222.0,5222,41-1011,-0.08129849969600597,41
Operating Theatre Nurse,Human Health and Social Work Activities,Medical and dental practice activities,Higher Education,Yes,No,2221.0,2221,29-1171 ,0.18706776169459535,29
Operations Assistant,Administrative and Support Service Activities,Office administrative and support activities,Higher Education,No,Yes,3343.0,3343,43-6011,0.9869789708672666,43
Operations Support Analyst,"Professional, Scientific and Technical Activities",Management consultancy activities,Higher Education,No,No,2121.0,2120,19-3022,1.4096937817690525,19
Optician,Human Health and Social Work Activities,Other human health activities,Not Higher Education,No,No,2267.0,2267,29-1041,0.4991982078368139,29
Orchestra Violinist,"Arts, Entertainment and Recreation","Creative, arts and entertainment activities",Higher Education,No,No,2652.0,2652,27-2042,-0.13514658589602044,27
Organic Vegetable Farmer,"Agriculture, Forestry, and Fishing",Plant propagation,Not Higher Education,No,No,6130.0,6130,45-2091,-1.25411250441255,45
Organizational Development Specialist (OD),Administrative and Support Service Activities,Other human resources provision,Higher Education,No,No,2423.0,2423,21-1012 ,1.321753213546424,21
Orthopaedic Physical Therapist,Human Health and Social Work Activities,Medical and dental practice activities,Higher Education,Yes,No,2264.0,2264,29-1128,-0.12424117295116499,29
Orthotic Technician,Human Health and Social Work Activities,Medical and dental practice activities,Not Higher Education,No,No,3214.0,3214,51-9082 ,-0.5991104850042395,51
Orthotic/Prosthetic Technician,Human Health and Social Work Activities,Medical and dental practice activities,Higher Education,No,Yes,3214.0,3214,51-9082 ,-0.5991104850042395,51
Packagers,"Agriculture, Forestry, and Fishing",Post-harvest crop activities or packaging food products,Not Higher Education,No,No,9321.0,9321,53-7064,-1.665935431646629,53
Painter,Construction,Building completion and finishing,Not Higher Education,No,No,7131.0,7131,47-2142,-1.8408306399292644,47
Painting Restorer,"Arts, Entertainment and Recreation","Libraries, archives, museums and other cultural activities",Not Higher Education,No,No,2651.0,2651,27-1013,-0.673807460441017,27
Pantry Attendant,Accommodation and Food Service Activities,Short term accommodation activities,Not Higher Education,No,No,9412.0,9412,35-9099 ,-0.7211067382646418,35
Paper Mache Maker,Manufacturing                                                ,Manufacture of paper and paper products,Not Higher Education,No,No,8143.0,8143,51-9196 ,-0.9810092107462448,51
Park and Garden Rangers,Administrative and Support Service Activities,Landscape care and maintenance service activities,Not Higher Education,No,No,6211.0,6210 p,33-9099,-0.02362432238921929,33
Park Sweeper,Accommodation and Food Service Activities,Other accommodation,Not Higher Education,No,No,9613.0,9613,37-3019,-0.6341706741709909,37
Parking Valet,Accommodation and Food Service Activities,Short term accommodation activities,Not Higher Education,No,No,9629.0,9629,53-6021,-0.9420404982909311,53
Passenger Bus Driver,Transportation and Storage,Transport via buses,Not Higher Education,No,No,8331.0,8331,53-4041,-0.7455872433774081,53
Passenger Services Agent,Transportation and Storage,"Passenger air transport, Freight air transport",Higher Education,No,No,4221.0,4221,43-4181,0.12839021508751947,43
Pastoral Support Worker,Human Health and Social Work Activities,"Other social work activities without accommodation, n.e.c.",Higher Education,No,No,3412.0,3412,21-1093,0.7040484605627692,21
Pastry Baker,Accommodation and Food Service Activities,Restaurants and mobile food service activities,Not Higher Education,No,No,7512.0,7512,51-3011,-0.48867104164824,51
Pathology Lab Assistant,Human Health and Social Work Activities,Hospital activities,Higher Education,Yes,No,3212.0,3212,29-2012,-0.48497200740066854,29
Patient Care Assistant,Human Health and Social Work Activities,Other human health activities,Not Higher Education,No,No,5321.0,5321,31-1014 ,-0.5333720364723773,31
Patient Service Associate,Human Health and Social Work Activities,Medical and dental practice activities,Higher Education,No,Yes,4226.0,4226,43-4171,0.9380611170416764,43
Paver Operator,Construction,Construction of roads and railways,Not Higher Education,No,No,7112.0,7112,49-9045,-1.347168577400001,49
Payroll Accountant,Financial and Insurance Activities,"Accounting, bookkeeping and auditing activities; tax consultancy",Higher Education,Yes,No,2411.0,2411,13-2082,1.2928140179594079,13
Payroll Clerk,Administrative and Support Service Activities,Other human resources provision,Higher Education,No,Yes,4312.0,4312,43-9041 ,0.9887666322425293,43
Performance and Rewards Associate,Administrative and Support Service Activities,Other human resources provision,Higher Education,No,Yes,4416.0,4416,43-4161 ,1.2623911599504438,43
Performance Assistant,"Arts, Entertainment and Recreation","Creative, arts and entertainment activities",Higher Education,No,Yes,3314.0,3314,43-9111,1.2270180182376416,43
Performance Specialist,Administrative and Support Service Activities,Other human resources provision,Higher Education,No,No,4416.0,4416,43-4161 ,1.2623911599504438,43
Personal Care Aide,Human Health and Social Work Activities,"Other residential care activities, n.e.c.",Not Higher Education,No,No,5321.0,5321,31-1014 ,-0.5333720364723773,31
Pest Management Assistant,"Agriculture, Forestry, and Fishing",Support activities to agriculture and post-harvest crop activities,Higher Education,No,Yes,3142.0,3142,19-4011,1.2714488780375865,19
Pest-Control Technician,"Agriculture, Forestry, and Fishing",Support activities to agriculture and post-harvest crop activities,Not Higher Education,No,No,3142.0,3142,19-4011,1.2714488780375865,19
Pharmaceutical Laboratory Analyst,Human Health and Social Work Activities,Other human health activities,Higher Education,Yes,No,3213.0,3213,29-2052,-0.1043624926768157,29
Pharmaceutical Machine Operator,Manufacturing                                                ,"Manufacture of pharmaceuticals, medicinal chemical and botanical products",Not Higher Education,No,No,8131.0,8131,51-9195 ,-1.3245302836040018,51
Pharmacy Assistant,Human Health and Social Work Activities,Other human health activities,Not Higher Education,No,No,3213.0,3213,29-2052,-0.1043624926768157,29
Philosophy Academic Content Writer,Education,Other Education,Higher Education,No,No,2641.0,2641,27-3043,0.697709572118294,27
Philosophy and Ethics Instructor,Education,Higher education,Higher Education,No,No,2310.0,2310,25-1199,0.7243196041937822,25
Photo Editing Assistant,Information and Communication,"Motion picture, video and television programme activities",Higher Education,No,Yes,8132.0,8132,51-9151,-0.46479069889043617,51
Photographer,"Arts, Entertainment and Recreation","Libraries, archives, museums and other cultural activities",Not Higher Education,No,No,3431.0,3431,27-4021,-0.2981833494172857,27
Physics Lab Assistant,"Professional, Scientific and Technical Activities",Research and experimental development on natural sciences and engineering,Higher Education,No,Yes,3111.0,3111,19-4099,0.8333873440481492,19
Piano Accompanist,"Arts, Entertainment and Recreation","Creative, arts and entertainment activities",Higher Education,No,No,2652.0,2652,27-2042,-0.13514658589602044,27
Picture Restorer,"Arts, Entertainment and Recreation","Libraries, archives, museums and other cultural activities",Not Higher Education,No,No,2651.0,2651,27-1013,-0.673807460441017,27
Pili Processor,Manufacturing                                                ,Processing and preserving of fruits and vegetables,Not Higher Education,No,No,6117.0,6112,45-2091,-1.25411250441255,45
Pipe Welder (SAW),Construction,Other specialized construction activities,Not Higher Education,No,No,7212.0,7212,51-4122 ,-1.063027898104206,51
Pipefitter,Construction,"Electrical, plumbing and other construction installation activities",Not Higher Education,No,No,7126.0,7126,47-2152,-1.0277870700192584,47
Planetarium Assistant,Education,Educational support services,Higher Education,No,Yes,3119.0,3119,53-6041,0.30196800574182847,53
Plant Maintenance Mechanic,"Electricity, Gas, Steam and Air Conditioning Supply","Electric power generation, transmission and distribution, Manufacture of gas; distribution of gaseous fuels through mains",Not Higher Education,No,No,7233.0,7233,49-9081,-1.1488319558659998,49
Plant Process Operator,Manufacturing                                                ,"Other manufacturing, n.e.c.",Higher Education,No,Yes,3134.0,3134,53-7072,-0.8912379319263684,53
Plant Propagator,"Agriculture, Forestry, and Fishing",Plant propagation,Not Higher Education,No,No,6118.0,6113,45-2091,-1.25411250441255,45
Plant Tissue Culture Laboratory Technician,"Agriculture, Forestry, and Fishing",Plant propagation,Not Higher Education,No,No,3141.0,3141,19-4042,-0.0012369262470081487,19
Plate Welder (FCAW),Construction,Other specialized construction activities,Not Higher Education,No,No,7212.0,7212,51-4122 ,-1.063027898104206,51
Plate Welder (GMAW),Construction,Other specialized construction activities,Not Higher Education,No,No,7212.0,7212,51-4122 ,-1.063027898104206,51
Plumber,Construction,"Electrical, plumbing and other construction installation activities",Not Higher Education,No,No,7126.0,7126,47-2152,-1.0277870700192584,47
Police Officer,Public Administration and Defense; Compulsory Social Security,Public administration and defense; compulsory social security,Higher Education,No,No,5412.0,5412,33-3052,-0.9271860914768438,33
Policy Research Assistant,"Professional, Scientific and Technical Activities",Research and experimental development on social sciences and humanities,Higher Education,No,Yes,2422.0,2422,13-1199,0.437657911612694,13
Policy Support Officer – Islamic Affairs,Public Administration and Defense; Compulsory Social Security,Public Administration and Defense; Compulsory Social Security,Higher Education,No,No,2421.0,2421,13-1111,1.3006800926946551,13
Political Research Assistant,"Professional, Scientific and Technical Activities",Research and experimental development on social sciences and humanities,Higher Education,No,Yes,2633.0,2633,19-3099,1.2714488780375865,19
Political Risk Analyst,"Professional, Scientific and Technical Activities",Research and experimental development on social sciences and humanities,Higher Education,No,No,2633.0,2633,19-3099,1.2714488780375865,19
Pollution Control Officer (Healthcare),Human Health and Social Work Activities,Hospital activities,Higher Education,No,No,2133.0,2133,19-2041 ,1.317259559340737,19
Pollution Control Officer (Manufacturing),Manufacturing                                                ,Manufacture of basic chemicals,Higher Education,No,No,2263.0,2263,29-9011 ,0.10949159858559132,29
Pollution Control Technician,"Water Supply; Sewerage, Waste Management and Remediation     ",Sewerage                                                                    ,Higher Education,No,Yes,2143.0,2143,17-2081,1.3254379616673337,17
Pool Lifeguards,Accommodation and Food Service Activities,Short term accommodation activities,Not Higher Education,No,No,5419.0,5419,43-5031,0.7863025474171983,43
Population Data Scientist,"Professional, Scientific and Technical Activities",Research and experimental development on social sciences and humanities,Higher Education,No,No,2124.0,2120,19-3022,1.4096937817690525,19
Port Operations Assistant,Transportation and Storage,"Sea and coastal water transport, Inland water transport",Higher Education,No,Yes,4321.0,4321,43-5111,-0.28798610046550455,43
Post-Harvest Workers,"Agriculture, Forestry, and Fishing",Post-harvest crop activities,Not Higher Education,No,No,9211.0,9211,45-2099,-1.25411250441255,45
Postproduction Assistant,Information and Communication,"Motion picture, video and television programme activities",Not Higher Education,No,No,2654.0,2654,27-4032 ,0.8385755305279295,27
Poultry Farmer,"Agriculture, Forestry, and Fishing",Animal production,Not Higher Education,No,No,6124.0,6122 p,45-2093,-1.2171340525284933,45
Poultry Processing Specialist,"Agriculture, Forestry, and Fishing",Animal production,Not Higher Education,No,No,3142.0,3142,19-4011,1.2714488780375865,19
Preschool Teacher,Education,Pre-primary education,Higher Education,Yes,No,2342.0,2342,25-2012,0.26641666982320217,25
Preschool Teaching Aide,Education,Pre-primary education,Higher Education,No,Yes,5312.0,5312,25-9041 ,0.7243196041937822,25
Press Worker,Manufacturing                                                ,Printing and service activities related to printing,Not Higher Education,No,No,7322.0,7322,51-5112,-0.8811393078265563,51
Presser (Hand or Machine),Accommodation and Food Service Activities,Short term accommodation activities,Not Higher Education,No,No,8157.0,8157,51-6011,-1.1627079515705543,51
Process Chemistry Technician,"Professional, Scientific and Technical Activities",Research and experimental development on natural sciences and engineering,Higher Education,Yes,No,3133.0,3133,51-8091,-0.48651922573059664,51
Process Design Engineer (Licensed),Manufacturing                                                ,Manufacture of general purpose machinery,Higher Education,Yes,No,2145.0,2145,17-2041,1.2934314527896151,17
Process Improvement Analyst,Manufacturing                                                ,"Other manufacturing, n.e.c.",Higher Education,No,No,2519.0,2519,15-1299,1.388784111523391,15
Process Inspector,Manufacturing                                                ,Manufacture of general purpose machinery,Not Higher Education,No,No,7543.0,7543,51-9061 ,-0.4452566633435789,51
Process Instrumentation Technician,Manufacturing                                                ,"Manufacture of measuring, testing, navigating and control equipment; watches and clocks",Higher Education,No,Yes,2152.0,2152,17-2072 ,0.701947303775666,17
Processing Staff/Worker,"Agriculture, Forestry, and Fishing",Post-harvest crop activities,Not Higher Education,No,No,8160.0,8160,51-9193,-1.0681009385814242,51
Procurement Associate,Real Estate Activities,Real Estate Activities on a Fee or Contract Basis,Higher Education,Yes,No,3323.0,3323,13-1023,1.4064352471964678,13
Procurement Staff (Construction),Construction,Construction of buildings,Higher Education,Yes,No,3323.0,3323,13-1023,1.4064352471964678,13
Product Development Assistant,"Professional, Scientific and Technical Activities","Other professional, scientific and technical activities, n.e.c.",Higher Education,No,Yes,3111.0,3111,19-4099,0.8333873440481492,19
Product Development Technician,Manufacturing                                                ,Manufacture of other food products,Higher Education,Yes,No,,,17-2199,0.42635454248385546,17
Product Quality Inspector,Manufacturing                                                ,"Other manufacturing, n.e.c.",Higher Education,No,No,7543.0,7543,51-9061 ,-0.4452566633435789,51
Production Machine Operator,Manufacturing                                                ,Manufacture of general purpose machinery,Not Higher Education,No,No,8219.0,8219,51-2099,-0.9310742592864005,51
Production Plant Assistant,Manufacturing                                                ,"Other manufacturing, n.e.c.",Higher Education,No,Yes,7412.0,7412,49-9097,-0.9488584890529719,49
Production Scheduling Analyst,Manufacturing                                                ,"Other manufacturing, n.e.c.",Higher Education,No,No,2141.0,2141,17-2112,0.45342778924357,17
Professional Driver,Transportation and Storage,Other land transport,Not Higher Education,No,No,8322.0,8322 p,53-3053,-0.662541928995153,53
Professional Photographer,"Arts, Entertainment and Recreation","Creative, arts and entertainment activities",Not Higher Education,No,No,3431.0,3431,27-4021,-0.2981833494172857,27
Program Development Officer,"Professional, Scientific and Technical Activities",Research and experimental development on social sciences and humanities,Higher Education,No,No,2424.0,2424,13-1151 ,1.125301054038325,13
Program Evaluation Specialist,Public Administration and Defense; Compulsory Social Security,Public Administration,Higher Education,No,No,2512.0,2512,15-1133,1.388784111523391,15
Program Production Assistant,Information and Communication,Programming and Broadcasting Activities,Higher Education,No,Yes,3512.0,3512,15-1151 ,1.388784111523391,15
Program Support Officer – Faith Initiatives,Public Administration and Defense; Compulsory Social Security,Public Administration and Defense; Compulsory Social Security,Higher Education,No,No,3412.0,3412,21-1093,0.7040484605627692,21
Program Support Staff,Public Administration and Defense; Compulsory Social Security,Administration of the State and the economic and social policy of the community,Higher Education,No,No,5311.0,5311,39-9011,-0.620764093503558,39
Programmable Logic Controller - Electrical (Manufacturing),Manufacturing                                                ,Manufacture of other electrical equipment,Higher Education,No,No,3113.0,3113,17-3024,-0.3880986218292488,17
Programmable Logic Controller - Programming (Manufacturing),Manufacturing                                                ,Manufacture of computers and peripheral equipment and accessories,Higher Education,No,No,3512.0,3512,15-1151 ,1.388784111523391,15
Programmable Logic Controller Specialist / Technician (Manufacturing),Manufacturing                                                ,Manufacture of other electrical equipment,Higher Education,No,Yes,3114.0,3114,17-3023,0.14718462276569041,17
Programmer (Manufacturing),Manufacturing                                                ,Manufacture of computers and peripheral equipment and accessories,Higher Education,No,No,2512.0,2512,15-1133,1.388784111523391,15
Project Assistant (Cooperatives),Administrative and Support Service Activities,"Business support service activities, n.e.c.",Higher Education,No,Yes,3343.0,3343,43-6011,0.9869789708672666,43
Project Supervisors,Construction,Construction of buildings,Higher Education,Yes,No,3123.0,3123,47-1011,-0.47242694808653135,47
Project Support Officer,"Professional, Scientific and Technical Activities",Research and experimental development on social sciences and humanities,Higher Education,No,No,2421.0,2421,13-1111,1.3006800926946551,13
Project Support Officer (Community),Public Administration and Defense; Compulsory Social Security,Other Executive Offices,Higher Education,No,No,3412.0,3412,21-1093,0.7040484605627692,21
Prosthetic Technician,Human Health and Social Work Activities,Medical and dental practice activities,Not Higher Education,No,No,3214.0,3214,51-9082 ,-0.5991104850042395,51
Protocol Officer,Public Administration and Defense; Compulsory Social Security,Foreign affairs,Higher Education,No,No,5414.0,5414,33-9093 ,-0.6111767983055003,33
Public Administration Aide,Public Administration and Defense; Compulsory Social Security,Public Administration and Other Executive Offices,Higher Education,No,Yes,3343.0,3343,43-6011,0.9869789708672666,43
Public Attendant / Public Area Cleaner,Administrative and Support Service Activities,Cleaning activities,Not Higher Education,No,No,9613.0,9613,37-3019,-0.6341706741709909,37
Public Health Research Assistant,"Professional, Scientific and Technical Activities","Other professional, scientific and technical activities, n.e.c.",Higher Education,No,Yes,3256.0,3256,31-9092,0.04654632180638959,31
Public Policy Officer,Public Administration and Defense; Compulsory Social Security,Public Administration and Other Executive Offices,Higher Education,No,No,2422.0,2422,13-1199,0.437657911612694,13
Publishing Coordinator,Information and Communication,"Publishing of books, periodicals and other publishing activities",Higher Education,No,Yes,2166.0,2166,27-1024,0.6558359528610636,27
Purchasing and Supply Logistics Clerks (Transportation and Storage),Transportation and Storage,Support activities for transportation,Higher Education,No,No,4322.0,4322,43-5061 ,0.754947524675795,43
Purchasing Officer (Tourism),Accommodation and Food Service Activities,Short term accommodation activities,Higher Education,No,No,3323.0,3323,13-1023,1.4064352471964678,13
PV System Designer,Construction,"Electrical, plumbing and other construction installation activities",Not Higher Education,No,No,2151.0,2151,17-2071,0.9969931335605551,17
PV Systems Installation Technician,Construction,"Electrical, plumbing and other construction installation activities",Not Higher Education,No,No,3113.0,3113,17-3024,-0.3880986218292488,17
Pyrotechnician,"Arts, Entertainment and Recreation",Other amusement and recreation activities,Not Higher Education,No,No,7542.0,7542,47-5032,-0.879302996229517,47
QA/QA Test Engineer Associate,Information and Communication,"Computer programming, consultancy and related activities",Higher Education,No,No,2512.0,2512,15-1133,1.388784111523391,15
Quality Auditor,Administrative and Support Service Activities,"Business support service activities, n.e.c.",Higher Education,No,No,3119.0,3119,53-6041,0.30196800574182847,53
Quality Control Chemist,Manufacturing                                                ,Manufacture of basic chemicals,Higher Education,Yes,No,2113.0,2113,19-2032,1.1289816613328132,19
Quality Control Supervisors / Engineers (Construction),Construction,Construction of buildings,Higher Education,Yes,No,3119.0,3119,53-6041,0.30196800574182847,53
Quality Controller,"Agriculture, Forestry, and Fishing",Post-harvest crop activities,Higher Education,No,No,3119.0,3119,53-6041,0.30196800574182847,53
Quality Improvement Analyst,Manufacturing                                                ,"Other manufacturing, n.e.c.",Higher Education,No,No,2519.0,2519,15-1299,1.388784111523391,15
Quantity Surveyors (Construction),Construction,Demolition and site preparation,Not Higher Education,No,No,2149.0,2149,17-2199,0.42635454248385546,17
R&D Chef,Accommodation and Food Service Activities,Restaurants and mobile food service activities,Higher Education,No,No,4416.0,4416,43-4161 ,1.2623911599504438,43
R&D Food Specialist,Manufacturing                                                ,Manufacture of other food products,Higher Education,Yes,No,,,19-1012,0.6068463146592316,19
Radiation Therapist,Human Health and Social Work Activities,Medical and dental practice activities,Higher Education,Yes,No,3211.0,3211,29-2035 ,-0.20865565249295095,29
Radiation Therapy Assistant,Human Health and Social Work Activities,Other human health activities,Higher Education,No,Yes,3211.0,3211,29-2035 ,-0.20865565249295095,29
Radio Producer Assistant,Information and Communication,Radio broadcasting,Higher Education,No,Yes,2642.0,2642,27-3041 ,1.0358423916827189,27
Radiological Health Assistant,Human Health and Social Work Activities,Other human health activities,Higher Education,No,Yes,5329.0,5329,31-9099,-0.6063787257456854,31
Real Estate Assistant,Real Estate Activities,Real Estate Activities with Own or Leased Property,Higher Education,No,Yes,3334.0,3334,41-9022,0.7706851547579093,41
Real Estate Salesperson,Real Estate Activities,Real estate activities on a fee or contract basis,Not Higher Education,No,No,3334.0,3334,41-9022,0.7706851547579093,41
Records Officer (Criminal Justice),Public Administration and Defense; Compulsory Social Security,Public administration and defense; compulsory social security,Higher Education,No,No,4110.0,4110,43-9061 ,0.8956086195344649,43
Recreation Worker,Human Health and Social Work Activities,Other human health activities,Higher Education,No,No,3253.0,3253,21-1094 ,-0.0632242294411926,21
Recreational Activities Attendant,"Arts, Entertainment and Recreation",Sports activities,Higher Education,No,Yes,5113.0,5113,39-7012,0.37645664910699317,39
Recruitment Associate,Administrative and Support Service Activities,Other human resources provision,Higher Education,No,Yes,2423.0,2423,21-1012 ,1.321753213546424,21
Registered Forester,"Agriculture, Forestry, and Fishing",Silviculture and other forestry activities,Higher Education,Yes,No,3143.0,3143,19-4071,-0.7727476275783224,19
Registered Naval Architect,Manufacturing                                                ,Building of ships and boats,Higher Education,Yes,No,2149.0,2149,17-2199,0.42635454248385546,17
Registered Nurse,Human Health and Social Work Activities,Hospital activities,Higher Education,Yes,No,2221.0,2221,29-1171 ,0.18706776169459535,29
Registered Radiologic Technologist,Human Health and Social Work Activities,Medical and dental practice activities,Higher Education,Yes,No,3211.0,3211,29-2035 ,-0.20865565249295095,29
Religious Education Teacher,Education,Other education services,Higher Education,Yes,No,2330.0,2330,25-2031,1.1170470851261018,25
Religious Outreach Worker,Human Health and Social Work Activities,"Other social work activities without accommodation, n.e.c.",Higher Education,No,No,3413.0,3413,21-2099,0.7040484605627692,21
Religious Research Assistant,"Professional, Scientific and Technical Activities",Research and experimental development on social sciences and humanities,Higher Education,No,Yes,2310.0,2310,25-1199,0.7243196041937822,25
Religious Studies Teacher,Education,Other education services,Higher Education,Yes,No,2636.0,2636,21-2021 ,1.140300357801912,21
Research and Development Officer (Agriculture),"Agriculture, Forestry, and Fishing",Support activities to agriculture and post-harvest crop activities,Higher Education,Yes,No,2132.0,2132,25-9021,0.7243196041937822,25
Research Assistant (Physical Sciences),"Professional, Scientific and Technical Activities",Research and experimental development on natural sciences and engineering,Higher Education,No,Yes,2143.0,2143,17-2081,1.3254379616673337,17
Research Associate – Public Affairs,"Professional, Scientific and Technical Activities","Other professional, scientific and technical activities, n.e.c.",Higher Education,No,Yes,2432.0,2432,27-3031 ,1.1520491300591627,27
Research Clerk (Transportation and Storage),Transportation and Storage,Support activities for transportation,Higher Education,No,Yes,4227.0,4227,43-4111 ,1.1873154955236864,43
Reservations Clerk,Accommodation and Food Service Activities,Short term accommodation activities,Higher Education,No,Yes,4225.0,4225,43-4171,0.9380611170416764,43
Resort Marketing and Events Officer,Accommodation and Food Service Activities,Short term accommodation activities,Higher Education,No,No,2431.0,2431,27-3043 ,0.697709572118294,27
Respiratory Therapy Assistant,Human Health and Social Work Activities,Medical and dental practice activities,Higher Education,No,Yes,3256.0,3256,31-9092,0.04654632180638959,31
Respite Services Home Care Coordinator,Human Health and Social Work Activities,Other human health activities,Higher Education,No,Yes,2269.0,2269,29-9092 ,1.438219081204524,29
Restaurant Crew,Accommodation and Food Service Activities,Restaurants and mobile food service activities,Not Higher Education,No,No,5131.0,5131,35-3041 ,-0.8717900205685837,35
Rewards Specialist,Administrative and Support Service Activities,Other human resources provision,Higher Education,No,No,2351.0,2351,25-9031,1.2641879840632628,25
RF Systems Engineer,Manufacturing                                                ,Manufacture of communication equipment,Higher Education,Yes,No,2153.0,2153,17-2072,0.701947303775666,17
Rice Farmer,"Agriculture, Forestry, and Fishing",Growing of non-perennial crops,Not Higher Education,No,No,6111.0,6111,45-2091,-1.25411250441255,45
Rice Land Preparation Machinery Operator (Hand Tractor),"Agriculture, Forestry, and Fishing",Support activities to agriculture and post-harvest crop activities,Not Higher Education,No,No,8341.0,8341,45-4022,-1.1116096362751187,45
Rice Production Assistant,"Agriculture, Forestry, and Fishing",Growing of non-perennial crops,Higher Education,No,Yes,3142.0,3142,19-4011,1.2714488780375865,19
Ride Operator,"Arts, Entertainment and Recreation",Other amusement and recreation activities,Not Higher Education,No,No,7413.0,7413,49-9051,-1.3437172814565186,49
Rigger,Construction,Demolition and site preparation,Not Higher Education,No,No,7215.0,7215,49-9096,-1.3253889750427845,49
Rigid On-Highway Dump Truck Operator,Construction,Demolition and site preparation,Not Higher Education,No,No,8332.0,8332,53-3032,-1.2009419361981832,53
Risk Analyst,Administrative and Support Service Activities,"Business support service activities, n.e.c.",Higher Education,No,No,2413.0,2413,13-2061,1.4308908224253862,13
Risk Management Assistant,Financial and Insurance Activities,"Activities auxiliary to financial service, except insurance and pension funding",Higher Education,No,Yes,3321.0,3321,41-3021,1.2505173651830495,41
Road Roller [Compactor] Operator,Construction,Demolition and site preparation,Not Higher Education,No,No,8342.0,8342,47-5022,-1.2533360568016358,47
Rolling Stock Technician,Transportation and Storage,Support activities for transportation,Not Higher Education,No,No,7231.0,7231,49-3093,-1.6626591703110543,49
Room Attendant,Accommodation and Food Service Activities,Short term accommodation activities,Higher Education,No,Yes,5321.0,5321,31-1014 ,-0.5333720364723773,31
Rough And Finishing Carpenter,Construction,Construction of buildings,Not Higher Education,No,No,7115.0,7115,47-2031,-1.2767608436154931,47
Rough Mason,Construction,Construction of buildings,Not Higher Education,No,No,7113.0,7113,47-4091 ,-1.0905341706192582,47
Route Planner,Transportation and Storage,Support activities for transportation,Higher Education,No,Yes,4323.0,4323,43-5032,1.096197891448219,43
Rural Development Assistant,"Agriculture, Forestry, and Fishing",Support activities to agriculture and post-harvest crop activities,Higher Education,No,Yes,3412.0,3412,21-1093,0.7040484605627692,21
Rural Health Field Researcher,Human Health and Social Work Activities,Other human health activities,Higher Education,No,No,3253.0,3253,21-1094 ,-0.0632242294411926,21
Safety Officer (Healthcare),Human Health and Social Work Activities,Hospital activities,Higher Education,No,No,3257.0,3257,53-6051,-0.6654977504716957,53
Safety Officer (Hotel),Accommodation and Food Service Activities,Short term accommodation activities,Higher Education,No,No,3257.0,3257,53-6051,-0.6654977504716957,53
Sailing Coach,Other Service Activities,"Personal services for wellness, except sports activities",Not Higher Education,No,No,3423.0,3423,39-9031,-2.1445563057878494,39
Sales Assistant (High School),Wholesale and Retail Trade; Repair of Motor Vehicles and Motorcycles,Retail sale in non-specialized stores,Not Higher Education,No,No,5223.0,5223,41-2031,-0.012635725361676425,41
Sales Associate,Wholesale and Retail Trade; Repair of Motor Vehicles and Motorcycles,Retail sale in non-specialized and specialized stores,Higher Education,No,Yes,4120.0,4120,43-6014,1.0064736472881555,43
Salt Contractor,Manufacturing                                                ,Manufacture of other food products,Not Higher Education,No,No,6340.0,6340,45-3031,-1.4690113547007615,45
Sandblasting Crew,Construction,Construction of utility projects,Not Higher Education,No,No,9313.0,9313,47-3019,-1.2533360568016358,47
Sanitary Engineer,Manufacturing                                                ,Manufacture of medical and dental instruments and supplies,Higher Education,No,No,2143.0,2143,17-2081,1.3254379616673337,17
Sanitary Landfill Facility (SLF) Spotter,"Water Supply; Sewerage, Waste Management and Remediation     ",Waste treatment and disposal,Not Higher Education,No,No,9312.0,9312,47-4061,-1.5099196207251084,47
Sanitation and Disinfection Officer (Healthcare),Human Health and Social Work Activities,Hospital activities,Higher Education,Yes,No,3257.0,3257,53-6051,-0.6654977504716957,53
Sanitation Inspector,Human Health and Social Work Activities,Human health activities,Higher Education,No,No,3257.0,3257,53-6051,-0.6654977504716957,53
SCADA Systems Operator,Manufacturing                                                ,"Manufacture of measuring, testing, navigating and control equipment; watches and clocks",Not Higher Education,No,No,3139.0,3139,51-9162,-0.15282946864189792,51
Scaffolder,Construction,Construction of buildings,Not Higher Education,No,No,7119.0,7119,49-9095,-1.525052391008409,49
Science Content Associate,"Professional, Scientific and Technical Activities","Other professional, scientific and technical activities, n.e.c.",Higher Education,No,Yes,2432.0,2432,27-3031 ,1.1520491300591627,27
Science Laboratory Assistant,"Professional, Scientific and Technical Activities",Research and experimental development on natural sciences and engineering,Higher Education,No,Yes,3212.0,3212,29-2012,-0.48497200740066854,29
Science Subject Teacher,Education,"Primary/elementary education, Secondary/high school education",Higher Education,Yes,No,2330.0,2330,25-2031,1.1170470851261018,25
Screed Operator (Heavy Equipment),Construction,Demolition and site preparation,Not Higher Education,No,No,8342.0,8342,47-5022,-1.2533360568016358,47
Scriptwriter,"Arts, Entertainment and Recreation","Creative, Arts and Entertainment Activities",Higher Education,No,No,2641.0,2641,27-3043,0.697709572118294,27
Sculptor Apprentice,"Arts, Entertainment and Recreation","Creative, arts and entertainment activities",Higher Education,No,No,2651.0,2651,27-1013,-0.673807460441017,27
Sea Patrol (Bantay Dagat),Public Administration and Defense; Compulsory Social Security,Public Administration and Defense; Compulsory Social Security,Not Higher Education,No,No,5414.0,5414,33-9093 ,-0.6111767983055003,33
Seafarers,Transportation and Storage,Sea and coastal water transport,Higher Education,No,No,3152.0,3152,53-5021,-0.8093223179968441,53
Seamer Operator,Manufacturing                                                ,Manufacture of parts and accessories for motor vehicles,Not Higher Education,No,No,8183.0,8183,51-9111,-1.0863355180287686,51
Seaweed Nursery Operator,"Agriculture, Forestry, and Fishing",Aquaculture,Not Higher Education,No,No,6222.0,6221 p,45-2092,-2.2023735538992737,45
Seaweed Processor,Manufacturing                                                ,"Processing and preserving of fish, crustaceans and mollusks",Not Higher Education,No,No,6222.0,6221 p,51-9199,-0.9310742592864005,51
Security Analyst Associate,Administrative and Support Service Activities,"Business support service activities, n.e.c.",Higher Education,No,Yes,2529.0,2529,15-1299,1.388784111523391,15
Security Guard,Administrative and Support Service Activities,Private security activities,Not Higher Education,No,No,5414.0,5414,33-9093 ,-0.6111767983055003,33
Security Operations Center (SOC) Analyst,Information and Communication,"Data processing, hosting and related activities; web portals",Not Higher Education,No,No,2529.0,2529,15-1299,1.388784111523391,15
Security Operations Staff,Administrative and Support Service Activities,Private security activities,Higher Education,No,No,5414.0,5414,33-9093 ,-0.6111767983055003,33
Semiconductor Machine Technician,Manufacturing                                                ,Manufacture of electronic components,Not Higher Education,No,No,3114.0,3114,17-3023,0.14718462276569041,17
Semiconductor Operator,Manufacturing                                                ,Manufacture of electronic components,Not Higher Education,No,No,,,51-9161,-0.7604848548728056,51
Semiconductor Production Operator,Manufacturing                                                ,Manufacture of electronic components,Not Higher Education,No,No,8189.0,8189,53-7011,-0.8615378559687488,53
Seminary Support Staff,Human Health and Social Work Activities,"Other social work activities without accommodation, n.e.c.",Higher Education,No,No,4111.0,,21-2099,0.7040484605627692,21
Senior Caregiver,Human Health and Social Work Activities,Residential care activities for the elderly and disabled,Not Higher Education,No,No,5321.0,5321,31-1014 ,-0.5333720364723773,31
Service Vehicle Drivers,Construction,Construction of buildings,Higher Education,No,No,8322.0,8322 p,53-3053,-0.662541928995153,53
Session Guitarist,"Arts, Entertainment and Recreation","Creative, arts and entertainment activities",Higher Education,No,No,2652.0,2652,27-2042,-0.13514658589602044,27
Shipper and Receiver,Transportation and Storage,Postal activities,Higher Education,No,No,4323.0,4323,43-5032,1.096197891448219,43
Shoe Cutter,Manufacturing                                                ,Manufacture of footwear,Not Higher Education,No,No,7536.0,7536,51-6041,-0.9817178812461512,51
Sign Language Teaching Aide,Education,Other Education,Higher Education,No,Yes,2643.0,2643,27-3091,0.9909846410343951,27
Site Accounting Assistant (Construction),Construction,Construction of buildings,Higher Education,No,Yes,4311.0,4311,43-3031,0.9469281462772959,43
Site Engineering Assistant (Licensed Civil Engineer),Construction,"Construction of buildings, Construction of roads and railways, Construction of utility projects, Construction of other civil engineering projects",Higher Education,Yes,No,2142.0,2142,17-2051 ,1.2938017753796889,17
Site HR Officers,Construction,Construction of utility projects,Not Higher Education,No,No,4416.0,4416,43-4161 ,1.2623911599504438,43
Site Monitoring Specialist,"Professional, Scientific and Technical Activities","Other professional, scientific and technical activities, n.e.c.",Higher Education,No,No,3514.0,3514,15-1244,0.694726535544861,15
Skid Loader Operators,Construction,Construction of utility projects,Not Higher Education,No,No,8342.0,8342,47-5022,-1.2533360568016358,47
Slitter,Manufacturing                                                ,Manufacture of other fabricated metal products; metal working service activities,Not Higher Education,No,No,7315.0,7315,51-9195,-1.3245302836040018,51
Social Enterprise Assistant,Administrative and Support Service Activities,"Business support service activities, n.e.c.",Higher Education,No,Yes,3412.0,3412,21-1093,0.7040484605627692,21
Social Listening Research Assistant,"Professional, Scientific and Technical Activities",Advertising,Higher Education,No,Yes,2642.0,2642,27-3041 ,1.0358423916827189,27
Social Media Content Creator,Information and Communication,"Motion picture, video and television programme activities",Not Higher Education,No,No,2431.0,2431,27-3043 ,0.697709572118294,27
Social Media Manager,"Professional, Scientific and Technical Activities",Advertising,Higher Education,No,No,2432.0,2432,27-3031 ,1.1520491300591627,27
Social Policy Analyst,"Professional, Scientific and Technical Activities",Research and experimental development on social sciences and humanities,Higher Education,No,No,2422.0,2422,13-1199,0.437657911612694,13
Social Welfare Assistant (Healthcare),Human Health and Social Work Activities,Social work activities without accommodation for the elderly and disabled,Higher Education,Yes,No,3412.0,3412,21-1093,0.7040484605627692,21
Social Work Associate,Human Health and Social Work Activities,"Other social work activities without accommodation, n.e.c.",Higher Education,Yes,No,2635.0,2635,21-1099,0.7040484605627692,21
Software Quality Assurance Assistant,Information and Communication,"Computer programming, consultancy and related activities",Higher Education,No,Yes,2519.0,2519,15-1299,1.388784111523391,15
Soil And Nutrient Technologist,"Agriculture, Forestry, and Fishing",Plant propagation,Not Higher Education,No,No,2132.0,2132,25-9021,0.7243196041937822,25
Soil and Plant Lab Technician,"Professional, Scientific and Technical Activities","Other professional, scientific and technical activities, n.e.c.",Higher Education,No,Yes,3142.0,3142,19-4011,1.2714488780375865,19
Soil and Plant Scientists,"Professional, Scientific and Technical Activities",Research and experimental development on natural sciences and engineering,Higher Education,No,No,2132.0,2132,25-9021,0.7243196041937822,25
Solar Night Light And Post Lamp Assembler,Manufacturing                                                ,Manufacture of electric lighting equipment,Not Higher Education,No,No,8212.0,8212,51-9194,-0.7447411756253555,51
Sonar Fishing Operator,"Agriculture, Forestry, and Fishing",Fishing,Not Higher Education,No,No,6222.0,6221 p,45-3031,-1.4690113547007615,45
Sonar Technician,Transportation and Storage,Support activities for transportation,Not Higher Education,No,No,3521.0,3521,27-4099 ,0.6558359528610636,27
Sound Technician,Information and Communication,Sound recording and music publishing activities,Higher Education,No,Yes,3521.0,3521,27-4099 ,0.6558359528610636,27
Specialized Carpenter,Construction,Construction of buildings,Not Higher Education,No,No,7115.0,7115,47-2031,-1.2767608436154931,47
SPED Teacher,Education,Other education services,Higher Education,Yes,No,2352.0,2352,25-2059 ,-0.704589113773993,25
SPED Teacher (Primary),Education,Pre-primary education,Higher Education,Yes,No,2352.0,2352,25-2059 ,-0.704589113773993,25
SPED Teacher (Secondary),Education,Secondary/high school education,Higher Education,Yes,No,2352.0,2352,25-2059 ,-0.704589113773993,25
Speech Therapy Aide,Human Health and Social Work Activities,Medical and dental practice activities,Higher Education,Yes,No,2266.0,2266,29-1181,0.6225181228992671,29
Speed Limitation Device Installer,Transportation and Storage,Support activities for transportation,Not Higher Education,No,No,7422.0,7422,49-9052,-1.1924358138797408,49
Sports Coach,Education,Other education services,Higher Education,Yes,No,3422.0,3422 p,27-2022,0.017096591424860003,27
Sports Events Assistant,"Arts, Entertainment and Recreation",Sports activities,Higher Education,No,Yes,3332.0,3332,13-1121,0.2761211053711379,13
Sports Program Assistant,"Arts, Entertainment and Recreation",Sports activities,Higher Education,No,Yes,3422.0,3422 p,39-9031,-2.1445563057878494,39
Spotters,Construction,Other specialized construction activities,Not Higher Education,No,No,9313.0,9313,47-3019,-1.2533360568016358,47
Stage Performer,"Arts, Entertainment and Recreation","Creative, arts and entertainment activities",Higher Education,No,No,2655.0,2655,27-2011,0.059566552201174086,27
Stamping Machine Operators,Construction,Construction of buildings,Higher Education,Yes,No,7223.0,7223,51-4199,-0.9310742592864005,51
Startup Operations Assistant,"Professional, Scientific and Technical Activities","Other professional, scientific and technical activities, n.e.c.",Higher Education,No,Yes,2423.0,2423,21-1012 ,1.321753213546424,21
Startup Program Intern,Administrative and Support Service Activities,"Business support service activities, n.e.c.",Higher Education,No,No,2423.0,2423,21-1012 ,1.321753213546424,21
Statistical Assistant,Financial and Insurance Activities,"Activities auxiliary to financial service, except insurance and pension funding",Higher Education,No,Yes,3314.0,3314,43-9111,1.2270180182376416,43
Steelman,Construction,Construction of buildings,Not Higher Education,No,No,7214.0,7214,51-2041,-1.2419743399059056,51
Store Display Assistant,Wholesale and Retail Trade; Repair of Motor Vehicles and Motorcycles,Retail sale of cultural and recreation goods in specialized stores,Higher Education,No,Yes,5242.0,5242,41-9011 ,0.02386735833034993,41
Store Keeper,Wholesale and Retail Trade; Repair of Motor Vehicles and Motorcycles,Retail sale in non-specialized stores,Not Higher Education,No,No,5221.0,5221,11-1021,0.9423290772346642,11
Store Supervisor Trainee,Wholesale and Retail Trade; Repair of Motor Vehicles and Motorcycles,Retail sale in non-specialized and specialized stores,Higher Education,No,No,5222.0,5222,41-1011,-0.08129849969600597,41
Storyboard Assistant,"Arts, Entertainment and Recreation","Creative, arts and entertainment activities",Higher Education,No,Yes,2654.0,2654,27-4032 ,0.8385755305279295,27
Strategic Communications Officer,"Professional, Scientific and Technical Activities",Advertising,Higher Education,No,No,2432.0,2432,27-3031 ,1.1520491300591627,27
Strategic Communications Specialist,"Professional, Scientific and Technical Activities",Advertising,Higher Education,No,No,2513.0,2513,15-1134 ,1.388784111523391,15
Structural Design Technician,"Professional, Scientific and Technical Activities",Architectural and engineering activities and related technical consultancy,Higher Education,Yes,No,2142.0,2142,17-2051 ,1.2938017753796889,17
Structural Steel Erector,Construction,Construction of buildings,Not Higher Education,No,No,7214.0,7214,51-2041,-1.2419743399059056,51
Sugarcane Field Technician,"Agriculture, Forestry, and Fishing",Growing of non-perennial crops,Higher Education,No,Yes,3142.0,3142,19-4011,1.2714488780375865,19
Sugarcane Planter,"Agriculture, Forestry, and Fishing",Growing of perennial crops,Not Higher Education,No,No,8160.0,8160,51-9193,-1.0681009385814242,51
Supply Chain Officer (Healthcare),Human Health and Social Work Activities,Hospital activities,Higher Education,No,No,4321.0,4321,43-5111,-0.28798610046550455,43
Supply Chain Specialist,Transportation and Storage,Support activities for transportation,Not Higher Education,No,No,3333.0,3333,13-1074 ,-0.5392060186863261,13
Surf Instructor,Other Service Activities,"Personal services for wellness, except sports activities",Not Higher Education,No,No,3423.0,3423,39-9031,-2.1445563057878494,39
Surveillance Officer (CCTV Operation),Administrative and Support Service Activities,Security systems service activities,Higher Education,No,No,3521.0,3521,27-4099 ,0.6558359528610636,27
Surveying Technician,"Professional, Scientific and Technical Activities",Architectural and engineering activities and related technical consultancy,Higher Education,Yes,No,3112.0,3112,47-4011,-0.09497722576570897,47
Sustainability Assistant,"Professional, Scientific and Technical Activities","Other professional, scientific and technical activities, n.e.c.",Higher Education,No,Yes,2133.0,2133,19-2041 ,1.317259559340737,19
Swine Artificial Insemination Technician,"Agriculture, Forestry, and Fishing",Animal production,Not Higher Education,No,No,3240.0,3240,31-9096,-0.9234261541013596,31
Swine Raiser/Farmer,"Agriculture, Forestry, and Fishing",Animal production,Not Higher Education,No,No,6127.0,612 p,45-2093,-1.2171340525284933,45
System Formworks Installer,Construction,"Electrical, plumbing and other construction installation activities",Not Higher Education,No,No,7114.0,7114,47-4091,-1.0905341706192582,47
Systems Accountant,Financial and Insurance Activities,"Accounting, bookkeeping and auditing activities; tax consultancy",Higher Education,Yes,No,2411.0,2411,13-2082,1.2928140179594079,13
Tailor,Manufacturing                                                ,Custom tailoring and dressmaking,Not Higher Education,No,No,7531.0,7531,51-6052,-0.6481493237110207,51
Talent Acquisition and Development Officer (Healthcare),Human Health and Social Work Activities,"Other social work activities without accommodation, n.e.c.",Higher Education,No,No,2424.0,2424,13-1151 ,1.125301054038325,13
Talent Acquisition Associate,Administrative and Support Service Activities,Other human resources provision,Higher Education,No,Yes,2422.0,2422,13-1199,0.437657911612694,13
Talent Attraction and Management Associate,Administrative and Support Service Activities,Other human resources provision,Higher Education,No,Yes,2423.0,2423,21-1012 ,1.321753213546424,21
Talent Management Specialist,Administrative and Support Service Activities,Other human resources provision,Higher Education,No,No,2423.0,2423,21-1012 ,1.321753213546424,21
Tappers,"Agriculture, Forestry, and Fishing",Support activities to agriculture and post-harvest crop activities,Not Higher Education,No,No,6117.0,6112,45-2091,-1.25411250441255,45
Taro Processor,Manufacturing                                                ,Processing and preserving of fruits and vegetables,Not Higher Education,No,No,8160.0,8160,51-9193,-1.0681009385814242,51
Tax Accountant,Financial and Insurance Activities,"Accounting, bookkeeping and auditing activities; tax consultancy",Higher Education,Yes,No,2411.0,2411,13-2082,1.2928140179594079,13
Taxi Drivers,Transportation and Storage,Other land transport,Not Higher Education,No,No,8322.0,8322 p,53-3054,-0.8093223179968441,53
Technical Communicator,"Professional, Scientific and Technical Activities","Other professional, scientific and technical activities, n.e.c.",Higher Education,No,No,2641.0,2641,27-3043,0.697709572118294,27
Technical Project Assistant,Information and Communication,"Computer programming, consultancy and related activities",Higher Education,No,Yes,3512.0,3512,15-1151 ,1.388784111523391,15
Technical Support Specialist,Information and Communication,"Computer programming, consultancy and related activities",Higher Education,No,No,3511.0,3511,15-1299,1.388784111523391,15
Technology Operations Assistant,Information and Communication,"Computer Programming, Consultancy and Related Activities",Higher Education,No,Yes,3512.0,3512,15-1151 ,1.388784111523391,15
Telecommunications Engineer,Information and Communication,Wired telecommunications activities,Higher Education,No,No,2153.0,2153,17-2072,0.701947303775666,17
Telediagnostic Technician,Human Health and Social Work Activities,"Other social work activities without accommodation, n.e.c.",Not Higher Education,No,No,3211.0,3211,29-2035 ,-0.20865565249295095,29
Telephone And Broadband Technician,Information and Communication,Wired telecommunications activities,Not Higher Education,No,No,3522.0,3522,17-3023,0.14718462276569041,17
Television Producer Assistant,Information and Communication,Programming and Broadcasting Activities,Higher Education,No,Yes,2642.0,2642,27-3041 ,1.0358423916827189,27
Tender Planning & Estimating Staff (Construction),Construction,Construction of buildings,Not Higher Education,No,No,2423.0,2423,21-1012 ,1.321753213546424,21
Terminologist,"Professional, Scientific and Technical Activities",Research and experimental development on social sciences and humanities,Higher Education,No,No,2643.0,2643,27-3091,0.9909846410343951,27
Ticket Issuing / Travel Clerk (Transportation and Storage),Transportation and Storage,"Transport via railways, Transport via buses, Other land transport, Inland water transport",Higher Education,No,Yes,4221.0,4221,43-4181,0.12839021508751947,43
Ticketing and Reservations Agent,Accommodation and Food Service Activities,"Travel agency, tour operator and other reservation service and related activities",Higher Education,No,No,4221.0,4221,43-4181,0.12839021508751947,43
TIG Plate Welder (Carbon Steel),Construction,Other specialized construction activities,Not Higher Education,No,No,7212.0,7212,51-4122 ,-1.063027898104206,51
Tikog Farmer,"Agriculture, Forestry, and Fishing",Growing of perennial crops,Not Higher Education,No,No,6118.0,6113,45-2091,-1.25411250441255,45
Tilapia Farm Technician,"Agriculture, Forestry, and Fishing",Aquaculture,Not Higher Education,No,No,6221.0,6221 p,45-2093,-1.2171340525284933,45
Tile Setter,Construction,Construction of buildings,Not Higher Education,No,No,7122.0,7122,47-2044,-1.4068865226532894,47
Tinsmith (Automotive Manufacturing),Manufacturing                                                ,Manufacture of motor vehicles,Not Higher Education,No,No,7213.0,7213,51-4192,-0.8279343464389866,51
Tinsmith (HVAC/R Worker),"Electricity, Gas, Steam and Air Conditioning Supply","Electric power generation, transmission and distribution",Not Higher Education,No,No,7213.0,7213,51-4192,-0.8279343464389866,51
Tinsmiths,Construction,Building completion and finishing,Not Higher Education,No,No,7213.0,7213,51-4192,-0.8279343464389866,51
TLE (Agricultural Track) Teacher,Education,Secondary/high school education,Higher Education,Yes,No,2320.0,2320,25-2032,0.29998780688186255,25
TLE (Industrial Arts) Teacher,Education,Secondary/high school education,Higher Education,Yes,No,2355.0,2355,25-3099 ,0.7243196041937822,25
TLE (Industrial Technology) Teacher,Education,Secondary/high school education,Higher Education,Yes,No,2320.0,2320,25-2032,0.29998780688186255,25
Tool Maker,Manufacturing                                                ,Manufacture of other fabricated metal products; metal working service activities,Not Higher Education,No,No,7222.0,7222,51-4192,-0.8279343464389866,51
Toolkeepers,Construction,Other specialized construction activities,Not Higher Education,No,No,4321.0,4321,43-5111,-0.28798610046550455,43
Tour Operations Staff,Accommodation and Food Service Activities,Other accommodation,Not Higher Education,No,No,3339.0,3339,41-9099 ,0.3972762565441296,41
Tourism Information Clerk,Accommodation and Food Service Activities,"Travel agency, tour operator and other reservation service and related activities",Higher Education,No,Yes,4221.0,4221,43-4181,0.12839021508751947,43
Tourist Information Officer (LGU),Public Administration and Defense; Compulsory Social Security,Public Administration and Defense; Compulsory Social Security,Not Higher Education,No,No,4221.0,4221,43-4181,0.12839021508751947,43
Tower Crane Operator,Construction,Demolition and site preparation,Not Higher Education,No,No,8343.0,8343,53-7041,-1.0859917292821646,53
Tower Light Tenders,Construction,Other specialized construction activities,Higher Education,No,No,8212.0,8212,51-9194,-0.7447411756253555,51
Trade & Diplomatic Analyst,"Professional, Scientific and Technical Activities",Research and experimental development on social sciences and humanities,Higher Education,No,No,3324.0,3324,43-5011 ,0.8545255137010148,43
Traditional Animator,"Arts, Entertainment and Recreation","Creative, arts and entertainment activities",Not Higher Education,No,No,2166.0,2166,27-1024,0.6558359528610636,27
Training Quality Specialist,Information and Communication,Other information service activities,Higher Education,No,No,2424.0,2424,13-1151 ,1.125301054038325,13
Transit Mixer Operator,Construction,Demolition and site preparation,Not Higher Education,No,No,8332.0,8332,53-3032,-1.2009419361981832,53
Translation Associate,Information and Communication,"Publishing of books, periodicals and other publishing activities",Higher Education,No,Yes,2643.0,2643,27-3091,0.9909846410343951,27
Translator,"Professional, Scientific and Technical Activities","Other professional, scientific and technical activities, n.e.c.",Higher Education,No,No,2643.0,2643,27-3091,0.9909846410343951,27
Transmission Lineman,"Electricity, Gas, Steam and Air Conditioning Supply","Electric power generation, transmission and distribution",Not Higher Education,No,No,7413.0,7413,49-9051,-1.3437172814565186,49
Travel Agency Coordinator,Accommodation and Food Service Activities,Other accommodation,Higher Education,No,Yes,3339.0,3339,41-9099 ,0.3972762565441296,41
Travel Content Creator,"Arts, Entertainment and Recreation","Creative, arts and entertainment activities",Higher Education,No,No,4221.0,4221,43-4181,0.12839021508751947,43
Travel Services Clerk,Accommodation and Food Service Activities,"Travel agency, tour operator and other reservation service and related activities",Not Higher Education,No,No,4221.0,4221,43-4181,0.12839021508751947,43
Treasury Staff (Construction),Construction,Construction of buildings,Higher Education,No,No,4311.0,4311,43-3031,0.9469281462772959,43
Truck Mounted Crane Operator,Construction,Demolition and site preparation,Not Higher Education,No,No,8343.0,8343,53-7041,-1.0859917292821646,53
TVET Instructor,Education,Other Education,Higher Education,Yes,No,3422.0,3422 p,25-1194,0.0627949101453141,25
U.S. Country Desk Analyst,"Professional, Scientific and Technical Activities",Research and experimental development on social sciences and humanities,Higher Education,No,No,2631.0,2631,19-3011,1.295165094767305,19
UI/UX Designer,Information and Communication,"Computer programming, consultancy and related activities",Higher Education,No,No,3432.0,3432,27-1027,0.3237729714462846,27
UI/UX Game Artist,Information and Communication,"Motion picture, video and television programme activities",Higher Education,No,No,2166.0,2166,27-1024,0.6558359528610636,27
Underwater Diving Instructor,Other Service Activities,"Personal services for wellness, except sports activities",Not Higher Education,No,No,3423.0,3423,39-9031,-2.1445563057878494,39
Urban Forestry Aide,"Agriculture, Forestry, and Fishing",Silviculture and other forestry activities,Higher Education,Yes,No,2132.0,2132,25-9021,0.7243196041937822,25
Urban Planning Assistant,"Professional, Scientific and Technical Activities",Architectural and engineering activities and related technical consultancy,Higher Education,No,Yes,2164.0,2164,19-3051,1.1489946192109544,19
Utility Personnel (Tourism),Accommodation and Food Service Activities,Short term accommodation activities,Not Higher Education,No,No,9629.0,9629,53-6021,-0.9420404982909311,53
Values Education Teacher,Education,"Primary/elementary education, Secondary/high school education",Higher Education,Yes,No,2341.0,2341,25-2022,1.2027852810311723,25
Vector Control Assistant,"Professional, Scientific and Technical Activities","Other professional, scientific and technical activities, n.e.c.",Higher Education,No,Yes,3257.0,3257,53-6051,-0.6654977504716957,53
Vehicle Mechanic,Manufacturing                                                ,Manufacture of motor vehicles,Higher Education,No,No,7231.0,7231,49-3093,-1.6626591703110543,49
Veterinary Lab Technician,"Agriculture, Forestry, and Fishing",Animal production,Higher Education,No,Yes,3240.0,3240,31-9096,-0.9234261541013596,31
Video Editing Assistant,Information and Communication,"Motion picture, video and television programme activities",Higher Education,No,Yes,3521.0,3521,27-4099 ,0.6558359528610636,27
Video Post-Production Editor,Information and Communication,"Motion picture, video and television programme activities",Not Higher Education,No,No,2654.0,2654,27-4032 ,0.8385755305279295,27
Video Production Assistant,Information and Communication,"Motion picture, video and television programme activities",Higher Education,No,Yes,3521.0,3521,27-4099 ,0.6558359528610636,27
Virtual Assistant,Administrative and Support Service Activities,"Business support service activities, n.e.c.",Not Higher Education,No,No,3343.0,3343,43-6011,0.9869789708672666,43
Visual Designer,"Arts, Entertainment and Recreation","Creative, arts and entertainment activities",Higher Education,No,No,3432.0,3432,27-1027,0.3237729714462846,27
Visual Effects Assistant,"Arts, Entertainment and Recreation","Creative, arts and entertainment activities",Higher Education,No,Yes,2166.0,2166,27-1024,0.6558359528610636,27
Visual Graphic Artist,"Arts, Entertainment and Recreation","Creative, arts and entertainment activities",Not Higher Education,No,No,2651.0,2651,27-1013,-0.673807460441017,27
Visual Storyteller,Information and Communication,Other information service activities,Higher Education,No,No,2655.0,2655,27-2011,0.059566552201174086,27
Vocal Performer,"Arts, Entertainment and Recreation","Creative, arts and entertainment activities",Higher Education,No,No,2652.0,2652,27-2042,-0.13514658589602044,27
Voice and Speech Therapist,Human Health and Social Work Activities,Medical and dental practice activities,Higher Education,Yes,No,2266.0,2266,29-1181,0.6225181228992671,29
Voice Talent,"Arts, Entertainment and Recreation","Creative, arts and entertainment activities",Higher Education,No,No,2354.0,2354,25-3021,0.4295920713782472,25
Voice-over Artist,"Arts, Entertainment and Recreation","Creative, arts and entertainment activities",Higher Education,No,No,2652.0,2652,27-2042,-0.13514658589602044,27
Wafer Fabrication Technician,Manufacturing                                                ,Manufacture of electronic components,Higher Education,No,Yes,7422.0,7422,49-9052,-1.1924358138797408,49
Ward Assistant,Human Health and Social Work Activities,Medical and dental practice activities,Higher Education,No,Yes,3256.0,3256,31-9092,0.04654632180638959,31
Ward Attendant,Human Health and Social Work Activities,Medical and dental practice activities,Higher Education,No,Yes,3256.0,3256,31-9092,0.04654632180638959,31
Warehouse Aide (Healthcare),Human Health and Social Work Activities,Hospital activities,Not Higher Education,No,No,9333.0,9333,53-7121,-1.4985219575636737,53
Warehouse Forklift Operator,Transportation and Storage,Other land transport,Not Higher Education,No,No,8344.0,8344,53-7051 ,-1.4016165018010325,53
Warehouse Personnel,Transportation and Storage,Support activities for transportation,Not Higher Education,No,No,4321.0,4321,43-5111,-0.28798610046550455,43
Warehouseman (Healthcare),Human Health and Social Work Activities,Hospital activities,Not Higher Education,No,No,4321.0,4321,43-5111,-0.28798610046550455,43
Waste Handler (Manufacturing),Manufacturing                                                ,Manufacture of other food products,Not Higher Education,No,No,9611.0,9611,53-7081,-1.5583042664603228,53
Waste Management Officer (Manufacturing),Manufacturing                                                ,"Other manufacturing, n.e.c.",Higher Education,No,No,3257.0,3257,53-6051,-0.6654977504716957,53
Waste Officer (Healthcare),Human Health and Social Work Activities,Hospital activities,Higher Education,No,No,3257.0,3257,53-6051,-0.6654977504716957,53
Wastewater Treatment Specialist,"Water Supply; Sewerage, Waste Management and Remediation     ",Waste treatment and disposal,Higher Education,Yes,No,,,51-8031,-0.628669668709753,51
Water Quality Analyst,"Water Supply; Sewerage, Waste Management and Remediation     ","Water collection, treatment and supply",Higher Education,No,No,2133.0,2133,19-2041 ,1.317259559340737,19
Water Quality Engineer,"Water Supply; Sewerage, Waste Management and Remediation     ","Water collection, treatment and supply",Higher Education,Yes,No,,,17-2071,0.9969931335605551,17
Water Well Installer,Construction,"Electrical, plumbing and other construction installation activities",Not Higher Education,No,No,8113.0,8113,53-7073,-1.1997865697873247,53
Waterside Worker,Transportation and Storage,Sea and coastal water transport,Not Higher Education,No,No,9333.0,9333,53-7121,-1.4985219575636737,53
Web Application Developer,Information and Communication,"Computer programming, consultancy and related activities",Not Higher Education,No,No,2513.0,2513,15-1134 ,1.388784111523391,15
Web Designer,Information and Communication,"Computer programming, consultancy and related activities",Not Higher Education,No,No,2166.0,2166,27-1024,0.6558359528610636,27
Web Developer (Python),Information and Communication,"Computer programming, consultancy and related activities",Not Higher Education,No,No,2513.0,2513,15-1134 ,1.388784111523391,15
Web Developer Intern,Information and Communication,"Computer programming, consultancy and related activities",Higher Education,No,No,2513.0,2513,15-1134 ,1.388784111523391,15
Wellness Coach,Human Health and Social Work Activities,"Other social work activities without accommodation, n.e.c.",Higher Education,No,No,3422.0,3422 p,39-9031,-2.1445563057878494,39
Wellness Program Aide,Human Health and Social Work Activities,Other human health activities,Higher Education,No,Yes,3253.0,3253,21-1094 ,-0.0632242294411926,21
Wheelchair Technician,Human Health and Social Work Activities,Other human health activities,Not Higher Education,No,No,7234.0,7234,49-3091 ,-1.029904107758767,49
Wheel-Loader Operator,Construction,Demolition and site preparation,Not Higher Education,No,No,8342.0,8342,47-5022,-1.2533360568016358,47
Wildlife Field Assistant,"Professional, Scientific and Technical Activities","Other professional, scientific and technical activities, n.e.c.",Higher Education,No,Yes,3240.0,3240,31-9096,-0.9234261541013596,31
Wind Turbine Technician,"Electricity, Gas, Steam and Air Conditioning Supply","Electric power generation, transmission and distribution",Not Higher Education,No,No,3113.0,3113,17-3024,-0.3880986218292488,17
Window Cleaner,Accommodation and Food Service Activities,Other accommodation,Higher Education,No,No,9129.0,9129,47-4071,-1.3200675687520032,47
Wood Carver,Manufacturing                                                ,Manufacture of furniture,Not Higher Education,No,No,7317.0,7317,51-7099,-0.9310742592864005,51
Workforce Management Analyst,Administrative and Support Service Activities,"Business support service activities, n.e.c.",Higher Education,No,No,2424.0,2424,13-1151 ,1.125301054038325,13
Workforce Wellness Coordinator,Human Health and Social Work Activities,"Other social work activities without accommodation, n.e.c.",Higher Education,No,Yes,2269.0,2269,29-9092 ,1.438219081204524,29
Worship Musician,"Arts, Entertainment and Recreation","Creative, arts and entertainment activities",Higher Education,No,No,2652.0,2652,27-2042,-0.13514658589602044,27
