,Source Subreddit,Post URL,Post Title,Post or Comment,Content (Full Text),Date Posted,Upvotes / Score,Theme Tag,Platform Mentioned,Philippine Context?,Notable Quote,Intern Notes,Has Platform
0,phcareers,https://www.reddit.com/r/phcareers/comments/17r76bz/ive_been_job_searching_for_more_than_a_month_now/,"I've been job searching for more than a month now, but I still haven't been offered a job.",post,"I'm a fresh grad with latin honors, a license, and a certification.

I've applied to 50+ jobs on Indeed and messaged the companies that I could message. Eight employers did not select me, and 3 viewed my application although it's been days and I have not heard from them yet. I've had a phone interview once but it was to inform me that they needed someone with experience and they would recommend me to a position similar to my internship experience. Another company emailed me about whether I had previous projects or contracts but they haven't replied to me, too. It's frustrating because since I've been busy studying for my license and certification, most of my blockmates have found jobs with 20k+ salaries even before having the license and certification that I have. I thought it would make me stand out to employers but I guess not, I'm not sure how I will be hired as a fresh grad if they always want someone with experience.

I'm from North Luzon and soon it will be a month since I moved to Manila cause I also thought I'll also stand out to employers if they see me living near their company locations. Soon my OFW mom will come home and I don't want to disappoint her for being unemployed because my parents and I long debated on whether I move out already to find a job or not. I have no choice but to find a job in Manila because there is only 1 job opening in my province that's connected to my course and also it makes me go crazy staying there. While waiting for responses, I've been trying to adapt to my surroundings like learning how to commute to different places such as where the companies I've applied to are located. But in the end, I just spend unnecessary amount of money. I also learned about Excel functions that I see some employers look for in an applicant. But since I've been waiting for so long, all the excitement and motivation I have in finding my first job have been washed out.

Is there anything I could do other than applying to more jobs and waiting for their responses? Am I really lacking on something other than experience?",23-Nov,30,"Job Search
Burnout",Indeed,Yes,"""I've applied to 50+ jobs on Indeed and messaged the companies that I could message. Eight employers did not select me, and 3 viewed my application although it's been days and I have not heard from them yet.""",Emotional frustration and discouragement from repeated rejections and lack of responses.,True
1,phcareers,https://www.reddit.com/r/phcareers/comments/17r76bz/ive_been_job_searching_for_more_than_a_month_now/,"I've been job searching for more than a month now, but I still haven't been offered a job.",comment,"it could really take a long time, i know. it is very demoralizing being a fresh grad having high expectations that you'll land the job you want given you have honors and credentials that backed your character.

take a step back, catch that little  break you need from peer pressure.

try to apply in an entry level or middle level jobs and build experience there.

tailor your resume or CV professionally, stay away from the templates that you'll find in the internet. first few paragraphs matter a lot specially when introducing yourself.

highlight your achievements , your best weapon as a fresh grad is your honors. it is a plus if you did extra curricular activities or participated in some events.

while waiting, sharpen your knowledge and skills on the niche that you're trying to enter.

freelancing, showcase yourself out there. it gives exposure and preparing you for work.

build your character, stay positive and always be a better version of yourself.


i remember my fresh grad days, I didn't use online job platforms and i did the grind of going from one company to another by foot. days , weeks and months pass by.. everything feels hopeless but i did what i said above and somehow got my first job offer as an intern ( paid ) at SSS as encoder. 

goodluck ! i wish everything goes well for you ☺️",23-Nov,7,"Job Search
Burnout",,Yes,"""it is very demoralizing being a fresh grad having high expectations that you'll land the job you want given you have honors and credentials that backed your character.""",Contains emotional pain point despite being mostly advice.,False
2,phcareers,https://www.reddit.com/r/phcareers/comments/17r76bz/ive_been_job_searching_for_more_than_a_month_now/,"I've been job searching for more than a month now, but I still haven't been offered a job.",comment,"Unang una, ber months kasi, talagang mahirap humanap ng trabaho ng ganitong panahon. Then try to tailor-fit your resume to the position you are applying, kung kaya (flex the things you can do in regards to the position you are applying).   


Another thing, lessen your expectation, try to land a job first. Wag mo muna pakaisipin yung future mo sa company na papasukan mo. Put ""gathering experience"" your SOLE goal. Sakripisyo talaga ang pagiging fresh grad dito sa bansa natin. Sad to say pero as long as di ka graduate sa Big 4, kahit anong latin honors pa ang meron ka walang pakielam mga companies.",23-Nov,10,"Lack of
Relevance",,Yes,"""talagang mahirap humanap ng trabaho ng ganitong panahon... as long as di ka graduate sa Big 4, kahit anong latin honors pa ang meron ka walang pakielam mga companies.""","Highlights mismatch between qualifications and hiring preferences (school bias, timing).",False
3,phcareers,https://www.reddit.com/r/phcareers/comments/17r76bz/ive_been_job_searching_for_more_than_a_month_now/,"I've been job searching for more than a month now, but I still haven't been offered a job.",comment,Maybe youre applying for high level positions akready you need the entry level first or its simply theres no available vacant positions as of now,23-Nov,3,"Lack of
Relevance",,Yes,"""or its simply theres no available vacant positions as of now""","Mentions lack of available jobs, indicating difficulty finding relevant opportunities.",False
4,phcareers,https://www.reddit.com/r/phcareers/comments/17r76bz/ive_been_job_searching_for_more_than_a_month_now/,"I've been job searching for more than a month now, but I still haven't been offered a job.",comment,"If hindi ka man lang umaabot sa hr interviews, its your resume. Try adding soft skills kung fresh grad ka if wala talagang experience, tas provide examples, like kunwari projects na you took leadership on or organizational events. 

Pag hindi nagrespond after a week, expect mo na na wala na yan to save time.",23-Nov,1,Ghosting,,Yes,"""Pag hindi nagrespond after a week, expect mo na na wala na yan to save time.""",Highlights lack of employer response as a common expectation.,False
5,phcareers,https://www.reddit.com/r/phcareers/comments/17r76bz/ive_been_job_searching_for_more_than_a_month_now/,"I've been job searching for more than a month now, but I still haven't been offered a job.",comment,"Companies rarely hire during the ber months unless they really need it or you know someone high up inside.

Next mass interview date is feb based on a friends job search journey",23-Nov,1,"Lack of
Relevance",,Yes,"""Companies rarely hire during the ber months unless they really need it or you know someone high up inside.""",Points to limited job availability affecting search success.,False
6,phcareers,https://www.reddit.com/r/phcareers/comments/1b7a0m2/i_never_knew_looking_for_work_would_be_this_hard/,I never knew looking for work would be this hard,post,"I have been actively looking for work for the past 3 months and I never knew how difficult it would be. I graduated with a bachelors degree in business administration majoring in HRM last year at a local college. I took a break after graduation pero napasobra ata. 

While on break, I attended yung mga free webinars conducted by government agencies and universities. I took a certification for HR associate. I built my resume little by little pero I think napagiwanan na ako ng mga blockmates ko. Most of them are starting to work na kasi and I felt envious. 

Nagpunta na ako kung saan ako nag ojt hoping na hiring sila. They did let me take the pre-employment exam pero I never heard from them hanggang ngayon ,I'll just assume that I failed. I wrote to some agencies hoping to hear from them but nothing. I attended my first job fair, the first company na nilapitan ko they sound very impressed sa application ko. I was really hopeful at that time. But months have passed never heard from them. I tried to look up sa mga websites like jobstreet and indeed pero mostly ang location ay sa manila o cebu madalang lang dito sa province namin.  

I got a call from a friend saying that they are looking for an office staff, I was excited and rushed to get my application ready only to find out kinabukasan na may kinontact ang boss nila for the position. They did said that I can still drop off my application sa office nila. But I withdrew. 

I started to think na baka I'm too undesirable and I overestimated my own skills and abilities o baka naturn-off sila during sa interview because I might have said something that offended the employers. O baka kulang lang ako sa ambisyon for a career. I don't know. 

I already feel bad asking for money sa parents ko for printing applications, pamasahe, at sa mga requirements.

I feel useless, worthless and palamunin. I never imagine looking for work would be this hard. I thought once I got my diploma everything will turn out okay. But no. 

You know what? I'll manage. I'll manage like I always did. All I did these past few months was peeking at the battle field. Testing the waters. It's time to mature up and say ""It's okay, I'll try again tomorrow"".

(Pasensya na sa mga grammatical errors. Salamat.＼⁠(⁠^⁠o⁠^⁠)⁠／)",24-Mar,71,"Job Search
Burnout","Jobstreet, Indeed",Yes,"""But months have passed never heard from them. I wrote to some agencies hoping to hear from them but nothing.""",Strong mix of emotional distress and repeated lack of responses during job search.,True
7,phcareers,https://www.reddit.com/r/phcareers/comments/1b7a0m2/i_never_knew_looking_for_work_would_be_this_hard/,I never knew looking for work would be this hard,comment,"Not everyone gets lucky the first time around. The market sucks, one job post gets 50-150+ applications and you need to standout to get your foot in the door.

I recommend you exhaust all means in looking for jobs and gaining experience by tailorfitting your resume and make your storytelling compelling by aligning it with your ambition and what you can do for them.

Good luck in the search. One problem at a time, hanap muna opportunity for interview.",24-Mar,14,"Lack of
Relevance",,Yes,"""The market sucks, one job post gets 50-150+ applications and you need to standout to get your foot in the door.""",Highlights high competition and difficulty standing out in job listings.,False
8,phcareers,https://www.reddit.com/r/phcareers/comments/1b7a0m2/i_never_knew_looking_for_work_would_be_this_hard/,I never knew looking for work would be this hard,comment,"I've been looking for a job almost 2 weeks na since I failed my licensure exam, knowing kung gaano ka katagal nag hanap, mas naging anxious ako. Hoping maka hanap ka na ng work OP. Hugs with consent.",24-Mar,7,"Job Search
Burnout",,Yes,"""I've been looking for a job almost 2 weeks na since I failed my licensure exam... mas naging anxious ako.""",Expresses anxiety and stress related to job search difficulty.,False
9,phcareers,https://www.reddit.com/r/phcareers/comments/1b7a0m2/i_never_knew_looking_for_work_would_be_this_hard/,I never knew looking for work would be this hard,comment,"What I noticed with companies, they look more on your skills and experiences. Lately, it doesn't matter if honor student ka, what matters is what you can do. Akala ng mga parents na enough na may awards ka and honor. Important talaga yung KSA (knowledge, skills, and attitudes),",24-Mar,5,"Lack of
Relevance",,Yes,"""Lately, it doesn't matter if honor student ka, what matters is what you can do.""",Highlights mismatch between academic credentials and employer expectations.,False
10,phcareers,https://www.reddit.com/r/phcareers/comments/1b7a0m2/i_never_knew_looking_for_work_would_be_this_hard/,I never knew looking for work would be this hard,comment,"I spent 6 months actively looking for my first job when I was still a fresh grad. Grabe talaga ang pressure especially from my peers who kept asking me why I wasn’t working yet. 

Landing my very first job was one of my hardest struggles career-wise and I was also worried because I also thought I was undesirable and started losing my confidence. 

But I kept reaching out to my contacts and finally, a friend who I haven’t spoken to in months replied to my message and told me they were hiring and I got an interview after 3 days of submitting my resume and a call from HR 2 days later with a job offer. 2 weeks later and I was finally in office training. 

My 1st job had it’s own challenges but the environment was great and I stayed there for almost 6 years. My ex-bosses have also become my greatest alias when I apply to new jobs because they always recommend me when the hiring manager calls them to ask about me.

Have faith OP, when the time is right, everything will fall into place. Keep working on yourself and keep reaching out to your contacts. Bahala na if they leave you on read. Keep reaching out. Analyze your answers after every interview. I still Google answers to interview questions then change them to make it more personalized. 

I hope you find the job that’s right for you with a great working environment and kind bosses who will continue to vouch for your character even when you’ve left the company. You can do it! Fighting!",24-Mar,3,"Job Search
Burnout",,Yes,"""Grabe talaga ang pressure especially from my peers who kept asking me why I wasn’t working yet.""",Describes emotional pressure and loss of confidence during prolonged job search.,False
11,phcareers,https://www.reddit.com/r/phcareers/comments/1b7a0m2/i_never_knew_looking_for_work_would_be_this_hard/,I never knew looking for work would be this hard,comment,I feel you. graduated from a known university with latin honors pa and i thought na companies would be the one to come for me LOL fake news,24-Mar,4,"Lack of
Relevance",,Yes,"""i thought na companies would be the one to come for me LOL fake news""",Shows mismatch between expectations (credentials) and actual job market response.,False
12,phcareers,https://www.reddit.com/r/phcareers/comments/1b7a0m2/i_never_knew_looking_for_work_would_be_this_hard/,I never knew looking for work would be this hard,comment,apply lang ng apply . ako nga 1 year na stop during pandemic ang hirap makahanap. but now working in finance mag 3 years na. makakahanap ka din.,24-Mar,3,"Job Search
Burnout",,Yes,"""1 year na stop during pandemic ang hirap makahanap.""",Mentions difficulty finding a job despite being framed as encouragement.,False
13,phcareers,https://www.reddit.com/r/phcareers/comments/1b7a0m2/i_never_knew_looking_for_work_would_be_this_hard/,I never knew looking for work would be this hard,comment,"Like everyone seems to be saying, the market sucks right now, one government entry level position I had had 500 applicants that were fighting for 1 position.

I managed to get a job recently, but it's far from ideal and I feel I'm selling a piece of my soul and my integrity as a creative spirit doing it. But work is work, and if it makes you feel better, I'm in a significantly worse position than you, being 30 years old, just with a bachelor's degree, no seminars, no references (due to losing them over the pandemic), and being 3 years away from a ""fresh"" graduate.

You can do this. And I pray you find gainful, meaningful employment rather than a job you have to take because you have to eat and there's only so much time you can use to build experience.",24-Mar,3,"Lack of
Relevance",,Yes,"""one government entry level position I had had 500 applicants that were fighting for 1 position.""",Highlights extreme competition making it hard to secure jobs.,False
14,phcareers,https://www.reddit.com/r/phcareers/comments/1b7a0m2/i_never_knew_looking_for_work_would_be_this_hard/,I never knew looking for work would be this hard,comment,"Man, I’m so nervous kasi I feel the same and to think na internship pa lang ang hanap ko kasi kailangan sa school… is the job market really this hard? 😭",24-Mar,2,"Job Search
Burnout",,Yes,"""Man, I’m so nervous kasi I feel the same... is the job market really this hard?""",Expresses anxiety and uncertainty about difficulty of job search.,False
15,phcareers,https://www.reddit.com/r/phcareers/comments/1b7a0m2/i_never_knew_looking_for_work_would_be_this_hard/,I never knew looking for work would be this hard,comment,Ako nga approved na application ko pinadalhan na ng requirements at deadline tapos nung malapit na ung deadline ko and im about to send the scanned copies nag email pa sila na canceled application ko. 3 months pinahintay nila skin tapos ganun2 lng,24-Mar,1,"Complex
Application Process",,Yes,"""3 months pinahintay nila skin tapos ganun2 lng""",Describes poor hiring process and sudden cancellation after long wait.,False
16,phcareers,https://www.reddit.com/r/phcareers/comments/1b7a0m2/i_never_knew_looking_for_work_would_be_this_hard/,I never knew looking for work would be this hard,comment,"I also took a break after my graduation (on paper I graduated July, but the ceremony didn't happen until September). I went abroad for holidays (Christmas and new year) and after coming back I desperately looked for jobs.

Not gonna lie, it was frustrating and kinda heart breaking to see so many applications but zero interview opportunity.",25-Feb,1,"Lack of
Visibility",,Yes,"""it was frustrating and kinda heart breaking to see so many applications but zero interview opportunity.""",Highlights lack of interview callbacks despite many applications.,False
17,phcareers,https://www.reddit.com/r/phcareers/comments/1iy2bg1/mahirap_pala_ang_job_hunting_especially_if_from/,"Mahirap pala ang job hunting, especially if from not so prestigious schools",post,"Currently 3rd yr Mech Eng ako from not so prestigious university sa province, and required OJT namin is june-july.

Simula pa lang january pagka start ng 2nd sem, nag-advice na sakin mga 4th yrs na kapwa officers ko sa org na humanap na raw ng possible companies for OJT namin, since mahirap raw makahanap, kasi we are just from a not so prestigious institution, although still one of the top performing school in terms of board exam performance in engineering, but still compared to the universities sa NCR na mas kilala, syempre mas pipiliin ng mga companies, like mga from big 4 unis. 

I just started my internship job hunting, since yung partner companies ng inatitution is puno na ang slot (may mga nauna na), and yung ibang companies na bet ko yung field (manufacturing/ powerplant/petroleum/aerospace) is still not responding sabi ng dept head. So kinakabahan ako, kaya puro ako hanap sa linkedin, indeed, jobstreet. Andaming emails na nagawa ko and naisend, and wala pa nag rereply (kapit lang wala pang 1 week).

Ngayon ko narealize yung weight ng advice ng 4th yrs, mahirap pala talaga... and dahil na rin siguro sa choosy ako sa type of industry, since I plan on choosing that as a career for my whole life, kaya want ko sana dirediretso na yung career path ko, same industry/field and continuously ko nalang iimprove yung related skills...

Nawa'y may mag respond sa emails ko 🤞

EDIT: nahihirapan me mag hanap ng company na inclined sa dream field/industry ko, tho may last resort ako which is DOST offices, since DOST scholar naman ako and nakapag contact na ko, but I'm still trying to explore other options, but if mag respond na sila sa last question ko about sa possible position, and I will be granted the opportunity mag OJT sa planta nila, edi grab ko na, baka rin kunin nila ako after boards hehez",25-Feb,98,"Lack of
Relevance","LinkedIn, Indeed, Jobstreet",Yes,"""kasi we are just from a not so prestigious institution... syempre mas pipiliin ng mga companies, like mga from big 4 unis.""",Highlights school prestige bias affecting chances in job/internship search.,True
18,phcareers,https://www.reddit.com/r/phcareers/comments/1iy2bg1/mahirap_pala_ang_job_hunting_especially_if_from/,"Mahirap pala ang job hunting, especially if from not so prestigious schools",comment,Hate to break it to you pero maski galing ng big 4 hirap makahanap ng internship/trabaho.  Sobrang lala ng job market ngayon.,25-Feb,164,"Lack of
Relevance",,Yes,"""maski galing ng big 4 hirap makahanap ng internship/trabaho. Sobrang lala ng job market ngayon.""",Emphasizes overall difficulty of job market regardless of school background.,False
19,phcareers,https://www.reddit.com/r/phcareers/comments/1iy2bg1/mahirap_pala_ang_job_hunting_especially_if_from/,"Mahirap pala ang job hunting, especially if from not so prestigious schools",comment,"Me, di rin ako makalipat lipat. I always wonder how people on Reddit seem to have no problem Job hopping.",25-Feb,13,"Lack of
Relevance",,Yes,"""di rin ako makalipat lipat.""",Indicates difficulty moving between jobs due to limited opportunities.,False
20,phcareers,https://www.reddit.com/r/phcareers/comments/1iy2bg1/mahirap_pala_ang_job_hunting_especially_if_from/,"Mahirap pala ang job hunting, especially if from not so prestigious schools",comment,"sobrang dami na ding engineers, tingnan mo number of engineers compared sa ibang profession",25-Feb,25,"Lack of
Relevance",,Yes,"""sobrang dami na ding engineers""",Points to oversupply of candidates making job search harder.,False
21,phcareers,https://www.reddit.com/r/phcareers/comments/1iy2bg1/mahirap_pala_ang_job_hunting_especially_if_from/,"Mahirap pala ang job hunting, especially if from not so prestigious schools",comment,"Ang labanan ngaun, sino kakilala mo. I really recommend expanding your socials, kahit introvert ka. Malaking tulong ung may kaibigan sa industry.",25-Feb,20,"Complex
Application Process",,Yes,"""Ang labanan ngaun, sino kakilala mo.""",Highlights reliance on connections in hiring process.,False
22,phcareers,https://www.reddit.com/r/phcareers/comments/1iy2bg1/mahirap_pala_ang_job_hunting_especially_if_from/,"Mahirap pala ang job hunting, especially if from not so prestigious schools",comment,You'll eventually realize that who you know matters more. It's the network.,25-Feb,5,"Complex
Application Process",,Yes,"""who you know matters more. It's the network.""",Indicates hiring depends on connections rather than merit.,False
23,phcareers,https://www.reddit.com/r/phcareers/comments/1iy2bg1/mahirap_pala_ang_job_hunting_especially_if_from/,"Mahirap pala ang job hunting, especially if from not so prestigious schools",comment,"Galing ako UST. CE

Masasabi ko na hindi rin basehan yung school sa pag-aaply. Merong konti siguro, pero konting konti lang.  
Eto e dun sa big companies na kilala na talaga. Nagtangka ako nun sa mga big companies at known construction companies. Ok naman yung exam results ko at yung interview (siguro). Pero madalas di pa rin ako pinapalad. Kung kukunin man ako eh ilalagay ako sa ibang position / location na hindi ko inapplyan.

Kaya ginawa ko eh sa iba na lang ako nag-apply. Ang hinabol ko na lang eh experience. Di ganun kalaki ang sweldo, pero di rin ganun kalaki ang expectation sayo. Parang double edged sword din kasi ang galing sa known universities/colleges. Dahil galing ka dun, dapat magaling ka. Bawal ka magkamali. Kais boljak aabutin mo. 

So I made my own pace. siguro pinakamalaking company ko na napasukan eh Robinsons Land, after nun aboard, sa malapit na lang (ayaw ko na ng traffic), tapos ngayon eh freelancer.

Trust me, wala sa malalaking company yan. Just keep on learning new things, and weigh things around. Wag mo muna itarget yung malaking sweldo. Sabi nga nung prof ko nung college, ""wag mo targetin na maging mayaman, ang gawin mo ay maging magaling sa isang bagay (skill). Dahil kapag magaling at expert ka na dun, di mo mamamalayan mayaman ka na din.",25-Feb,7,"Complex
Application Process",,Yes,"""Pero madalas di pa rin ako pinapalad. Kung kukunin man ako eh ilalagay ako sa ibang position / location na hindi ko inapplyan.""",Describes mismatch and unpredictability in hiring outcomes.,False
24,phcareers,https://www.reddit.com/r/phcareers/comments/1iy2bg1/mahirap_pala_ang_job_hunting_especially_if_from/,"Mahirap pala ang job hunting, especially if from not so prestigious schools",comment,"I agree with other redditors na sa panahon ngayon, it's all about your network. I've known someone na ME grad and board passer din from a known school sa Mandaluyong, pero took him almost a year to land on a job.

For now, sipagan mo lang muna maghanap, OP! And if may mga ka-close kang seniors mo, try to ask them for help. Good luck!!!",25-Feb,5,"Complex
Application Process",,Yes,"""took him almost a year to land on a job.""",Highlights long job search duration and reliance on network.,False
25,phcareers,https://www.reddit.com/r/phcareers/comments/1iy2bg1/mahirap_pala_ang_job_hunting_especially_if_from/,"Mahirap pala ang job hunting, especially if from not so prestigious schools",comment,"Galing ako sa Big 4, number one school pa raw matawag pero tanginaaa ang hirap maghanap ng trabaho HAHAHAHA",25-Feb,4,"Lack of
Relevance",,Yes,"""Galing ako sa Big 4, number one school pa raw matawag pero tanginaaa ang hirap maghanap ng trabaho""",Shows difficulty finding jobs despite prestigious school background.,False
26,phcareers,https://www.reddit.com/r/phcareers/comments/1iy2bg1/mahirap_pala_ang_job_hunting_especially_if_from/,"Mahirap pala ang job hunting, especially if from not so prestigious schools",comment,"I came from a top school (but not from the big 4) with student-org expriences.It's the same thing naman, ang hirap. I applied for 11 companies and they all ghosted me. It took me 3 weeks to officially started my OJT.",25-Feb,3,Ghosting,,Yes,"""I applied for 11 companies and they all ghosted me.""",Clear example of no responses from employers after applying.,False
27,phcareers,https://www.reddit.com/r/phcareers/comments/1iy2bg1/mahirap_pala_ang_job_hunting_especially_if_from/,"Mahirap pala ang job hunting, especially if from not so prestigious schools",comment,"I am also a mech eng from the big 4. It’s not just you bro. Madami din saamin ang na delay dahil hindi makahanap ng internship. Ako din muntik na, kung hindi dahil sa referral. My advice is to list any internship and apply to all of them. It doesn’t need to be related to the industry that you want to pursue in the future.

Ang gusto lang naman ng employer sa fresh grad is willing to learn and passionate. Just tell them what you learned during your internship. For now, wag muna choosy.",25-Feb,3,"Lack of
Relevance",,Yes,"""Madami din saamin ang na delay dahil hindi makahanap ng internship.""",Highlights difficulty finding internships even among top school graduates.,False
28,phcareers,https://www.reddit.com/r/phcareers/comments/1iy2bg1/mahirap_pala_ang_job_hunting_especially_if_from/,"Mahirap pala ang job hunting, especially if from not so prestigious schools",comment,Wala sa school yan. Nasa connections mo.,25-Feb,2,"Complex
Application Process",,Yes,"""Nasa connections mo.""",Emphasizes reliance on connections in hiring.,False
29,phcareers,https://www.reddit.com/r/phcareers/comments/1iy2bg1/mahirap_pala_ang_job_hunting_especially_if_from/,"Mahirap pala ang job hunting, especially if from not so prestigious schools",comment,"mahirap maghanap ngayon, pero kaya yan OP. good luck!",25-Feb,2,"Job Search
Burnout",,Yes,"""mahirap maghanap ngayon""",Brief but clear statement of difficulty in job searching.,False
30,phcareers,https://www.reddit.com/r/phcareers/comments/1iy2bg1/mahirap_pala_ang_job_hunting_especially_if_from/,"Mahirap pala ang job hunting, especially if from not so prestigious schools",comment,"Actually kahit galing pa ng Big 4, nahihirapan pa rin. Ang kalaban ng mga taga Big 4 naman ay yung kapwa nila Big 4.",25-Feb,1,"Lack of
Relevance",,Yes,"""kahit galing pa ng Big 4, nahihirapan pa rin.""",Shows difficulty persists even among top-tier graduates.,False
31,phcareers,https://www.reddit.com/r/phcareers/comments/1iy2bg1/mahirap_pala_ang_job_hunting_especially_if_from/,"Mahirap pala ang job hunting, especially if from not so prestigious schools",comment,"In my experience, yung state university na napasukan ko kaka-establish lang so nung grumaduate kami mejo nagaalinlangan yun iba makahanap ng decent work,, so ako inaral ko yung aaplyan ko then practice for interview, nung nasa venue na kami halos mga kasabayan ko mga graduate ng big 3 university ng pilipinas to cut the story short i got the job, out of 16 applicants 4 lang kami natangap at puro di pa galing sa big 3 university",25-Mar,1,"Lack of
Relevance",,Yes,"""mejo nagaalinlangan yun iba makahanap ng decent work""",Indicates concern about difficulty finding jobs due to school reputation.,False
32,phcareers,https://www.reddit.com/r/phcareers/comments/1iy2bg1/mahirap_pala_ang_job_hunting_especially_if_from/,"Mahirap pala ang job hunting, especially if from not so prestigious schools",comment,"ME here and had my OJT just when the world was opening up from the lockdowns and pahirapan talaga maghanap ng companies. Tried to apply sa mga corporations na may internship programs pero none of them came back to me. Ang ginawa ko na lang, looked for any company na related sa Mech Eng, in your case since alam mo na industry eh mas specific na search mo, tapos email their HR/Company email and explain na youre looking for OJT opportunities tas bigyan mo details like number of hours, starting date etc. Dun ako nakaland ng interview sa isang isang Ventilation company and swerte pa kasi may allowance ako haha. Tinulungan ko na ring makapasok friends ko since struggling rin sila to find companies and ayoko ring ako lang magoojt mag-isa.",25-Mar,1,Ghosting,,Yes,"""Tried to apply sa mga corporations na may internship programs pero none of them came back to me.""",Clear lack of responses from companies during internship search.,False
33,phcareers,https://www.reddit.com/r/phcareers/comments/zfs15j/resigning_even_without_a_new_job/,Resigning even without a new job,post,"For employees here who have resigned even without a new job lined up, how long were you unemployed? How was your experience searching for jobs and has it ever become an issue to your potential employers if you have a gap on your cv?

I'm about to resign next week for the second time this year. Raised na my issues to my boss but he didn't seem to care so I guess wala talagang magiging improvement even if I decide to stay lels. I don't have a new offer pa from a new company since hndi rin ako completely makapagfocus on my job search because sobrang full ng sched ko everyday. 

Sometimes, naiisip ko na lang am I being irresponsible or did I really just got unlucky to be in this toxic environment :(",22-Dec,137,"Complex
Application Process",,Yes,"""hndi rin ako completely makapagfocus on my job search because sobrang full ng sched ko everyday.""",Highlights difficulty managing job search alongside current workload.,False
34,phcareers,https://www.reddit.com/r/phcareers/comments/zfs15j/resigning_even_without_a_new_job/,Resigning even without a new job,comment,"My partner did that. It was unpleasant for all of us. The psychological toll on it on him which affected me as well.

We have money.  We have savings. If he chooses to not work for a year it would be fine but the fact remains that two months of going through interview upon interview without an offer is exhausting.",22-Dec,73,"Job Search
Burnout",,Yes,"""two months of going through interview upon interview without an offer is exhausting.""",Highlights emotional toll from repeated interviews without success.,False
35,phcareers,https://www.reddit.com/r/phcareers/comments/zfs15j/resigning_even_without_a_new_job/,Resigning even without a new job,comment,"When I left my first job without having another one lined up first, it was March 2020; the lockdown started the week after. The initial plan was to rest for a month then start looking for a job right after. For some reason I was expecting to score interviews right away. Sadly, that wasn't the case; even if I kept submitting resumes to as many companies I could find, I was only able to score around 3 interviews total before applying for a job outside my field, and my initial plan of only 1 month of unemployment became 7 months.

If you're planning to resign without having a job lined up first, make sure of the following: you have an emergency fund ready (preferably 3 months worth of your prior salary) or you have family members who can help cover your expenses in the meantime, your resume is prepared for when you start job hunting again, and you try as much as possible not to set unreasonable expectations (me doing this and not hitting my expectations caused me much undue mentral stress).

Being in a bad company is stressful, but so is being unprepared for unemployment.",22-Dec,17,"Lack of
Visibility",,Yes,"""even if I kept submitting resumes to as many companies I could find, I was only able to score around 3 interviews total""",Highlights low interview conversion despite many applications.,False
36,phcareers,https://www.reddit.com/r/phcareers/comments/zfs15j/resigning_even_without_a_new_job/,Resigning even without a new job,comment,"Was unemployed for 4 months kasi ginhost ako ng recruiter ng company but may savings naman. Halos everyday nagaapply. Nakakareceive naman ako ng interview pero super hirap pa rin. Even when trying to sleep Im still practicing what im going to say in an interview lol. I literally could not sleep because inooverthink ko and 6 AM na ako nakakatulog tapos nagigising 2 PM. Parents naninigaw and calling me a piece of shit. Nagkaroon din ako ng parang inferiority complex dahil circle of friends ko working. Talagang tingin ko sa sarili ko ""bum"". Then I aced an interview on October then got an offer on November with good salary and VERY good benefits.

About the job gaps, I told them I bought courses on Udemy and plinan ko muna mag upskill and nagresign para todo focus and tatanong nila ""what made you come back to applying"" I told them ""I miss working, making money, meeting new coworkers, and learning tech"" pero of course yung money thing lang totoo dyan. I tried to sound like a company simp as much as possible. 

If you think you're stressed now, mas masestress ka pag unemployed. Just my opinion. I have a very high tolerance of pain and stress kasi. Pero mag reresign ka na so apply ka na ng marami. Dont get me wrong, I value health din but as patagal ng patagal yung pagooverthink mas madedeppress ka and madidiscourage gumalaw. Just dont give up, nothing good is gonna happen if mafall ka to depression. Yun lang.",22-Dec,21,Ghosting,,Yes,"""ginhost ako ng recruiter ng company""","Clear example of recruiter ghosting during job search, with added emotional stress.",False
37,phcareers,https://www.reddit.com/r/phcareers/comments/zfs15j/resigning_even_without_a_new_job/,Resigning even without a new job,comment,"passed my resig last august without a job offer. luckily, i had an offer before ako mag last day. nagstart ako sa new job ko a week after. kaso dun sa new job ko, for some reason wala ako gana magwork, as in unmotivated  talaga ako. di ko rin feel yung new teammates ko and yung supervisor ko. Feel ko rin kasi sobrang na-burnout talaga ako dun sa 1st job ko kaya nung lumipat ako agad sa next company, wala ako motivation and parang sobrang pagod ako. So i resigned after 1 week of being there lol.

Plan ko lang dapat talaga is to rest for 1-2 months. Just to get rid of my burnout feeling. I was also getting interview invites left and right kaya akala ko makakakuha agad ako ng kapalit. Kaso ang nangyari puro interviews but no offers. Nakakapagod and nakaka drain. Fast forward today i am now 4 mos unemployed lol. 

But last november i got a job offer from my dream company with a higher salary than my previous ones, good benefits din. Will be starting in Jan 3 🙂",22-Dec,9,"Job Search
Burnout",,Yes,"""puro interviews but no offers. Nakakapagod and nakaka drain.""",Highlights emotional exhaustion from repeated interviews without job offers.,False
38,phcareers,https://www.reddit.com/r/phcareers/comments/zfs15j/resigning_even_without_a_new_job/,Resigning even without a new job,comment,"I was unemployed for 5 months, bc I had to take a mental health break due to burnout.  In my case sa lahat ng interviews ko only 2 recruiters question me as to why I resigned ng walang kapalit na job, so I guess it’s not a big deal for most of them. Gaya ng comments ng iba, as long as you have enough savings then go, rest should be a priority after all. 

Just like you, feeling ko unlucky din ako dahil hindi ko pa rin nararanasan mapunta sa healthy work environment then recently, di naman ako na-regular bc I’m apparently not fit & didn’t met their requirements. Ayaw ko na rin naman dun bc they required us to work on holidays at sobrang daming workload, so I’m currently unemployed again unfortunately. But I’m still hoping for better days, basta ngayon let’s prioritize rest.",22-Dec,8,"Complex
Application Process",,Yes,"""di naman ako na-regular bc I’m apparently not fit & didn’t met their requirements.""",Shows hiring outcome issues and instability in employment process.,False
39,phcareers,https://www.reddit.com/r/phcareers/comments/zfs15j/resigning_even_without_a_new_job/,Resigning even without a new job,comment,"My experience was 2017 pa, I resigned na walang kapalit na job. I kept applying naman for new jobs pero rejected the offers kasi feeling ko that time deserve ko ng mas malaking offer sa salary until di ko namalayan na 5mos na pala ako no work. I suggest na if ever na may offer na, grab it. Then find a new one na lang if di mo trip, mahirap walang work sa panahon ngayon. 😊 kaya mo yann :)",22-Dec,15,"Job Search
Burnout",,Yes,"""mahirap walang work sa panahon ngayon.""",Expresses difficulty and stress of being unemployed during job search.,False
40,phcareers,https://www.reddit.com/r/phcareers/comments/zfs15j/resigning_even_without_a_new_job/,Resigning even without a new job,comment,"I'm an accounting grad and accountant. Siguro matagal na yung 3 months. Masipag ako mag apply and it helps na madami ding choices. 

For gaps, not really in my experience since 3 months na yung pinakamatagal. However, I think it is best to explain that really well. And also, almost everyone experienced toxic work environment, be it because of management policies, politics, toxic co-workers, etc. May baliw nga akong ka trabaho na binu-bully ako pero wala akong pake. Inaaway ko din for fun. Haha! 

Di ka malas, eto na kasi yung sistema which sucks. You'll get used to it, sadly.

Anyway good luck to you OP. Kaya mo yan!!!",22-Dec,5,"Lack of
Relevance",,Yes,"""eto na kasi yung sistema which sucks.""",Indicates systemic difficulty in job market despite being framed casually.,False
41,phcareers,https://www.reddit.com/r/phcareers/comments/zfs15j/resigning_even_without_a_new_job/,Resigning even without a new job,comment,"In my case, my longest waiting time was 5 months. This was super risky too since it was the height of the pandemic restrictions during that period. I really just try to remove those negative thoughts and keep on searching until someone accepts the call. The lesson here is someone is always looking for a hire regardless of the conditions out there. As of this writing I already got off from regular employment and working into freelancing (and as usual, no client and no job as of the moment but have plenty of time for prep for the next career).",22-Dec,5,"Complex
Application Process",,Yes,"""my longest waiting time was 5 months... this was super risky""",Highlights long waiting periods and uncertainty during job search.,False
42,phcareers,https://www.reddit.com/r/phcareers/comments/zfs15j/resigning_even_without_a_new_job/,Resigning even without a new job,comment,"Was unemployed for 4 months. Nag pahinga ako kasi sobrang burnout ko na sa previous job ko - that place made me miserable. Searching for jobs was also hard kasi hindi naman in-demand ung trabaho ko. 

What took a toll on me was the constant nagging of the people around me na ilang buwan na akong walang trabaho. Then comes the frustration of going through interviews and not getting accepted.

But no regrets, I had my rest and I’m doing great in my new job now.",22-Dec,5,"Job Search
Burnout",,Yes,"""Searching for jobs was also hard kasi hindi naman in-demand ung trabaho ko.""",Combines difficulty finding jobs with emotional toll from rejection and pressure.,False
43,phcareers,https://www.reddit.com/r/phcareers/comments/zfs15j/resigning_even_without_a_new_job/,Resigning even without a new job,comment,"Hi! I got laid off last year December in the height pa nga ng bagyong Odette. It was hard. Devastating na yung situation, mas naging worse kase I had no job to go back to. I started job hunting last Feb this year when the power, signal, etc. were back to normal. Landed a job pag April, and I'm planning to leave this job for greener pastures haha. I'm thankful i had this to get back on my feet, but the changes in management are not pro-employee. Nag border na sa exploitative.

Sabi nila na on average, it takes 2-4 months before a person lands their next job after being unemployed. Idk how that's like now tho w all the changes sa ating economy.

Wishing all of us job seekers the best! Glad we're busting our asses out of places we know that don't deserve us. Power thru, OP 🤘",22-Dec,2,"Job Search
Burnout",,Yes,"""It was hard. Devastating na yung situation, mas naging worse kase I had no job to go back to.""",Expresses emotional distress tied to unemployment and job search.,False
44,phcareers,https://www.reddit.com/r/phcareers/comments/zfs15j/resigning_even_without_a_new_job/,Resigning even without a new job,comment,"12 years ago, fresh grad ako. Hindi ko alam saan ako dapat maghanap ng trabaho, anong trabaho ang kaya ko, saang kompanya ako makakapasok. Basta nag-apply lang ako kung saan qualified yung background na meron ako.

In a span of 9 months, I already switched two jobs. Stayed 3 months from the first one, spent 3 on the other. 2 months ang gap, and then 4 months after the second one .

Hindi lang isang beses nangyare na ganyan, naulit pa ulit sya ng dalawang beses pa. 

And then another one. The last time was a year ago.

Kung first few jobs mo pa lang, ilista mo lahat. Be honest kapag tinanong. But be curtailed sa sagot. Your honesty will be part of your credibility as a potential hire. 

If you are working in the last 10 years, focus on your employment in the last 5 years. 

It's not ideal to resign w/o a new job waiting, or if you don't have savings to cover for your unemployed periods, say safe bet will be the next 6 months after resignation, but we have reasons and I understand that. I did it multiple times for multiple different reasons. My act did not kill me, but it sure did make me struggle. Just be ready OP if you are unable to find a job quickly, iba yung hiring and working climate ngayon, so most likely applying for and getting a job will not be easy.

 I wish you good luck.",22-Dec,2,"Complex
Application Process",,Yes,"""most likely applying for and getting a job will not be easy.""",Highlights difficulty in securing jobs due to current hiring conditions.,False
45,phcareers,https://www.reddit.com/r/phcareers/comments/zfs15j/resigning_even_without_a_new_job/,Resigning even without a new job,comment,"aug.2 2021 nag resign ako to pursue yung mag work sa govt. after 100+ applications umayaw din ako. siguro after 6 yrs nalang ulit. 1 yr akong na tengga kasi sa govt. lang ako nag sesend. 

ngayon mag reresign na ulit ako after 5months dahil magulo masyado, walang coordination mga higher ups ko. pero may nakaready na ako ngayon, yung resignation ang medyo pinoproblema ko kaya baka mag immediate resignation ako",22-Dec,1,"Lack of
Relevance",,Yes,"""after 100+ applications umayaw din ako. 1 yr akong na tengga""","Shows difficulty finding jobs despite many applications, leading to giving up.",False
46,phcareers,https://www.reddit.com/r/phcareers/comments/zfs15j/resigning_even_without_a_new_job/,Resigning even without a new job,comment,Tinanggal sa trabaho noong 2019 luckily di pa nagsisimula covid nun and 1 year walang trabaho pero at that time nag peak rin covid.,22-Dec,1,"Job Search
Burnout",,Yes,"""1 year walang trabaho""",Indicates prolonged unemployment contributing to job search difficulty.,False
47,phcareers,https://www.reddit.com/r/phcareers/comments/zfs15j/resigning_even_without_a_new_job/,Resigning even without a new job,comment,"i did resign without a new job last year. one month akong walang work. due to toxic workplace na inextend to two months ang turnover time ko, known kasi sila na ihohold ang backpay and original documents (yes they require you to surrender original docs like diploma para daw maiwasan ang nag AWOL) . I applied everyday, jobstreet, linkedin, indeed, kalibrr and facebook. 

I got a job from facebook, i sent my resume via email and now doing contractual work",22-Dec,1,"Lack of
Visibility","Jobstreet, LinkedIn, Indeed, Kalibrr, Facebook",Yes,"""I applied everyday, jobstreet, linkedin, indeed, kalibrr and facebook.""",Shows heavy reliance on multiple platforms due to difficulty securing a job.,True
48,phcareers,https://www.reddit.com/r/phcareers/comments/zfs15j/resigning_even_without_a_new_job/,Resigning even without a new job,comment,"I did this thrice in span of 4 years. I don't advice it really pero minsan kasi unpredictable and life. Two of those 3 resignations were inevitable due to moving locations, then Covid. All those times I get a salary higher than previous.

Pero for all three times I was able to find a job naman in 1-3 months. I'm good at interviews, naturally eloquent yet sweet. Also I upskill a lot, earned certificates (kahit yung mga free lang sa LI and Coursera), and I use this 'proof' to sell myself. 

Pero above all OP, I get recommended by friends and colleagues to the company kaya naiinvite ako sa interview. I have very low 'luck' sa mga online applications. I tried one time in 2020 to apply to 100 companies at Jobstreet and I only heard from 3 which didn't end up hiring me.

My current job is the first job that I get into without recommendation, pero by this time ang dami ko na din kasi skills/certificate, and I even have a diploma studies.",22-Dec,1,"Lack of
Visibility",Jobstreet,Yes,"""I tried one time in 2020 to apply to 100 companies at Jobstreet and I only heard from 3 which didn't end up hiring me.""","Shows low response rate from online applications, indicating visibility issues.",True
49,phcareers,https://www.reddit.com/r/phcareers/comments/zfs15j/resigning_even_without_a_new_job/,Resigning even without a new job,comment,"I never doubted myself when I did this but I had to deal with people around me doubting me. After a month not working I may as well have been someone who had never worked an honest day in their life... not having a strong support system makes it harder to deal with being jobless if you are not unrelenting in your self-belief. Laugh in the face of bad advice (my mother was sending me min wage jobs... when I had just burnt out of a well-played 80+ hour a week technical sales position and wanted a change for the better)

All worth it to take the time to work on myself and found a better job with higher potential for growth, good pay structure, and less hours within 3 months of looking. Turned down 2 offers in that time.",22-Dec,1,"Job Search
Burnout",,Yes,"""not having a strong support system makes it harder to deal with being jobless""",Highlights emotional and social pressure during unemployment.,False
50,phcareers,https://www.reddit.com/r/phcareers/comments/zfs15j/resigning_even_without_a_new_job/,Resigning even without a new job,comment,"Back in 2009, medyo recession pa nun, 4 months to find the job and package I wanted. May mga companies na since wala akong work babaratin ka, usually mga locally owned companies ganito. Just be patient and know your worth.",22-Dec,1,"Complex
Application Process",,Yes,"""May mga companies na since wala akong work babaratin ka""",Highlights disadvantage in hiring process due to unemployment status.,False
51,phcareers,https://www.reddit.com/r/phcareers/comments/zfs15j/resigning_even_without_a_new_job/,Resigning even without a new job,comment,"Unemployed for 4 fucking years here. Make it 5 next year. Living on the last of my savings, doing sidelines and trying to change my life. My company couldn't keep up with the recession so I was cut off.",22-Dec,1,"Job Search
Burnout",,Yes,"""Unemployed for 4 fucking years here. Make it 5 next year.""",Indicates prolonged unemployment and hardship.,False
52,phcareers,https://www.reddit.com/r/phcareers/comments/zfs15j/resigning_even_without_a_new_job/,Resigning even without a new job,comment,"I wouldn’t recommend leaving without a job lined up. It’s scary to be without income sa mga panahon ngayon kahit ba may savings. Nakaka-praning. 

When your income goes, your savings start to go. When your savings start to go, your morale goes down. If you don’t get a job as quickly as you anticipated, depression will start to set in. Mas mahihirapan, mas mawawalan ng confidence. Depende nalang sa situation mo kung may pamilya kang sasalo / ok lang sa kanila na pabigat ka muna habang wala kang trabaho. 

In my opnion, when you start daydreaming of resignation, the next step is to update your job portal profiles and start looking even before you draft your resignation letter in your mind.",22-Dec,1,"Job Search
Burnout",,Yes,"""If you don’t get a job as quickly as you anticipated, depression will start to set in.""",Highlights emotional and psychological stress from prolonged job search/unemployment.,False
53,phcareers,https://www.reddit.com/r/phcareers/comments/zfs15j/resigning_even_without_a_new_job/,Resigning even without a new job,comment,"Ako mga a month more or less when I did that. The fear of being hungry and homeless motivated be enough to pour all my effort in looking for a new job. Pero that fear was not enough for me to not resign kahit walang job waiting for me. I hated where I worked and hated my boss. Fast forward to now, been with the company after the one I resigned from for 8 years now. So, I feel you there about just wanting to stop all the stress and anxiety from a toxic work environment and boss.

Wala naman issue sa gap. Pero I told them kasi I wanted to take a break for a bit.

Good luck with your job search, OP!",22-Dec,1,"Job Search
Burnout",,Yes,"""The fear of being hungry and homeless motivated me enough to pour all my effort in looking for a new job.""",Highlights fear and anxiety driving job search efforts.,False
54,phcareers,https://www.reddit.com/r/phcareers/comments/zfs15j/resigning_even_without_a_new_job/,Resigning even without a new job,comment,I left my comfortable work abroad to come home. I'm worried as well. I hope there will be  a good news for all of us,22-Dec,1,"Job Search
Burnout",,Yes,"""I'm worried as well.""",Expresses anxiety about job search uncertainty.,False
55,phcareers,https://www.reddit.com/r/phcareers/comments/zfs15j/resigning_even_without_a_new_job/,Resigning even without a new job,comment,"Resigned last October, received an offer just yesterday. Applied to \~10 companies lol help hahaha

I resigned kasi aside from relocation, toxic yung previous manager ko. I had enough money, and my partner is employed so we had little to no problems sa expenses.

I regret not finding work before resigning, mainly because of myself na rin. No one, not my partner, or her family pressured me sa paghanap ng trabaho. Kalaban ko lang talaga sarili ko. Nape-pressure ako kasi andami ko nang rejections with different companies. I did well naman sa interviews. I comforted myself by thinking December na rin kasi, usually mahirap talaga maghanap ng work around the Ber months.

I'm happy I finally received the offer. Although the training start date will be on January pa, at least I can finally breathe.",22-Dec,1,"Job Search
Burnout",,Yes,"""Nape-pressure ako kasi andami ko nang rejections with different companies.""",Highlights stress and pressure from repeated rejections during job search.,False
56,phcareers,https://www.reddit.com/r/phcareers/comments/14rylp9/ayoko_ko_na_magtrabaho_sa_government_natin/,Ayoko ko na magtrabaho sa government natin.,post,"Public Service is a big part of me but akoyo na sa government natin. 3 years na ako and when I apply for promotion to regular palagi sinasabi na hindi ko meet yung qualification standards. Pag tinanong ko naman saan ako nagkulang di nila sinasabi. Inaapplyan ko is for 1 year relevant experience which meron ako ng 3 years, may Civil Service naman ako, and may 60+ hrs na ako of relevant training. Naging chief of staff na din ako ng isang official nung napacoterm ako sakanya for a few months. Right now pla COSP ako. Pero yung kaka 1 year experience lang na kilala ko qualified agad. Same work naman kami.

Nagaapply na ako sa mga embassies, NGO or sa mga international organizations. Ready na ready na ako magswitch loyalties. Ready na ako to serve a foreign country (Embassy) instead of our own.",23-Jul,130,"Complex
Application Process",,Yes,"""Pag tinanong ko naman saan ako nagkulang di nila sinasabi.""",Highlights lack of transparency in hiring/promotion decisions.,False
57,phcareers,https://www.reddit.com/r/phcareers/comments/14rylp9/ayoko_ko_na_magtrabaho_sa_government_natin/,Ayoko ko na magtrabaho sa government natin.,comment,Cheers OP.  Padrino system sa government natin. Skills wala ka g matutunan.  Mahirap rin lumipat sa private pag nagtagal ka jan.,23-Jul,66,"Complex
Application Process",,Yes,"""Padrino system sa government natin.""",Points to nepotism affecting hiring and career movement.,False
58,phcareers,https://www.reddit.com/r/phcareers/comments/14rylp9/ayoko_ko_na_magtrabaho_sa_government_natin/,Ayoko ko na magtrabaho sa government natin.,comment,Been to government as well and super nakakasuka yung hiring process. It’s so tedious tapos di ka pipiliin. (hugot),23-Jul,38,"Complex
Application Process",,Yes,"""super nakakasuka yung hiring process. It’s so tedious tapos di ka pipiliin.""",Complains about tedious and frustrating hiring process with rejection.,False
59,phcareers,https://www.reddit.com/r/phcareers/comments/14rylp9/ayoko_ko_na_magtrabaho_sa_government_natin/,Ayoko ko na magtrabaho sa government natin.,comment,Ilang yrs din ako sa government at ganun na yata talaga. Kung wala kang backer mahihirapan kang mapromote. Pero kung malakas ang backer mo kahit kulang requirements mo walang problema. Lipat ka na lang talaga. 3 yrs na rin yang nagugol mo jan OP. Nag antay ako para sa promotion ko nun for almost 1.5 yrs siguro kaso naggive up na rin ako. If alam mo ginagawa sa loob ng government minsan makokonsensya ka san napuounta yung tax ng mga tao.,23-Jul,13,"Complex
Application Process",,Yes,"""Kung wala kang backer mahihirapan kang mapromote.""",Highlights reliance on connections affecting hiring/promotion fairness.,False
60,phcareers,https://www.reddit.com/r/phcareers/comments/14rylp9/ayoko_ko_na_magtrabaho_sa_government_natin/,Ayoko ko na magtrabaho sa government natin.,comment,"Ilang taon ko na ein pinagpipilitan sarili ko sa gobyerno. I got lucky last year thinking someone finally recognized my potential and what I can offer. And yet a year went by, ang take home ko ay depression and anxiety.

I just resigned today and instead of exiting gracefully, puro parinig pa ang inabot ko at paghuhugas kamay ng boss ko kesyo hindi raw sya toxic, it's just a matter of how people view it daw lol samantalang nalagas kaming staff niya. Bilang na lang nga kami sa daliri, naubos pa.

Iniisip ko kung maggogobyerno pa rin ako dahil napakahirap pumasok nang hindi dahil sa kakilala system. 

Nakakapagod. Kung hindi sa padrino system, sa super toxic na mga tao ka naman mapupunta.

Putangina lang.",23-Jul,7,"Complex
Application Process",,Yes,"""napakahirap pumasok nang hindi dahil sa kakilala system.""",Highlights difficulty entering jobs due to reliance on connections (padrino system).,False
61,phcareers,https://www.reddit.com/r/phcareers/comments/14rylp9/ayoko_ko_na_magtrabaho_sa_government_natin/,Ayoko ko na magtrabaho sa government natin.,comment,"Been with different government agencies. Total of 8 years, more or less. Never ako naging regular or permanent. I’ve been handling big ticket projects na proud na proud ang pinas pero waley talaga. Working for a US company for almost a year now. Chill na chill ang trabaho. Wala pa toxic na officemates. Hahahaha.",23-Jul,6,"Complex
Application Process",,Yes,"""Never ako naging regular or permanent.""",Highlights difficulty securing stable employment despite experience.,False
62,phcareers,https://www.reddit.com/r/phcareers/comments/14rylp9/ayoko_ko_na_magtrabaho_sa_government_natin/,Ayoko ko na magtrabaho sa government natin.,comment,"San ka nagkulang? Wala kang backer na malakas enough yung hatak. Your are not underqualified naman siguro since sabi mo dun sa ina-apply-an mo. 
Humanap ka na ng ibang boss OP.",23-Jul,3,"Complex
Application Process",,Yes,"""Wala kang backer na malakas enough yung hatak.""",Highlights reliance on connections affecting hiring outcomes.,False
63,phcareers,https://www.reddit.com/r/phcareers/comments/14rylp9/ayoko_ko_na_magtrabaho_sa_government_natin/,Ayoko ko na magtrabaho sa government natin.,comment,"Sa amin sa province, para maging regular ka, dapat may lagay. Kung magpapa reassign ka sa mas malapit sa residence mo (usually mga teachers na naka assign sa malalayong bundok), dapat may lagay ulit.. Lalagyanan kasi yan sila 🤣.",23-Jul,3,"Possibility
of Scam",,Yes,"""para maging regular ka, dapat may lagay.""",Indicates bribery/corruption required for employment decisions.,False
64,phcareers,https://www.reddit.com/r/phcareers/comments/14rylp9/ayoko_ko_na_magtrabaho_sa_government_natin/,Ayoko ko na magtrabaho sa government natin.,comment,"Supervisor namin sa akin nagtatanong ng mga gagawin 20+ years na sa position niya. Araw-araw na ko naghahanap ng malilipatan na agency pero ang tagaaaaaaal ng hiring process din. Been thinking na lumipat sa private sa totoo lang. Nawala pa hopes ko sa mga ka-age ko na magiging maayos work sa gobyerno kasi may iba, maagang nabulok ng sistema",23-Jul,3,"Complex
Application Process",,Yes,"""ang tagaaaaaaal ng hiring process din.""",Highlights slow hiring process causing frustration in job search.,False
65,phcareers,https://www.reddit.com/r/phcareers/comments/14rylp9/ayoko_ko_na_magtrabaho_sa_government_natin/,Ayoko ko na magtrabaho sa government natin.,comment,"Been there OP. Di ikaw yung ""nakalinya"" sa position. To this day whenever may vacancy sa government tinitingnan ko if entry level siya. Kase pag higher level, sureball na may nakalinya na jan. Iba nga pinopost lang for compliance sa CSC pero ang hiring tapos na.",23-Jul,4,"Complex
Application Process",,Yes,"""Iba nga pinopost lang for compliance sa CSC pero ang hiring tapos na.""",Indicates unfair hiring practices where positions are pre-filled despite postings.,False
66,phcareers,https://www.reddit.com/r/phcareers/comments/14rylp9/ayoko_ko_na_magtrabaho_sa_government_natin/,Ayoko ko na magtrabaho sa government natin.,comment,Oo yung wife ko ang daming workload pero SG 6 lang. Minsan 8 or 9PM na nakakauwi. Tapos sa promotion nauuna pa yung mga kamag anak ng opisyal. Ganun din sa hiring process nila. Pasok pag may kakilala,23-Jul,3,"Complex
Application Process",,Yes,"""Pasok pag may kakilala""",Shows hiring depends on connections rather than merit.,False
67,phcareers,https://www.reddit.com/r/phcareers/comments/14rylp9/ayoko_ko_na_magtrabaho_sa_government_natin/,Ayoko ko na magtrabaho sa government natin.,comment,"Ako, natanggal ako dahil sa padrino system. Co term, hindi na renew kasi may gustong ipasok na kamaganak. 

Sobrang fresh, this year lang. 

Nag embassy na din ako before government. I highly suggest if mag embassy ka na. Go for European or us,japan,korea or spain. 

Currently wala pa work, nag ttry sa ibang government agency. Pero pag wala talaga, balik ako ng mga embassy.",23-Jul,2,"Complex
Application Process",,Yes,"""natanggal ako dahil sa padrino system... hindi na renew kasi may gustong ipasok na kamaganak.""",Shows unfair hiring/retention due to connections (nepotism).,False
68,phcareers,https://www.reddit.com/r/phcareers/comments/14rylp9/ayoko_ko_na_magtrabaho_sa_government_natin/,Ayoko ko na magtrabaho sa government natin.,comment,Kulang ka sa social climbing skills char di naman secret na its not about what you know but more on who you know.,23-Jul,2,"Complex
Application Process",,Yes,"""it's not about what you know but more on who you know.""",Emphasizes reliance on connections over merit in hiring.,False
69,phcareers,https://www.reddit.com/r/phcareers/comments/14rylp9/ayoko_ko_na_magtrabaho_sa_government_natin/,Ayoko ko na magtrabaho sa government natin.,comment,"Huhu.. plan ko pa naman to work in the government but 😭😭 wala akong backer or any connections and would love to serve the country by being a public servant.

Nakakadismaya naman given you have the qualifications to be on a regular position. 

Hugs with consent, OP.",23-Jul,1,"Complex
Application Process",,Yes,"""wala akong backer or any connections""",Highlights barrier to entry due to lack of connections.,False
70,phcareers,https://www.reddit.com/r/phcareers/comments/14rylp9/ayoko_ko_na_magtrabaho_sa_government_natin/,Ayoko ko na magtrabaho sa government natin.,comment,"Palakasan talaga kasi sa government natin,pag walang referral ng pulitiko wala din eh,wala masyado system pa pag nakapasok ka na. Pag COS or JO ka parang balewala ka sa HR or sa mismong office",23-Jul,1,"Complex
Application Process",,Yes,"""pag walang referral ng pulitiko wala din eh""",Indicates reliance on political referrals in hiring.,False
71,phcareers,https://www.reddit.com/r/phcareers/comments/14rylp9/ayoko_ko_na_magtrabaho_sa_government_natin/,Ayoko ko na magtrabaho sa government natin.,comment,"Hello OP, same feels. Nagwowork ako sa government mag 10 yrs and yet JO pa rin ako. 

Kung credentials pag uusapan, meron din ako. 
Pero balewala pala talaga dito yun kahit anong galing mo. Palakasan dito. 

Alis ka na lang hanggang maaga pa. 

Kaya mo yan. Mas better sa labas. Walang usad dito",23-Jul,1,"Complex
Application Process",,Yes,"""Pero balewala pala talaga dito yun kahit anong galing mo. Palakasan dito.""",Highlights hiring/promotion bias based on connections over merit.,False
72,phcareers,https://www.reddit.com/r/phcareers/comments/1d7wjm4/my_goal_was_to_have_a_new_job_by_june_this_june_i/,My goal was to have a new job by June. This June I faced my 100th rejection.,post,"Hindi pa kasama dito mga companies that just ghosted me, lol. Kalahati na ng 2024, anuna. I was only able to reach the 2nd, final interview and I didn’t hear from them again. Imagine investing your time, following up on them, only to receive no response. An automated email would’ve sufficed but they gave you no closure at all. Salamat na lang sa wala. Not a fan of this approach but I just say “fuck it” and move on for the sake of my sanity

The job hunting games is harder when you’re a career shifter among a sea of fresh graduates/experienced job hunters. I have tailored my resume according to the JD naman. I know it doesn’t promise me an interview pero tae ano ba kasi ang secret formula

This has been **suuuuch** a mentally and emotionally exhausting ordeal. The fact that I’m nearing my 30s is like a rude awakening that I gotta have some career progress at this point in my life, but I’m back to square one. It comes with a feeling of shame, envy among my friends, questions about my capabilities, and pretty much an unhealthy amount of self-deprecation. 

Anyway, that’s all. Gusto ko na ~~magkapera~~ magkatrabaho. All I need is one company who will believe in me and recognize my potential. Ang hiling ko lang ngayong pasko ay isang JO. When will it be my time? 🥲",24-Jun,1571,Ghosting,,Yes,"""I was only able to reach the 2nd, final interview and I didn’t hear from them again.""",Clear case of being ghosted after late-stage interview with strong emotional impact.,False
73,phcareers,https://www.reddit.com/r/phcareers/comments/1d7wjm4/my_goal_was_to_have_a_new_job_by_june_this_june_i/,My goal was to have a new job by June. This June I faced my 100th rejection.,comment,"It is not your fault if you have solid experience, It's just the job market right now is not good lalo andami fresh grads na mauuto ng mga companies to take the small offers compare sa may mga experience nag hahanap ng better salary, better benefits, not to mention mga million na unemployed since pandemic!

Sa jobstreet 50+ to 100+ applicants yung natatanggap ng isang HR! sa dami ng competition matatabunan talaga yung resume mo at kahit umabot ka man sa 2nd or final interview mayroon na silang naka line-up na candidates not just you! after that said interviews doon na sila nag seselect mga siguro at least 5 to 10 candidates yung na filter out of hundreds! tapos they only need 1 applicant imagine that!

sa ngayon ginawa ko nag take ng freelance job from time to time para at least i still can pay my monthly bills.

don't give up yet yung ibang kakilala took a year bago nakahanap maybe try playing around with your resume and proposal at maybe change or analyze the way you answered sa mga interviews baka yan din yung naghohold back sa mga employers.",24-Jun,205,"Lack of
Relevance",,Yes,"""Sa jobstreet 50+ to 100+ applicants yung natatanggap ng isang HR!""",Highlights high competition making it hard to stand out in job applications.,False
74,phcareers,https://www.reddit.com/r/phcareers/comments/1d7wjm4/my_goal_was_to_have_a_new_job_by_june_this_june_i/,My goal was to have a new job by June. This June I faced my 100th rejection.,comment,"Listen, someone out there will bite an 18k salary.

This someone is a graduate with latin honors or maybe a 100% scholarship records. If you think that you have a fighting chance against these fresh grads that are easily acquirable, I tell you, you will have a hard time.

It took me 3 months to secure a good paying job, 30k+, for me it's good already, for some it might be small.

Only apply to the job that is directly or nearly related to your course or previous experience. Make sure that you practice what you will be saying in the interviews, relate it to your job if it's not that aligned (for context, I'm a grad of Marketing Comms/Advs on 22, I am working in a financial intuition now as an analyst).

The key here is proper communication and confidence. Well, confidence really.

On my first 2 months of tengga, I was throwing resumes in all directions, maybe more than 200+ submission. On the 3rd month, I realized that I was wasting my time. On the 1st week of the 3rd month, I only applied like 8x companies. These 8 applications, I made sure to include every single thing that an employer or manger would need or want to see. A complete and proper resume + cover letter + letter of intent. All of it, specialized to each. I got 4 interviews. 2 for final, but I took the other one as it was  willing to pay higher.

Hope this helps, and kapit lang. More than all these things that I've said, God's time will come in a very special way. Before I secured the job, I was running low on budget to survive another month, then here I am working again.

  
Edit 1: I highly suggest that you find the official website of the company and apply THERE, not in linked in. Linked is is saturated af. They use filters, kung di ka pasok sa filter, 0 chance ka agad.",24-Jun,147,"Lack of
Relevance",LinkedIn,Yes,"""If you think that you have a fighting chance against these fresh grads that are easily acquirable, I tell you, you will have a hard time.""",Highlights competition disadvantage due to market conditions and applicant pool.,True
75,phcareers,https://www.reddit.com/r/phcareers/comments/1d7wjm4/my_goal_was_to_have_a_new_job_by_june_this_june_i/,My goal was to have a new job by June. This June I faced my 100th rejection.,comment,"Here is my untested and unproven golden formula:

https://www.linkedin.com/feed/update/urn:li:activity:7180913364586373120?updateEntityUrn=urn%3Ali%3Afs_updateV2%3A%28urn%3Ali%3Aactivity%3A7180913364586373120%2CFEED_DETAIL%2CEMPTY%2CDEFAULT%2Cfalse%29

Stagnant ako ngayon job search ko kasi “HAYST” nakakainis and 3 days ko na sya hindi inaasikaso and working. 

If you want more info on this read the book “Reverse Job Search by James Whittaker” very convincing approach and scary kasi magsesend ng mga cold emails ganon but you gotta do what you gotta do

Its idea is to focus on your network and build social capital to get hired in the hidden job market. Shitty jobs ung mga advertised kasi desperate ang companies.

✨LINKEDIN✨

Pero before reading that book I suggest focusing on what you really want first. “What color is your parachute by Richard Bolles” will help you assess what you TRULY WANT.

To assess better on what type of companies you want to work with I also suggest reading principles by ray dalio.

So far ang nagagawa ko pa lang is “honing the axe” by reading these 3 books and by randomly connecting with people in my industry and my desired location (NEW YORK CITY!). 

So far, I started from 100+ connections to 262 connections (mix of abroad and local). I also had increased profile views from 0 (when I was a fresh grad) to 133 profile views. Progress is Progress. Kahit maliit lang sya.

Hindi pa ako nagrereachout and nagbuibuild ng CRM job leads ko kaya ayon ✨🌈🙆‍♀️

planning to gatekeep this comment and resources I used pero please upvote to help others. You can apply and apply and end up in a shitty working environment and find a job. At least this way, you get to be in an employer that you truly want.",24-Jun,98,"Job Search
Burnout",LinkedIn,Yes,"""Stagnant ako ngayon job search ko kasi “HAYST” nakakainis and 3 days ko na sya hindi inaasikaso""",Expresses frustration and burnout causing stalled job search.,True
76,phcareers,https://www.reddit.com/r/phcareers/comments/1d7wjm4/my_goal_was_to_have_a_new_job_by_june_this_june_i/,My goal was to have a new job by June. This June I faced my 100th rejection.,comment,"I feel the same frustrations as you, OP. I’ve been looking for a job since December. This March, I thought I had a break because one of the banks replied to my job application on LinkedIn. We already had the final interview last April. I was ghosted and they reposted the job. When I asked for an update, they told me that they were looking for more candidates and that they will get back to me. 🥹
I try not to dwell on the negative aspects of it and look to it as a redirection. I also look for other jobs that would best suit me. Praying that we get that break soon 🙏🏼",24-Jun,51,Ghosting,LinkedIn,Yes,"""We already had the final interview last April. I was ghosted and they reposted the job.""",Clear ghosting after final interview despite strong candidacy.,True
77,phcareers,https://www.reddit.com/r/phcareers/comments/1d7wjm4/my_goal_was_to_have_a_new_job_by_june_this_june_i/,My goal was to have a new job by June. This June I faced my 100th rejection.,comment,"Hahay. Same, i'm getting frustrated. Umabot na ako sa interviews and said they'll follow up but I was ghosted. Nakakapagod maging adult at alipin sa salapi.",24-Jun,21,Ghosting,,Yes,"""Umabot na ako sa interviews and said they'll follow up but I was ghosted.""",Direct complaint about being ghosted after interviews.,False
78,phcareers,https://www.reddit.com/r/phcareers/comments/1d7wjm4/my_goal_was_to_have_a_new_job_by_june_this_june_i/,My goal was to have a new job by June. This June I faced my 100th rejection.,comment,Not to mention the hope and excitement you get when an employer replies tapos feeling mo naman the interview went well pero makakakuha ka ng email saying they went with another candidate or ghinost ka maski kinapalan mo na muka mo para magfollowup ng tatlong beses. Yung at the beginning of your job hunt you started out as a fairly confident person but now you’re a shell of your former self because of multiple rejections 😭😭,24-Jun,24,"Job Search
Burnout",,Yes,"""you’re a shell of your former self because of multiple rejections""",Shows emotional toll from repeated rejections and ghosting.,False
79,phcareers,https://www.reddit.com/r/phcareers/comments/1d7wjm4/my_goal_was_to_have_a_new_job_by_june_this_june_i/,My goal was to have a new job by June. This June I faced my 100th rejection.,comment,I feel you. It took me a year and a half and hundreds of rejections until I found a job that is aligned with what I want to do. I was also nearing my 30s last year and grabe yung pressure sa peers na ang ganda na ng career at position in life. A lot of us na nasa late 20s ang naeexperience yan especially if you are also experiencing your saturn return. Persevere and don't stop. Ibibigay din ni God ang career na para sayo,24-Jun,15,"Job Search
Burnout",,Yes,"""It took me a year and a half and hundreds of rejections""",Highlights prolonged job search and emotional pressure from peers.,False
80,phcareers,https://www.reddit.com/r/phcareers/comments/1d7wjm4/my_goal_was_to_have_a_new_job_by_june_this_june_i/,My goal was to have a new job by June. This June I faced my 100th rejection.,comment,"parang ayoko na tuloy mag resign sa trabaho ko kahit npaka toxic and stressfull na, pag nakakabasa ako ng mga ganitong hirap makakuha ng bagong trabaho! Lord please po help us 🙏🏻🙏🏻🙏🏻
help OP, malapit na dumating ang hiling mo ❤️",24-Jun,28,"Job Search
Burnout",,Yes,"""parang ayoko na tuloy mag resign... hirap makakuha ng bagong trabaho""",Shows fear and anxiety about job search difficulty affecting decisions.,False
81,phcareers,https://www.reddit.com/r/phcareers/comments/1d7wjm4/my_goal_was_to_have_a_new_job_by_june_this_june_i/,My goal was to have a new job by June. This June I faced my 100th rejection.,comment,"Mga three weeks ago, meron akong interview. Dalawang company. Yung isa matagal ko na talagang target kasi ilang beses na ako nag try sa kanila pero laging rejected. Minsan umabot pa ako sa third round ng 4 rounds interview nila pero ligwak. Going back three weeks ago, grabe yung time na ginugol ko para makapag prep sa initial interview. Confident ako na covered ko lahat ng possible questions, pati na din everything about sa company. Confident din ako sa skills ko. Sabi ko this time akin na to. Pero nung mismong interview na, I don’t know pero hindi ko gusto yung performance ko. At iba din yung flow ng interview which I didn’t expect. Kasi hindi naman ganito nung last try ko 6 months ago. Then ayun ligwak sa initial pa lang. 

After nun nag break muna ako sa pag apply. Then kanina during lunch break sa current work ko, nag submit ulet ako. I noticed na 100th applications ko na pala kanina. Naka tracker kasi yun lahat. And take note this year ko lang sinimulan itrack. Hindi pa kasama yung countless interviews, rejections, ghosting from May 2022-December 2023. Huhu. 

Kanina nag try muna ako sa ibang platform. Pati mga opening na ibang bansa yung location pero remote naman pinatos ko na kahit walang chance. Sana magka job offer na tayo, na may magandang salary package at work environment ✨",24-Jun,12,Ghosting,,Yes,"""Hindi pa kasama yung countless interviews, rejections, ghosting from May 2022-December 2023.""","Shows repeated rejection and ghosting over a long period, indicating persistent job search difficulty.",False
82,phcareers,https://www.reddit.com/r/phcareers/comments/1d7wjm4/my_goal_was_to_have_a_new_job_by_june_this_june_i/,My goal was to have a new job by June. This June I faced my 100th rejection.,comment,"Kapit lan OP! Ako nga 38 na at shifter, hmm, 9mos tengga, ubos savings.. nawawalan na ako ng hope din kasi last string na yung pera ko  good for 2 weeks na lang,   aun, nung huli 3 J.O in a span of 1 week sabay sabay sila, yung isa halos 3x pa ng former salary ko ahihihi.",24-Jun,11,"Job Search
Burnout",,Yes,"""9mos tengga, ubos savings.. nawawalan na ako ng hope""",Highlights financial stress and loss of hope during prolonged job search.,False
83,phcareers,https://www.reddit.com/r/phcareers/comments/1d7wjm4/my_goal_was_to_have_a_new_job_by_june_this_june_i/,My goal was to have a new job by June. This June I faced my 100th rejection.,comment,I relate. I’m starting to have unwanted bitterness towards milestones ng friends ko kahit alam ko na deserve naman nila at pinaghirapan nila yun. I can’t help but compare myself to them. My depression and anxiety got worse from it too…araw-araw rejection..kinakain na ako ng kahihiyan kasi 28 na ako at naging pabigat pa ako sa magulang ko,24-Jun,7,"Job Search
Burnout",,Yes,"""My depression and anxiety got worse from it too…araw-araw rejection""",Strong emotional distress caused by repeated rejections and comparison with peers.,False
84,phcareers,https://www.reddit.com/r/phcareers/comments/1d7wjm4/my_goal_was_to_have_a_new_job_by_june_this_june_i/,My goal was to have a new job by June. This June I faced my 100th rejection.,comment,I'm in the same boat. The job market is insane 🥲,24-Jun,8,"Lack of
Relevance",,Yes,"""The job market is insane""",Expresses general difficulty and competitiveness of the job market.,False
85,phcareers,https://www.reddit.com/r/phcareers/comments/1d7wjm4/my_goal_was_to_have_a_new_job_by_june_this_june_i/,My goal was to have a new job by June. This June I faced my 100th rejection.,comment,"Don’t give up!!!!


Same same with you bro, Last October 2023, I accepted a Job Offer because I really need work at that time. From 60k a month na sahod, naging 35k. From 5 days a weeks naging 6 days a week. From every holdiay I rest naging obligado to work on a holiday. Plus nanakawan pako ng 6 digits that time. Well i needed a work, so talagang pikit mata kong pinirmahan.

 when the bills are hitting me and my lifestyle before di ko na magawa. It made me worry and make me feel stupid.

But one thing na nagparealize sakin na it’s a stupid decision to take it is nung I wanted to propose and settle na with my gf.

That’s why December 2023 palang apply nako ng apply. More than 100 companies inapplyan ko, to count on exact yung mga interview ko, Around 15. But no one accepted me.

But nagbago lahat nung March, it took me a month to go to the recruitment process. But it was worth it.

Then a job offer was sent last May, doubled my salary, back to 5 days, may pagkahybrid pa yung 2 out of the 5 days. And a lot pf benefits.

i immediately resigned. And rendered 15 days lang. sinabi ko nalang family matters.

Last june 3, i started na.

I hope makanahanp ka na. Attract lang. kaya yan",24-Jun,6,"Complex
Application Process",,Yes,"""More than 100 companies inapplyan ko... Around 15 interviews. But no one accepted me.""",Highlights high effort with low success rate in job search.,False
86,phcareers,https://www.reddit.com/r/phcareers/comments/1d7wjm4/my_goal_was_to_have_a_new_job_by_june_this_june_i/,My goal was to have a new job by June. This June I faced my 100th rejection.,comment,"I’m looking for a new job too. Hopefully, I get an offer by July. It’s tough but hang in there. Rooting for us, OP!",24-Jun,5,"Job Search
Burnout",,Yes,"""It’s tough but hang in there.""",Acknowledges difficulty of job search while expressing encouragement.,False
87,phcareers,https://www.reddit.com/r/phcareers/comments/1d7wjm4/my_goal_was_to_have_a_new_job_by_june_this_june_i/,My goal was to have a new job by June. This June I faced my 100th rejection.,comment,got lay off i'm an OFW. i've sent almost 2000 applications for the past 4 months PH and Abroad. im done and taking a break back to pinas na ko. Its the A.I ATS that these company uses and the status of the job market(Freeze Hiring) everything is planned by these companies not just here but all over the world. dagdag mo pa mga Bogus/ Ghost / Fake job Ads ng LinkedIn at Jobstreet na nag User Data Harvest. Send Directly to your target companies Career Portal,24-Jun,5,"Possibility
of Scam","LinkedIn, Jobstreet",Yes,"""dagdag mo pa mga Bogus/ Ghost / Fake job Ads ng LinkedIn at Jobstreet na nag User Data Harvest.""",Mentions fake job ads and data harvesting concerns alongside heavy application effort.,True
88,phcareers,https://www.reddit.com/r/phcareers/comments/1d7wjm4/my_goal_was_to_have_a_new_job_by_june_this_june_i/,My goal was to have a new job by June. This June I faced my 100th rejection.,comment,"whoa i admire your tenacity OP. ako kinain na ng takot kahit mag ayos ng resume di ko magawa at walang confidence sa sarili. i want to be like you na staying strong pa din kahit may rejections.

I'll try harder to be like you OP para naman mabago etong kapalaran ko",24-Jun,5,"Job Search
Burnout",,Yes,"""kinain na ng takot kahit mag ayos ng resume di ko magawa at walang confidence sa sarili""",Shows anxiety and loss of confidence preventing job search actions.,False
89,phcareers,https://www.reddit.com/r/phcareers/comments/1d7wjm4/my_goal_was_to_have_a_new_job_by_june_this_june_i/,My goal was to have a new job by June. This June I faced my 100th rejection.,comment,"Stop counting your rejections and just keep at it.

When my partner and I were both jobless we spent every weekday in our own screens applying relentlessly to every job we find doable.

It took my partner 2 weeks (take note that he's even a foreigner and was able to find something) and it took me 3 weeks of relentless application to find a job.

We both received hundreds of rejection letters till we were able to land 2 interviews each.

Job hunting is just a numbers game, do not take it to heart if you receive numerous rejections, it personally doesn't have anything to do with your capabilities especially if they only see your value on paper. If you stop and think for a second, would you really wanted to work for all of these 100 companies?

Don't forget no matter how dire your personal situation is, it's still a two way street.

Do you really want to work for a company who can't simply follow up on you? Their recruitment process says a lot about them too.",24-Jun,5,"Complex
Application Process",,Yes,"""We both received hundreds of rejection letters till we were able to land 2 interviews each.""",Highlights high rejection rates and low interview conversion in job search.,False
90,phcareers,https://www.reddit.com/r/phcareers/comments/1d7wjm4/my_goal_was_to_have_a_new_job_by_june_this_june_i/,My goal was to have a new job by June. This June I faced my 100th rejection.,comment,"Been there... 

after ko manood ng YT videos on how to ace up interviews, yun binalikan ako agad after a week na may 3 job offers on the same day... 

Pero ilang rejections din at lakad in different places just to find a job... Several months din ang inabot... 

But when the time is right, ibibigay talaga...

Don't give up...just find different/new strategies pagdating sa interviews...",24-Jun,5,"Complex
Application Process",,Yes,"""Pero ilang rejections din... Several months din ang inabot""",Indicates prolonged job search with multiple rejections before success.,False
91,phcareers,https://www.reddit.com/r/phcareers/comments/1d7wjm4/my_goal_was_to_have_a_new_job_by_june_this_june_i/,My goal was to have a new job by June. This June I faced my 100th rejection.,comment,Same. Been job hunting since sept 2023. hahaha. Hirap pa kasi nasa Bacolod. Sobrang konti ng job opportunity dito sa mga provinces.,24-Jun,8,"Lack of
Relevance",,Yes,"""Sobrang konti ng job opportunity dito sa mga provinces.""",Highlights limited job opportunities based on location.,False
92,phcareers,https://www.reddit.com/r/phcareers/comments/1d7wjm4/my_goal_was_to_have_a_new_job_by_june_this_june_i/,My goal was to have a new job by June. This June I faced my 100th rejection.,comment,"I feel you OP. I found a part-time job pero feel ko kulang (monetarily, kulang naman talaga). So like you, apply apply lang din ako. Ipasa yung whatever resume to a company. It makes me think whether I would just apply for a different (lower) position na lang while waiting for prospects. I guess it's a humbling experience din. You have to manage expectations. Lots of things are going through my head each day - mag abroad, change career, kaya nakakawalang gana. Naging couch potato lang ako sa bahay, nakahiga. Feeling shame and worthless. Kaya, I feel you din na nakakasama sa mental health ito. 

Chin up and hope you find your job. We all have to start from somewhere.",24-Jun,3,"Job Search
Burnout",,Yes,"""Feeling shame and worthless... nakakasama sa mental health ito.""",Strong emotional impact from job search and underemployment.,False
93,phcareers,https://www.reddit.com/r/phcareers/comments/1d7wjm4/my_goal_was_to_have_a_new_job_by_june_this_june_i/,My goal was to have a new job by June. This June I faced my 100th rejection.,comment,"Took me 7 months and tons of rejection last year before I landed a job. Unfortunately resigning na ako ulit after 6 mos kasi di ko gusto work environment dito. Bahala na ulit si Batman kaysa mabaliw ako huhuhu 

Makakahanap ka din. Just be patient and maniwala ka sa sarili mo.

*edited some typos",24-Jun,5,"Job Search
Burnout",,Yes,"""Took me 7 months and tons of rejection last year before I landed a job.""",Highlights prolonged job search with repeated rejection and emotional strain.,False
94,phcareers,https://www.reddit.com/r/phcareers/comments/1d7wjm4/my_goal_was_to_have_a_new_job_by_june_this_june_i/,My goal was to have a new job by June. This June I faced my 100th rejection.,comment,"I feel you deeply OP, since March, I'm still trying to find a job, mass resume sending at night, trying in job fairs even the job is blue collar ones (I graduated last year, worked and resigned after a huge series of mishaps) but now my attention span in job hunting wanes as now I'm investing in airbnb rentals, and pleasure biz. It sucks to be eager and getting nothing. Still needs more income since I'm always hungry and splurging on food... Hopefully, your next job is a charm that won't drain you, thus making you grow as a person too.",24-Jun,3,"Job Search
Burnout",,Yes,"""It sucks to be eager and getting nothing.""",Expresses frustration from repeated effort with no results in job search.,False
95,phcareers,https://www.reddit.com/r/phcareers/comments/1d7wjm4/my_goal_was_to_have_a_new_job_by_june_this_june_i/,My goal was to have a new job by June. This June I faced my 100th rejection.,comment,"Hello OP. I feel you. when I was a fresh graduate, I applied 24 applications for web development and no one answers and I was informed I failed. but when I tried to apply 1 position that is quality assurance engineer, that is where I got hired. now today I applied for 1 job application for lead role and I got hired thanks to experience. I suggest to practice first baka kasi sa interview palang mejo nalito si recruiter sayo. also make sure you align what you applied kasi mas malaki ang confidence level mo if you know to answer ano ibato ni recruiter sayo. they will see you if you lose your composure at confidence mo. I to experience rejections but in order to prevent that is I did some practice first and study first bago mag start ng interview(thanks to my wife who is an ESL teacher who teaches english to japanese students) and na Ace ko ang interview. wag down ng down, find ways how to improve first your interview by practicing, make it as a learning experience ung na failed ka and then looking forward to another interview. best of luck OP. I know may makita ka ng work one day. just have faith lang.",24-Jun,3,"Lack of
Visibility",,Yes,"""I applied 24 applications for web development and no one answers""","Highlights lack of responses despite multiple applications, indicating visibility issues.",False
96,phcareers,https://www.reddit.com/r/phcareers/comments/1d7wjm4/my_goal_was_to_have_a_new_job_by_june_this_june_i/,My goal was to have a new job by June. This June I faced my 100th rejection.,comment,"OP, if it is any consolation, I am also in the market right now. Hindi ako career shifter, and I have a few certifications already (TOGAF, COBIT, ITIL, PRINCE2, AWS, GCP, Azure). Pero gino-ghost pa rin ako ng recruiters and hiring managers. I attribute this to two things: incompetence ng recruiters (extremely few recruiters know what they need to look out for), and lack of empathy and professionalism.  
  
Not sure which industry you are trying to get in. Silipin mo lang yung mga pwede mong aralin on the side to upskill while waiting for opportunities. Pasasaan pa at mapupunta rin ang para sayo. Wishing you the best of luck!",24-Jun,3,Ghosting,,Yes,"""Pero gino-ghost pa rin ako ng recruiters and hiring managers.""","Shows ghosting despite strong qualifications, highlighting hiring process issues.",False
97,phcareers,https://www.reddit.com/r/phcareers/comments/1d7wjm4/my_goal_was_to_have_a_new_job_by_june_this_june_i/,My goal was to have a new job by June. This June I faced my 100th rejection.,comment,"I've been applying since Feb until now wala parin work. I've had some job interviews and some that I almost got the job but I didn't hear from them again.  
It's rough out there. I feel you,  
May we get the job we want soon. Kapit lang.",24-Jun,3,Ghosting,,Yes,"""I've had some job interviews and some that I almost got the job but I didn't hear from them again.""","Indicates ghosting after interviews, contributing to job search frustration.",False
98,phcareers,https://www.reddit.com/r/phcareers/comments/1d7wjm4/my_goal_was_to_have_a_new_job_by_june_this_june_i/,My goal was to have a new job by June. This June I faced my 100th rejection.,comment,I probably had 250+ job rejections/ghostings because I wouldn't accept anything less than 30k. Keep your head up and know your worth lang. Kesa naman mapunta ka sa work that pays peanuts.,24-Jun,3,Ghosting,,Yes,"""I probably had 250+ job rejections/ghostings""",Shows high volume of rejections and ghosting in job search.,False
1,phcareers,https://www.reddit.com/r/phcareers/comments/15rd83t/ghosted_by_an_employer_who_promised_me_sht_what/,"Ghosted by an employer who promised me sht, what are your insights to this?",comment,Job hunt lng ng job hunt dont stop until they ask you to sign a contract,23-Aug,3,"Job Search
Burnout",,Yes,dont stop until they ask you to sign a contract,,False
2,phcareers,https://www.reddit.com/r/phcareers/comments/15rd83t/ghosted_by_an_employer_who_promised_me_sht_what/,"Ghosted by an employer who promised me sht, what are your insights to this?",comment,"Our boss told us 2 months ago na may padating daw na new member sa team namin within the week, nakapasa na lahat lahat.

Then around 2 weeks later na mention ulit, ganun pa rin yung sinabi.

Chismax ng source ko is naka hold daw yung mga new hire until Q4. Then tsaka na nila babalikan ulit lahat, for reasons unknown. 

Di na kinaya ng powers maka-lagap ng info.

Kaya we'll never be sure ano ba nangyayare internally, kaya mo yan OP play the numbers game na lang muna.",23-Aug,3,"Complex
Application Process",,Yes,we'll never be sure ano ba nangyayare internally,,False
3,phcareers,https://www.reddit.com/r/phcareers/comments/15rd83t/ghosted_by_an_employer_who_promised_me_sht_what/,"Ghosted by an employer who promised me sht, what are your insights to this?",comment,School is done and now you experience the real world!,23-Aug,3,"Job Search
Burnout",,Yes,,,False
4,phcareers,https://www.reddit.com/r/phcareers/comments/15rd83t/ghosted_by_an_employer_who_promised_me_sht_what/,"Ghosted by an employer who promised me sht, what are your insights to this?",comment,"don't expect to receive a call. for applications like this, usually wait for 1 week.

you may have passed all levels of interview but not on the screening by the IT head that would warrant a final interview.",23-Aug,3,"Complex
Application Process",,Yes,,,False
5,phcareers,https://www.reddit.com/r/phcareers/comments/15rd83t/ghosted_by_an_employer_who_promised_me_sht_what/,"Ghosted by an employer who promised me sht, what are your insights to this?",comment,"You have the right to follow up on your application. I advise you do it via email so it's documented.

However, please be aware that some companies might really take some time to process applications. My cousin applied for work in Accenture in May 2023 and until now, he's waiting for updates. I, for one, do not prefer such lengthy hiring processes, but we do not know everything that's happening within the company, so have the benefit of the doubt and back-up plans.

That is why I am informing you that... (From the top) 😅",23-Aug,3,"Complex
Application Process",,Yes,,,False
6,phcareers,https://www.reddit.com/r/phcareers/comments/15rd83t/ghosted_by_an_employer_who_promised_me_sht_what/,"Ghosted by an employer who promised me sht, what are your insights to this?",comment,"Happened to me 2 yrs ago

I Applied, did the intial and final interview + exams. Signed a bunch of bullshit papers and told me that they were gonna call and they did after 1 FCKN WEEK but the hr said that the position was full and so I have to go to a different branch and gonna take the process all over again like WTF?! 

Idk if this is legal or illegal I just moved on and applied to a different company",23-Aug,3,Ghosting,,Yes,,,False
7,phcareers,https://www.reddit.com/r/phcareers/comments/15rd83t/ghosted_by_an_employer_who_promised_me_sht_what/,"Ghosted by an employer who promised me sht, what are your insights to this?",comment,"Tuloy ang buhay O.P.  
Apply lang ng apply. Regardless kung you Aced the exam,  ikaw ang pinakamabilis, etc, hindi ito 100% assurance ng job hanggat walang J.O./contract. May instances din na kahit may contract, after few days nate-terminate. Kaya tuloy lang ang buhay. On positive note, yung experience mo ng flow ng interview, may idea ka na. *Halos* ganyan ang magiging interview sa role/position na inaapplyan mo.",23-Aug,3,"Job Search
Burnout",,Yes,,,False
8,phcareers,https://www.reddit.com/r/phcareers/comments/15rd83t/ghosted_by_an_employer_who_promised_me_sht_what/,"Ghosted by an employer who promised me sht, what are your insights to this?",comment,"In my experience, wag kang pakasigurado hanggat di mo pa nakukuha ang una mong sweldo.",23-Aug,3,"Possibility
of Scam",,Yes,,,False
9,phcareers,https://www.reddit.com/r/phcareers/comments/15rd83t/ghosted_by_an_employer_who_promised_me_sht_what/,"Ghosted by an employer who promised me sht, what are your insights to this?",comment,I think you intimidated them with your skill OP. Petiks siguro mga yan takot sila na ma-expose mo pagkapetiks nila based sa ginawa mo na natapos mo ung 4 hour task for them nang 1 hour lang.,23-Aug,3,"Lack of
Relevance",,Yes,,,False
10,phcareers,https://www.reddit.com/r/phcareers/comments/15rd83t/ghosted_by_an_employer_who_promised_me_sht_what/,"Ghosted by an employer who promised me sht, what are your insights to this?",comment,"lmao, this is sadly a reality. welcome to the real world",23-Aug,2,"Job Search
Burnout",,Yes,,,False
11,phcareers,https://www.reddit.com/r/phcareers/comments/15rd83t/ghosted_by_an_employer_who_promised_me_sht_what/,"Ghosted by an employer who promised me sht, what are your insights to this?",comment,"Unless you signed on the doted line, keep it moving. 2 follow ups enough na yan.. nkkadeflate tlga ung sasabihin sayo, you have a very strong profile tapos biglang ghosted. 😅",23-Aug,2,"Job Search
Burnout",,Yes,,,False
12,phcareers,https://www.reddit.com/r/phcareers/comments/15rd83t/ghosted_by_an_employer_who_promised_me_sht_what/,"Ghosted by an employer who promised me sht, what are your insights to this?",comment,"Got a job offer in the past and even signed a contract then the employer ghosted me lmao. I feel you.

I think in your situation they were just trying to be nice but no plans on hiring you. Just try to find another job.",23-Aug,2,Ghosting,,Yes,,,False
13,phcareers,https://www.reddit.com/r/phcareers/comments/15rd83t/ghosted_by_an_employer_who_promised_me_sht_what/,"Ghosted by an employer who promised me sht, what are your insights to this?",comment,"I blacklist companies with disrespectful HR practices like ghosting after HOURS of process spent. Kung may products, pati products. If they do not know how to treat their applicants with respect, what more kapag employee ka na? Consider it a blessing.",23-Aug,2,Ghosting,,Yes,,,False
14,phcareers,https://www.reddit.com/r/phcareers/comments/15rd83t/ghosted_by_an_employer_who_promised_me_sht_what/,"Ghosted by an employer who promised me sht, what are your insights to this?",comment,"I've also experienced this scenario back in '17. I am already in passing some requirements but the hr staff refuses to pass some of my requirements without their ""hr manager"" approval. Malayo pa naman samin yung office na inaplayan ko. I did not bother to give them a follow up.",23-Aug,2,"Possibility
of Scam",,Yes,,,False
15,phcareers,https://www.reddit.com/r/phcareers/comments/15rd83t/ghosted_by_an_employer_who_promised_me_sht_what/,"Ghosted by an employer who promised me sht, what are your insights to this?",comment,"Mas masakit ma retract ng JO. Hahaha. 
Wag maniwala tlga sa HR hanggat walang papel at di ka pa nag start sa company. 😄",23-Aug,2,"Complex
Application Process",,Yes,,,False
16,phcareers,https://www.reddit.com/r/phcareers/comments/15rd83t/ghosted_by_an_employer_who_promised_me_sht_what/,"Ghosted by an employer who promised me sht, what are your insights to this?",comment,"It's been a month, wala na yan. Even then kung mag offer pa sila sa iyo, it's a red flag for a company to ignore mails for so long. Consider yourself lucky for dodging a bullet",23-Aug,2,"Possibility
of Scam",,Yes,,,False
17,phcareers,https://www.reddit.com/r/phcareers/comments/15rd83t/ghosted_by_an_employer_who_promised_me_sht_what/,"Ghosted by an employer who promised me sht, what are your insights to this?",comment,tapos pag nasa company ka na sasabihan ka/ kayo kasama kayo in long term next thing you know laid off na in a blink of an eye,23-Aug,2,"Complex
Application Process",,Yes,,,False
18,phcareers,https://www.reddit.com/r/phcareers/comments/15rd83t/ghosted_by_an_employer_who_promised_me_sht_what/,"Ghosted by an employer who promised me sht, what are your insights to this?",comment,Dodged a bullet. Obviously hindi magandang company pag ganyan. Wag mawalan ng pag-asa at humanap ng iba.,23-Aug,2,"Possibility
of Scam",,Yes,,,False
19,phcareers,https://www.reddit.com/r/phcareers/comments/15rd83t/ghosted_by_an_employer_who_promised_me_sht_what/,"Ghosted by an employer who promised me sht, what are your insights to this?",comment,"Naalala ko yung isang inapplyan ko last late 2022, nagka-technical interview kami ng Friday tas sabi during the call na abangan latest na the following Tuesday for the final interview (formality ganern).

Til now nakarami nang Tuesday, wala pa ring call na na nagaganap haha",23-Aug,3,Ghosting,,Yes,,,False
20,phcareers,https://www.reddit.com/r/phcareers/comments/15rd83t/ghosted_by_an_employer_who_promised_me_sht_what/,"Ghosted by an employer who promised me sht, what are your insights to this?",comment,"Hi. I'm an ECE coming from a NOC background currently studying to career shift to swe/webdev. 

Basically self study from scratch ako ng html/css/js then python/c++ for ds/algo. Seeking for a bootcamp is an option for me pero honestly I'm just not sure about myself if I can make the most out of the investment to have someone train me. 

That aside. I'm just curious, is that kind of technical exam an industry standard? I kinda wanna know what's it like applying for these roles as I've still yet to be interviewed. Patingin tingin pa lang. 

Admittedly I just find the anecdote daunting since interviewing still isnt a strong suit and I have test anxiety.",23-Aug,2,"Complex
Application Process",,Yes,is that kind of technical exam an industry standard,,False
21,phcareers,https://www.reddit.com/r/phcareers/comments/15rd83t/ghosted_by_an_employer_who_promised_me_sht_what/,"Ghosted by an employer who promised me sht, what are your insights to this?",comment,"Yep. When it comes to JOs, if you don't have one in a week (or a promised date), I'd consider myself ghosted. It's not unusual for companies to do this.",23-Aug,2,Ghosting,,Yes,,,False
23,phcareers,https://www.reddit.com/r/phcareers/comments/15rd83t/ghosted_by_an_employer_who_promised_me_sht_what/,"Ghosted by an employer who promised me sht, what are your insights to this?",comment,Blessing in disguise na rin yan OP na hindi ka natuloy sa company na yan. Medyo red flag din na ni left hanging ka nila. And they can’t give you an honest feedback about the status of your application. Sure hit talaga na hired ka na pag may job contract ka na.,23-Aug,2,"Possibility
of Scam",,Yes,,,False
27,phcareers,https://www.reddit.com/r/phcareers/comments/15rd83t/ghosted_by_an_employer_who_promised_me_sht_what/,"Ghosted by an employer who promised me sht, what are your insights to this?",comment,Congrats OP not for the offer but for your skills as Junior dev. Yan ang mga hinahanap ngayon if ever magswitch ka into home-based. Don't settle for that company. Baka mas mataas pa offer sayo compared to their head IT,23-Aug,2,"Lack of
Relevance",,Yes,,,False
29,phcareers,https://www.reddit.com/r/phcareers/comments/15rd83t/ghosted_by_an_employer_who_promised_me_sht_what/,"Ghosted by an employer who promised me sht, what are your insights to this?",comment,"same situation, OP :( hope they can be more professional to tell that they're not gonna proceed with the hiring process hindi yung pinag iintay pa :( laban lang! might find a better company :)",23-Aug,2,Ghosting,,Yes,,,False
31,phcareers,https://www.reddit.com/r/phcareers/comments/15rd83t/ghosted_by_an_employer_who_promised_me_sht_what/,"Ghosted by an employer who promised me sht, what are your insights to this?",comment,ako basta 1hr lang pinag antay matik alis na ako walang nang pa alam sa HR move on agad ako hanap ibang company agad 乁⁠ ⁠˘⁠ ⁠o⁠ ⁠˘⁠ ⁠ㄏ,23-Aug,1,"Complex
Application Process",,Yes,,,False
35,phcareers,https://www.reddit.com/r/phcareers/comments/1hxwi6g/thoughts_on_ghostingbeing_ghosted_during_job/,Thoughts on ghosting/being ghosted during job applications,post,"Malamang common ganap ito sa job hunting. May it be from not receiving any replies to applications, to just not hearing anything back after being interviewed.

Need to unload my thoughts here in Reddit. Rather than address this issue ""straight to the face"" via email/text/LinkedIn message dun sa contact person or taga-HR or whoever pwedeng i-reach out na involved sa hiring process, as doing so ay baka mapasama ako and I may seem unprofessional this way.

If it's just applying for a job, I understand na busy ang HR and everyone involved sa hiring processes ng companies, which would mean it would take some time before hearing back, need siguro ng sapat na panahon to screen applicants properly. Yun ay kung legit, and if the job postings are legit and available. If yun pala ay ""ghost job"", why does such things exist, or sa mga nasa likod ng hiring stuff bakit ginagawa nyo pa rin ito? Though pwede naman mag-follow-up after like weeks if walang response, pero minsan wala pa rin. Better if may response like confirmation of receipt ng applications, or whether considered for interviews or rejected ba agad, than not hearing anything at umaasa pa rin kahit wala.

Same goes after interviews. Waiting game before knowing of the decision, can be as quick as within the day o kinabukasan o makalawa, or need to wait days or weeks. Pwedeng mag-follow up if wala pa. Pero minsan, kahit anong nudge or follow-up, it's plain silence. Is it safe to assume na hindi na tanggap, or would you wait a bit more and try to follow-up, at pag wala e di move on na?

I am in this situation right now after getting interviews from 3 companies since December. One is a week before Christmas, for a sales account executive position sa isang residence hotel in Ortigas, nakausap ang taga-HR at sales director, waiting if pasok sa final interview with general manager, na supposedly malalaman this week. Second is sa isang 4-star hotel sa Ortigas din right after new year, preferably for guest service agent o di kaya F&B or any other hotel job, pero offered a production staff under manufacturing dept, waiting for decision after 2 interviews. Then kinabukasan ay sa isang retail company sa BGC for a brand associate for food or if meron pang ibang suitable food related jobs, after initial interview no updates sa decision and if mabibigyan pa ng online exam. A week has passed, walang update. Nag-follow up na ako thru emails and text pati LinkedIn message if possible within this week, no response. Tried again, I'll see if magreply bago matapos ang week. Maybe try again next week baka for the last time if wala pa rin. Kung tahimik pa rin, well, move on na lang.
(UPDATE: Received a late reply from the residence hotel na inapplyan ko since mid-December, unfortunately I didn't make it to the final interview for the sales position.)

Sa mga taga-HR at nasa higher ranks involved sa mga hiring and recruitments, sana mabasa niyo to.  I understand the busy nature of your responsibilities at di siguro madali for you to decide who gets the jobs and who doesn't at least get through next steps of the process, could even take some time talaga. But please be honest, how really busy are you para di makapagbigay ng update sa mga applicants na nag-aantay? Or sinasadya nyo ba talagang i-ghost ang mga lalo nang hindi tanggap, at bakit? O di kaya ""ghost jobs"" lamang ang pino-post, what seems to be a vacancy may have already been filled or reserved or wala pa o wala talaga, at may mag-aapply just to end up with nothing. If one is to call them out by saying this as a message thru text or email or LinkedIn sa contact person responsible sa recruitment would be unprofessional on his/her part. Pero hindi ba unprofessional din ang pag-ghost sa mga candidates na nag-apply, nag-interview and then waiting na lang sa desisyon, as in iiwan na lang sa ere ang mga umaasa pang makatanggap ng kahit anong balita regarding sa status ng mga applications? Ghosting is a show of disrespect sa oras at effort ng mga aplikante, nagsayang ng oras at pagod pati pera na pang-transpo at requirements, para lang sa wala. If ganun lang gagawin nila, bakit pa sila magpo-post ng job vacancy or mag-invite for interview, if even before it happens ay yun pala ay malabo nang makakapasok? Yung mga nasa itaas, hindi rin ba dinanas din ang ganito, at anong pakiramdam, hindi rin ba nakakadismaya?

Mas katanggap-tanggap ang makatanggap ng rejection message, kaysa walang kahit anong update.

Realtalk lang diba? Pahirapan na nga ang job hunting, nagmamataas na ng standards ang iba na as if di sila nahirapan nung nasa ibaba pa sila. Tapos idagdag pa ang ganitong nangyayari. Ano na ang nangyayari sa atin?

For those na nakaranas din ng ganito, your thoughts and take on this? Sana nga meron nang tumanggap sa atin na kumpanyang nagpapahalaga sa oras at efforts natin.",25-Jan,23,Ghosting,,Yes,,,False
36,phcareers,https://www.reddit.com/r/phcareers/comments/1hxwi6g/thoughts_on_ghostingbeing_ghosted_during_job/,Thoughts on ghosting/being ghosted during job applications,comment,Yung pinaka shitty HR for me is yung HR na nangoghost after trying to negotiate the compensation and benefits. Sobrang kupal.,25-Jan,21,Ghosting,,Yes,,,False
37,phcareers,https://www.reddit.com/r/phcareers/comments/1hxwi6g/thoughts_on_ghostingbeing_ghosted_during_job/,Thoughts on ghosting/being ghosted during job applications,comment,"Remember that you are just a number to them so they might as well just be a number to you.

Just keep applying and going through the process until you get a job offer. At no point should there be 'stop and wait for replies' because when you do that, that's when you start to take things personally.",25-Jan,8,"Job Search
Burnout",,Yes,,,False
38,phcareers,https://www.reddit.com/r/phcareers/comments/1hxwi6g/thoughts_on_ghostingbeing_ghosted_during_job/,Thoughts on ghosting/being ghosted during job applications,comment,"I totally get where you’re coming from. The job application process can be so frustrating, especially when it feels like you’re just being left hanging. Ghosting, whether before or after an interview, can definitely feel disrespectful, especially when you’ve put in your time, effort, and money for the process. It’s not just about the rejection, but also the uncertainty and lack of communication.

I think you’re right to bring up ‘ghost jobs’ — it’s something many applicants experience, where the job posting might already be filled or never real in the first place. That’s honestly something companies need to address more transparently. A simple rejection email or even a “we’re still deciding” update would go a long way in keeping applicants from feeling like they’re just wasting their time.

As much as we understand how busy HR can be, communication is key. And honestly, if companies are not even willing to send a simple update, it reflects poorly on them, too. It’s a two-way street — just as you, as an applicant, are assessing them, they are also being assessed by you.

For now, I think it’s good to follow up a few times, but also give yourself the space to move on if you don’t get a response. Keep applying, stay persistent, and eventually you’ll land something where your time and efforts are truly valued. Hang in there — something better is coming your way!",25-Jan,3,Ghosting,,Yes,,,False
39,phcareers,https://www.reddit.com/r/phcareers/comments/1hxwi6g/thoughts_on_ghostingbeing_ghosted_during_job/,Thoughts on ghosting/being ghosted during job applications,comment,Too common for me to give a fuck about it. Ive been working since 1996 so ive had my share of getting ghosted.,25-Jan,4,Ghosting,,Yes,,,False
40,phcareers,https://www.reddit.com/r/phcareers/comments/1hxwi6g/thoughts_on_ghostingbeing_ghosted_during_job/,Thoughts on ghosting/being ghosted during job applications,comment,"sent 12 applications so far for my priority (I call it my tier 1 priority) companies and 7 already rejected me and 5 still pending.

sa 5, iba dun is nung December pa ako nag apply.

I don't know if mag move on na ba ako sa tier 2 priority list ko.

ayaw ko kase pagsabayin tier 1 and 2 and ma pressure sa pag decide. pero grabe, di ko alam if normal pa ba na month/weeks pag hintay ko sa application pa lang (wala pang interview).",25-Jan,3,Ghosting,,Yes,,,False
41,phcareers,https://www.reddit.com/r/phcareers/comments/1hxwi6g/thoughts_on_ghostingbeing_ghosted_during_job/,Thoughts on ghosting/being ghosted during job applications,comment,I experience this 4 interviews in 1 week. Lahat sila nag promise na mag uupdate agad pero wala talaga. Nakakalungkot pero still need na maghanap ng work pa rin,25-Jan,2,"Job Search
Burnout",,Yes,,,False
43,phcareers,https://www.reddit.com/r/phcareers/comments/1hxwi6g/thoughts_on_ghostingbeing_ghosted_during_job/,Thoughts on ghosting/being ghosted during job applications,comment,"I feel your frustration, OP. I’ll try to give POV from both sides.

I was a recruiter many moons ago but I spent a big chunk of those years in executive hiring so the expectations are different and way lesser pool of candidates to manage. Each regret email I sent to the Directors, AVPs, etc. were personalized and sent via email, not the system. Back when I was on a more junior level, I was handling a lot of requisitions sometimes as high as 30 with approximately 100-150 candidates. It really is very hard to do all deliverables in only 8 hours. I was guilty of sometimes missing to update or send a rejection but when the applicants follow up, I made sure to reply immediately. Sometimes, the hiring process is taking long because of the hiring managers, marami ang mapili and will insist on seeing other candidates so that will initiate sourcing and interviewing again which can take 3-4 weeks while the others who were interviewed first are waiting. My guess is some recruiters just don’t know how to communicate that properly to candidates that’s why they ignore. Same thing happens on the applicants’ side, marami rin ang nangghost because maybe they do not know how to properly communicate to the recruiters that they do not want to proceed anymore. It’s not an excuse and should be part of their training (hopefully soon). So as a recruiter once, I apologize. In a nutshell, I think ghosting happens because recruiters are not able to properly manage their time due to their workload and for both applicants and recruiters it’s communication. 

As an applicant now and no longer on the other side of the process, it can be frustrating and sometimes kapag nainis ako, I even send an email to the recruiter educating them on how to do better. Most of the time, I just move on if I don’t hear from them after 2 weeks. I just take it as a no and it helps save me from added stress. I believe if companies will put this as part of the KPIs of the recruiters, ghosting scenarios will reduce by a lot.",25-Jan,2,"Lack of
Visibility",,Yes,"Sometimes, the hiring process is taking long because of the hiring managers, marami ang mapili and will insist on seeing other candidates so that will initiate sourcing and interviewing again which can take 3-4 weeks while the others who were interviewed first are waiting",,False
44,phcareers,https://www.reddit.com/r/phcareers/comments/1hxwi6g/thoughts_on_ghostingbeing_ghosted_during_job/,Thoughts on ghosting/being ghosted during job applications,comment,"I really don't care at all if they give me a feedback or not. If I don't get one then it either means they already have a candidate in mind that's in the later stages of the application or I am not a good fit for the role/team. Following up just feels as if I am in dire need of a job or I am desperately seeking work in their company.

If they don't like what they see from my resume then it's fine. I will be happy to work for someone who finds me as a great addition to the team.",25-Jan,2,"Lack of
Visibility",,Yes,,,False
45,phcareers,https://www.reddit.com/r/phcareers/comments/1hxwi6g/thoughts_on_ghostingbeing_ghosted_during_job/,Thoughts on ghosting/being ghosted during job applications,comment,"Experienced this lately, had an interview then assessment tas 2nd interview tapos they said I’ll get the final interview after. Never heard back from them since lol. I thought it was going well pa naman.",25-Jan,2,Ghosting,,Yes,,,False
46,phcareers,https://www.reddit.com/r/phcareers/comments/1hxwi6g/thoughts_on_ghostingbeing_ghosted_during_job/,Thoughts on ghosting/being ghosted during job applications,comment,"Yung December etong HR ng isang fintech company, panay ask ng available sched ko for final interview, laging na rereschedule, to the point di na ako binalikan. Any followups di naman rereplyan 🥲 sayang oras and emosyon ko. Bahalakajan.",25-Jan,1,Ghosting,,Yes,,,False
47,phcareers,https://www.reddit.com/r/phcareers/comments/16tt3y5/why_is_my_jo_taking_so_long_am_i_ghosted_by_the/,Why is my JO taking so long? Am I ghosted by the employer?,post,"Hello! Has anyone here had experience applying to Yondu, Inc. in Makati or has knowledge about the company? I applied for the Junior Application Support position. I had my initial interview around September 9th and successfully passed. Then, I had my final interview on September 11th, and the results came out on September 12th, confirming that I passed the final interview and was in line to receive a JO.  
  
I submitted the required documents before proceeding with the JO. I followed up and asked for an update on September 18th, and I was informed that it was already in progress. I followed up again on September 27th, and I was told that my HR contact has already sent a follow-up and that we are still waiting for an update.  
  
Is this typical for the processing time at Yondu? Why is it taking so long to process the JO? I would greatly appreciate any thoughts, suggestions, and insights regarding Yondu. Thank you!",23-Sep,1,"Complex
Application Process",,Yes,,,False
50,phcareers,https://www.reddit.com/r/phcareers/comments/16tt3y5/why_is_my_jo_taking_so_long_am_i_ghosted_by_the/,Why is my JO taking so long? Am I ghosted by the employer?,comment,"Hi everyone, just an update on this post—nope, I never received a JO from Yondu. I followed up multiple times with their HR over the course of a couple of months (this was two years ago), but never got a response. I eventually accepted that I was ghosted and moved on with a better company and job offer.

If you successfully received a JO from Yondu, I’m happy for you—good luck! For those still waiting, I suggest continuing to apply elsewhere and keeping your options open. You never know what might happen, just like in my case.

Anyway, good luck to all the job hunters and to everyone in their careers. Wishing you all the best! ✨",25-May,1,Ghosting,,Yes,,,False
51,phcareers,https://www.reddit.com/r/phcareers/comments/16tt3y5/why_is_my_jo_taking_so_long_am_i_ghosted_by_the/,Why is my JO taking so long? Am I ghosted by the employer?,comment,I applied there as well. Super quick interview process  and recruiter said they routed my JO for approval. The cause might be on the hiring manager side since I already submitted the documents and recruiters are already doing follow ups.,23-Oct,1,"Complex
Application Process",,Yes,,,False
52,phcareers,https://www.reddit.com/r/phcareers/comments/16zcg4k/how_to_deal_with_ghosting_recruiters/,How to deal with ghosting recruiters?,post,I have been applying to jobs and recently there was a chance for a phone interview. I was very excited to at least get an interview because it was from a company that i thought was very respectable. They told me to keep my lines open from the specified time but no call at all or follow up. I feel like its just wasting my time and at the same time is like a look into how they treat their employees.,23-Oct,15,Ghosting,,Yes,,EMOTIONAL,False
56,phcareers,https://www.reddit.com/r/phcareers/comments/16zcg4k/how_to_deal_with_ghosting_recruiters/,How to deal with ghosting recruiters?,comment,I was ghosted by this company after I sent them the marketing campaign proposal that they wanted me to do to “assess my skills”. Never heard from them again after that,23-Oct,3,Ghosting,,Yes,,,False
61,phcareers,https://www.reddit.com/r/phcareers/comments/16zcg4k/how_to_deal_with_ghosting_recruiters/,How to deal with ghosting recruiters?,comment,"Idkw pero sa dami rin ng interviews ko, yung nagiisang japanese company lang na inapplyan ko yung nag-inform sakin na hindi ako napili for the job. So yeah ganon talaga. Tuloy parin ang hanap ng work hangga't wala pang pinapapirmang contract.",23-Oct,1,"Overseas
Experience",,Yes,,,False
62,phcareers,https://www.reddit.com/r/phcareers/comments/16zcg4k/how_to_deal_with_ghosting_recruiters/,How to deal with ghosting recruiters?,comment,"Get a mantra and repeat it to yourself each time, worked for me and ambilis ko nakakamove on because of that",23-Oct,1,"Job Search
Burnout",,Yes,,,False
63,phcareers,https://www.reddit.com/r/phcareers/comments/1k7eafo/why_do_some_companies_ignore_applicants_after_the/,Why do some companies ignore applicants after the final interview?,post,"Hey everyone, I just wanted to vent a bit and maybe get some insight from hiring managers or HR professionals here.

Back in March, I went through the entire hiring process with a major company in the Philippines. After the final interview, I was hopeful. Kasi I was prepared because I really want the job. I didn’t receive a rejection email or any update at all. I followed up, but never heard anything back.

Ngayong araw, I found out through a mutual friend that my colleague, whose resume was also submitted by that same friend, got the job. Don’t get me wrong, I’m happy for him. But I’m also really disappointed that I wasn’t even informed of the outcome.

It just feels disheartening to go through all the steps, prepare so much, and then be completely ghosted. Is it really that hard to send a quick ""Thanks, but we went with someone else""?

To those in recruitment or HR, why does this happen? Is this normal practice? At para sa mga katulad kong applicants, how do you deal or handle with this kind of silence?

Edit: the one who was selected is a male, not female. So papalitan ko from she to he.",25-Apr,79,Ghosting,,Yes,,EMOTIONAL,False
64,phcareers,https://www.reddit.com/r/phcareers/comments/1k7eafo/why_do_some_companies_ignore_applicants_after_the/,Why do some companies ignore applicants after the final interview?,comment,"Yung sakin inemail pa ko na passed na raw and processing na lang ng application ko. After that, di na nagparamdam. After ng 2nd follow up ko, biglang meron na raw silang nahire hahahaha buti may ongoing application pa ko sa iba at di pa nagbibigay ng resignation letter",25-Apr,31,Ghosting,,Yes,,There is a consistent theme that a job offer is realized only upon a written contract. ,False
65,phcareers,https://www.reddit.com/r/phcareers/comments/1k7eafo/why_do_some_companies_ignore_applicants_after_the/,Why do some companies ignore applicants after the final interview?,comment,I keep on following up after I received a verbal offer I didn’t care if nakukulitan sila sakin because I really want the job and it really aligns with my passion today. Just calm myself after knowing that I got rejected and just keep on applying and sending out resumes.,25-Apr,9,Ghosting,,Yes,,EMOTIONAL,False
66,phcareers,https://www.reddit.com/r/phcareers/comments/1k7eafo/why_do_some_companies_ignore_applicants_after_the/,Why do some companies ignore applicants after the final interview?,comment,"As someone who used to be the head of HR, I always made sure na makapagbigay ng feedback sa applicants — whether hired sila or not. Mahirap siyang i-maintain, to be honest, lalo na kung sobrang daming kailangang asikasuhin. Pero dahil may shortlist kami at naka-track naman yung emails, nagiging mas madali kahit papaano.

Gets ko rin yung point mo — na sana lahat ng HR nagbibigay ng feedback, para naman makapag-move on na yung applicant, especially kung gustong gusto talaga nila yung role pero hindi sila nakuha. It’s really hard to be left hanging.

I also hope na one day, maging normal practice na ’to sa HR — to close that loop for every applicant. Hindi naman kailangan sobrang detailed, minsan kahit simple acknowledgment lang na “Thank you, but blah blah ” can go a long way.

Now to answer your question, siguro, palagay ko, ang sagot lang ay dahil sa dami ng kailangan ayusin — recruitment, onboarding, etc. So minsan parang thank you, next… naka-hire na, so focus na sa next step with the successful candidate.

Hindi excuse yun, pero I think that’s part of the reality. Still, kung may systems in place to make feedback easier, sana more teams can adopt that.

PS. Nung ako yung HR Head, nagbibigay ako ng feedback kasi may na-attendan akong interview before pa na wala man lang feedback, nakita ko na lang na nakapost na yung role ulit haha.",25-Apr,28,Ghosting,,Yes,,"On the side of HR people, they cite that they usually ghost because they have many other tasks.",False
67,phcareers,https://www.reddit.com/r/phcareers/comments/1k7eafo/why_do_some_companies_ignore_applicants_after_the/,Why do some companies ignore applicants after the final interview?,comment,"Part ako ng team na nagsscreen ng applicants. Idk if same way ba sa other companies but we usually put them back sa ""pool"" of applicants kaya di kami nagssend ng rejection letter kasi anytime pwede namin balikan in case we need another candidate or lets say biglang hindi tumuloy yung natanggap. It also saves time kasi di mo na kailangan mag screen ulit ng big number of applicants after one job post.

For me as an applicant naman, I don't mind it. You should never consider na tanggap ka na unless you actually get a job offer.",25-Apr,4,Ghosting,,Yes,"companies but we usually put them back sa ""pool"" of applicants kaya di kami nagssend ng rejection letter kasi anytime pwede namin balikan in case we need another candidate","On the side of HR people, they say that a person may be ghosted and not rejected so that they still have them as a pool.",False
70,phcareers,https://www.reddit.com/r/phcareers/comments/1k7eafo/why_do_some_companies_ignore_applicants_after_the/,Why do some companies ignore applicants after the final interview?,comment,"Naghahanap din ako ng work in Japan for almost a month na. Based on my experience (kasi ang dami ko ng natanggap na rejections, huhu) nag-iiemail sila or kaya naman ay nagsasabi sa interview na within 3 days sila mgcoconsider and kapag wala kang natanggap ni ha ni ho, wag ka nang umasa. Patawad nlng. Something like that kasi marami daw applicants and busy din sila. So at least, May closure ka kahit saang stage ng application at di ka ghosted. Courtesy na rin sayo since naglaan ka rin naman ng time and effort. Parang ganon.",25-Apr,2,"Overseas
Experience",,Yes,"Naghahanap din ako ng work in Japan for almost a month na. Based on my experience (kasi ang dami ko ng natanggap na rejections, huhu) nag-iiemail sila or kaya naman ay nagsasabi sa interview na within 3 days sila mgcoconsider and kapag wala kang natanggap ni ha ni ho, wag ka nang umasa",Japan is much more open if they have accepted you or not.,False
74,phcareers,https://www.reddit.com/r/phcareers/comments/1k7eafo/why_do_some_companies_ignore_applicants_after_the/,Why do some companies ignore applicants after the final interview?,comment,"Hi, how about kaya pag done na sa Medical and Physical Examination pero wala p din feedback si employer? ganito kasi ako ngayon waiting game 😩 

Feb = Interview and Psych test
Mar = nag apply ako sa iba pero bigla ulet tumawag itong company so resign ulet ako then pinatawag ako for some final interviews for diff dept. and for medical na daw ako.

April = done my medical…waiting until after holy week

Until now mag May na wala p din sila tawag 🥺😩

Ganito po ba hiring process sa mga universities? for non teaching staff",25-Apr,1,"Complex
Application Process",,Yes,done na sa Medical and Physical Examination pero wala p din feedback si employer,"Medical certificates were made, but not real job offer has been made.",False
76,phcareers,https://www.reddit.com/r/phcareers/comments/1k7eafo/why_do_some_companies_ignore_applicants_after_the/,Why do some companies ignore applicants after the final interview?,comment,"Move forward and look for the next opportunities. 

It weighs you down if you keep thinking about it. In life there is always an imbalance 

Search for a company that values its personnel in terms of compensation and Benefits. 

Good luck and you will be employed soon enough",25-Apr,1,"Lack of
Relevance",,Yes,Search for a company that values its personnel in terms of compensation and Benefits,,False
78,phcareers,https://www.reddit.com/r/phcareers/comments/1k7eafo/why_do_some_companies_ignore_applicants_after_the/,Why do some companies ignore applicants after the final interview?,comment,"You assumed na referral ka eh ihihire ka agad? That's a wrong mind set, you are prioritized to be interviewed not to be hired. You mentioned na you applied for a major company then you should expect that there are other candidates being considered for that role. Everyone prepares for their interview not just you, it reeks entitlement na dpat ihire ka. In every application you should expect na once you don't get an update 2 weeks from the said interview  date move on and search for the next possible opportunity for you. HR is not mandated by any labor laws to update every applicant when they fail.",25-Apr,-1,"Complex
Application Process",,Yes,,"The poster just makes it explicit that a referral only leads to an interview, not neccesarily the job itself.",False
79,phcareers,https://www.reddit.com/r/phcareers/comments/1imwgne/i_was_ghosted_by_hr_after_they_told_me_i_got_the/,I was ghosted by HR after they told me I got the job.,post,"Last January 30, 2025, I got a call from HR saying I got the job hanggang next day lang yung binigay niya sa akin to decide and sinabi na she will send the job offer within the day. Fast forward, February 11 na ngayon wala pa rin job offer pati sagot sa mga questions ko like time ng work, exact location ng commissary, and if sagot ba ng company if ever I got into an accident during working hours *(traumatized na me sa past, so I have to make sure dahil naaksidente ako before got injured pero emergency lang sinagot ng company),* I followed up last week pero until now-NADA, NONE, wala pa rin.

Should I follow up sa HR ulit or inform ko yung supervisor ng role offered sakin about this--ininterview niya rin ako kaya may contact din ako sakanya, what should I do?

Ang lala ng HR ethics ng ibang company.",25-Feb,263,Ghosting,,Yes,,"given a verbal offer, but no written contract",False
80,phcareers,https://www.reddit.com/r/phcareers/comments/1imwgne/i_was_ghosted_by_hr_after_they_told_me_i_got_the/,I was ghosted by HR after they told me I got the job.,comment,"Maybe you can contact them this week. If no response within the week. Stop na, hanap ulit nang iba..

I don't know bakit hirao na hirap mag contact ang HR sa mga applicant, it's a basic etiquette, I believe.

Di ka man ma tuloy dyan, isipin mo nalang that you are being saved from something worse.",25-Feb,253,Other,,Yes,isipin mo nalang that you are being saved from something worse,GHOSTING usually leads to thoughts that perhaps the company was a scam.,False
81,phcareers,https://www.reddit.com/r/phcareers/comments/1imwgne/i_was_ghosted_by_hr_after_they_told_me_i_got_the/,I was ghosted by HR after they told me I got the job.,comment,What company is this? Nkaka praning kasi I was also verbally offered last Friday and til now wala parin written offer hahaha although my recruiter responded to me yesterday pa.,25-Feb,74,Ghosting,,Yes,,"given a verbal offer, but no written contract",False
84,phcareers,https://www.reddit.com/r/phcareers/comments/1imwgne/i_was_ghosted_by_hr_after_they_told_me_i_got_the/,I was ghosted by HR after they told me I got the job.,comment,Had something similar happen to me TWICE alr this year HAHAHAHAH. Maniniwala nalang ata akong sure na if naka pasok na ako ng first day 😭,25-Feb,21,Ghosting,,Yes,,They would only start to believe that they had a job offer if they actually started working.,False
85,phcareers,https://www.reddit.com/r/phcareers/comments/1imwgne/i_was_ghosted_by_hr_after_they_told_me_i_got_the/,I was ghosted by HR after they told me I got the job.,comment,"naganito na rin ako dati. nag sign pa nga ng kontrata. sabi nag hahanap pa daw ibang members sa team kaya wag muna ako mag resign. kasi ma assign daw kami sa airport stuff project. after nyan na ghost na. after follow up ignored rin. buti nalang talaga at natanggap ako sa kabilang kumpanya na mas stable. kasi 3 months after that nagstart na ang pandemic. had i been accepted, isa ako sa mauunang ma lay off kasi new tenure plus airport project pa. buti nalang talaga.  rejection is redirection ika nga. and i truly believe that.",25-Feb,15,Ghosting,,Yes,,"given a verbal offer, but no written contract",False
86,phcareers,https://www.reddit.com/r/phcareers/comments/1imwgne/i_was_ghosted_by_hr_after_they_told_me_i_got_the/,I was ghosted by HR after they told me I got the job.,comment,"I experienced this last month. End of Jan daw i-email yung JO pero until now wala pa din. Naghanap na ako sa iba. Natanggap naman ako pero wala pa din JO. Ang sabi within this week (feb 10). So apply apply muna ulit hanggat wala pang paper.

Kaya ang mantra ko kahit sabihin na I got the job is,
“If its not documented, it did not happen”",25-Feb,9,Ghosting,,Yes,,"given a verbal offer, but no written contract",False
90,phcareers,https://www.reddit.com/r/phcareers/comments/1imwgne/i_was_ghosted_by_hr_after_they_told_me_i_got_the/,I was ghosted by HR after they told me I got the job.,comment,"Hahaha. Same here. Mabuti hindi pa ko nag resign sa current job ko. Pero kung tawagan man nila ko sa
Mga susunod na araw at kahit gusto ko yun sahod hindi na ko tutuloy. Hiring process pa lang naramdaman ko na may problema.",25-Feb,5,"Complex
Application Process",,Yes,,Hiring process pa lang naramdaman ko na may problema.,False
91,phcareers,https://www.reddit.com/r/phcareers/comments/1imwgne/i_was_ghosted_by_hr_after_they_told_me_i_got_the/,I was ghosted by HR after they told me I got the job.,comment,I ghosted alot of times na din. Parang normal na to sa mga recruiters. I dunno why they can't do email or sms just to decline properly para hindi umaasa yung applicant. How ironic na sila pa yung unprofessional,25-Feb,6,Ghosting,,Yes,,,False
95,phcareers,https://www.reddit.com/r/phcareers/comments/1imwgne/i_was_ghosted_by_hr_after_they_told_me_i_got_the/,I was ghosted by HR after they told me I got the job.,comment,"Experienced this too. I was able to get the job and should be able to receive the JO by the following week.  I followed up twice that following week but no to avail. HR replied to me a week after that he will send over the JO the following week since he was on leave. After that, wala na. I moved on na and focused on other pending applications haha",25-Feb,5,Ghosting,,Yes,,"given a verbal offer, but no written contract",False
97,phcareers,https://www.reddit.com/r/phcareers/comments/1imwgne/i_was_ghosted_by_hr_after_they_told_me_i_got_the/,I was ghosted by HR after they told me I got the job.,comment,"Similar thing happened to me, iniisip ko nga parang some of the HRs these days just wanted to scout kung ano compensation packages ng ibang companies. Cuz the moment na sinend ko yung deets nag current salary, wala ng paramdam. Called, texted and emailed them multiple times but wala talaga. HR nyo ghoster 🥲",25-Feb,3,Ghosting,,Yes,,"given a verbal offer, but no written contract",False
100,phcareers,https://www.reddit.com/r/phcareers/comments/1imwgne/i_was_ghosted_by_hr_after_they_told_me_i_got_the/,I was ghosted by HR after they told me I got the job.,comment,"Had that expi before, OP. It might be because they're still deciding if the position is still needed. Start looking na again kasi red flag yan. Happens even in the biggest of companies unfortunately.",25-Feb,3,Ghosting,,Yes,,"On the side of HR people, they say that a person may be ghosted and not rejected so that they still have them as a pool. GHOSTING usually leads to thoughts that perhaps the company was a scam.",False
102,phcareers,https://www.reddit.com/r/phcareers/comments/1imwgne/i_was_ghosted_by_hr_after_they_told_me_i_got_the/,I was ghosted by HR after they told me I got the job.,comment,I think my job lead is gonna be like this. Recruiter told me and congratulated me yesterday . Discussed the salary and negotiated a bit bcoz I got an offer which is higher + allowances. She told me that she’ll try to negotiate and get back to me within the day(monday). Then up until now. Wala pa rin. Should I wait for them? I really like their setup and the job is more inclined with my skillset.,25-Feb,2,Ghosting,,Yes,,"given a verbal offer, but no written contract",False
103,phcareers,https://www.reddit.com/r/phcareers/comments/1imwgne/i_was_ghosted_by_hr_after_they_told_me_i_got_the/,I was ghosted by HR after they told me I got the job.,comment,"Similar thing happened to me.  They ghosted me for months, thankfully hindi pa ko nagre-resign nun.  Ako lagi humahabol at nagfofollowup kasi gusto ko yung company that time.  I should've listened to my instincts at di na lang sana tinuloy.  LMAO",25-Feb,2,Ghosting,,Yes,,,False
105,phcareers,https://www.reddit.com/r/phcareers/comments/1imwgne/i_was_ghosted_by_hr_after_they_told_me_i_got_the/,I was ghosted by HR after they told me I got the job.,comment,"If wala pa ring written offer, humanap lang ng humanap and as much as possible maging stoic sa mga paandar na ""hired ka na"" verbally. Usad ka lang dzae, the more na naghihintay ka sa written contract galing sa verbal ""promise"" the more na masstress ka. Edi pag nagsend ng JO tapos bet mo pa rin (kahit shitty HR nila,) then go.",25-Feb,2,"Job Search
Burnout",,Yes,,"given a verbal offer, but no written contract",False
109,phcareers,https://www.reddit.com/r/phcareers/comments/1imwgne/i_was_ghosted_by_hr_after_they_told_me_i_got_the/,I was ghosted by HR after they told me I got the job.,comment,"sabi saken ng friend kong HR sa inhouse company siya now, meron daw talaga silang candidate na iniinterview pero di pinupursue, parang abang lang sila if ever di makuha ung target candidate nila. Pag di tumuloy ung target candidate, saka pa lang nila irerespond ung mga dumaan sa interview and almost JO.",25-Feb,2,Ghosting,,Yes,,"On the side of HR people, they say that a person may be ghosted and not rejected so that they still have them as a pool. GHOSTING usually leads to thoughts that perhaps the company was a scam.",False
110,phcareers,https://www.reddit.com/r/phcareers/comments/1imwgne/i_was_ghosted_by_hr_after_they_told_me_i_got_the/,I was ghosted by HR after they told me I got the job.,comment,"lol same tayo, OP. i was contacted early feb then naka-ilang move na ng offer letter kasi nagfa-finalize pa rin daw sila ng details. bahala na kung may dumating o wala. nasasayangan lang ako kasi gusto ko yung line of work nung position... totoo ngang walang final hangga't di ka pa nagf-first day hahahaha",25-Feb,2,Ghosting,,Yes,,"given a verbal offer, but no written contract",False
112,phcareers,https://www.reddit.com/r/phcareers/comments/1imwgne/i_was_ghosted_by_hr_after_they_told_me_i_got_the/,I was ghosted by HR after they told me I got the job.,comment,"Go for it! Message the supervisor, I did this once because the HR is so unresponsive with my queries. And when they do respond, usually they dont have any idea or just wont give you a straight answer.

Btw, this kind of treatment seems like a red flag already. 🤡",25-Feb,2,Ghosting,,Yes,,GHOSTING usually leads to thoughts that perhaps the company was a scam.,False
113,phcareers,https://www.reddit.com/r/phcareers/comments/1imwgne/i_was_ghosted_by_hr_after_they_told_me_i_got_the/,I was ghosted by HR after they told me I got the job.,comment,Kung sa linkedin ka nag apply check mo kung posted parin ang job offer good sign if wla na.,25-Feb,1,Ghosting,LinkedIn,Yes,,,True
115,phcareers,https://www.reddit.com/r/phcareers/comments/1imwgne/i_was_ghosted_by_hr_after_they_told_me_i_got_the/,I was ghosted by HR after they told me I got the job.,comment,"POV ng other side. Pero case lang namin eto ah, di ko sure sa iba. Not HR pero part of the system. Eto ang mga reasons.

1. Overload. 
Ang daming iniinterview ng HR namin everyday. Majority ay yung mga lower level na personnel. Minsan lang naman sa medyo may position talaga. Manual lang din kami. So, hindi niya talaga kaya isa-isahin lahat kasi ang dami niya ring ibang responsibilities

2. To keep the ball rolling. Para nasa pool pa rin ang applicants.
Merong time na na nag-inform siya sa mga rejected since may nakuha na. Kaso umatras yung napili. So, syempre, nakakahiya naman bawiin ang rejection pag ganun. 

3. Undecided.
May pina-email sa akin yung boss ko na alukin ko na siya ng position. Kaso. Binawi. Naka-print na yung papel niya tapos for signing na kaso ayun clinose ulit yung position kasi napagtanto na di priority. Kaya, sorry sayo ah at ghinost kita 😅 

Hindi rin porket na mukhang ok ang interview mo, ok ka na. Mababait lang talaga yung iba na ayaw mag-reject. Pag ako nagiinterview, mafifeel mo kung gusto kita or hindi 😅 sorry harsh pero para ma-improve ka rin for your next interview.

Lahat tayo dumaan sa HR Application. Iniisip ko dati na once maging involved ako sa system, I'll do better kasi nga alam ko ang feeling na lost kaso ang hirap pala. 

So, rule of thumb, tama kayo na hanggat walang papel, wag kampante. Pag gusto ka talaga, sila ang lalapit sayo. So pag no response, alam mo na.",25-Feb,1,Ghosting,,Yes,,,False
116,phcareers,https://www.reddit.com/r/phcareers/comments/1imwgne/i_was_ghosted_by_hr_after_they_told_me_i_got_the/,I was ghosted by HR after they told me I got the job.,comment,is this eteam by any chance lol. they ghosted me last year and resulted in 6 months' unemployment,25-Feb,1,Ghosting,,Yes,,"given a verbal offer, but no written contract",False
118,phcareers,https://www.reddit.com/r/phcareers/comments/1imwgne/i_was_ghosted_by_hr_after_they_told_me_i_got_the/,I was ghosted by HR after they told me I got the job.,comment,"Move on Op, also minsan nag babago din takbo isip ng management. Sa company ko before meron sila binigyan ng offer then nung tatangapin na nung applicant... nicancel ng higher management yung post so in the end kay HR sisi. 

Pero bad trip din talaga hr na wala nang update..",25-Feb,1,Ghosting,,Yes,,,False
119,phcareers,https://www.reddit.com/r/phcareers/comments/1imwgne/i_was_ghosted_by_hr_after_they_told_me_i_got_the/,I was ghosted by HR after they told me I got the job.,comment,"I’m an HR but been working for AU company since 2022, it’s true international companies have a more streamlined and efficient process. We make sure communication with candidates are constant both with preferred candidates or not. Not just because it’s the right thing to do, but because we don’t want to burn bridges with anyone as well. 

Anyway, I recently experienced the joy of local HR, I have a sister who’s working for a local company - she recently gave birth and had complications, her baby was premature and left in the hospital for more than a month now. My sister has been following on their HR, for her maternity benefits as they need the funds but my gosh - hr manager, supervisor they can’t be bothered to respond to her messages, she needs to sent someone pa sa office nila so someone would respond to her. Entirely different case with yours, but the lack of empathy of HR to their employees, nakakalungkot.",25-Feb,1,"Overseas
Experience",,Yes,It's true international companies have a more streamlined and efficient process. ,Comparing local HR to Australian HR,False
121,phcareers,https://www.reddit.com/r/phcareers/comments/1imwgne/i_was_ghosted_by_hr_after_they_told_me_i_got_the/,I was ghosted by HR after they told me I got the job.,comment,"hello! this also happened to me sa IC sa Ayala. Sabi I got the job lets just wait daw sa “gagawa ng JO docs etc hopefully next wk” ayun, 2.5 wks later gulat akes may standard email template na “unfortunately, after careful consideration…” Ang unprofessional",25-Feb,1,Ghosting,,Yes,,,False
122,phcareers,https://www.reddit.com/r/phcareers/comments/1imwgne/i_was_ghosted_by_hr_after_they_told_me_i_got_the/,I was ghosted by HR after they told me I got the job.,comment,"Currently experiencing this. Had the initial interview on 1st week of Feb., and the final interview on the second week. After that, got an sms from HR that the feedback from the interview was positive and told me to wait. Then after another a week, HR called and informed me that I was chosen and they will send the contract 10mins after the call. Now, 1 week has passed pero wala pa ring sinesend na contract. Contacted them many times pero walang reply. Take note, HR manager pa mismo ang kausap ko lol",25-Mar,1,Ghosting,,Yes,,,False
123,phcareers,https://www.reddit.com/r/phcareers/comments/12b1fja/unemployed_lost_and_losing_hope/,"Unemployed, lost and losing hope :(",post,"Hi,

I just wanna come here and hopefully get some support because I don’t think I could go on 😢

I’m 28 and I’ve been unemployed since last November, been applying for months now and so far, puro rejection lang natatanggap ko or even ghosting! Akala ko dati sa dating lang o relationships may ghosting pati pala sa job applications jusko 💀 I have 4 years of experience sa customer service industry / BPO pero parang kahit yun, irrelevant na or it’s not even good enough.

It’s rough out there, there are times na gusto ko nalang talaga mag give up kasi I feel like the older I get, the more I get lost or lose that sense of purpose. And it’s twice as hard for someone like me who has been diagnosed with Major Depressive Disorder / Bipolar Disorder. Grabe yung 2022 sakin, and I’m so scared this year would be even worse, considering where I’m at with my life right now.

I’ve been doing my part naman by sending out applications pero no luck talaga eh, mentally, I don’t think I’ve gotten any better too. Super hirap. Has anyone been in this situation before? Midlife crisis ba to? Or maybe I’m really just not good enough for everyone. Ang dami kong tanong, but no answers. It’s like I’m floating alone in the vast darkness of space and it feels endless. Any advice would be helpful thank you 😔",23-Apr,241,"Job Search
Burnout",,Yes,,,False
124,phcareers,https://www.reddit.com/r/phcareers/comments/12b1fja/unemployed_lost_and_losing_hope/,"Unemployed, lost and losing hope :(",comment,"Hello OP. Hmm wala ko maipapayo pero gusto ko lang sabihin na... Hindi ka nag iisa

Nagstart din ako maging unemployed last nov e. Tas ngayon rendering na lang ulit sa new company haha.. By May unemployed na ulet :( 

wala. Di ko alam. Lost and losing hope na rin sa career. Hays

Yun lang. Kaya natin to",23-Apr,77,"Job Search
Burnout",,Yes,,,False
126,phcareers,https://www.reddit.com/r/phcareers/comments/12b1fja/unemployed_lost_and_losing_hope/,"Unemployed, lost and losing hope :(",comment,"I was 28 when I lost my job. It was all very sudden. One day, nag-set sakin ng 1:1 yung manager ko na they will be letting me go because the company was having financial struggles. Pag balik ko sa desk ko, hindi na ako maka-login sa laptop ko, and my ID badge wasn’t working anymore (kahit sa pantry). Basically, they escorted me out of the building.

Same day, I was ghosted by the guy I’ve been dating for 3 years. As in bigla na lang nawala. Blocked me everywhere. No sign of life. Di ko alam until now kung buhay pa siya honestly. :))

Was unemployed for several months din, and I was in deep debt kasi may mga loans ako na I needed to pay-off. Sobrang lala, my health really deteriorated. Pero that’s life talaga. The highs are highs, and the lows are lows. Power through ka lang. You can hold on to people who support you. Ang ginawa ko that time, I made sure to apply for at least 1 job per day and at the same time I made sure to spend time on things na I’m interested in, and caught up with my friends for my mental health.

One day, nagulat na lang ako. A friend of mine referred me to a company without even knowing. Sunod sunod na yung blessings after that. I was offered a more senior role than my previous job and I’ll be celebrating my 5th year with this company soon. I’m happy with my benefits. And I was able to meet the love of my life in that same company. We’re now engaged.

Feel what you have to feel. It’s a valid human emotion. But don’t allow yourself to be sucked up by the bad things in this cruel world. Believe that this is just a phase. Malay mo you really needed this time and you just don’t know it yet. Sabi nga nila, your breakdown is your breakthrough. This might be the case for you. Goodluck! (Sorry ang haba pala. Hahaha!)",23-Apr,85,"Job Search
Burnout",,Yes,,,False
130,phcareers,https://www.reddit.com/r/phcareers/comments/12b1fja/unemployed_lost_and_losing_hope/,"Unemployed, lost and losing hope :(",comment,"same na same tayo, last november pa ako unemployed still no luck until now, nag give up na ako sa indeed dahil madalas di papansinin application mo madalas reject, same tayo ng pinagdadaanan and 35 na ako, nag bpo and back office ako, confident naman ako sa skills ko pero di ako pinalad na mag ka work pa ulit, nakakadown and depressed din. let's hope n makahanap talaga tayo ng work.",23-Apr,6,"Lack of
Visibility",,Yes,,,False
132,phcareers,https://www.reddit.com/r/phcareers/comments/12b1fja/unemployed_lost_and_losing_hope/,"Unemployed, lost and losing hope :(",comment,"Almost 3 years unemplpyed
And hired na ako ngayon thankfully
All im saying is wag mawalan ng pag asa go lng ng go kaya yan matumal lang tlga ekonomiya natin",23-Apr,5,"Job Search
Burnout",,Yes,,,False
139,phcareers,https://www.reddit.com/r/phcareers/comments/12b1fja/unemployed_lost_and_losing_hope/,"Unemployed, lost and losing hope :(",comment,"Hey OP, it took me 6 months to land a job after looking aggressively. I sent out an estimated 200 applications, was invited to 10 interviews, received just 1 offer. 

I did not land my dream job, but one that pays for my needs and wants. Isipin mo lang that the job search is a journey. Your next job is the start of another, up until you start the next one na naman.",23-Apr,3,"Complex
Application Process",,Yes,,,False
142,phcareers,https://www.reddit.com/r/phcareers/comments/12b1fja/unemployed_lost_and_losing_hope/,"Unemployed, lost and losing hope :(",comment,"Hi OP! Sorry you feel that way. I feel your pain. Rejection hurts. But I implore you not to lose hope and keep trying. Maybe take some time to rest if the stress of rejection is taking its toll on you. If you can afford to, maybe do some upskilling, like learning some programming languages. 

I'm a civil engineer who resigned from my job due to burnout in March 2020, right before the lockdown hit. The initial plan for me was to rest for a month before applying for a new job. When I started applying, ayun, todo apply sa mga engineering jobs, pero rejection after rejection. Yes, it hurt not getting the jobs I applied for, and sometimes I felt I wasn't good enough, or that I should've studied more.

Around September 2020 I decided that I was gonna take a break from engineering and apply for a BPO position in the same company my sister was working at, since I figured my English was good enough to manage. Lo and behold, I ended up passing a very competitive application process for a decently paid position, even if I would've loved to continue my career path in engineering (although I ended up going back to engineering a few months later, which is another story in and of itself) 

Long story short, I would advise that you keep your options open. If you're having a hard time applying  for a BPO position, maybe try applying for a job in a different field, maybe one that makes use of some of your other skills. And please don't lose hope.",23-Apr,3,Ghosting,,Yes,,Rejection hurts. But I implore you not to lose hope and keep trying. This gives the consistent theme of the ghosting should still be kept with hope,False
143,phcareers,https://www.reddit.com/r/phcareers/comments/12b1fja/unemployed_lost_and_losing_hope/,"Unemployed, lost and losing hope :(",comment,"We’re exactly the same. In my late 20s, been applying since late last year and until now I have no luck. I also have 4 years of experience in customer service. Kung makikita mo job tracker excel sheet ko either rejected or ghosted. It’s also worse lalo na when you’re planning to switch careers (I’m targeting HR) kasi they prefer someone with 2-3 years of experience kahit na “fresh grads are also welcome to apply” crap. 

I’ve tried tailor-fitting my resume/CV to the jobs that I’m applying for pero waley pa rin talaga. I’m feeling dejected day by day. Though the job market sucks right now (maybe one of the reasons why) pero ewan.",23-Apr,3,"Lack of
Visibility",,Yes,,"even with tailoring the CV, it seems that they are still getting ghosted.",False
145,phcareers,https://www.reddit.com/r/phcareers/comments/12b1fja/unemployed_lost_and_losing_hope/,"Unemployed, lost and losing hope :(",comment,"Hi OP, feels you bro. Currently in the same situation as you. Left my previous work last January and have been job hunting till now. Submitted my resume a lot of times, pero so far either rejected, or repeated interviews. Don't really know what to tell you except to stay strong and just keep pushing the right opportunity will come eventually.",23-Apr,3,"Lack of
Visibility",,Yes,"Submitted my resume a lot of times, pero so far either rejected, or repeated interviews","even though they send many resumes, none have led to a job offer",False
146,phcareers,https://www.reddit.com/r/phcareers/comments/12b1fja/unemployed_lost_and_losing_hope/,"Unemployed, lost and losing hope :(",comment,"Hi Op,   


I hope you are doing well. May mga comments na nagsasabi na mag upskill and keep on applying, those advises are great. Nangyari din sakin ito ng Feb 2022. Tried applying and for 3 months i was jobless. Sent applications in jobstreet and fb groups.   


Btw fb landed me two legit jobs albeit agency blue collar jobs, so the experience is somewhat good than jobstreet but always be wary of scam recruitment who ask medical after interviews and no job order with any client for those applying within the platorm.  


Anyways got my first job in 3 months as maintenance and excited ako but first day palang ang pangit na agad ng experience and the commute was shit. So I quit after first day. What a loser right? haha  


Anyways 2nd job as demo in Sm and things had turn for the better but wasn't easy, for now I work at the same position nearing 1 year and all is well but plans to transition to Food delivery has been brought due to the promise of holding ones own time and the potential higher payout for the said gig.  


I Learn also that I haven't explored all the necessary avenues in applying employment before I started this job since in department stores and groceries people are always needed, I'm not advocating you to apply as some minimum wager job just to get by but rather experience it and create connections even if for a limited time you put up with the work and you might get someone with the idea where to apply for your next step. I hope you get your big break Op",23-Apr,3,"Possibility
of Scam",Jobstreet,Yes,be wary of scam recruitment who ask medical after interviews and no job order with any client for those applying within the platorm,They gave relevant advice on how not to get scammed,True
147,phcareers,https://www.reddit.com/r/phcareers/comments/12b1fja/unemployed_lost_and_losing_hope/,"Unemployed, lost and losing hope :(",comment,"Hi OP. Same here, unemployed since November and dealing with mental disorder. My experience naman is with back-office recruitment. Super dami na naapplyan. May mga nakarating namang final interviews, pero so far no offers yet. Kaya rin ako nahihirapan kasi galing akong night shift and gusto ko na sana bumalik sa day shift, kaso yung day shift roles na nakikita ko less than 5-10k ng previous salary ko. Parang ang sakit.

I totally understand how you feel. Ako naman turning 27 at feeling ko rin ang tanda tanda ko na at napapagiwanan, considering I tried taking post-grad studies pero 'di ko rin tinapos. Parang nagsayang ako panahon. Mga kakilala ko, may sarili nang pamilya at stable. Tapos ito ako, hirap makahanap ng work haha.

Ang ginagawa ko na lang, nagttake ako online short courses with certification para at least I'm upskilling while job hunting. Also, malaking bagay yung may nakakausap ka about your situation. Sometimes I can't help but compare myself with others, pero OP iwasan natin ito hindi talaga healthy. May kanya kanya tayong time. Makakabangon din tayo. Huhu.",23-Apr,4,"Job Search
Burnout",,Yes,"ko rin tinapos. Parang nagsayang ako panahon. Mga kakilala ko, may sarili nang pamilya at stable. Tapos ito ako, hirap makahanap ng work haha",,False
149,phcareers,https://www.reddit.com/r/phcareers/comments/12b1fja/unemployed_lost_and_losing_hope/,"Unemployed, lost and losing hope :(",comment,"Same age, same situation 😭 Pero ako 1 year na unemployed. May napasukan ako, isang araw ko lang pinasukan at sumuko agad ako. Ito, balik sa pag-apply. I hate myself. 😭😭😭",23-Apr,2,"Job Search
Burnout",,Yes,,it brings self-hatred,False
150,phcareers,https://www.reddit.com/r/phcareers/comments/12b1fja/unemployed_lost_and_losing_hope/,"Unemployed, lost and losing hope :(",comment,"OP, what is your target field? If alam mo na, i think it os best na itailor made mo yung resume mo sa target mo. You can even edit your prev work experience para sa target mo.

2 years ago, i was only a research assistant and my target is to be in analytics field. What i did is to edit my work description as a research assistant in a way na sasakto dun sa target ko na work (may onting exagg lang like 30 percent) and was able to get in

I know that the best thing is yet to come. Take care OP!",23-Apr,3,"Lack of
Visibility",,Yes,analytics field. What i did is to edit my work description as a research assistant in a way na sasakto dun sa target ko na work,,False
154,phcareers,https://www.reddit.com/r/phcareers/comments/12b1fja/unemployed_lost_and_losing_hope/,"Unemployed, lost and losing hope :(",comment,same here unemployed since feb 28. failed on one company and then so far sa inapplyan ko wala pa tumatawag. paubos na din ef and idk what career to pursue anymore,23-Apr,2,Ghosting,,Yes,,GHOSTING usually leads to an EMOTIONAL theme too.,False
155,phcareers,https://www.reddit.com/r/phcareers/comments/12b1fja/unemployed_lost_and_losing_hope/,"Unemployed, lost and losing hope :(",comment,Ako rin. Nag resign ako november last year. Nakuha ko naman mga back pay ko at lahat lahat. Pero until now wala padin ako napapasukan. Sobrang stressful. Minsan nakakaiyak tlaga. Ang hirap.,23-Apr,2,"Job Search
Burnout",,Yes,,,False
158,phcareers,https://www.reddit.com/r/phcareers/comments/12b1fja/unemployed_lost_and_losing_hope/,"Unemployed, lost and losing hope :(",comment,same unemployed din ako. hirap makatulog sa gabi kakaiisip kung mag kaka trabaho pa ba ako. akala ko nung nag resign ako masaya hindi pala. amp.,23-Apr,2,"Job Search
Burnout",,Yes,hirap makatulog sa gabi kakaiisip kung mag kaka trabaho pa ba ako,,False
161,phcareers,https://www.reddit.com/r/phcareers/comments/12b1fja/unemployed_lost_and_losing_hope/,"Unemployed, lost and losing hope :(",comment,"Hi OP! Same bipolar thingz 😅 Keep going lang and do the thing that you love. 

Buti ka nga may 4yrs xperience on your belt eh.. Ako literal wala, due to what happened to me in the past. 3-4yrs din yun na walang wala ako, and of course no career experience at all. Imagine gano kahirap mag hanap ng work. 🤦🏻

Super depressed, almost ended myself as well. But here I am, still fighting. 3months na sa work as online freelancer, although minimum wage, super baba, tuloy tuloy lang. Although, naghahanap pa din ng ibang work, much better work and salary, yun nga lang mahirap talaga. 

Been thinking of learning online, heard madami naman free and also gives certifications. That will probably help boost us. 

Exercise and meditate din!! Atleast 30mins work, and 5-15mins meditation!! Connect yourself to nature, that's where I find my inner peace. Cheers OP! Fighting!!",23-Apr,2,"Job Search
Burnout",,Yes,"Super depressed, almost ended myself as well. But here I am, still fighting. 3months na sa work as online freelancer, although minimum wage, super baba, tuloy tuloy lang",,False
162,phcareers,https://www.reddit.com/r/phcareers/comments/12b1fja/unemployed_lost_and_losing_hope/,"Unemployed, lost and losing hope :(",comment,"Im 31 and recently just got unemployed last january. I had 6 years of experience from my previous job. Pero tama ka, grabe employers ngayon, di ko magets mood. Sabe nila experience hinahanap nila, we have it pero baket ang aarte padin nila. Like, anong klaseng employee gusto nila, Diyos? Nakakaasar tbh, gusto ko nalang gamitin ung small savings ko to start my own business kahit by far it will be less than my previous monthly income.",23-Apr,2,"Complex
Application Process",,Yes,"job. Pero tama ka, grabe employers ngayon, di ko magets mood",,False
163,phcareers,https://www.reddit.com/r/phcareers/comments/12b1fja/unemployed_lost_and_losing_hope/,"Unemployed, lost and losing hope :(",comment,"Been unemployed rin since September. Maraming work opportunities kaso sobrang layo ng locations. Kung hindi work yung problema, agency naman. Hanap lang ng hanap OP. Wag mawalan ng pag asa",23-Apr,2,"Complex
Application Process",,Yes,"locations. Kung hindi work yung problema, agency naman",this is interesting since now they also blame the agencies.,False
165,phcareers,https://www.reddit.com/r/phcareers/comments/12b1fja/unemployed_lost_and_losing_hope/,"Unemployed, lost and losing hope :(",comment,"Ganito din sitwasyon ko, same time span (since Nov), mas matanda nga lang ako sayo. Napasok ako sa isang exploitative company last year so hindi ako tumagal, ngayon lahat ng interview ko nagpo-focus nalang dun na para bang wala na lahat kwenta ung mga qualifications ko dahil nag resign ako agad sa isang company. Para bang ineexpect nila na dapat mag stay lang ang mga empleyado kahit gaano pa ka-toxic ang companya.

May isa kong napag interview-han, panel kaya dinig namin lahat, lahat ng issue nung mga kasabay ko wala sakin, pero sila natanggap dahil lang last work exp ko resign agad. Sa isang banda, at least alam na ng mga employer na hindi ako for exploitation, nakaka walang pagasa nga lang na kahit ung mga goods na company hindi man lang nagbibigay ng chance.",23-Apr,2,"Complex
Application Process",,Yes,", lahat ng issue nung mga kasabay ko wala sakin, pero sila natanggap dahil lang last work exp ko resign agad",they perceived unfair evaluation criteria,False
166,phcareers,https://www.reddit.com/r/phcareers/comments/12b1fja/unemployed_lost_and_losing_hope/,"Unemployed, lost and losing hope :(",comment,Why not go to abroad op sa pinas kasi ang taas ng qualification pero pasahod di naman naitataas kahit no exp papasukan or entry level. Sa abroad kasi pag nag apply ka ez makapasok as long kaya mo at gusto mo pasukin. Satin kasi mahirap pamumuhay kong kulang sa diskarte kahit anong dami talaga exp mapa meron o wala exp nahihirapan. Pag naka pasok na sa work saka mag dodoubt kong kaya ko ba ito o hindi? Or invest sa sarili like aral ng mga pang IT jobs total po my exp kana sa bpo like tech support rep. Maging QA analyst etc,23-Apr,2,"Overseas
Experience",,Yes,Sa abroad kasi pag nag apply ka ez makapasok as long kaya mo at gusto mo pasukin,Redditors perceive that getting a job abroad is easier than working here.,False
168,phcareers,https://www.reddit.com/r/phcareers/comments/12b1fja/unemployed_lost_and_losing_hope/,"Unemployed, lost and losing hope :(",comment,"Hey OP, really sorry to hear this. It might not mean much, pero kapit lang!

I suggest na i-review mo yung resumé mo. Try to fine-tune your resumé based on the job that you are aiming for. Make sure na you are HITTING THE KEYWORDS sa job description ng job na tinatarget mo. That would really help you catch the eye of the recruiter.

Hope this helps, even just a little. Kapit lang ☺️",23-Apr,2,"Lack of
Visibility",,Yes,the job that you are aiming for. Make sure na you are HITTING THE KEYWORDS sa job description ng job na tinatarget mo. That would really help you catch the eye of the recruiter.,,False
171,phcareers,https://www.reddit.com/r/phcareers/comments/12b1fja/unemployed_lost_and_losing_hope/,"Unemployed, lost and losing hope :(",comment,"Hello. I've been in a similar position before. Been unemployed for 7 months dahil walang nakukuhang trabaho. Madaming pinasang resume pero konti lang yung bumabalik to invite me for an interview. Tapos yung mga pinuntahan ko namang interviews, wala ding nagiging successful. Nakakadown talaga. Iniisip ko kung ano yung problema bat di ako nahihire. Basta apply lang ng apply. kahit pakonti konti iadjust mo yung resume mo to be better. Ientertain mo lang yung mga interviews. Para you'll gain more experience. Ang pinakaimportante, wag ka mag give up. Kaya mo yan! We're rooting for you.",23-Apr,2,"Lack of
Visibility",,Yes,yung problema bat di ako nahihire. Basta apply lang ng apply. kahit pakonti konti iadjust mo yung resume mo to be better.,"to make the resume more visible, they suggest to adjust the resume bit by bit",False
172,phcareers,https://www.reddit.com/r/phcareers/comments/12b1fja/unemployed_lost_and_losing_hope/,"Unemployed, lost and losing hope :(",comment,"Same boat, OP. The job market just really sucks here.",23-Apr,2,"Job Search
Burnout",,Yes,,there is demoralization with the job search,False
174,phcareers,https://www.reddit.com/r/phcareers/comments/12b1fja/unemployed_lost_and_losing_hope/,"Unemployed, lost and losing hope :(",comment,"hi OP. same tayo situation, ako unemployed since last December 🥲 waiting lang ako sa government kasi ang bagal ng hiring process nila pero di ko lang din sure kung ghinost na rin nila ako hahaha. pero kaya natin ‘to, soon makakahanap din tayo uli ng trabaho. kapit lang :(",23-Apr,2,Ghosting,,Yes,"nila ako hahaha. pero kaya natin ‘to, soon makakahanap din tayo uli ng trabaho. kapit lang","Even in the ghosting, this OP holds hope that eventually someone will see their worth",False
176,phcareers,https://www.reddit.com/r/phcareers/comments/12b1fja/unemployed_lost_and_losing_hope/,"Unemployed, lost and losing hope :(",comment,"OP, I don't know how volatile the job market is these days, but I guess you just need to keep looking and not be choosy. Some income is better than no income, although, no income is better than negative income.

Just remember, the fact that you're still sending resumes out there means you haven't given up, and that you haven't lost. You only lose the moment you stop trying. You're also NOT alone. the fact that you can still eat, or talk to people, means some people out there are supporting you. So Kaya mo yan because kelangan mong kayanin anyway :)

P.S.
1) Never again resign nang walang kapalit. in this day and age, ang hirap nang walang income stream.
2) Please don't call it ghosting. You barely even know the HR people you've talked to. :))",23-Apr,1,Ghosting,,Yes,,,False
180,phcareers,https://www.reddit.com/r/phcareers/comments/12b1fja/unemployed_lost_and_losing_hope/,"Unemployed, lost and losing hope :(",comment,Been there before lost job because of the pandemic. Applied multiple application but rejected and ghosting and Meron pa nag offer sakin Pero nagghost din almost 9 months walang work sobrang hirap but after a month from one of my job application they contact me and got an offer so don't lose hope hang in there keep on moving Lang it's normal to feel that it's worse feeling but hang in there god will make a way keep on praying it works proven and tested.,23-Apr,1,Ghosting,,Yes,Pero nagghost din almost 9 months walang work sobrang hirap,,False
181,phcareers,https://www.reddit.com/r/phcareers/comments/12b1fja/unemployed_lost_and_losing_hope/,"Unemployed, lost and losing hope :(",comment,"Hi OP, wag ka mawalan ng pag asa. Tambay ako 4yrs no work sa aviation industry dahil sa pandemya naapektuhan kame talaga sa sector namin. Same feeling din hanggang nagkaroon ng milagro out of nowhere sa inapplyan ko. Wag ka sumuko, may panahon palagi para sa pag asa. Ramdam kita. Tapangan mo pa. Maging highly content sa mga bagay na meron ka, pamilya, kaibigan, pets etc..All the small things in life. Sometimes may mga pagkakataon na suko nalang para di na mahirapan. Mas nanaiisin mong pumalag sa panahon ngayon dahil merong mga taong susuporta sayo hanggang sa huli.",23-Apr,1,"Job Search
Burnout",,Yes,Same feeling din hanggang nagkaroon ng milagro out of nowhere sa inapplyan ko,The same feeling here is the lost of hope as mentioned in the title of the original post.,False
182,phcareers,https://www.reddit.com/r/phcareers/comments/12b1fja/unemployed_lost_and_losing_hope/,"Unemployed, lost and losing hope :(",comment,"Hi OP. Not really sure how this will help you since baka magkaiba naman tayo ng situation. I resigned from what I'd call a good, okay-paying job last 2021. Hindi pa rin ako employed ngayon. Yung previous job ko is something similar to my dream job at akala ko talaga dun na ko magreretire. After working there for 7 years, naconfirm ka na ayoko na talaga. It was so hard having to give it up. Marami akong coworkers na nabigla sa resignation ko because I was doing well, pero sa loob ko alam kong hindi na talaga yun para sa akin. Sobrang lost ko after resigning kasi wala akong back-up, nag-spiral din mental health ko nun at sobrang kinwestiyon ko yung worth ko bilang tao. I was lucky to have family who are willing to support me while I try to find myself again. Nag-apply naman din ako kaagad after magresign, pero last year lang pinalad na magproceed yung applications ko. Meanwhile, binalikan ko lahat ng hobbies na hininto ko nung kinailangan kong maging breadwinner. I also tried to learn a lot of new things, like making proper food para sa mga kasama ko sa bahay, or taking care of the house. Learning new skills took my mind away from negative thoughts. Nagtry din ako ng mga online jobs, yung wala masyadong commitment para di ako mapressure, like microtasking sa clickworker uhrs (in fair, may time na kumita ako ng 10k dito in 2 weeks, kaso ang hirap na ngayon so i stopped) and late last year gumawa din ako ng UpWork account. Again, easy projects lang to keep myself occupied while earning a bit pandagdag sa panggastos sa bahay. And of course upskilling din with YouTube and free online courses while waiting for my application results.
   
Ayun, again di ko alam kung makakatulong na um-okay yung state of mind mo pero share ko lang. You're going to be okay, OP.",23-Apr,1,"Job Search
Burnout",,Yes,"Sobrang lost ko after resigning kasi wala akong back-up, nag-spiral din mental health ko nun at sobrang kinwestiyon ko yung worth ko bilang tao.","They left willingly, yet they still had state of self-doubt.",False
185,phcareers,https://www.reddit.com/r/phcareers/comments/12b1fja/unemployed_lost_and_losing_hope/,"Unemployed, lost and losing hope :(",comment,I remember I applied to almost 100 jobs. I got 8 interviews and 2 job offers. Apply lang ng apply. But be sure you are working hard for it.,23-Apr,1,"Job Search
Burnout",,Yes,,,False
188,phcareers,https://www.reddit.com/r/phcareers/comments/12b1fja/unemployed_lost_and_losing_hope/,"Unemployed, lost and losing hope :(",comment,"Hi OP. I highly suggest that you explore client/customer support roles in the startup industry. Lahit local startup, there's always a need for a support person.

Pay might be the same but you'll have a better path once you land it.

Job hunting is a job of its own. You have to be on linkedin, jobstreet, indeed, etc browsing and applying for hours. 

My question to you is how long do you spend each day on applying for jobs? If you're only spending a few hours then you're not doing enough unfortunately.

I've been in the same situation before about 10 years ago. I was browsing job openings even during Christmas Eve and NYE. Eventually, I found one after a month.",23-Apr,1,"Lack of
Visibility","LinkedIn, Jobstreet, Indeed",Yes,If you're only spending a few hours then you're not doing enough unfortunately.,They attribute the lack of visibility to not trying enough. They need to spend hours to get to be seen by recruiters.,True
192,phcareers,https://www.reddit.com/r/phcareers/comments/12b1fja/unemployed_lost_and_losing_hope/,"Unemployed, lost and losing hope :(",comment,"I feel you completely. I’ve been unemployed for the last several months due to a layoff and have hit some real lows along the way. I’ve loved being part of this community solely because of the support and keeping my sanity in check. For anyone who needs something extra, please check out Sabina Sulat’s podcast, Agile Unemployment. She is a Recruiter/Coach, and has 19 episodes on how to survive the emotional impact of losing your job, as well as helpful insights while you’re on your quest. I hope this helps!  [Agile Unemployment Podcast](https://agileunemploymentpodcast.podbean.com)[Agile Unemployment](https://www.amazon.com/dp/1737718308?ref_=cm_sw_r_apin_dp_R2YSRTNRJ49H9Q8FZNJ0)",23-Apr,1,"Job Search
Burnout",,Yes,I’ve been unemployed for the last several months due to a layoff and have hit some real lows along the way.,I feel like this was an advertising campaign,False
194,phcareers,https://www.reddit.com/r/phcareers/comments/12b1fja/unemployed_lost_and_losing_hope/,"Unemployed, lost and losing hope :(",comment,"Naghanap talaga ako sa google ng nasa kaparehas kong sitwasyon dahil ayokong mag-double post kung may ganito na na topic.

Anyway, same here. 35 years old going 36 this year. Unemployed ulet. I have had 3 jobs since July of last year (Jan - June eh freelance ESL tutor ako at ang baba ng kita sa mga ESL companies sa Pinas). Usually 1-3 months lang tinatagal ko sa work. Last job ko natapos noong March. Ngayon dami kong sinubmittan ng resume. I've had demo sa Alorica as Languaeg Instructor. Puro puri ang feedback sakin. Balikan daw ako. After 2 weeks wala. Nag-update ako, biglang di na daw ako napili. May tumawag ulit na isang company as English teacher (not really a school pero parang ESL school sa Guada), ganda ng creds ko dahil nga may teaching background ako for 12 years as an English teacher. Antay na lang daw for final interview. Nag-update ako kasi wala pa ngang tawag. Nagreply sa text ko tapos biglang they decided to move on na daw sa ibang candidates. Ang alat. Pressured ako kasi nakikitira lang ako sa bahay ng mga biyenan ko kasama asawa ko. Hirap sa feeling at di ko alam baka naja-judge na nila akong tamad at batugan. Sobrang praning ako dahil may anxiety disorder din ako.

Minsan naisip ko kung ilalagay ko ba sa resume ko yung 1 month lang tinagal ko sa work. Naisip ko kasi makikita din naman nila yon kahit di ko ilagay kasi baka tignan sa SSS contribution.

Naisip ko din na wag na kaya ako manghingi ng update? Baka kasi dun ako nade-decline dahil baka isipin nila atat ako.

Hirap.  Pero kaya natin yan. May tatawag at tatawag din diyan na makakakita ng worth natin.",23-May,1,Ghosting,,Yes,Pressured ako kasi nakikitira lang ako sa bahay ng mga biyenan ko kasama asawa ko. Hirap sa feeling at di ko alam baka naja-judge na nila akong tamad at batugan,"Even in the ghosting, this OP holds hope that eventually someone will see their worth",False
195,phcareers,https://www.reddit.com/r/phcareers/comments/12b1fja/unemployed_lost_and_losing_hope/,"Unemployed, lost and losing hope :(",comment,"Hi OP, I feel you. Ako kakaresign lang, alam ko na maling desisyon to dahil hindi ako prepared sa pagiging jobless, walang plan A B C. Pero life must go on. Fighting :)",23-Jun,1,"Job Search
Burnout",,Yes,"desisyon to dahil hindi ako prepared sa pagiging jobless, walang plan A B C. Pero life must go on",unemployment leads to emotionality,False
196,phcareers,https://www.reddit.com/r/phcareers/comments/12b1fja/unemployed_lost_and_losing_hope/,"Unemployed, lost and losing hope :(",comment,"Hello, OP. Kamusta po sa job hunting? 4 months na kong unemployed ngayon and naghahanap din ako ng mga karamay cause my mental health is really affecting me dahil wala akong work :(",24-Feb,1,"Job Search
Burnout",,Yes,4 months na kong unemployed ngayon and naghahanap din ako ng mga karamay cause my mental health is really affecting me dahil wala akong work ,,False
197,phcareers,https://www.reddit.com/r/phcareers/comments/116wamy/hundreds_of_applications_dozens_of_rejections/,"Hundreds of applications, dozens of rejections, months of jobseeking and I still can't get a job. I'm starting to feel hopeless.",post,"I got laid off last November because they found someone who can do graphic design and customer service all in one. Honestly it was just a classic scenario of americans exploiting filipinos, they found someone else willing to work for twice the workload with the same salary. Of course they had to let me go because I didn't agree to that.

Fast forward to today, I have sent in hundreds of applications on every job search website I can find and I have no luck. Sometimes I get shortlisted and get to final interviews but then never got the chance to move forward. There is always someone better than me. I have years of experience and I am confident about my conversational and technical skills, but I feel like the market is so oversaturated and competitive now, that I am not deserving of my career anymore.

I don't know what to do. I'm hopeless. I feel so lost and honestly am so close to ending my life.

UPDATE: I am glad I did not give in to my demons. I found a job a month after this post and it's the best job I've ever had. I love the environment, the coworkers, and the pay is good too. Thank you for all your kind words. It made me trust myself and push further.",23-Feb,179,"Job Search
Burnout",,Yes,The ghosting leads to also emotional undertones.,The person is so demotivated in the job seearch that they were thinking of killing themselves.,False
200,phcareers,https://www.reddit.com/r/phcareers/comments/116wamy/hundreds_of_applications_dozens_of_rejections/,"Hundreds of applications, dozens of rejections, months of jobseeking and I still can't get a job. I'm starting to feel hopeless.",comment,"Hi, just think of it this way. You are given more time to change something within yourself. You may try to learn new things that you think will be helpful to the career that you want. It happened to me last 2020, and I also questioned myself and started to feel hopeless. What I did was to learn new things (in my case, programming languages) that I can showcase during interviews. I also honed the skills that I already knew up to the last smallest details. All of it paid off!

After this phase of your life, you will look back on it and you will be so proud of yourself. Keep doing your thing! Don't forget to pray as well. I'm rooting for you.!",23-Feb,42,Ghosting,,Yes,"It happened to me last 2020, and I also questioned myself and started to feel hopeless. What I did was to learn new things",The ghosting leads to also emotional undertones.,False
201,phcareers,https://www.reddit.com/r/phcareers/comments/116wamy/hundreds_of_applications_dozens_of_rejections/,"Hundreds of applications, dozens of rejections, months of jobseeking and I still can't get a job. I'm starting to feel hopeless.",comment,"We have the same situation OP. And yes there are times na nakakafrustrate na kahit I know I did well sa interview and shortlisted din hanggang final interview but hindi ako pinili. 

Valid yung feelings mo OP but we just have to face reality na we are going to experience hardships and rejections like what you are going through and there are just some things that are out of our control, if anything you should be proud of yourself kasi you are trying. Kaya keep on persisting lang, rest if you must then try again.

It only takes a YES on hundreds of NO to change your life. Believe that whats meant for you will never miss you. I believe in you OP. Have faith 🙏🏻",23-Feb,17,Ghosting,,Yes,there are times na nakakafrustrate na kahit I know I did well sa interview and shortlisted din hanggang final interview but hindi ako pinili,The ghosting leads to also emotional undertones.,False
204,phcareers,https://www.reddit.com/r/phcareers/comments/116wamy/hundreds_of_applications_dozens_of_rejections/,"Hundreds of applications, dozens of rejections, months of jobseeking and I still can't get a job. I'm starting to feel hopeless.",comment,"Please dont end your life. I hope you can get through this. ""As long as I live, there are infinite chances"" ~ Some Pirate.",23-Feb,13,"Job Search
Burnout",,Yes,,,False
206,phcareers,https://www.reddit.com/r/phcareers/comments/116wamy/hundreds_of_applications_dozens_of_rejections/,"Hundreds of applications, dozens of rejections, months of jobseeking and I still can't get a job. I'm starting to feel hopeless.",comment,"Honestly I felt that way, although hindi naman ako jobless pero yung 50k na sahod ko, 49999 dun bills. Sobrang hindi ko na alam gagawin ko. Tapos naisip ko, ano ba course ko ng college, baka may naretain ako na knowledge, and pinilit ko talagang mag upskill as web dev. Kahit alam kong wala ako ni isang patak ng artistry sa katawan, inaral ko ang figma design. Ngayon front end dev na ako with some side hustle sa upwork at olj. 2 taon yun 2020, 9 hours sa work 8 hours na aral.

PS: maghanap ka ng mga video about Monk Mode",23-Feb,6,"Job Search
Burnout",,Yes,"2 taon yun 2020, 9 hours sa work 8 hours na aral.",,False
207,phcareers,https://www.reddit.com/r/phcareers/comments/116wamy/hundreds_of_applications_dozens_of_rejections/,"Hundreds of applications, dozens of rejections, months of jobseeking and I still can't get a job. I'm starting to feel hopeless.",comment,"Same here OP tho magkaiba tayo ng industry. Been job hunting since June last year. Hindi ko na alam kung gaano kadaming interview na yung hinarap ko. Litong lito na din ako sa dami ng application na pinasa ko. Pati yung mga resume na ni tweak ko. Minsan naiiyak na lang ako sa frustration lalo na pag sobrang gusto ko yung position and company. Mostly hanggang initial interview lang din ako. Iilan lang yung naka abot ako sa final, or second or third rounds. Laging ligwak. Wala pa din offer kahit isa. Ang hirap pero laban lang. makakahanap din tayo 💪💪",23-Feb,6,"Job Search
Burnout",,Yes,Minsan naiiyak na lang ako sa frustration lalo na pag sobrang gusto ko yung position and company,,False
208,phcareers,https://www.reddit.com/r/phcareers/comments/116wamy/hundreds_of_applications_dozens_of_rejections/,"Hundreds of applications, dozens of rejections, months of jobseeking and I still can't get a job. I'm starting to feel hopeless.",comment,"Try freelancing and upskilling while waiting for work. Also, better na may assurance na sa next company - Don't rush into things kasi baka next company may mga ganito nanamang scenarios. And lastly, wag mawalan ng pag-asa!",23-Feb,4,"Possibility
of Scam",,Yes,,,False
210,phcareers,https://www.reddit.com/r/phcareers/comments/116wamy/hundreds_of_applications_dozens_of_rejections/,"Hundreds of applications, dozens of rejections, months of jobseeking and I still can't get a job. I'm starting to feel hopeless.",comment,"This happened to me last 2019, it took me almost a year before I got hired. It's not easy but, you just really have to be patient and persistent. Hone  your craft, or move to an industry that is related to your career right now.",23-Feb,3,"Job Search
Burnout",,Yes,,,False
213,phcareers,https://www.reddit.com/r/phcareers/comments/116wamy/hundreds_of_applications_dozens_of_rejections/,"Hundreds of applications, dozens of rejections, months of jobseeking and I still can't get a job. I'm starting to feel hopeless.",comment,"Feel ko ako nagsulat neto ah haha. 

A lot of companies told me they liked me, that I had the most experience and the skills for the job. Pero pag naguusapan na about expected salary, biglang di ako pumapasa sa application. 

Ang ginawa ko na lang ay nag-part time until makakuha ng company who’s willing to pay me my expected salary. 

Good luck sa applications mo, OP!",23-Feb,2,Ghosting,,Yes,,,False
0,r/phcareers,https://www.reddit.com/r/phcareers/comments/1n65ih5/use_of_linkedin_connections_to_secure/,Use of LinkedIN Connections to Secure Unposted/Hidden Jobs,post,"Madami akong nababasa dito about difficulty of securing a job these days.

Yes, totoo, ako nga na merong 19-years of experience sa IT industry [umabot ng 9-months](https://www.reddit.com/r/phcareers/comments/1lk6j2q/got_a_new_job_after_9months_of_search/) before I secured my current job that I'm in (cybersecurity tech writing role).

I posted it somewhere dito rin sa Reddit, but I think this method na tried and tested ko na for the last 4 jobs, I think it deserves its own thread dito sa PHCareers. I believe that it is highly underutilized by job seekers.

The reality ng buhay natin ngayon na connections &gt; skills pagdating sa workplace and our capability to secure jobs. This is because many jobs matutunan naman while on the job mismo. Mapapansin yan sa corporate setting, na sa dinami-dami ng applicants na na-interview yung inaanak ni boss din pala ang mahahire, kahit kulang na kulang sa skills.

So eto yun, try nyo. Wala namang mawawala:

1. &gt;!Create a LinkedIN account.!&lt;
2. &gt;!Search your preferred company na gusto mong pasukan dun sa LinkedIN.!&lt;
3. &gt;!Then pag open mo ng company page, there is link there of employees nila na may LinkedIN account.!&lt;
4. &gt;!Connect with someone who holds the position (or even higher position) that you wish to apply for.!&lt;
5. &gt;!Once they accepted your connection request, private chat with them and forward your CV and cover letter. They will then ""possibly"" forward your info to their respective recruitment team.!&lt;
6. &gt;!Many jobs are behind closed doors, and not even posted online. Yun ang makukuha mo via this route.!&lt;

The key here is **talagang pakapalan ng mukha**, we have no choice but to reach-out to people we barely knew. The same people who we reach-out to will possibly end-up as our peer, our superior or even our boss. So nasa atin talaga to throw our hats into the ring and let fate decide what will happen next.

Wishing everyone here na maging mabunga ang job hunting ng lahat.",2025-09,1263,"Confusing
UX",LinkedIn,Yes,"Yes, totoo, ako nga na merong 19-years of experience sa IT industry [umabot ng 9-months](https://www.reddit.com/r/phcareers/comments/1lk6j2q/got_a_new_job_after_9months_of_search/) before I secured my",,True
1,r/phcareers,https://www.reddit.com/r/phcareers/comments/1lha4js/nasabihan_ako_ng_lipat_ka_kasi_ng_lipat_ng/,"Nasabihan ako ng ""Lipat ka kasi ng lipat ng kumpanya""",post,"M \[28\] and an engineer, this July I will be on my 3rd company in 4 years. 

1st company (26k) - I actually stayed here for 3 years kasi kahit maliit yung sahod, the people were great and I actually loved what I do. Added plus ay nasa province namin itong company na to kaya I was able to live back with my parents. Benefits were very good for a local company as well, up to 15th month pay and my parents knew this. Every midyear ay nililibre ko ng staycation during these time ang akin parents dahil dito nag fafall ang anniversary nila.  
  
2nd company (35k) - I was offered a larger amount from a very big company in my field, and I couldn't say no because they offered slightly bigger salary and benefits. Also, this company offered WFH setup kaya my desire to stay in the province will be intact.

But di ko akalain na mapapasuko ako ng kumpanyang to. Walang proper turnover and people were resigning left and right. Sobrang toxic ng management and they have no regard for the welfare of their employees. Kahit mataas ang sahod at wfh, di talaga commensurate sa level ng stress. Sirang sira mental health ko nito and I lost 15 lbs during this period and it was not sustainable. Nagparegular lang ako, then I am now rendering my 30 day notice period kasi may JO narin ako

3rd company (52k) - Dahil sa toxicity ng 2nd company ko, I was forced to look for opportunity elsewhere. Sobrang nahirapan ako mag hanap, ang lala ng job market ngayon. 2nd month ko palang sa 2nd company ay everyday na ako naghahanap ng trabaho. Pinag sabay ko ang pag memental breakdown sa work ko nun + the rejections of job hunting. I was also willing to accept jobs kahit lower sa salary ko para lang makapag stay dito sa probinsya. Pero wala, the best job offer is in Ortigas for me. So I took it and I am starting at the end of July

  
I am very happy with how my career is progressing kasi I have been working for almost 4 years palang, pero naka abot na ako sa ganitong salary. Luck definitely played a part. Swerte ako, Nasad lang ako nung when July rolled around and wala ako bonus kasi syempre palipat na ako, my mom said ""di mo na kami matritreat this year, lipat ka kasi ng lipat"". She not did not say this in a mean way naman. More of a lambing. But it hit me na PANGATLONG COMPANY KO NA IN 4 YEARS????? Kinabahan ako kasi kung saan saan na napunta buhay ko/career just to make a living. parang masyado bang drastic ang changes ko in life?

hindi naman sa di ako nacocontento eh. yung 1st company ko ang lala din ng workload ko nun plus a toxic manager as well. Pero tumagal ako kasi gusto ko yung ginagawa ko, minalas lang talaga ako sa pangalawang company dahil naka abot naman ako ng 3 years sa una ko. sadyang napaka toxic lang talaga. Now I hope na my 3rd company treats me well.. kasi kahit anong research gawin mo you will never know talaga yung culture unless you are inside na eh. Please pray for me!

",2025-06,401,"Complex
Application Process",,Yes,"Nagparegular lang ako, then I am now rendering my 30 day notice period kasi may JO narin ako

3rd company (52k) - Dahil sa toxicity ng 2nd company ko, I was forced to look for opportunity elsewhere.",,False
2,r/phcareers,https://www.reddit.com/r/phcareers/comments/1lwz2zx/job_hunting_is_draining_and_demoralizing/,Job hunting is draining and demoralizing,post,"I am a first-time job seeker and my experience with job searching is just so exhausting. I jave been sending my application to several job openings for three months now and yet no progress. I know three months is short, but for someone who cannot afford to take a pause and idle around until a job offer, I don't have the luxury to wait around any longer.

It's rejection after rejection. I have also been ditched by the HR several times. I am losing hope because what do you mean I cannot secure an entry-level job that pays lower than what the economy dictates?

I have long known that graduating from a prestigious university in the country does not guarantee higher chances, but oh God I believed landing an entry-level job wouldn't be this far-fetched and difficult.",2025-07,284,"Confusing
UX",,Yes,"I have long known that graduating from a prestigious university in the country does not guarantee higher chances, but oh God I believed landing an entry-level job wouldn't be this far-fetched and diff",,False
3,r/phcareers,https://www.reddit.com/r/phcareers/comments/1pt7chd/hired_before_i_ended_the_year/,Hired before I ended the year!,post,"Hi, guys! 👋🏼 December is almost ending and I just want to share my gratitude for this year, if you don’t mind.

I graduated nung 2024 and took a break for almost a year. Raket raket lang muna habang nagpapahinga. And when time came na nag start na akong mag job hunting, we had a family emergency. So, I had to pause for a while. 

Pagbalik ko sa job hunting, ang hirap beh!!! Sa isang job site pa lang, naka 100+ na akong nasend na applications pero either ghosted, rejected, o sobraaaang late ako replyan. Ewan ko ilang emails na rin na send ko, at ilang interviews na sinipot ko. Jusko, pinatos ko na nga kahit mga lower than minimum wage (pls wag nyo gayahin 😭😭😭) sa sobrang desperate ko na makapagtrabaho. Rare lang din kasi na tumatanggap sila ng fresh grads o wala pang masyadong experience. 

Nag join din ako ng mga Facebook groups… and finally!!! Nakatanggap din ng response na hindi rejection (😆). Parang last straw ko na nga yun eh. Napaisip pa ako, “Pag ito hindi ako tinanggap, ayoko na talaga!” HAHHAA

But thankfully, they hired me kahit wala pa akong previous job experience aside sa mga raket ko while freelancing. And they hired me because they saw a potential in me. Grabe, na validate ako (#healed charot). 

Idk but someone out there might find it helpful. I applied through Structure 2 Scale. May nakita akong hiring job post nila sa mga FB groups at that time and took the opportunity. Yung priorities ko sa job search ay 1) 100% work from home, 2) fit sa niche ko which is creatives, at 3) career growth.  

Now, I’m ending the year with a job that fits me, and I’m already witnessing growth in my career kahit 4 months in pa lang. 

Ang hirap ng mga pinagdaanan ko pero worth it ang naging ending. Hoping na kayo rin!!! Manifesting na lahat tayo aangat. ❤️

Yun lang. Merry Christmas everyone! 🎄",2025-12,272,Ghosting,,Yes,"Napaisip pa ako, “Pag ito hindi ako tinanggap, ayoko na talaga!” HAHHAA

But thankfully, they hired me kahit wala pa akong previous job experience aside sa mga raket ko while freelancing.",,False
4,r/phcareers,https://www.reddit.com/r/phcareers/comments/1mv086w/regret_as_a_fresh_graduate_kung_kelan_may_degree/,Regret as a fresh graduate kung kelan may degree na,post,"I’m a recent graduate of Psychology and only regretted the course I took after finishing my studies. I love the science of psychology but I hate how it seems irrelevant when it comes to my job hunting journey. Been looking for a job since graduation but puro rejection or ghosting lang nare-received ko. I don’t have much luck landing in a VA role and even with the entry level, associate position where they even mention ‘fresh graduates are welcome to apply’ yet they are looking for those that have 2-3 years of experience.

With anxiety and pressure, my self-esteem now is taking a hit and I am second guessing all the decision I had been making up to this point. Recently, I now receive an offer for the role relevant to my degree but they can only offer 17k. I am thinking of accepting just to gain experience, but with the transportation cost since its onsite, I’ll only able to take home atleast 13k per month. I am also deciding going back to bpo. 13k is not even half of what I used to earn when I was a call center agent (working student).

Yet, I feel like if I apply to bpo again, all my hardwork are for nothing. Sana hindi nalang ako nagcollege. I could’ve save those 60k/sem tuition fee I paid. I might also be climbing the rank from my previous company since mabilis lang ung promotion. I wouldn’t have to choose between finishing my degree or to be promoted. I could’ve even earn my first million. It might be a sunk cost fallacy but I can’t tell.",2025-08,262,Ghosting,,Yes,"I don’t have much luck landing in a VA role and even with the entry level, associate position where they even mention ‘fresh graduates are welcome to apply’ yet they are looking for those that have 2-",,False
5,r/phcareers,https://www.reddit.com/r/phcareers/comments/1o6ebh2/theres_no_such_thing_as_a_missed_opportunity/,"""There's no such thing as a missed opportunity.""",post,"Context: I'm a fresh grad who's been job hunting for n months now. Not from big 4, no latin honors, average credentials but considerable work experience. During these months, I applied to almost 80+ companies—including the ones that I originally considered as my ""dream"" companies. I was invited to some interviews, and were mostly either ghosted or rejected.

Job hunting was indeed a humbling experience. Nagkaroon ng time na na-down ako kasi isa-isa na nagkakaroon ng work mga kabatch ko. I even saw some of them getting into the companies that I also applied for (which apparently I assume ghosted me as well). Kaya sobrang dami kong paghihinayang during these times and napa-overthink ako malala. 

""Sayang, dapat inagahan ko nalang mag-apply. Mali yung timing, ang hirap tuloy ngayong ber months."" 
""Sayang yung opportunity, di ako umabot (as a final pick/candidate)."" 
""Sayang, dapat mas ginalingan ko pa nung college ako.""

I almost lost hope na makakahanap pa ako ng work since the year is already ending. But after some time, I was miraculously contacted by an MNC (which I almost forgot I applied for since panay apply nalang ako lol). I didn't even know how big the company was until I researched them after contacting me 😭 During the time kasi my mindset was, ""sige apply nalang ako, imposible rin naman akong i-contact nito."" 

Pero tama nga sabi nila, never reject yourself first. The rest is history: I was shortlisted, invited for an interview, and was eventually chosen for the role. 

As a fresh grad, I was only expecting around 15-18k as my first salary since it's the common range I see from our industry... but here, I was offered P28k monthly + benefits. I know it's not a lot compared sa mga nakikita kong iba dito na umaabot 30k+, but I'm just grateful since it's a lot more than I expected (and think I deserve 😭). 

Wala lang, after all those months &amp; weeks of waiting, overthinking na ""sayang"" yung ibang company na inapply-an ko na I originally envisioned myself in kasi either na-reject or hindi ako nireply-an, tamang rejection is redirection nga. At the moment, nag-aayos nalang ako ng pre-employment reqts &amp; would be finally starting my first job soon. 🥹

Kaya ayun, just sharing this for those who might need the reminder: trust the process. I would always hear back then, ""there's no such thing as a missed opportunity,"" and parang tama nga sila. 

Realized na what’s meant for you won’t ever pass you by. 🥹",2025-10,261,Ghosting,Indeed,Yes,"Mali yung timing, ang hirap tuloy ngayong ber months."" 
""Sayang yung opportunity, di ako umabot (as a final pick/candidate)."" 
""Sayang, dapat mas ginalingan ko pa nung college ako.""

I almost lost hop",,True
6,r/phcareers,https://www.reddit.com/r/phcareers/comments/1m3y6ji/grabe_talaga_ang_anxiety_kapag_nag_aapply_ng_work/,Grabe talaga ang an.xiety kapag nag aapply ng work haha,post,"Update: I got the job!!! Start ako sa Sept



Magsheshare lang ako ng kwento. I am a professional, been working for almost 7 years. I am currently a manager in my current org, been here for atleast 2 years na. I love my job naman, pero nauurat nako sa boss ko na laging tinotopak, to the point na naaapektuhan na yung work flow, etc.

Last month, nag job hunt ako. Madami ako pinasahan ng CV ko. May isang company na nag stand out para sakin and I was surprised kasi kinonsider nila application ko, kaya tuwang tuwa ako and all out ako sa lahat ng application requirements. Pero grabe, ang haba ng hiring process nila. 2 exams, 3 interviews, and moooooooore. Then nag contact reference na din sila. The process went on for lagpas one month na, and everyday, unang ichecheck ko lagi kung may emails sila. Grabe na anxi.ety ko. Kasi naniniwala akong tanggap nako kasi lahat ng stages, napagtagumpayan ko. I am just waiting for final confirmation talaga. And it's been a week naa!!! Pero part of me saying na what if natapos ko lahat ng to tapos di pala tanggap? Feeling ko, 3 months akong di makakamove on dito kasi antaas na ng hope ko haha.

Mygad. This is really the hardest part kapag nag aapply ka. Yung an.xiety. Ilang beses ko na din kasi to naranasan na nag effort ako talaga and ilang weeks or months yung hiring process pero marereject din pala haha. Kaya sana talaga matanggap nako dito kasi madami nang tumatakbong plans sa utak ko pag hinire nila ako. Hayyy


Yun lang. Hehe.",2025-07,238,"Confusing
UX",,Yes,"May isang company na nag stand out para sakin and I was surprised kasi kinonsider nila application ko, kaya tuwang tuwa ako and all out ako sa lahat ng application requirements.",,False
7,r/phcareers,https://www.reddit.com/r/phcareers/comments/1mcxrqf/i_just_took_a_leap_of_faith_did_i_make_the_right/,"""I just took a leap of faith"" did i make the right decision?",post,"Hi, I'm M, 30 years old. I recently made the bold decision to resign from my job without a new one lined up. After 10 years in a well-known local bank, working in various departments and roles, I realized my career wasn’t progressing the way I had hoped.

Despite transferring across 3 units and 4 departments every couple of years in search of growth, I faced micromanagement, favoritism, and a toxic workload. I consistently exceeded targets and contributed to process improvements, yet my efforts were never truly recognized. My performance ratings hovered between 3.6 and 3.9 out of 5, and my salary only grew from ₱12,000 in 2015 to ₱30,000 in 2025.

I’m not burned out or tired of working—I left because I couldn’t justify staying in a place where there was no clear path for advancement. I’ve come to accept that in the workplace, success often depends not just on hard work, but also on luck—especially when it comes to getting the right manager who will support your growth.

As a breadwinner, I supported my four siblings through school while helping my parents. Now that my siblings have graduated and some are already working, my financial burden has eased a bit.

I don’t regret the work I’ve done, but I knew it was time to prioritize myself. I have no house, car, or insurance to show for a decade of service. This leap of faith is my way of reclaiming my future.

I just hope I made the right decision—haha!

I'm now officially on my job hunting era ""again"". Wish me luck! 🤞

PS : I have few savings naman to survive, enough to live on while looking for a new job + backpay is 6 digits. 😊😊😊",2025-07,232,Other,,Yes,"I’ve come to accept that in the workplace, success often depends not just on hard work, but also on luck—especially when it comes to getting the right manager who will support your growth.",,False
8,r/phcareers,https://www.reddit.com/r/phcareers/comments/1kchkow/my_job_hunting_journey_after_being_laid_off_and/,My job hunting journey after being laid off and unemployed for 3-4 months,post,"Just wanna share my story after being laid off, hoping na makatulong sa mga ongoing parin ang pag a-apply. I have more than 5 YOE as a developer, I consider myself around senior level and I still felt yung hirap mag apply ngayon compared to few years ago.

Here's my record so far:

* 31 applications sent
* 13 initial interviews
* 4 rejections received
* 4 technical interviews
* 2 final interviews
* 1 job offer

Na layoff ako last January, then decided to chill muna since may severance pay naman. Around Feb-March, 5 applications lang pinasa ko. Mapili pa ako that time sa ina-applyan ko, gusto ko pa yung tipong perfect company na saktong sakto sa current tech skills ko. I revised my resume for each application, researched a bunch of stuff until makapag come up ng masasabi kong ""perfect"" resume.

Around last week of March, medyo pressured na ako since I'm the sole breadwinner of the family and unti-unting nauubos yung budget ko. So nag focus muna ako makapag hanap ng new work. Here are some key things that I did:

* **Umiwas muna maglaro**. Main cause ito ng procrastination ko from Jan-Feb, I uninstalled these games para sure na hindi ako matutukso buksan. I promised myself na bumawi after secured na ang job offer.
* **Personalized resume**. Lagi ako nag u-update ng resume until ma satisfy and mag mukhang professional sa unang basa palang. I used ChatGPT para makatulong sa tamang keywords na ilalagay. Don't just copy paste, isapuso word by word, make sure na ma-eexplain ito during interviews.
* **Prepare for behaviorals and practice communication**. Weakness ko ito ever since, so I prepared for this more than my tech skills. I used ChatGPT here as well. Initially I gathered commonly asked questions, then nag draft ng mga sample answers, then let GPT modify my answers to sound professional. I memorized it first, then practiced it daily without sounding scripted. Another is, I prepared 2-3 stories from my past job experiences na pwede ko i-share. I **ALWAYS** lead interviewers to my prepared story, rather than them asking you their prepared questions. Mas effective to and you will feel you are in control of the flow of the interview. And lastly, I **ALWAYS** ask questions sa dulo. I also have set of questions prepared here. My favorite one is: ""*Can you provide a quick feedback on how I performed in this interview?*"" I got interesting answers from this question. Try it out yourself :)
* **Continuously learn tech stuffs**. I went back to the fundamentals. I didn't memorize, I just understand the principles ng mga technology sa skill set ko and make sure na ma-explain ko yon clearly with some basic examples prepared. I also practiced Leetcode style questions since commonly ganito yung mga coding challenges during tech interviews. Sa mga devs out there, don't just solve random questions and memorize answers; instead focus on how to solve them, like what are the common data structures and algorithms. Mastering basic ones will solve \~80% of the problems.
* **Keep track of applications**. Importante ito to keep myself organized and hindi malito sa mga nare-receive kong emails/text messages/calls. I used Trello to document each application in every step, and Google sheet to have a summarized view of my progress so far.
* **Record your interviews if you can**. Nung una nag ta-take notes lang ako. Pero tinry ko i-record yung mga video call interviews ko. Mas effective ito since nakaka focus ako sa interview, no need to take notes, and may babalikan ako sa lahat ng napag usapan. I summarize each recording after and put it on my Trello board para madaling ma-recall. This is a personal decision pero hindi na ako nag ask ng consent sa interviewers because they'll most likely reject. You may say na I violated their privacy but I will just consider it as a personal learning material and will keep everything private.

Final tip would be, just be yourself during interviews. Treat it as a normal conversation. Mahirap ito for someone like me na medyo introvert pero practice lang talaga. Hindi lang ikaw ang iniinterview, interviewhin mo din sila. Ask interesting questions, makakatulong to para matandaan ka nila out of hundreds of applicants. It will all be worth it, sobrang gaan sa pakiramdam after makareceive ng job offer. Good luck sa lahat!",2025-05,233,"Complex
Application Process",,Yes,"Here's my record so far:

* 31 applications sent
* 13 initial interviews
* 4 rejections received
* 4 technical interviews
* 2 final interviews
* 1 job offer

Na layoff ako last January, then decided t",,False
9,r/phcareers,https://www.reddit.com/r/phcareers/comments/1lltjmo/am_i_the_problem_or_is_the_ph_job_market_really/,Am I the problem or is the PH job market really bad rn?,post,"Been applying for jobs ever since I (F, 24) was still doing my OJT last April since I know from experience that job hunting is hard (was in culinary field before I got an injury and enrolled in an Associates Degree so at least I have a degree of some kind). So far, out of the 100+ jobs I applied to on Indeed I'm not getting a single interview. I graduated multimedia and even have a portfolio prepared. I worked so hard to graduate as Second Honors so I could at least have an advantage of some kind.

The more I spend time on Indeed, Kalibrr, and Jobstreet and apply to jobs the more I want to crash out, I even went to 2 job fairs lately and still no final interviews. I'm even starting to wonder if I'm the problem, like not having a 4 year degree (Planning to get a Degree once I have the money). Would even accept a low ball job offer at this point so I could at least get peace of mind from being unemployed.

I'm planning to get Code Camp certs to have more career options but I'm worried about the time it would take and I feel like I couldn't focus on it due to the stress of being unemployed. Can I have some advice to deal with coping with mental health issues due to unemployment or how to get an easier time getting a job? ",2025-06,227,"Confusing
UX","Indeed, Jobstreet, Kalibrr",Yes,"Been applying for jobs ever since I (F, 24) was still doing my OJT last April since I know from experience that job hunting is hard (was in culinary field before I got an injury and enrolled in an Ass",,True
10,r/phcareers,https://www.reddit.com/r/phcareers/comments/1kc56vt/finally_received_a_job_offer_after_job_hunting/,Finally received a job offer after job hunting for almost 3 months!,post,"Around third week of February ko narealize na hindi na good for my mental health yung current job ko. I started sending out applications and attending multiple interviews. 

After the first two weeks, meron na agad recruiter na very enthusiastic sa pagkuha sakin to the point na I found it weird na. Di ko rin bet ang schedule at location kaya I informed them na I will not proceed with the application na pero they kept insisting na they can accommodate. I eventually blocked the recruiter's number kasi nagtetext siya every other day kahit nag inform ako na di na ko tutuloy.

Yung kasunod naman, nagreach out sakin after the final interview na I passed the interview stage na raw. Processing na lang ng application for about a week. I emailed them after a week pero walang reply. After another week, I emailed them again. Then parang within the hour nagreply sila na filled na yung position. Buti na lang meron pa akong isang ongoing application at di pa ko nagbibigay ng resignation letter (an advice na nakuha ko dito haha thank you reddit). 

Then ito na nga haha out of all my applications, ito talaga yung pinaka bet ko. Although ito lang talaga yung company na di kilala masyado out of the three na pinush ko, yung job description niya ay pasok na pasok sa hinahanap ko. Pinakamalayo rin siya. Medyo matagal din yung naging application process. Early March ako nagsend ng application pero third week of April na ako nag final interview. Then ito na nga haha I received a formal job offer na kahapon! Tbh, yung final interview nito ay sobrang chill. Yung president at COO mismo nag interview sakin. Sobrang gaan ng atmosphere sa office. Hindi intimidating yung mga tao, kahit yung nag interview sakin. They even gave me a salary na higher sa usual na binibigay nila sa mga tulad ko na may 1 year exp pa lang kasi alam nila na need ko magrent. 

Ayun lang haha gusto ko lang ishare kasi grabe yung relief na nafeel ko nung nakatanggap ako ng formal offer from a company na I genuinely liked. ",2025-05,208,"Confusing
UX",,Yes,Di ko rin bet ang schedule at location kaya I informed them na I will not proceed with the application na pero they kept insisting na they can accommodate.,,False
11,r/phcareers,https://www.reddit.com/r/phcareers/comments/1ly1se7/is_this_the_cost_of_50k_salary/,Is this the cost of 50k salary,post,"I recently got a lead role pero pagod na pagod na akooo. Dami meetings, dami deliverables, i can’t remember a day na di ako nagtrabaho hanggang gabi, and sa weekends.

Should I resign?

For context:

Less than one year pa lang ako sa new role na ito. There’s a lot of adjustment in fair kasi i haven’t led projects in a while. My previous role before this was mej chill kaya naninibago talaga ako. 

I promised myself na i’d stay in this role for a year bc i just wanted to see what i can do. Pero at this point i don’t think this is sustainable. 

I want to say na baka adjustment period pero…normal ba ito?

Lumalala na rin po yung imposter syndrome into anxiety. Sometimes I cry at work. 😞

I’ve definitely grown in terms of my skills. I like how they think sa work. The people can help me learn a lot. Which is aligned with my values. And yun rin talaga hinanap ko sa job hunting ko last year.

But part rin naman ng values ko ang rest and work-life balance. 😩 Andaming trabaho sa company namin and kulang tao. Di ko rin gets bakit normal sa mga tao dito mag double call??While i like what I do, i’m burnt out na.

I’m always up for a challenge. I won’t shy away from hard work. But if di na tama ito for me in the long run, parang mali na.

If I resign, who’s to say na di rin ganitong environment madadatnan ko. 

If normal talaga ganitong buhay, edi baka di na ako magresign. If hindi, edi i go.

To aid in your advice, industry ko is advertising. PH company. 💀",2025-07,196,"Job Search
Burnout",,Yes,"Dami meetings, dami deliverables, i can’t remember a day na di ako nagtrabaho hanggang gabi, and sa weekends.",,False
12,r/phcareers,https://www.reddit.com/r/phcareers/comments/1kmd8ty/finally_landed_a_job_after_a_year/,Finally Landed a Job After a Year!,post,"After 5 months of job hunting I finally got a job offer and will start in two weeks! The compensation is good considering I only have less than a year of experience, and is higher than my previous job pero yung work environment and opportunity for growth talaga yung reason ko why I'm so happy I got accepted to this company.

I resigned April last year to focus on my preparation sa December 2024 LECPA. Unfortunately, I failed so it really took time para bumangon at magsimula ulit. I started this year looking for a job while at the same time healing from what happened. Of course, while applying, I can't avoid questions about the gap in my resume, and I keep repeating my answers about my failed board exam. It's like reopening a wound that you're trying to heal. At first sobrang dinadamdam ko talaga yung rejections from my failed interviews. There were days rin na unmotivated akong magbukas ng laptop para magscroll at magsend ng applications to different job boards. And as an anxious girlie na sobrang drained every interview, nakakapagod siya as in. Trust me when I say na gets na gets ko yung struggles of job hunting and being in your 20s trying to navigate life.

Pero ayon after countless of rejections and the never ending feeling of being a failure, finally sumakses din!! Kaya ikaw na nagbabasa nito, don't lose hope!! Keep pushing forward—you're on the right track! The job you’ve been working hard for is just within reach, and soon, you’ll land the opportunity you deserve. Darating din 'yang JO na 'yan, okay? You'll soon find a company that would align sa goals mo. Take a rest minsan and don't be too hard on yourself. I'm praying for everyone's success. Sending my warmest hugs to those who are trying their best to show up everyday and a bunch of JO dust! ✨",2025-05,161,"Confusing
UX",,Yes,"The compensation is good considering I only have less than a year of experience, and is higher than my previous job pero yung work environment and opportunity for growth talaga yung reason ko why I'm ",,False
13,r/phcareers,https://www.reddit.com/r/phcareers/comments/1pi8tik/how_i_got_a_job_in_2025_5_years_experience/,How I got a job in 2025 (~5 years experience): differences from early stage job hunting back in 2019-2021,post,"*My POV comes from \~5 years of experience across different industries/fields but roughly operations, project management so please keep that in mind while reading*

  
Things I did differently this job hunt:

1. RESUME: Made only one CV type and selected experiences that fit for the role types I wanted (project/program/ops management). Removed all extracurriculars and internships, only kept school name and degree. By the way, I still stand by \~8-10% of your applications should make it past first stage for the current job market. I got replies from 2/\~24 applications.

2. USAGE OF AI: Be transparent with interviewers when you use AI for case studies and use it strategically. For my case study, I used it mostly as a design base (I hate making slides) AND also submitted a 'without AI' version/scratch paper. 

  
I also used AI for interview prep. I shared the job description, and my resume (anonymized) with AI and prompted it to draft 15 interview questions (5 for the job, 5 for my resume, and 5 general questions) with possible answers. I did not use all the answers but it gave me a starting point for prep.

Always, always double-check AI work and edit it to make it better. It should be the base not the final product.

3. INTERVIEW: I feel interviewers respond better to nonchalance. I never get the jobs I care most about 😂 I get the ones where I'm not sure if it's a fit and I don't think I'll get it but I'll try anyway. Often, I'm matter of fact in these interviews because I don't think I'll get it anyway and I do??? So. You have to not care a bit.

This is the job hunting tip I am most unsure about.

4. Go until page 10 on LinkedIn and yes Easy Apply still works (my job is an Easy Apply job)

5. CAREER NARRATIVE: You absolutely need a career narrative at this point. Hindi na pwede yung ""oh i felt like trying it"" you need to make a good story about your career and make sure that story is consistent from resume to interview. My career narrative really relied a lot on my undergraduate degree (a very broad STEM degree), and cherry picking select tasks/aspects of the role (truthful naman pero not apparent in the job title). So be creative here!

6. A lot of it is still luck and timing. I was also job hunting last year and couldn't get anything. I applied to less jobs this year and got an offer. My role was not open last year and those who interviewed/hired me only started at the company this year too.

So, don't be too hard on yourself job hunters!!

I also made an early career (for fresh grads or 1-2 years experience) job hunting post 4 years ago, which you can search in this subreddit.

\----

Other tips that I would share to early career me:

1. If you hate someone in your team/leadership, wait and see if they get regularized first before quitting

2. Either focus on one job type/function OR one industry. It is really difficult to weave a career narrative if you jump around BOTH industries and job functions.

3. Work in at least one known company, kahit one year lang. HR still likes seeing known company names on a resume. My resume got a boost after working in a bigger company.

4. If people keep telling you that you are good at something, and/or keep pushing you towards certain roles/projects, take it as a sign that it is where your strength is (and use it in interviews as well). Mine is good communication skills lol. I used to try and resist the more communications focused parts of my job since it wasn't what I originally wanted but....if you keep getting pushed towards something, maybe take the hint.

\----

I wanted to share this since I think sharing journeys and specific actions taken while job hunting is helpful. Happy to answer questions and give advice as well.",2025-12,155,"Complex
Application Process",LinkedIn,Yes,"*My POV comes from \~5 years of experience across different industries/fields but roughly operations, project management so please keep that in mind while reading*

  
Things I did differently this jo",,True
14,r/phcareers,https://www.reddit.com/r/phcareers/comments/1m94czm/did_the_job_market_really_get_worse_or_is_it_just/,Did the job market really get worse? Or is it just bad timing on my part?,post,"I’m currently employed, but I’ve started applying to other jobs na rin recently because I’m planning to jump ship (but that’s another story to tell). What I’ve noticed, though, is how tough the job market has become compared to last year.

I just graduated last year and I started job hunting around October. Back then, ang dali lang talaga makahanap ng work atleast for me. I had back-to-back interviews—sometimes even three in a single day. My schedule was packed for weeks, and within a month, I already had two offers.

Now? It’s a completely different story. I’ve been applying again recently, but I’m barely getting any responses. No interviews, nothing. Most job posts have over a hundred applicants fighting for one spot. It’s kind of discouraging.

So I started asking myself:

1. Did the job market really get worse this year?
2. Is it because it's graduation season and there’s just more competition right now?
3. Is the economy really that bad?
4. Or maybe my job-hunting strategy isn’t working anymore and am I just applying at the worst possible time of the year?

Would love to hear thoughts from others going through the same thing, or anyone with insights. Is this just a phase or should I be adjusting something?",2025-07,155,"Confusing
UX",,Yes,"I’m currently employed, but I’ve started applying to other jobs na rin recently because I’m planning to jump ship (but that’s another story to tell).",,False
15,r/phcareers,https://www.reddit.com/r/phcareers/comments/1le8iac/after_4_months_of_being_unemployed/,After 4 months of being unemployed,post,"Hello guys just wanted to share na after 4 months of being unemployed eh may Job offer na akooooo waaaaahhhh!!!

I resigned last February due to my supervisor's toxicity. Grabe yng mga deadlines na sineset nya like for example ngayon nya lang umaga sinabi na gawin itong report na ito tapos deadline by 12 noon. Minsan may pa follow up pa during weekends lalo pag sunday. So ending kailangan mag work kahit nasa bahay. 10 months lang ako doon sa work ko na yon at di na talaga kinaya ng aking mental at physical health. Always OT pa

Decided to resign at nag sinungaling na may family health condition akong dapat tutukan at wag niyo ako gayahin guys. After a few days ang sarap humiga buong araw, maglaro, kumain at specially matulog. Pero after 2 weeks nag decide na ko mag hanap ng work until this month. Nag pasa ako like almost 200+ applications, 8 interviews at 5 final interviews pero walang kumukuha sa akin. As in, sobrang hirap kahit 3 years of experience na ako sa accounting. Pero kahapon i received a job offer naaaaaaa ang maganda pa is WFH so kahit ma i-stress eh nasa bahay lang naman at nanjan ang comfort.

My advice sa mga katulad ko is treat your job hunting as a work mo talaga. Every day specially monday - thursday maraming applications from indeed at jobstreet. Sa linked in naman minsan lang ako nag hahanap dahil wala masyadong job postings at siguro depende din sa location. Expect na syempre may times na mapapaisip ka din na ""Hala bat ganon di nila ako gusto"", ""Okay naman ung interview kanina pero bakit di na ko binalikan"" and iba pa. Tatagan mo lang. If may rejection emails kang natanggap wag mo na masyado isipin. Kung pede nga i rekta mo na delete para di ka masyadong pang hinaan ng loob. Then syempre treat mo din sarili mo paminsan minsan. Like every weekend bili ka ng gusto mong comfort food or go on a walk para di maging clouded utak mo from those frustrations na nararamdaman mo.

Ayun lang sobrang thankful din ako sa mga nababasa ko dito dahil kahit papaano di ako nawawalan ng pag-asa mag ka work. 

Kayo na ang next! ✨Job offer dust for everyone!!!! ✨",2025-06,144,"Complex
Application Process","Indeed, Jobstreet",Yes,"Expect na syempre may times na mapapaisip ka din na ""Hala bat ganon di nila ako gusto"", ""Okay naman ung interview kanina pero bakit di na ko binalikan"" and iba pa.",,True
16,r/phcareers,https://www.reddit.com/r/phcareers/comments/1mbncl3/a_fresh_graduates_first_job_checklist/,A Fresh Graduate’s First Job Checklist,post,"Hi everyone! 

Can you help me build a checklist as stated sa title? Wala pa akong 1 month sa job hunting, sobrang daming need alamin &amp; ang hirap pala talaga going in blind. Parang nasasayang kasi ang interviews pag may di ako nasabi o natanong.

Here’s some questions &amp; initial list of what I’ve learned so far after a few interviews and things I took note of from my own research. Feel free to add/correct/refute any part.

❓Main Questions:
1. How do you determine your market value? considering hindi super reliable ang nasa glassdoor/reddit at iba-iba pa dipende sa site.
2. How do you decide if worth it ang tradeoff ?(example ok lang ba walang HMO kung mas mataas ng 3k ang basic salary sa expected mo, ok lang ba mas mababa ng 3k kung 2x/wk lang work on site)
3. To those who got hired despite missing a qualification, how did you do it? (Ofc wag naman sana yung lying 😅😂)
4. How reliable are job reviews sa common job sites?
5. Where did you find your first job (and what job) - Linkedin, job fair, Jobstreet, etc?
6. Kapag ba walang binigay na target date for the position to be filled, scouting lang sila for now and safe to say &gt; 3 months pa before a job offer?


INITIAL LIST

⭕️ How to prepare for an interview:
1. Research the role &amp; company
2. Also have questions for the interviewer
3. Anticipate questions and practice the day before.

⭕️ What benefits should we look out for?
- Non negotiables: HMO, PTO (at least 20), 13th month pay
- Nice-to-haves: Allowances
❓ Q1. Magkano dapat ang allowances, Depende nalang ba sa basic salary? 
Q2. Kunwari ang offer ay 35k gross sa manila, magkano dapat allowances dito? 
Q3. San papasok si SSS &amp; Pag ibig/Philhealth dito sa benefits?

⭕️ “Rules-of-thumb”
1. If in Metro Manila, ~45k is comfortable assuming a 12k budget for rent &amp; utilities.
❓Q4. Magkano naman kung sa Laguna?

Company red flags
- High attrition rate
- Unpaid OT

Company green flags
- Interviewer seems excited when answering your culture-related questions.

Tips: 
- Ask for the salary range first before telling them your expected salary.


P.S. I was inspired by a post in another sub about non-negotiables sa benefits.
",2025-07,143,"Complex
Application Process","LinkedIn, Jobstreet",Yes,"How do you decide if worth it ang tradeoff ?(example ok lang ba walang HMO kung mas mataas ng 3k ang basic salary sa expected mo, ok lang ba mas mababa ng 3k kung 2x/wk lang work on site)
3.",,True
17,r/phcareers,https://www.reddit.com/r/phcareers/comments/1l5hjyk/kumusta_ang_job_search_niyo_ngayon_part_3/,Kumusta ang job search niyo ngayon? - PART 3,post,"Almost 5 months ago, I shared Part 1 of my job-hunting journey here:
👉 https://www.reddit.com/r/phcareers/s/4VY6epL0TE

Back then, I was in a soul-draining situation—burnt out, micromanaged, and stuck in a toxic cycle. Every day felt heavy, and I knew I had to get out... I just didn’t know how soon that would be. 

Fast forward to today: I'm super happy to finally share that I got a job offer from another MNC and I’ll be submitting my resignation next week! 🙌 FREEDOM!! 😭

Pero honestly, mixed emotions din. May konting sepanx kasi I made friends in my current company, and the prestige the company carries is something din naman. But at the end of the day, anong silbi ng big company name kung toxic ang leadership at hindi ka na okay sa sistema, diba?

Sa totoo lang, konti lang ang increase sa sweldo, almost the same total compensation if you look at it annually. Pero the trade-off is definitely worth it:

* Office-based role now, so no more daily operations stress
* Hybrid setup, so tipid sa gas and transpo
* Boss is not based in PH, so goodbye micromanagement 🙌
* Overall, more breathing room, more mental space, and time for myself

Kasi totoo naman, a high salary doesn't mean much if it drains the life out of you.

Kayo, kumusta na ang job search niyo? May mga bagong opportunity na ba? May balak na rin bang mag-resign, o naghihintay pa ng right timing? Any small wins lately?

To anyone in the same boat I was in 5 months ago—desperate, drained, stuck—know that it does get better. Keep pushing! There’s light at the end of the tunnel!


",2025-06,130,"Complex
Application Process",,Yes,"Pero the trade-off is definitely worth it:

* Office-based role now, so no more daily operations stress
* Hybrid setup, so tipid sa gas and transpo
* Boss is not based in PH, so goodbye micromanagemen",,False
18,r/phcareers,https://www.reddit.com/r/phcareers/comments/1qjlm7j/annoyed_at_a_friend_pushing_unrealistic_salary/,Annoyed at a friend pushing unrealistic salary expectations,post,"I recently talked to a friend about salary and job hunting, and honestly it left me annoyed.

I work as an engineer and I have 5 years of experience. I know my skills and I know I’m still at a mid-level role. Because of that, I’m comfortable asking for around ₱60-70k. For me, that’s realistic in the Philippine market.

But this friend keeps telling me I should ask for ₱100-120k like it’s normal and easy to get. He keeps saying I’m “selling myself short” and keeps talking about his own salary. To be honest, it feels like he’s just flexing, and I’m not even sure if what he’s saying is true.

What annoys me is that he ignores reality. Not all roles are senior level. Not all companies pay that much. And asking too high can get you rejected before you even get a chance to explain yourself.

I’m not afraid of growing my salary in the future. I just don’t want to gamble my career based on someone else’s stories. I’d rather get a fair offer now, gain more experience, and grow from there.

I know comparing salaries with friends is a bad idea, but it’s frustrating when someone keeps pushing their mindset on you and makes you feel like you’re doing something wrong.

Anyone else experience this with friends? How do you deal with people who keep bragging and pushing unrealistic expectations?

edit: electrical engineer po ako, at sa totoo lang mahirap makakuha ng trabaho dito na 100k ang sahod para sa profession namin.",2026-01,120,"Lack of
Relevance",,Yes,"I know comparing salaries with friends is a bad idea, but it’s frustrating when someone keeps pushing their mindset on you and makes you feel like you’re doing something wrong.",,False
19,r/phcareers,https://www.reddit.com/r/phcareers/comments/1qhlnf4/should_i_let_go_of_my_highpaying_job_kasi_di_na/,Should I let go of my high-paying job kasi di na ako masaya?,post,"Hi, I'm 29M and working in a niche industry (hybrid setup). No kids but I have a partner who is financially independent. Currently earning around 180K NET pay per month. Financially rewarding talaga yung job ko kaso I recently realized na hindi siya for me (long hours, toxic environment, burnout). I just don't see myself doing this until I get old. 

I currently have 1M in savings sitting in various digital and traditional banks. No assets or investments of any kind, and no personal insurance as well. Estimated total monthly expenses is around 90K per month to live comfortably under my standards. Can be reduced to 70K if titipirin. 

I'm planning to take a career break from corporate for a few months to half a year para lang talaga maka reset and makapahinga. I just know for sure na if bumalik ako to job hunting, I will have to take a pay cut (maybe 25 to 50% of my current salary) kasi very limited ng job opportunities sa industry ko.

In those months na magpapahinga ako, I'm also planning to start a low-risk business with possibly high potential earnings. Medyo comprehensive na rin ang plan ko about this business and illaunch ko na siya soon. Based on my forecast, I should be able to conservatively earn at least 50K per month in the first few months, and hopefully more as time passes by. Dahil sa high level of time commitment na needed sa current job ko, hindi ko possibly maisabay yung planned business ko kaya I'm planning to resign nalang. 

Am I making the right choice to leave my job for this? Need advice and enlightenment sana, especially from those who have taken the same path that I'm planning to take. TYIA.",2026-01,116,Other,,Yes,"I just know for sure na if bumalik ako to job hunting, I will have to take a pay cut (maybe 25 to 50% of my current salary) kasi very limited ng job opportunities sa industry ko.",,False
20,r/phcareers,https://www.reddit.com/r/phcareers/comments/1kxwlhx/got_piped_sharing_my_experiences/,Got PIP'ed - Sharing my Experiences,post,"Ah, the dreaded PIP - Performance Improvement Plans. Got mine when I had to take leaves due to sickness, and they started blaming me for low output. I will not only share my grievances, but I'll also share what I did so far, so as to give us usual programmers (and designers) the will to fight back.

Oh ya, I'm a UI/UX designer. Like you guys, coffee is my fuel and I don't like interacting with managers that much.

A month ago, I had to take leaves due to severe flu-like symptoms. Project Management Office (PMO) started peppering me with sh!t. As expected, a PIP came in my way, but I rejected it with my own written defense. That's my way of attempting to converse, but so far, HR hasn't responded yet, and worse, the PIP is underway.

My advise:

1. Start looking for a job right away. You won't know if they're using that as a legal loophole to terminate you.
2. Don't forget to fight back. Draft a defense on paper. Remember: Less talk, less trouble.
3. Unless you're a probationary employee, they cannot terminate you just like that. Do #1 while there's time.
4. It's okay to be feel disappointed. Take breaks to preserve sanity.
5. You have a family - give priority to them, your wife, kids, mom, dad, siblings, etc.
6. If a prospect company asks you why, do not mention the PIP. Mention that you're looking for a better work opportunity and compensation.

My mistakes:

1. Thinking that the company will take care of me. That's a BS. Once the management gives you a PIP, you're done.
2. If nothing goes within 2, 3 or 4 years (I'm currently 4 years and 2 months as of this writing), start job hopping for a better salary. Why?
   1. When you see younger people in your team get promoted over you, you'll feel rock bottom.
   2. When you do get promoted, salary increase is sh!t, but the responsibilities triple.
   3. You don't want that junior you trained to become your lead, right? I mean, YOU trained him...
3. Save up, not for luxuries, but for establishing a business.
4. Guys, you know how the programming landscape changes, tama ba? There will be younger people who are better than you, who will demand for work with a lower f*king salary. This destroys the job market, and our chances for a good job, thus the #3 here.

My next moves:

1. Apart from job hunting, I'm in damage control mode - just doing the bare minimum to survive in the company.
2. Stall the process of getting fired, until I find a new job - that's what the defense paper is for.
3. Once everything's in place, I'm taking a break. Perhaps I'm planning to go into long distance cycling for myself.",2025-05,115,"Confusing
UX",,Yes,"I will not only share my grievances, but I'll also share what I did so far, so as to give us usual programmers (and designers) the will to fight back.",,False
21,r/phcareers,https://www.reddit.com/r/phcareers/comments/1kgsrbb/how_do_you_achieve_work_life_balance/,How do you achieve work life balance?,post,"Hello! I’m 29M &amp; have worked my ass off in climbing the corporate ladder since graduating &amp; have climbed up to sr. Manager level in some well established corporations. 

Towards the end of last year I spiraled a bit, broke down, &amp; quit my job when I realized my whole life has revolved around my job. I would have hobbies &amp; I’d get to travel &amp; I even managed to make time almost daily to workout but at the end of the day all of those are still just workarounds to my job. 

After a 3month break I got head hunted to be a senior manager again for a tech start up with a similar setup as my previous job which made me breakdown &amp; am in my first month already. Within my first few weeks I’m starting to see the same patterns which caused me to breakdown before &amp; would like to nip this upcoming breakdown in the bud. 

With that id just wanna learn from all of you here who have a great professional &amp; personal life…. How do you do it or what do you do to balance both?

I just wanna thrive in both aspects 😮‍💨",2025-05,114,"Confusing
UX",,Yes,After a 3month break I got head hunted to be a senior manager again for a tech start up with a similar setup as my previous job which made me breakdown &amp; am in my first month already.,,False
22,r/phcareers,https://www.reddit.com/r/phcareers/comments/1mpqdcg/interviews_go_great_but_salary_negotiations_are_a/,"Interviews go great, but salary negotiations are a dead end. Am I asking too much?",post,"I've been on the aggressive job hunt for the past year, and I've noticed a pattern that's getting really frustrating. My interviews go exceptionally well—I feel like I'm a perfect fit, and the interviewers seem to agree.

​The problem starts when we get to salary. They don't want to meet my asking price and often go as far as asking for my one-month payslip. I feel like they're just using it to get proof of my current salary and lowball me. Even then, they still can't match what I'm making now and end up ghosting me without any updates.

​I'm starting to wonder if I'm asking for too much or if I'm just not worth the investment. It's getting incredibly frustrating, and I feel totally stuck. I want to move on because I'm looking for better working conditions, not just a bigger paycheck.

​Any advice on navigating salary expectations here in the Philippines? What am I missing?",2025-08,107,Ghosting,,Yes,"I've been on the aggressive job hunt for the past year, and I've noticed a pattern that's getting really frustrating.",,False
23,r/phcareers,https://www.reddit.com/r/phcareers/comments/1npg9ap/pips_who_have_psychology_degree_where_are_you_now/,"Pips who have psychology degree, where are you now?",post,"Hi everyone,

I'm hoping to get some guidance and maybe hear some success stories because honestly, my hope is starting to fade. I'm a recent Psychology graduate, and I've been actively job hunting for about four months now. I've been using every platform imaginable—LinkedIn, Jobstreet, Kalibrr, Indeed, even Facebook groups—to try and land an entry-level position.

Like many psych grads, I was told that the most straightforward corporate path for us is in Human Resources. So, that's primarily what I've been applying for: HR Assistant, Recruitment Coordinator, Training Assistant, you name it. If it's entry-level and HR-related, I've probably sent an application there.

My long-term plan was actually to pursue a Master's degree (clinical) and I was hoping to work muna to save up for it and will be working while nagttake ng masters. But this job hunt struggle slap me how reality works, it's making me question everything.

Right now, I'm feeling really unsure and torn. I have a few big concerns that I'm hoping you can shed some light on:

1. The ""6 Months Experience"" Wall: This is the most discouraging part. Almost every ""entry-level"" posting requires ""at least 6 months to 1 year of relevant experience."" How am I supposed to get experience if no one will give me my first chance? Medyo nakakadiscourage siya. 

2. Is HR Really the Only/Best Path? I chose it because it's the common advice, but I'm starting to wonder if there are other higher-paying or more fulfilling roles for psych grads that I'm not considering. Is HR the right fit if I eventually want to go to grad school? Or are there other fields I should be looking into?

3. Considering a BPO Detour: My last resort, if wala pa ring makuhang Job Offer in the next months or so, I will try the BPO industry. I know it's a stable way to start earning. But my big question is: If I start in a BPO role (like a customer service representative), will that experience still be considered relevant if I later want to jump to an HR path? Or mahihirapan ako sa transition? Has anyone here made that jump successfully?

4. The Practical Stuff: A side question, but super practical—how essential is it to have your own laptop/PC for jobs nowadays? I have a decent phone, but I'm wondering if not having a personal computer is a bigger disadvantage than I thought, especially for online applications and potential WFH setups. Since I only have my phone with me and I don't own any laptop or PC.

To the ates, ma'ams, misses, kuyas, and sirs out there who were once in my shoes: Where are you now in your career? Hearing your career paths would mean the world to me. How did you land your first job? Did you stick with HR, or did you find a different niche where your psychology background became your strength?

My candle is dimming, and any story or piece of advice you can share would be like a much-needed spark. Thank you so much in advance for your kindness and for sharing your knowledge. It really does help more than you know.",2025-09,89,"Lack of
Relevance","LinkedIn, Indeed, Jobstreet, Kalibrr",Yes,"But my big question is: If I start in a BPO role (like a customer service representative), will that experience still be considered relevant if I later want to jump to an HR path?",,True
24,r/phcareers,https://www.reddit.com/r/phcareers/comments/1ota0g6/job_hunting_2025_may_pagasa_pa_ba/,Job Hunting 2025: May pag-asa pa ba?,post,"Hello! In average, or based sa experience ninyo, mga gaano katagal bago kayo nakakahanap ng work? Inaabot ba ng 9 months or so? For corporate, either local or multinational man?

Pati gaano karami nasesendan niyo ng application per day?

LinkedIn, JobStreet, Indeed, Kalibrr, Jora, Prosple, Jobslin, Careers page of company website, Hiring posts in Facebook…

Ito daily routine ko, pakiramdam ko na-applyan ko na pwede kong maapplyan online…but still no luck… kada new job posting na makikita ko na aligned sa line of work na gusto ko pagtrabahuhan ay inaapplyan ko.

Yung iba easy apply, yung iba ididirect ka sa ibang website tas gagawa ka account at doon tatapusin application.

Nakaka 15-20 send ako pag talagang sinisipag sa maghapon. Not sure if enough na. Nagrerevise ako ang cover letter paminsan, minsan naman wala ako inaattach.

Triny ko rin maging specific sa roles ko sa mga work experience at ATS friendly resume para hopefully pag mascan online, mabilis ako maimatch sa job qualifications.

May kulang pa ba kaya o may pwede pa ba ako gawin? Parang feeling ko ang hirap magaapply pala kung walang referrals, kumbaga sa govt kailagang may backer para makapasok.

Pero sana makarinig ako ng stories ng success na talagang nakakuha ng work at pinalad kahit online lang talaga nagapply. Malapit ko na tangkain mag walk-in sa mga companies, pero di ako sigurado if may kahihinatnan ba pag ganon. Baka masayang pera oras ko.

Salamat sa magsheshare, would really appreciate any insights you can give. Hope there’s still hope",2025-11,89,"Confusing
UX","LinkedIn, Indeed, Jobstreet, Kalibrr",Yes,"LinkedIn, JobStreet, Indeed, Kalibrr, Jora, Prosple, Jobslin, Careers page of company website, Hiring posts in Facebook…

Ito daily routine ko, pakiramdam ko na-applyan ko na pwede kong maapplyan onli",,True
25,r/phcareers,https://www.reddit.com/r/phcareers/comments/1mh3w36/can_i_withdraw_from_a_signed_job_offer/,Can I withdraw from a signed job offer?,post,"Hi everyone,

I'm in a bit of a tricky situation and could really use some advice from the community.

I recently accepted a job offer from a well-known financial services company, famous for its insurance services. My start date is September 1. I'm already on the pre-employment stage. The challenge is that the role is for an infrastructure/platform support position, which isn't aligned with my expertise or career goals. I specialize in data engineering, so it's a significant shift from what I've been training for. To be honest, I'm not sure why I was considered for the role, but I accepted the offer due to immense pressure to start earning and contribute financially to my family. I’ve been job hunting and upskilling since May, and the pressure was really getting to me.

Now, a new opportunity has come up from another company that is a perfect match for my data engineering skills. It’s exactly the kind of role I've been looking for.

I've already signed the offer with the first company. Is it possible to withdraw my acceptance at this point? If so, what is the proper and most professional way to go about it? I want to make sure I handle this correctly without burning any bridges.

Any advice or insights you could share would be greatly appreciated. Thank you!",2025-08,87,"Confusing
UX",,Yes,"To be honest, I'm not sure why I was considered for the role, but I accepted the offer due to immense pressure to start earning and contribute financially to my family.",,False
26,r/phcareers,https://www.reddit.com/r/phcareers/comments/1qara9d/slowly_losing_my_passion_due_to_monotonous_task/,Slowly losing my passion due to monotonous task,post,"Hi everyone. I’d really appreciate some perspective from people who have gone through career stagnation or felt “stuck” in a comfortable but unfulfilling role.

In the early years of my career, I handled wide and challenging responsibilities. I was constantly learning, solving problems, and being mentally stimulated. I genuinely enjoyed growing and improving.

Now, I’m in a role where I mostly handle a single repetitive task. It’s stable, WFH, flexible, and very convenient, especially since my husband and I are planning to start a family this year. However, the work feels monotonous, unfulfilling, and no longer mentally stimulating. I often feel like I’m “shrinking” instead of growing, like I’m slowly losing my sharpness and passion. 🥲

What also worries me is that I’ve started to lose confidence in applying again. I used to be very confident when job hunting. I could market my skills well even though I’ve had multiple employers, this is already my 7th company in 8 years, partly due to the pandemic. But now, even updating my resume gives me anxiety. I feel unsure of myself in a way that I never used to.

I’m torn because this job is convenient and family–friendly, but I’m afraid that staying too long in this role might hurt my long-term career growth, personal development, and even my confidence.

I’m also the type of person na working lang ang means to earn, wala akong lakas ng loob magbusiness or any talents or other skills to do side hassles, no generational wealth din, pinagaaral ko din pa sis ko na nasa college even tho I’m married already kaya parang di ko keri magpahinga sa ngayon. 🥹",2026-01,77,"Confusing
UX",,Yes,"I’m also the type of person na working lang ang means to earn, wala akong lakas ng loob magbusiness or any talents or other skills to do side hassles, no generational wealth din, pinagaaral ko din pa ",,False
27,r/phcareers,https://www.reddit.com/r/phcareers/comments/1p0vxea/2_months_into_my_software_developer_job_and_im/,2 months into my software developer job and I'm having a crisis,post,"Hi everyone,



I'm having doubts about my ability in this software dev role. For context, I'm a 25M and a computer engineering graduate (Sept 2023). I was never a naturally gifted programmer, but I did what I had to do to finish my courses. I learned C++ and C# by browsing YouTube, StackOverflow, and other sites. LLMs weren’t that widespread yet. During the final months of college, I built our capstone project in C++, and I remember only using ChatGPT for documentation/paperwork during the final stretch.



My internship was in frontend development using Vue.js. I learned everything on the spot by checking StackOverflow, YouTube, and reverse-engineering existing codebases to meet requirements.



After graduation, it took around 7 months before I landed my first job in the industrial automation field, creating HMIs in FactoryTalk Optix (a low-code platform with SQLite and C# scripting). The salary was 18k. I got laid off because of company retrenchment.



After 3 months of job hunting, I got interviewed by a US-based company for a junior-to-mid-level software engineer role. The requirements were vanilla JS, HTML, CSS, REST APIs and JSON payloads.



There were no coding exams. I had two rounds of interviews, and during the second round with the CEO, he hired me right after my introduction. He said he’d interviewed tons of people and I was the only one he found “decent” (I forgot the exact term), and he liked my background. Salary was 31k.



After a week, the original project I was assigned to got scrapped, so I was moved to another role. Now I'm learning React and interacting with backend APIs for PostgreSQL.



**Here’s the problem:** I don’t know if I’m really up for this role because I rely on ChatGPT and Claude to generate code for the tasks assigned to me. I try to understand the generated code, but I feel like it takes too much time and slows down my progress. Initially, I was assigned simple UI components and still used ChatGPT. Now I'm being given heavier tasks along with another senior dev (who’s very kind and great to work with).



Our CEO mentioned that it’s okay to use ChatGPT, and I remember the senior dev saying the same. But every time I talk to him, I avoid mentioning it because I lean on it so much. I can’t even confidently describe the current codebase I built with ChatGPT. It's still under development, not yet in production.



**Part of me wants to resign and reassess what I really want in my career.** Every time I open my laptop and Teams, I fear that one day, other senior devs will review my code, ask me to explain it, and I’ll look like a fool who doesn’t understand what he built. It feels like I shot myself in the foot before the marathon even started.



Thoughts and opinions?

Edited: 7 not 8 months. Grammar.
",2025-11,76,"Complex
Application Process",,Yes,"**Part of me wants to resign and reassess what I really want in my career.** Every time I open my laptop and Teams, I fear that one day, other senior devs will review my code, ask me to explain it, an",,False
28,r/phcareers,https://www.reddit.com/r/phcareers/comments/1sd3jug/job_hunting_what_am_i_doing_wrong/,Job hunting - what am i doing wrong?,post,"For a long while na, sobrang bigat ng pakiramdam ko with my life (career-wise). Napapadalas na rin ako maiyak kahit sa public. I graduated from college (one of the big 4 universities) magna cum laude pa, two years ago. I joined several orgs during undergrad. I also have numerous workshops and trainings na na-complete. I've done a lot of volunteer work. I would say decent naman ang CV/Resume ko. I'm currently in grad school din. I'm a fairly passionate person with advocacies. But the problem is, yung past work ko (full-time) and current one (part-time) ay unfortunately exploitative, yung tipong sobrang beyond the job description yung mga pinapagawa at salary na nade-delay up to 6 months. Nakakapagod pero at the same time, feeling ko wala akong naa-accomplish na makabuluhan sa buhay. Pati yung mga extracurricular ko noon at ngayon, parang balewala nalang. Ang dami ko na rin inapplyan pero eto lang naabot ko. Hanggang ngayon nagj-job hunting ako pero walang nangyayari. Lagi ring may comments sakin yung pamilya ko na hindi pa rin ako kumikita ng maayos at walang kontribusyon.

Akala ko marami na kong ginawa nung undergrad para i-prepare ang sarili ko pagka-graduate, pero ngayon parang mas lalong wala akong idea pano i-navigate ang buhay. What am I doing wrong in life? Malas lang ba ako o hindi lang enough ang ginagawa ko?",2026-04,69,"Confusing
UX",,Yes,"But the problem is, yung past work ko (full-time) and current one (part-time) ay unfortunately exploitative, yung tipong sobrang beyond the job description yung mga pinapagawa at salary na nade-delay ",,False
29,r/phcareers,https://www.reddit.com/r/phcareers/comments/1qcs8h6/is_knowing_how_to_speak_english_beneficial_in_job/,Is knowing how to speak english beneficial in job hunting?,post,"
Hi, this question is not directly related to me, it’s for a friend I’m concerned abt. So i have this friend na fresh graduate. He’s planning on job hunting soon so we’ve been practicing interview questions he might get asked, yung normal na tell me abt yourself, basta ganon. My problem is, he cant answer in english, he knows english pero he doesn’t use it correctly, my english is also not that perfect pero its also not that bad. But his english is sometimes incomprehensible na you have to do a double take before you could understand his point correctly, his taglish makes it harder to understand. Would this affect his employability or hindi naman? Kase if it does have a material effect on his employability then it might be better if we practiced more ganon. ",2026-01,63,"Complex
Application Process",,Yes,"But his english is sometimes incomprehensible na you have to do a double take before you could understand his point correctly, his taglish makes it harder to understand.",,False
30,r/phcareers,https://www.reddit.com/r/phcareers/comments/1ojpo8b/kug_kailan_naman_masaya_na_ako_sa_bagong_kumpanya/,Kug kailan naman masaya na ako sa bagong kumpanya..,post,"Hi I am an engineer who is 28 yrs old. For context, right now I am working remotely for a foreign company for 3 months palang and this is my 3rd company na.

1st job:
I started working way back in 2021 for a local company here in my province kasi priority ko talaga ang maka work dito saamin kasi getting old na ang parents ko and panganay ako.

The enviornment was great and very stable yung company. workload is overwhelming sometimes pero kayang kaya naman. I was really passionate sa job na to and i was really good at it. lined narin ako to become the supervisor kasi ako na pinaka tenured sa unit na to (3 years). I really loved what i do. Pero syempre, the company was not perfect the drawback was the salary. alam ko na when the time comes na i would start my own family, that would not be enough. Also, my supervisor was dumping all her responsibilities saakin on top of my own. Even though nakakaya naman, i know it wasnt sustainable.

So when a very well known company reached out to me, sobrang cinonsider ko rin talaga. kahit na nasa comfort zone na ako, i really thought about growth.

But in the end, i chose the salary bump and explored the opportunity and went with it. This was a huge risk on my part pero naisip ko i will never be able to afford these kinds of risks when im older na.

2nd job:
Kahit medyo malayo tong company na to from my hometown, wfh naman siya so nasunod parin yung want ko mag stay dito sa amin. But isa kaagad yung bumungad saakin, walang turnover process and the comoany culture was very bad. Nag research naman ako about this company and sabi sa glassdoor very demanding and ang taas yalaga ng expectations for new hires for this company.

Processes were non existent but results were expected right away. i remember on my 2nd week inaaway na ako agad ng supervisor ko on a task na i was not able to deliver dahil i was still being taught. tiniis ko dahil baka new employee woes lang yunt na eexperience ko. pero unti unti nasira yung confidence ko sa company na to. The more o try really hard, working late nights just to be able to keep up sa demand ng work. Very burnt out ako everyday. kahit wfh, wala akong energy to do anything after work hours or even on the weekends. then after a month in, anxiety hit me HARD. biglang niregret ko leaving my previoue company. i went for weeks na di makatulog and makakain and for the first time had panic attacks. Everyday nasisigawan ako becasuer of things that were out of my control that worsened my anxiety. on my 2nd month, i reflected and accepted that this company is not for me. So 2nd month ko palang Iupdated my resume and my other job hunting platforms. 

2nd month palang nag fufull blown apply na ako during my free time. even though overwheing at times pag sabaying ang new work plus job hunting. almost every week i have 2-3 interviews pero hirap talaga. dagdag pa yung fact na hirap idefend na 2-3 months palang ako sa new work ko (na very well known nga), ay nag aapply na ako sa iba. laging may ""bakit ka aalis jan eh ____ na yan eh?"". 

Dahil di ko afford umalis, tiniis ko and looking back these were the hardest months of my life so far. everyday gusto ko sumuko, pero sa dami ng gastusin i dragged myself everyday. naging habit ko this time was tipidin lahat ng sinssahod ko in case na di ko makayanan and mag resign ng biglaan. in turn, di ko na spoil sarili ko at palala lang ng palala mental health ko. Yung 3 years of confidencr na na buildup ko sa previous company ko, nadurog day by day hanggang wala na ako tiwala sa sarili ko. nag seek din ako ng therapy during this time kasi di na talaga maganda.

sa araw araw nag pag titiis, di ko namalayan na 6th month ko na and naregular narin ako dito pero my plans didnt change, aalis parin ako pag may nahanap na ako. 

Then after ko maregular, companies na i was really interested came in. 2 companies offered me an opportunity. 1 company was very similar to my current company this time, pero on site siya. and the other, a foreign company na wfh.

higher ng onti offer ni on site pero slight lang so i took the foreign company mostly kasi wfh. so nag pirma na ako and resigned agad from my 2nd job. i lasted 8 months sa hell hole na to. sobrang nabunotan ako ng tinik nito and was finally free.

3rd job (current company):
I even bought a laptop na 1 year to pay kasi okay naman salary for this job. afford ko naman siya but gusto ko na feeling nag ROI sa job na to eh.

Since first time ko sa foreign company, di ko alam ieexpect ko. pinoy naman ang teammates ko but grabe, iba talaga pag foreign management. pag uwian, uwian na. bawal ang ot. sobrang considerate sakanilang mga employees. Very supportivr ang aking teammates at trinain talaga nila ako at di pinabayaan.

After my 1st month, sobrang happy ko grabe. sobrang answered prayer nitong trabaho ko. araw araw ako  bukod sa higher salary na, super healthy pa ng workplacd and setup. sinasama ko lagi sa prayers ko na magpasalamat na nakuha ko ton work na to.

Everyday na bibuild up ko yung confidence ko kasi nagaguide talaga ako. aminin ko rin na dahil sa emotionally stable na ako, yung mga gusto ko bilhin nung nag titipid ako sa 2nd company ay bili ko rin dahil feel ko naman tatagal ako dahil ang healthy nga. medyo nakaspend ako ng malala.

But just last week when it was just my 3rd month sa new company, a memo shattered my heart. nag announce ng layoffs. di naman ako nadamay sa first round but nakaka worry yung position ng company.

Di naman kami pinapa alis pero we were advised to explore other opportunities na as early as now due to the instability. Grabe di manlang pina 1 year yung saya ko and now, worried na ule ako sa future ko. last week i was planning to maybe tie the knot with my girlfriend, kasi she stuck all throughout nung instability ko and shared my pain. and ngayon, another round nanaman of her comforting me. and hirap lang. I was so happy na eh :( 

Now short term plan ko is to again:
1. update my resume and job application sites. back to zero nanaman.
2. Pay off my debts
3. Mag tipid ulit.

do you have experiences na might help me deal with this?",2025-10,63,"Complex
Application Process",,Yes,"1st job:
I started working way back in 2021 for a local company here in my province kasi priority ko talaga ang maka work dito saamin kasi getting old na ang parents ko and panganay ako.",,False
31,r/phcareers,https://www.reddit.com/r/phcareers/comments/1oj5975/after_four_months_of_job_hunting_i_finally_got_to/,"After four months of job hunting, I finally got to the final interview. However",post,"Hello po! So I'm a fresh psych grad (M23) who is currently doing face-to-face job interviews. I've been doing this for four consecutive months already and finally, today, I've managed to penetrate the final interview. I was interviewed three times. Initial &gt; second &gt; then final interview. It all went well, the HR staff were all approachable and friendly. However, during the final interview, medyo nafeel ko na sketchy if I will really get that JO. For context, I've applied for an HR Recruitment (Project based) position since I don't have the necessary experience/s yet. The conditions include: 1) Working from Mondays to Saturdays; and a 2) Three month working duration. Sa first two interviews, I've highlighted that my basic salary is from 15k to 16k since it's an entry level job. However, when the final interviewer asked me if I still have questions, nilakasan ko na loob ko na itanong yong expected salary – but she said that she cannot disclose it to me. She also said that they'll assess my resume and contact me within a week or two. Tapos noong makikipagshake hands ako,sinabi niya na di raw siya nakikipaghand shake kasi ""nagoground"" daw siya? What are your thoughts? Do you think I have the chance to get the job? I'm desperate to get even a project based job right now since December is near. Thank you for your inputs in advance!",2025-10,60,"Lack of
Relevance",,Yes,"However, when the final interviewer asked me if I still have questions, nilakasan ko na loob ko na itanong yong expected salary – but she said that she cannot disclose it to me.",,False
32,r/phcareers,https://www.reddit.com/r/phcareers/comments/1otei2p/i_feel_like_i_made_a_wrong_choice_on_rejecting/,i feel like i made a wrong choice on rejecting another opportunity,post,"for context, im 24f, a fresh grad but already have a year of experience in my field. i used to earn 26k (got absorbed after my internship). long story short, i resigned from my first job without a backup plan, and after months of job hunting, i finally landed one with a 38k salary. almost 3 months in, a company that previously shortlisted me reached out to ask if i was still open for the role. i said yes just to see if it was worth it lol. they offered 50k gross, and when i told my current boss i was planning to leave, he escalated it to the big boss, and i got a counteroffer of 46k gross. i accepted the counteroffer because the work environment here is good, my manager is super nice, and it’s only an hour away from home. the 50k job is in bgc, which is 2 hours away (and can be 3 during christmas season), so most of my salary would’ve gone to food and transportation. i didn’t want to deal with the exhausting commute after a 9–5.

so yeah, i’m a jr project manager handling projects, but lately i’ve been feeling like i made the wrong decision. the company that offered 50k is a big, well-known financial firm with lots of opportunities, incentives, and benefits. i was just scared of the new challenge and adjusting to a new environment after only being in my current company for 3 months. i know i would’ve grown there since they really value performance and have clear kpis.

in my current company, i’m still managing projects, but things feel stagnant. the project i’m handling feels more like training. i already shipped it, but it doesn’t have real users and has been in development for almost 2 years. i don’t think they plan on selling it either. it’s very niche, and even i doubt it’ll get many users, but i’m still doing my best and researching how to make it useful. there are no kpis, and we mostly just follow whatever the big boss wants. honestly, i don’t feel like i’m growing. i really like my team, my manager, and the people here, but it feels like they’re just going through the motions haha.

anyway, i can’t help but feel like i made the wrong choice. i keep thinking i should’ve accepted the bgc job since i probably would’ve grown more there. but the downside is that most of my salary would’ve gone to my daily budget, and even if i got an apartment there, i wouldn’t have much left for savings since i’m a breadwinner.
",2025-11,57,"Lack of
Relevance",,Yes,"but the downside is that most of my salary would’ve gone to my daily budget, and even if i got an apartment there, i wouldn’t have much left for savings since i’m a breadwinner.",,False
33,r/phcareers,https://www.reddit.com/r/phcareers/comments/1po4twu/from_startup_layoffs_to_landing_back_in_corporate/,From startup layoffs to landing back in corporate — a quick reminder that networks matter :D,post,"Got laid off from an e-commerce startup around late Oct and took a short breather in Nov while figuring things out. Ended up heading back to corporate by Dec (now with an Ayala Group company), and honestly the biggest lesson was how much your network quietly opens doors when things get rough. Most of my former teammates also landed in places like telco, fintech, and big corps through referrals.

What really hit me was realizing how interconnected things are now. I have colleagues from my most recent startup, and even from a pre-pandemic startup, now spread across places like Booky, Jollibee Group, Angkas/GrowSari, and more. You don’t notice it while you’re grinding, but those relationships compound over time.

For anyone job hunting this season: keep showing up, keep talking to people, and don’t lose hope. Wishing everyone a better Christmas and a smoother 2026 ahead 🎄",2025-12,53,"Confusing
UX",,Yes,"Ended up heading back to corporate by Dec (now with an Ayala Group company), and honestly the biggest lesson was how much your network quietly opens doors when things get rough.",,False
34,r/phcareers,https://www.reddit.com/r/phcareers/comments/1ly0pes/hirap_parin_sa_entry_level_job_hunting_kahit_may/,Hirap parin sa entry level job hunting kahit may experience na,post,"Posting this after my latest yet another rejection. Isa ako dun sa nag apply sa **Globe IT Bootcamp** and hindi man lang ako nakaabot sa interview. I graduated early this year and I already 2+ years real world experience as a full stack developer and data analyst, not no mention with latin honor pa. And hirap parin makalusot man lang sa HR interview, I wonder what kind of applicants they accept, fresh grad ng Master's ba, ah from big 4?

&gt;**Who Should Apply?**  
\- Fresh graduates in IT or career shifters passionate about learning software development, cloud platforms, data engineering, and latest automation.  
\- Individuals with a background (or strong interest) in programming, cloud, or system operations.  
\- No advanced experience required - just a passion for learning and problem-solving.",2025-07,48,"Confusing
UX",,Yes,"&gt;**Who Should Apply?**  
\- Fresh graduates in IT or career shifters passionate about learning software development, cloud platforms, data engineering, and latest automation.",,False
35,r/phcareers,https://www.reddit.com/r/phcareers/comments/1rrrawm/getting_dumped_after_technical_interviews_for_the/,Getting dumped after technical interviews for the 4th time it's exhausting,post,"I’m noticing a frustrating paradox in tech hiring right now. A recurring pattern in my job hunt and could use some advice from folks who have been here.

I’m a software engineer with experience shipping products. Recently, I've been interviewing for full-time roles (open to whatever shifts, completely committed to a 9-to-5). But I keep hitting the exact same wall. Four companies in a row now:

* I completely ace the technical interview. They give great feedback on my accomplishments, projects, and skills right away.
* They dig into my experience, and I walk them through my early startup (an app I built and launched solo).
* I emphasize that I just built the tech because what else I'm gonna learn anyway in today's standard, Leetcode? I explicitly say it is absolutely not my priority I am not actively looking clients, I am eager to go all-in on a full-time day job.
* I explain how I shipped it and the real-world problems I solved. They usually don't even have many follow-up questions because I'm thorough.

The interview ends with smiles, handshakes, and a ""we really hope to work with you.""

Everything feels great. Then, 5 days later... a generic copy-pasted rejection email arrives. No real feedback.

My theory: They're hesitant because of the startup. Maybe they think I'll jump ship if it takes off, or that I'm not ""corporate"" enough? I've emphasized my commitment and framed it as my side-project, but it keeps happening. Is mentioning you have a working web app a red flag?

Should I downplay it entirely, or is there a better way to spin it as a strength? Employers/recruiters, what's your take on hiring junior dev with a shipped product?  
Thanks in advance – open to any tips!",2026-03,43,"Confusing
UX",,Yes,"I explicitly say it is absolutely not my priority I am not actively looking clients, I am eager to go all-in on a full-time day job.",,False
36,r/phcareers,https://www.reddit.com/r/phcareers/comments/1sb8yjf/how_to_be_competitive_in_the_hr_job_market_as_a/,How to be competitive in the HR job market as a fresh grad?,post,"Hello! (not so fresh) fresh grad here. I graduated last year pero hirap pa rin makahanap ng trabaho.

For context, I have a BS psych degree with latin honors. I am also a licensed psychometrician + for certifications, I only have CHRA.

I did recruitment and team management stuff sa school orgs since I had leadership roles. My OJT was unfortunately not HR pero it involved managing confidential records, data entry sa hospital system, forwarding documents to offices and following up on missing records.

Ilan beses ko na ni-revise ang resume ko to appease the ATS gods huhu.  
I asked for feedback from people over at r/PHresumes, used AI tools like those resume scanners and I did my best to really highlight my HR-related skills that I got from my internship and school orgs. I've also been camping job boards to be a very early applicant to heighten my chances of being noticed.

I understand that the job market is really crap right now pero it's depressing to just spend most of my time applying, then waiting, and then getting ghosted or rejected (mostly ghosted).

I feel like I'm not really maximizing my time.

I am thinking of getting into an internship or something pero I'm from the province and wala akong nakikita that is accessible to me (I don't really want to spend a lot travelling for an unpaid intership).

In the meantime, what can I do to make myself a competitive entry-level HR? Huhu pa-suggest naman ng mga certifications, classes, and whatnot na pwede kong i-take to help me in my HR job hunt :(

Thanks for reading all the way!",2026-04,44,Ghosting,,Yes,I am thinking of getting into an internship or something pero I'm from the province and wala akong nakikita that is accessible to me (I don't really want to spend a lot travelling for an unpaid inters,,False
37,r/phcareers,https://www.reddit.com/r/phcareers/comments/1lf6dhl/unmotivated_and_stuck_in_job_hunt/,Unmotivated and stuck in job hunt,post,"For context, I’ve been in the same company for 9 years. I applied here after I graduated.

I’ve been a sub lead for 4 years. I was fine before eh, I am in my comfort zone. Happy naman ako sa ginagawa ko. I feel it’s worth it to go above and beyond for the team. 

My family is growing, syempre I want a comfortable life for us.
Kaso, the last salary increase I received was 2022 pa. I also heard from our manager that time na I was supposed to be promoted kaso next cycle nalang daw since naka Maternity Leave na ako. 
So I was hoping.. but walang promotion na naganap until now. Even increase, wala. Nagstart na ko mawalan ng gana this time.

My lead delegates most of his tasks to me din. Imagine, on top of handling calls, chats, tickets, I have adhoc tasks pa but walang appreciation or recognition. Parang wala din syang pakialam sa career growth ko or namin. 

I’ve decided to look for other opportunities na din but I never receive any JO. Nakaka abot ako final interview but that’s it. Nakakadrain and pagod na din 😭 


",2025-06,41,"Confusing
UX",,Yes,I also heard from our manager that time na I was supposed to be promoted kaso next cycle nalang daw since naka Maternity Leave na ako.,,False
38,r/phcareers,https://www.reddit.com/r/phcareers/comments/1spy0x6/where_were_you_a_year_ago_in_your_career/,Where were you a year ago in your career?,post,"Just some late night thoughts…

Time is really bizarre. This month last year, I was unemployed and broke. Isang taon na out from college. Walang savings. Raket raket lang. Ilang months na ring ongoing ang job hunting. 

I was in a very difficult situation din tending to my severely ill lola in a hundred-person hospital ward. At dahil halos 24/7 akong nasa hospital, I had to pause looking for a job. Caregiving ang naging full-time job kumbaga. Ang hirap pero kailangan.

But fast forward to today, a year later.

I’m already employed full-time at a company that actually values me. And I like going to work (which is rare sa panahon ngayon). I like working with the people here. And I must say na I am well compensated. May savings na ako!! Hindi pa super laki but it’s a start! 

I’m doing the things that I love. Nakakapag-travel ako kahit papaano, lalo na kasi remote work. First time ko makapunta ng Boracay for work! All expenses paid. I have HMO, and naging independent na ako sa family ko. Grabe adulting!!! 

I will forever be grateful to my work and to Structure 2 Scale (shoutout!!!) which allowed me to do these things.

Grabe ang naging growth ko from April 2025 to now April 2026. If I were to tell 2025 me what’s in for us in 2026, she probably won’t believe it.

Ikaw, how were you last year compared to now?",2026-04,39,Other,,Yes,I will forever be grateful to my work and to Structure 2 Scale (shoutout!!!) which allowed me to do these things.,,False
39,r/phcareers,https://www.reddit.com/r/phcareers/comments/1rnqcq2/i_badly_want_better_opportunities/,I badly want better opportunities,post,"Hi guys!

  
I'm currently working in Sales for 1 year and 4 months now. This is my first job; I like my coworkers the workload is manageable but the salary is too low (20k). I grabbed this job kasi malapit lang sa house and I'm desperate for a job (got in thru a referral). I have been sending applications online for a month now (6 per week) but I'm not receiving feedbacks from recruiters :( and this has been my issue ever since I was job hunting. My credentials are good naman, graduated from a NCAA school and a cum laude. I know the job market is bad right now but its still making me anxious kasi nakikita ko yung ibang colleagues ko who can easily job hop while ako hirap, hindi ko alam kung anong mali sa akin bakit hindi ako nababalikan. 

I don't see any growth in my current company. When I first joined the team mas malaki pa pala ang sahod ko sa coworkers ko who's been working na for 4 years :( They eventually got a raise but pinakamalaki na yung 22k. No offense but I know I am meant for more and I have the potential to be so. They are also relocating to a farther location but nonetheless of relocation, I still want a better job that would help me upskill and give me a better salary. 

My plan is to find jobs while I am still here and leave before they relocate on August. I don't want to leave without a back up but I dont want to stay long either :( I feel so anxious kahit anong motivate ko sa sarili ko ",2026-03,32,"Confusing
UX",,Yes,"I know the job market is bad right now but its still making me anxious kasi nakikita ko yung ibang colleagues ko who can easily job hop while ako hirap, hindi ko alam kung anong mali sa akin bakit hin",,False
40,r/phcareers,https://www.reddit.com/r/phcareers/comments/1nvhq76/should_i_resign_this_early_or_stay_and_endure/,Should I resign this early? Or stay and Endure?,post,"Three weeks in and I can already see myself hating the job I have right now for the upcoming months—worse, years.

Hi, I’m 22 (F), a fresh grad last June. I accepted the very first job offer that came my way, even if the field wasn’t really my top priority, just of interest. My principle back then was: mahirap makahanap ng work kapag fresh out of college, so unahin ko na lang ang learning and experience bago ang gains.

At, okay lang sigurong tanggapin, habang wala pang ibang offer, dito muna ako. At least I can build hard skills. 

Because of that, I overlooked a lot of things that are now haunting me:


Shift &amp; hours: My shift is 8 AM to 6:30PM, and I’ve already done OTs that stretch past midnight. By the time I log off, wala na akong energy for myself or for social life.

Pay: The salary is only ₱18k, which I thought was standard at first. But with the workload and stress, I feel it doesn’t really compensate well.

Workload: Training felt rushed. Tasks are heavy and repetitive, nakakabigla siya for a newbie (pero di ako sure dito if ganito lang talaga sa work set-up). 

Career fit: I don’t feel any fulfillment. The role is task-based, and I don’t get to contribute creatively or align with my long-term goal.

Physical/mental strain: I feel burnout building this early, and it scares me to think of months or years doing this.



On the flip side, there are some pros:
-work-from-home.

-My supervisors are kind and patient.

-There are benefits if I get regularized, plus OT pay.
marami na akong na llearn na hardskills specially sa corporate end of things. 



However, I feel like the cons outweigh the pros. I realized I jumped into the first offer without setting boundaries or parameters of what I really wanted in a job. Now that I’ve experienced this, I think I need to take a step back, plan my direction properly, and figure out the right industry, field, and role for me.

Here’s my dilemma:

If I resign now, I can reset, regain my energy, and focus on job hunting with a clear direction.

But if I don’t get an offer by December, I’ll end up unemployed for months, and I worry that might look ugly on my resume as a fresh grad.

So now I’m torn—should I resign as early as possible to save myself from further burnout and misalignment, or should I endure a bit more until I have another offer secured?


Edit: sorry I checked my schedule. Malapit na po pala akong mag one month here. but again same concerns 



",2025-10,30,"Lack of
Relevance",,Yes,"Because of that, I overlooked a lot of things that are now haunting me:


Shift &amp; hours: My shift is 8 AM to 6:30PM, and I’ve already done OTs that stretch past midnight.",,False
41,r/phcareers,https://www.reddit.com/r/phcareers/comments/1sl4132/how_to_explain_a_long_gap_in_your_cv_work/,How to explain a long gap in your CV work experience,post,"I am currently job hunting and one of the common questions during interview is what I have been doing since I resigned and why the long gap. I resigned January 2025. The truth is, I resigned after my maternity leave and took a year off to care for my baby. He is our first. 

Now, my challenge is, I don’t want to disclose this true reason (I don’t have to) because of fear of discrimination. I made this mistake once and the interviewer focused all of her questions on whether I will be able to handle the job despite being a mother. 

Actually, I did not want to resign from my previous job but I was sort of managed out since I got pregnant. It’s too sad because the most motivated, reliable and hardworking people I’ve worked with are mothers. I don’t understand this stigma against working moms (especially moms of small children) and it left me traumatized, hence I took some time to really just focus on my family. But now, bills are piling and we can’t go on in a single income, I really need to go back to corporate. 

Now, what is the best  way to explain away this long gap in my resume? I am a performer on my previous jobs and I don’t think being a mother should have any impact on job interviews.",2026-04,28,"Complex
Application Process",,Yes,"I don’t understand this stigma against working moms (especially moms of small children) and it left me traumatized, hence I took some time to really just focus on my family.",,False
42,r/phcareers,https://www.reddit.com/r/phcareers/comments/1n5hv1h/finding_a_job_by_january_2026_is_it_hard/,Finding a job by January 2026: Is it hard?,post,"Hello! I’m a fresh grad and my contract for my first job ends in December 2025. I don’t plan on extending, so ideally I’d like to start a new role by January 2026.

I’m aware that job openings can be harder to come by during the *Ber months*, so my plan is to start sending applications by the last week of September. I’ll also need to inform my current company by late November that I won’t be renewing my contract, so that gives me about two months to secure a new opportunity.

My questions are:

* How challenging is it to land a role if you’re applying during this period?
* Has anyone here applied in the *Ber months* and started fresh in January? How was your experience?
* Any tips you’d share for someone in my position?

For context: it took me around two months to land my current role. I graduated from one of the Big 4 universities, and I’m currently working as an Assistant Manager.

I’d really appreciate any insights, advice, or stories from your own job-hunting journey. Thanks so much!",2025-09,28,"Confusing
UX",,Yes,"I’ll also need to inform my current company by late November that I won’t be renewing my contract, so that gives me about two months to secure a new opportunity.",,False
43,r/phcareers,https://www.reddit.com/r/phcareers/comments/1r0683e/local_job_offer_vs_highpaying_us_remote_role/,Local job offer vs high-paying US remote role,post,"Hi, I’m currently in my job-hunt era.

I was made redundant in 2025 and only recently started actively looking again for tech-related roles. I’ve applied to both local companies and a few Y Combinator–backed startups. With some local companies, I’ve already reached the final interview stage and am just waiting for key stakeholders to complete the process.

Last week, a CEO from a US-based company reached out to me on LinkedIn. He said my skill set was quite unique and aligned with what he needs to scale his business. For context, I have 6 years of experience as a Full-Stack Engineer and another 6 years in Process Automation. In my previous role, I delivered approximately $1.2M in annual cost savings, the same company that later laid me off as they decided to move the role to India.

We had an online meeting last Friday, where he asked about my expected compensation. I told him I’d follow up via email since I wanted time to think it through. I eventually asked for $7,000 per month (\~P400K in current rates). Given that this would be a fully remote, individual contractor role, I priced it higher to account for taxes, HMO, and other benefits I’d be handling myself.

Today, he replied saying he’s okay with my asking rate and would like to move forward with the next steps. This includes meeting key people in the company: C-level executives and an architect to assess culture fit and technical alignment.

My dilemma now is that one of the local companies has already extended a job offer, with a decision deadline in a couple of days. The compensation is significantly lower than what I discussed with the US company.

So my question is: should I accept the local offer, which may be more stable long-term, or take the risk and continue pursuing the US company, knowing they still have around five interviews left before making a final decision? Can I leverage that job offer to accelerate the feedback loop with the US company?",2026-02,27,"Complex
Application Process",LinkedIn,Yes,"So my question is: should I accept the local offer, which may be more stable long-term, or take the risk and continue pursuing the US company, knowing they still have around five interviews left befor",,True
44,r/phcareers,https://www.reddit.com/r/phcareers/comments/1kek126/whats_the_advertising_industry_like_here/,What’s the Advertising industry like here?,post,"Hi, everyone. I need to know what it’s like to work in the ad industry in PH. I told my family about an option of heading back to the Philippines and finding work there. They all laughed at me and said “How are you gonna survive? We have no house and no family to take care of you there.”

**Here’s some context:**

I’m a 25M Syrian/Filipino living in Dubai, working as a Junior Copywriter. I recently lost my job at a big network agency last month and my visa’s been cancelled. Since then, I’ve been job hunting and networking at different places, even handing out business cards to ECDs. I’ve also emailed several agencies and DM’s to recruiters and traffic managers.

In case I can’t find any agency job in Dubai, I’ve contemplated going back here and finding work. I’ve done my Senior High School and online college years here at Davao City. But my biggest issues are my lack of a college degree and having never learn the language beyond Lupang Hinirang and 1 to 10.

What is the job market for advertising in PH? Will not knowing a local language like Tagalog/Bisaya be a disadvantage for me? Will not having a degree also be a disadvantage as well?",2025-05,20,"Confusing
UX",,Yes,"We have no house and no family to take care of you there.”

**Here’s some context:**

I’m a 25M Syrian/Filipino living in Dubai, working as a Junior Copywriter.",,False
45,r/phcareers,https://www.reddit.com/r/phcareers/comments/1qqzx1k/shifted_from_corporate_to_a_startup_company/,Shifted from corporate to a startup company,post,"Hello! After months of job hunting, I finally landed on a job.

I initially targeted international WFH careers, got into endless interviews, but did not get any luck yet puro pending applications till now. But i got hired on site agad agad after 2 interviews only.

Context: 
Old job: I resigned from my previous role last year.
WFH. PH company. 5 years working with them. Basic pay: 34k gross 
With allowances: 40k gross 
If with incentives: 50k to 60k gross (depends, most of the time wala coz strict targets and threshold) Net ko without incentive is: P34k only 
Benefits: govt mandated benefits, HMO, many leaves


New job: Startup company but very promising, multimillion luxury amenities are being built, funded internationally too, saw the construction site, 50% done, onsite job 
Basic pay: 60k gross 
Allowances: still on the works since startup
Incentives: there will be but still on the works since I will build the system with the top mgt 
Leaves and HMO: on the works too 
Benefits: govt mandated benefits for now 
Computed net pay after taxes: P50k 
Deciding factor: i grabbed the opportunity since there will be incentives as well on top of the solid basic pay + i wanna grow together with the company, i am part of the first 5 employees. 
In my previous company i only got promoted once 
—- I also wonder why the HR did not allot some of the basic pay sa allowances na walang tax hahaha


Any tips to survive in a startup company? Did I made the right decision to grab the job given the pros and cons of a start up?

Thank you!",2026-01,21,"Confusing
UX",,Yes,"Basic pay: 34k gross 
With allowances: 40k gross 
If with incentives: 50k to 60k gross (depends, most of the time wala coz strict targets and threshold) Net ko without incentive is: P34k only 
Benefit",,False
46,r/phcareers,https://www.reddit.com/r/phcareers/comments/1m4tw87/been_a_month_i_was_already_signed_the_offer_but/,"Been a month I was already signed the offer, but no contract yet",post,"In my previous job hunting days, i have already received multiple final interviews, pero i have already got a Job Offer from one of the start up companies in here in PH. US Based naman sya and one of thr investors in this start up company is Morgan Stanley. Not sure how good was that but i think its positive kasi alam ko ano ang reputation ng Morgan Stanley in terms of being an investor. They gave me also my dream salary range. So thats why I signed up to them.

But today, my anxiety is starting to kill me because its been a month, since i have signed that offer, and i am down on my last week of rendering, no contract has been shared yet. Hiningi ko na to a week after job offer signing but they insisted to give it once the job onboarding requirements is complete. Which is yes last Tuesday pa and did a follow up on it. No answer. 

Tomorrow is my next meet with the HR. I don't know how to act or get my next move if they fail to deliver the contract signing again. I wanted to prioritize job security for now kasi on the JO itself, kaya nila bawiin yun kahit na nakapirma pa ko. So wala akong habol if ever mag pa DOLE ako if ever they did me damages dahil my last day in the company is near already. 

Any help from anyone what is the best move here? I have never been in this situation before so yes ang hirap nya if you pursued income stability over job security also. ",2025-07,21,"Complex
Application Process",,Yes,"But today, my anxiety is starting to kill me because its been a month, since i have signed that offer, and i am down on my last week of rendering, no contract has been shared yet.",,False
47,r/phcareers,https://www.reddit.com/r/phcareers/comments/1q8poyp/job_hunting_at_higher_levels_senior/,Job hunting at higher levels (Senior Manager/Directors and up),post,"I have this irrational fear that I’ll eventually lose my job and struggle to find a replacement.

No real signs pointing to this naman, and I'm good at what I do, valuable to my company, and performance wise okay lahat. It’s just this persistent anxiety that sits in the background na if I lose my job, I'll struggle to find something else that pays in the same range. (Gross well above 200+) 

LinkedIn is well polished, professional photo, and I’ve built a strong network over others in my industry over the years since I made the profiel. I also post the cringy thought leadership content from time to time but mostly for branding and visibility. I've beefed up my emergency fund specifically for joblessness to last a full year to prep for this 

Tbh, I think I’ve done most of the right things but ung fear is still there especially thinking about how job is more cutthroat at a senior / leadership level.

* For those of you at senior leadership levels, what has job searching actually looked like for you? 
* Do opportunities mostly come inbound via LinkedIn or personal referrals? 
* How long did it realistically take to land something comparable? 
* What's your industry? 

Mostly trying to understand how others in the same boat insure themselves mentally and practically for a possible future scenario. ",2026-01,18,"Confusing
UX",LinkedIn,Yes,"I've beefed up my emergency fund specifically for joblessness to last a full year to prep for this 

Tbh, I think I’ve done most of the right things but ung fear is still there especially thinking abo",,True
48,r/phcareers,https://www.reddit.com/r/phcareers/comments/1nygmey/first_week_sa_first_job_as_a_fresh_grad_pero_red/,first week sa first job as a fresh grad pero red flags ngayon ko lang seriously narealize,post,"I admit it’s my fault I accepted the offer and signed the contract on the first day of the job because none of my other applications were progressing. Kahit na nung hiring process pa lang may red flags na, I still said yes because the pay is higher than the usual range for entry level jobs that actually align with the degree I finished and my career goals. The job description seemed easy enough; nothing too technical but more vague office document tasks to help around. Wala naman silang ipoprovide na training and it seems like walang person who had my position before me, so I’m just expecting typical office document tasks to be given. The only thing I triple checked during the contract signing was for any exit clause or bonds, but there was none so I signed it anyway, thinking I’m ready to hop off in case na may opportunity in the field that I really wanted. Typical gain experience and money muna mindset.

I don’t really want to disclose kung ano ang red flags sa hiring process but it was the setting of the interview, where and how they made me go to somewhere not in the office. And when I told my friends and family about it, everyone was mad because I let myself in that situation. They were mad kasi it potentially could have been dangerous since I didn’t know those people at all, “baka matrafficking ka” some of them joked. I know I should have said no to the job doon pa lang but I guess I was roped into the “kind” vibes the employees I saw briefly were giving off.

Fast forward to the starting date. Okay naman? Huge question mark. They didn’t have anything urgent to assign to me so I was doing basically nothing. But the more the boss explained what I’m going to do, the more I get anxious because it’s making me realize how vague the job description is in the contract and I should have been more careful about the specifics. Madali lang yung pinaaral niya sakin for a future task and I’m confident I’ll be able to do that, pero it’s the lack of structure that’s making me anxious. Nagulat lang ako bigla naman ganon pala yung ipapagawa sakin.

It didn’t help na kaharap ko lang sila nung HR contact ko (maliit lang office, unti lang employees), and they literally argued (confusingly?) in front of me in their own desks what truly constitutes my job description. Apparently, the HR contact has other qualifications they’re looking for this job opening that my boss removed from the actual job description in my contract. I guess he’s not gonna make me do those pero I suddenly feel off about it kasi di pala sila nag-usap nung HR person? Feeling ko tuloy bigla may internal conflict agad doon. This happened in the first day na nakatunganga lang ako sa desk and medyo napahiya ako nung pinakilala ako sa ibang office with those qualifications HR was looking for, tapos wala naman pala siya sa official job desc ko.

Mababait naman yung employees, they told me to just ask around kung wala pa akong magawa. But I think they’re conscious about handing me some work too, kasi they think the boss should be handling me pero wala naman nangyayari. I did ask a few times and they just told me to wait, then the day ends with me doing nothing again. I just feel weird about the whole set up. And yes mababait sila pero the inside jokes and the amount of gossip (mainly complaints about other coworkers sa kabilang offices) they’re already having around me na di naman ako maka-relate makes me feel off. I don’t hate socializing, but that kind of socializing isn’t for me lalo na kung new person lang naman ako doon and I’m still learning about the dynamics.

There are other issues like my physical and mental health (overall anxiety, depression, stomach problems because of stress, exhausting commute that I can feel my body breaking agad) pero my biggest dilemma is kung may repercussions ba or impact in the long run. I’ve decided that I will resign and already informed my family na rin about it. 1 month notice ang nakalagay sa contract pero I’m thinking of asking to waive that in my notice email para immediate resignation at di na lang agad ako papasok the next day. Since I’m not even after the pay, it’s only been a week, and the way they’re treating my position na parang useless ghost employee lang, I hope it’s not a big deal. Kung mablacklist man nila ako, I don’t think I’m going try something in that field again anyway.

I guess this post is to ask for any words of advice so I don’t fuck up like this again? Especially as someone bad at making decisions. Things I should be worried about? And/or look forward to? Btw, may internship opportunity din naman na nag reach out sakin, so I’m thinking yun na lang muna kahit hindi paid. It aligns talaga sa gusto kong field, and I’m hoping it works out. If not, edi job hunting ulit.",2025-10,19,Ghosting,,Yes,"There are other issues like my physical and mental health (overall anxiety, depression, stomach problems because of stress, exhausting commute that I can feel my body breaking agad) pero my biggest di",,False
49,r/phcareers,https://www.reddit.com/r/phcareers/comments/1kzuvnh/how_far_i_have_become_sa_career_so_far_2/,How far I have become sa career so far 2,post,"Hi! Ako nga pala yung gumawa nung thread about sa unang part ng How far I have become sa career so far.

Narito yung link: [How far I have become sa career so far. : r/phcareers](https://www.reddit.com/r/phcareers/comments/1dn6ya6/how_far_i_have_become_sa_career_so_far/)

Sa wakas at nakapagresign na rin ako as a call center agent after 1-year dahil nagkaroon ako ng job offer sa ibang company kung saan ako nag apply bilang Service Desk Analyst. Maganda naman yung bigayan pero dahil magastos mabuhay sa Taguig eh kailangan kong tiyagain i budget yun kasi mahal manirahan dun. First time ko lang kasing maeexperience na makipagsapalaran sa ibang lugar. Wala namang masama kung magbago din ako ng environment kahit na wfh ako for 4 or 5 years. Yung sahod ko kasi sa dati kong work eh hindi sustainable in the long run kasi di naman ganun kalaki yung sahod ko dun. Also, I have always wanted to build a career of my choice in the IT industry. Kumbaga ay nagkaroon lang ako ng pagkakataon na magpursue ng career sa ganung field.

 In addition, noon eh ako lang sa magpipinsan yung may trabaho na di align sa kurso pero ngayon eh align na sa kurso ko yung magiging work ko.

Kaya ko pinili yung Service Desk Analyst kasi:

1. Yun yung gusto kong field sa IT.
2. Yun yung field sa IT na sa tingin kong pwede kong maleverage yung call center experience ko.
3. Yun yung sa tingin ko na field sa IT na fit para sa akin.

It took me:

5 months of job hunting

12 job interviews attended out of 270 job applications

1 job offer

Hindi rin talaga naging ganun kadali ang napagdaanan kong pag a apply dahil na rin sa sitwasyon ng job market ngayon pero at least ay natupad na yung mga pangarap ko ngayong taon. Hindi man ako nagkaroon ng career agad sa IT for some reason eh ang mahalaga ay nakapagsimula na rin ako kahit hindi ako kagaya ng iba na nagkaroon na kaagad ng headstart sa IT industry. Although may mga tao na nasa edad na 25 na malaki na ang sinasahod sa tech industry, ako naman ay nagsisimula pa lang at the age of 25 pero at least ay may nasimulan ako kaysa wala.",2025-05,18,"Lack of
Relevance",,Yes,"It took me:

5 months of job hunting

12 job interviews attended out of 270 job applications

1 job offer

Hindi rin talaga naging ganun kadali ang napagdaanan kong pag a apply dahil na rin sa sitwasy",,False
50,r/phcareers,https://www.reddit.com/r/phcareers/comments/1qy3fr2/possible_employer_red_flag_or_not_preinterview/,Possible employer red flag or not? (pre-interview),post,"I applied for this company through indeed because the requirements are not that high for that position. I applied at night. I was just casually browsing through different job openings before I go to sleep. The next day I woke up around 10am due to headache that's when I noticed na nagset na pala agad ng interview yung company na yun at that day, in person, at 9am. I couldnt go obviously. Even if I saw that earlier, I cant go because its too far and too sudden of a notice.

I searched for them in linkedin and in facebook. Wala silang official account. Im like, okay weird, but that happens. Then I saw na hiring sila with the same position I applied for just 7 months ago. Those were 3 positions na hiring uli sila ngayon. Nakita ko website nila but its in chinese. I myself am torn kung pupunta ba ako sa interview kase malayo and di ko feel sa company na yun, basing on the vibes and gut feeling.

For those na currently job hunting or encountered situations like this, whats your opinion? Is this a redflag or something common?",2026-02,14,"Confusing
UX","LinkedIn, Indeed",Yes,"The next day I woke up around 10am due to headache that's when I noticed na nagset na pala agad ng interview yung company na yun at that day, in person, at 9am.",,True
51,r/phcareers,https://www.reddit.com/r/phcareers/comments/1ky2joq/management_accounting_grad_path/,Management Accounting Grad Path,post,"Hi. Parang medyo off my chest dating pero I need help kasi I feel like I'm not smart enough. I graduated June 2024 with bachelo's degree in Management Accounting. I'm working as an accounting staff (AR) with basic pay of 16.5k+ naman (Outside Mnl). Sakto naman sahod since I live pa with my parents, I pay bills, nakakapagsave din ako and may tira pa for luho. And I think I'm so-so naman, I'm very ethical and maasahan talaga ako sa work. But I think my job is too basic, parang no growth, too comfortable. I feel like if I hunt for a new job, hindi ako tatanggapin kasi subpar yung work experience ko. Is this normal feeling? Aware ako na my generation is so competitive na now and taas na talaga standards so naffeel ko talaga na kulelat ako now. 

I'm planning to take certification exams next year and leave my current job next year. Manila sana pero parang ang hassle na don HAHAHA I want to work sa government for the benefits since CSE passer naman ako. 

To my fellow Management Accounting people na medyo matagal na sa industry, when did things get better for you? ",2025-05,15,"Complex
Application Process",,Yes,Manila sana pero parang ang hassle na don HAHAHA I want to work sa government for the benefits since CSE passer naman ako.,,False
52,r/phcareers,https://www.reddit.com/r/phcareers/comments/1o7wqgi/fresh_cs_graduate_struggling_to_find_a_job_any/,Fresh CS Graduate Struggling to Find a Job Any Advice,post,"Hey everyone,  
I just graduated with a degree in Computer Science and honestly, job hunting has been rough. I’ve applied to several companies but most either ghost me, reject me, or offer positions that are basically labor work disguised as training.

I know I’m not the only one going through this, but it’s starting to get frustrating. I can do a bit of everything software dev, AI, some networking, app dev but it feels like none of that really matters without 2 years of experience.

I’m not expecting a high paying role right away, I just want a position where I can actually learn and grow as a developer. For those who’ve been through this stage, how did you land your first real tech job What should I focus on right now projects, networking, freelancing, certifications, or something else

Any advice or perspective would really help. Thanks in advance.",2025-10,14,Ghosting,,Yes,"For those who’ve been through this stage, how did you land your first real tech job What should I focus on right now projects, networking, freelancing, certifications, or something else

Any advice or",,False
53,r/phcareers,https://www.reddit.com/r/phcareers/comments/1rqgr7v/my_job_hunt_experience_as_a_software_engineer/,My job hunt experience as a Software Engineer (below 1 YOE),post,"https://preview.redd.it/5yd8znhinbog1.png?width=2000&amp;format=png&amp;auto=webp&amp;s=fc201636155aae2f764ddb96bcfadb60b1e1e7b2

I posted in r/PinoyProgrammer 10 months ago. Mod auto rejected my post. I'll just share it here instead.

Previous post:

[https://www.reddit.com/r/PinoyProgrammer/comments/1kfzal3/my\_job\_hunt\_experience\_as\_an\_undergraduate\_in\_a/](https://www.reddit.com/r/PinoyProgrammer/comments/1kfzal3/my_job_hunt_experience_as_an_undergraduate_in_a/)

That's when I started working as an SWE. Now I have 10 months of professional experience under my belt. First company is a US-based, mid-sized company with under \~200 tech people. Pay is 30k+ php gross, with benefits, night shift and remote setup.

Now I'll be working for a US-based company once again. Still remote but schedule is flexible this time. But it's gonna be a 2-man dev team this time. I'll start with 65k+ php gross for this. No benefits though, mind you.

Background: 10 months exp, still in school

Previous Responsibilities: Dev tasks, onboard newly hired engineers, conduct technical interviews

Took me almost 2 months of applying. Probably because my target job posts are super specific. It has to be Night Shift AND Remote

This is a crazy job hunt experience for me as well. To think na 1 interview lang then offer na kagad is unheard of! Literal na 1 interview lang with CEO, and biglaan pa yan. Parang formality lang

\* Ignored - Companies who reached out but I ""Ignored"" for some reason (e.g., first step is take-home exam, mag-take ng AI interview, etc.,)

Background ng mga role na nagka interview ako:

First company: Senior Software Engineer role. Passed Initial, Ghosted after pang crazy-level na take home exam (using coderbyte)

Second: Senior again. Pinaka-confident na version ko siguro during initial interview. Got ghosted after

Third: PH-based but remote. Got ghosted again after take home

Fourth (the one I accepted the offer from): US-based, 1 interview with CEO, offer accepted within the day

Just wanted to share my experience. Any questions are welcome",2026-03,13,Ghosting,,Yes,"Previous post:

[https://www.reddit.com/r/PinoyProgrammer/comments/1kfzal3/my\_job\_hunt\_experience\_as\_an\_undergraduate\_in\_a/](https://www.reddit.com/r/PinoyProgrammer/comments/1kfzal3/my_job_hu",,False
54,r/phcareers,https://www.reddit.com/r/phcareers/comments/1kq5mt9/currently_on_job_hunting_and_still_indecisive/,Currently on Job Hunting and still indecisive,post,"
Hi I’m 27(M) and currently job hunting parin. From the entirety of my job hunting experience, naka receive nako ng Job Offer kay Company A and at the same time I am waiting for the result of my Final Interview kay Company B which I am confident na makakarecieve din ako ng Job Offer kay Company B and if I am to receive the Job Offer, I will lean towards Company B. My problem is, i have yet to receive any updates or results regarding my evaluation dun sa Final Interview since nadisclose ng Manager nung Friday during my interview na by Monday which is today, malalaman ko yung result ng evaluation sakin. I already made some follow-ups na rin thru email, text messages and calls pero no response. Should I let go naba in the hopes that I passed the interview? Should I push through na ba with processing my requirements kay Company A since I already accepted the Job Offer but no Contract yet. Nanghihinayang lang din kasi ako dun sa Company B kasi it’s a Senior Role and it’s a big step for me kasi I’m in a junior/ associate rile right now, with higher compensation compared to Company B. ",2025-05,13,"Complex
Application Process",,Yes,"From the entirety of my job hunting experience, naka receive nako ng Job Offer kay Company A and at the same time I am waiting for the result of my Final Interview kay Company B which I am confident n",,False
55,r/phcareers,https://www.reddit.com/r/phcareers/comments/1sj94no/ghosted_or_just_holiday_hangover/,"Ghosted or just ""Holiday Hangover""?",post,"​My husband is currently in the middle of a job hunt, and the experience between two developers has been night and day. Looking for some perspective on the current situation with ""Company 2.""

​The Backstory:

My husband’s last salary was 48k (Annual Gross of 672k including 13th and 14th month).

​Company 1 (Pasay): He was transparent about his earnings and provided his COE/Payslip. After the process, they offered him 35k. He immediately declined, citing that it was a massive step backward.

​Company 2 (Makati): During the initial interview, he asked for 60k. The Dept. Head actually told him, ""Are you sure? That might not be competitive enough for this level."" I did the math with him, and considering the daily commute to Makati, 60k is actually quite fair (if not a bit low).

​The Final Interview (March 31):

The final interview with the VP went great. The VP even asked if he was already submitting his requirements. However, the Dept. Head and HR told him to wait because they wanted to discuss something—they actually offered him a higher role focused on Strategic Process Improvement instead of the original role he applied for.

​He was introduced to the team, and the vibes were very positive. They told him to wait for a call regarding the result, but gave no definite date.

​The Dilemma:

Last week was Holy Week, so we expected delays. However:

​He messaged HR last Wednesday (April 8) — No response.

​He emailed HR yesterday (April 11) — No response.

​Is it possible to be ghosted after being introduced to the team and being offered a higher-level role? Or is this just a case of ""post-Holy Week backlog"" and HR needing time to get the budget approved for the new strategic role they proposed?

​Would love to hear if anyone has experienced a long silence after a ""role upgrade"" talk!",2026-04,12,Ghosting,,Yes,Head and HR told him to wait because they wanted to discuss something—they actually offered him a higher role focused on Strategic Process Improvement instead of the original role he applied for.,,False
56,r/phcareers,https://www.reddit.com/r/phcareers/comments/1p5a09t/taking_a_break_from_job_hunting_open_to_advice/,"Taking a break from job hunting, open to advice for upskilling",post,"Ang hirap pala talaga maghanap ng bagong trabaho, ano? I've been applying to different jobs for the past 2 years pero it never goes anywhere. I feel stuck in my career and I've decided to take a break from searching for a new job to focus on upskilling na lang muna. 

I'm a project manager in a niche industry and we've been heavily affected by the rise of AI usage. I've been working as an independent contractor in the past couple of years for the same company and I was hoping to transition back to being a full-time employee para sa benefits. Kaso, kahit na umaabot ako sa final interviews laging hindi nagwo-work out ang application ko. Based on feedback from the few recruiters who provided me one, kulang pa ako sa subject-matter knowledge for their companies so I've decided to take a break and maybe proceed with upskilling for the next couple of months. 

Since I enjoy project management, I am hoping to get some training and certifications para umangat naman kahit papaano ang credibility ko as a PM at pang-strengthen na din ng resume ko (on top of my PM experience). Besides this, hindi ako sure what else I can do to further help my applications along if I want to get out of this rut and shift industries/specializations (hopefully as a PM pa rin). Job openings for PMs within my industry are rare and it's not guaranteed na sa gusto mong specialization magkakaroon ng openings.

What would you guys recommend for someone like me who is looking to expand my career as a PM pero gustong mag-shift ng industry/specialization? Am I still being too broad and wasting my time with just looking to gain certifications for project management? Or should I focus on getting the subject-matter/specialization knowledge gap filled? Am I overthinking this? lol",2025-11,11,"Confusing
UX",,Yes,"Based on feedback from the few recruiters who provided me one, kulang pa ako sa subject-matter knowledge for their companies so I've decided to take a break and maybe proceed with upskilling for the n",,False
57,r/phcareers,https://www.reddit.com/r/phcareers/comments/1kabr61/can_i_back_out_after_akong_iendorse_for_a_final/,Can I back out after akong i-endorse for a final interview?,post,"(Not sure if it's the right flair, I'm sorry)

Fresh grad here and been job hunting since March. Itong company na ito ang unang tumawag sa akin. Nag-apply ako sa kanila through a job posting sa LinkedIn, however ang job description ay relatively short but nag-try pa rin ako. I didn't expect na tatawagan ako but they did. 

So I went to the initial interview and it was okay naman, kaso they discussed the more detailed job description and right then and there merong dealbreaker para sa akin. I figured na ayaw ko na mag-proceed after that.

Sinabihan nila ako na they'll update me sa status in a week or so, and today nag-text sila sakin saying na I will be endorsed for a final interview with the hiring manager. Ang kaso eh I've made up my mind na ayaw ko na talaga, plus their office is ~2 hours away from where I live.

Should I tell them na ayaw ko na mag-proceed or go pa rin for the final interview despite knowing na hindi na ako tutuloy sa kanila? I'm worried na if tinanggihan ko ngayon I might be perceived as unprofessional if I back out at this point of the application process. ",2025-04,11,"Confusing
UX",LinkedIn,Yes,"Sinabihan nila ako na they'll update me sa status in a week or so, and today nag-text sila sakin saying na I will be endorsed for a final interview with the hiring manager.",,True
58,r/phcareers,https://www.reddit.com/r/phcareers/comments/1ltsjrs/26f_2_years_hr_experience_job_hunting_journey/,26F | 2+ Years HR Experience | Job Hunting Journey,post,"I’ve been actively looking for better career opportunities for the past three months now. I have over 2 years of experience in the HR industry, and while most of my interviews go really well pero during  the final stage—things usually fall through during the salary negotiation.

I know the current market rates, but I also know my worth. Sa mga companies na naapplyan ko yung offer nila during the salary negotiation is usually between ₱18K–₱20K basic pay pero sa posting 20- 25k, which is disappointing, especially when the role requires someone with at least 3+ years of experience and has very wide responsibilities and tinatry nila e lowball yung offer. I was already earning ₱20K+ in my previous role, so I was really hoping to move forward or kahit man lang higher offer dun sa previous salary ko.

I’ve declined several offers because I felt the compensation didn’t reflect the scope of work or my skills. Baka isipin nyo na demanding lang ako pero kase yun yung rason kaya ko nag resign sa previous company ko for better salary sana. Luckily, hindi rin naman ako nagmamadali makahanap ng work kase i still have my saving and my partner has been very supportive and even encouraged me not to settle just for the sake of being employed, which I’m truly grateful for.

Pero lately, I’ve been torn. A part of me wonders if I siguro okay lang mag compromise and accept a lower offer para maka move forward and ease the financial burden from my partner kahit na he assures me he’s okay.

It’s been tough navigating this phase, and I sometimes regret not negotiating more openly or finding a middle ground with some of those companies.

Has anyone else been in a similar situation? How did you decide when to stick to your worth vs. when to adjust?",2025-07,8,"Lack of
Relevance",,Yes,"Sa mga companies na naapplyan ko yung offer nila during the salary negotiation is usually between ₱18K–₱20K basic pay pero sa posting 20- 25k, which is disappointing, especially when the role requires",,False
59,r/phcareers,https://www.reddit.com/r/phcareers/comments/1m93adh/should_i_settle_for_a_temporary_job_or_focus_on/,Should I settle for a temporary job? Or focus on building skills.,post,"
Hello po I need advice if it's wise to take an unrelated job sa gusto kong career while I study and build my skills.

I'm a fresh grad who took a board exam nung april and passed. I started job hunting nung May for an software dev role kaso wala talaga ako makuha kahit interview. I can guarantee naman na maayos resume ko, siguro kulang lang sa projects and skills pa. So I started learning Java from scratch again and decided na gagawa muna ako portfolio and develop new projects bago ako mag-apply ulit. 

But yesterday, may friend akong nag offer sa akin ng video editing role sa isang international company. Permanent wfh siya kaya pwede ko matuloy pagaaral on the side.

 What I want to ask po sana, is it better na mag-focus nalang ako sa pagbuild ng portfolio and skills? instead of taking a job na di naman related sa career path na gusto ko, and kakain lang din sa oras ko sa pag-aaral. 

",2025-07,7,"Confusing
UX",,Yes,So I started learning Java from scratch again and decided na gagawa muna ako portfolio and develop new projects bago ako mag-apply ulit.,,False
60,r/phcareers,https://www.reddit.com/r/phcareers/comments/1o2rcjm/i_was_so_sure_at_first_ngayon_di_ko_na_alam/,"I was so sure at first, ngayon di ko na alam..",post,"So I am currently rendering. I submitted my resignation kasi my manager is so pabigat and mentally draining na siya. Plus, ang baba ng sahod for a leader level huhu. I tried applying sa iba. Merong isa na pumasa ako sa initial interview pero di na ko naka-proceed sa next part kasi may nakuha na raw sila sa unang batch hays. They told me na my skills and experience match their values and culture so they'll look for a role daw na pwede sa akin. However, they can't guarantee na makakahanap sila agad for me. 

This week, our higher ups (SOM to Sr. Director) talked to me and asked me to give them another chance. They'll see that things will improve daw. If I want, I can give them daw atleast 3 months and if I still don't like the environment I can go. 

Now I'm torn. I resigned kasi pagod na ako sa manager ko at I don't like to work with her anymore. Our sr. Director offered na sa kanya na ako directly magrereport if mag-yes ako sa offer niya (same level, same sahod, same tasks but different supervisor) and that she'll address all the concerns na meron ako sa management. Wala pa akong narereceive na updates sa mga inapplyan ko as of this writing. 

Nag-request ako na bigyan ako until next week to think about it. But if you're in my position, what will you do? Should I reconsider and give it another try for 2-3 months? Or proceed with the resignation and focus on job hunting? ",2025-10,8,"Complex
Application Process",,Yes,"Director offered na sa kanya na ako directly magrereport if mag-yes ako sa offer niya (same level, same sahod, same tasks but different supervisor) and that she'll address all the concerns na meron ak",,False
61,r/phcareers,https://www.reddit.com/r/phcareers/comments/1rj3erd/accountant_6_yrs_exp_trying_to_transition_to_wfh/,Accountant (6 yrs exp) trying to transition to WFH but struggling,post,"Hi everyone,

I work as an accountant with 6+ years of experience. Same local company yung work ko since I graduated. I handled GL, accounts payable, disbursements, bank reconciliations, and reporting.

Recently na-burn out talaga ako so I decided to resign. Akala ko makakahanap agad ako ng work after, pero honestly ang hirap pala mag job hunt ngayon.

I’ve been trying to transition to WFH/remote accounting jobs, pero halos lahat ng postings naghahanap ng experience with international clients and accounting systems like Quickbooks or Xero. Sa previous company ko kasi very traditional yung processes, mostly manual and Excel-based lang kami. I used Advanced excel, macros and automated reports, pero wala talaga kaming ginagamit na accounting software.

So ngayon parang na-stuck ako kasi maraming companies na parang deal breaker na agad kapag wala kang experience sa accounting systems or international clients.

May mga naka-experience ba dito na galing local accounting job then nakapag transition to WFH accounting or bookkeeping roles? How did you bridge the gap?

Nag take din ako ng QB certification recently para at least familiar ako sa system, pero wala pa din.

Any advice or suggestions kung anong next step dapat gawin would really help. Medyo lost lang ako ngayon sa career direction ko.

Thanks in advance.",2026-03,8,"Confusing
UX",,Yes,"I’ve been trying to transition to WFH/remote accounting jobs, pero halos lahat ng postings naghahanap ng experience with international clients and accounting systems like Quickbooks or Xero.",,False
62,r/phcareers,https://www.reddit.com/r/phcareers/comments/1nc5vqy/resigning_without_a_backup_job_projectbasedacademe/,Resigning without a back-up job? - Project-based/academe,post,"Background: I'm working as a project technical assistant in a small team. Appointments are project-based, so it's not really a stable job. No benefits, no paid leaves, etc. I've been working here for almost a year already.

The thing is, my project already ended, so I currently have no appointment. I did not hear this directly from my boss, but from my co-worker, that I may not be paid for this month onwards since I don't have a contract. I was supposed to be the lead for one of the upcoming projects.

Currently, I'm just trying to wrap up all of my remaining deliverables for my closed project, mainly financial reports. Other responsibilities given to me were not directly related to the project but to the team itself.

Well, aside from the no pay for this month... I'm burnt out. I feel unappreciated in the team. I have always worked hard, spent many days overtime just to deliver well, and yet I'm either not recognized or recognized, but on the side only. I do 95% of the work, but my senior gets the credit, because I'm just an assistant. Hahaha.

I honestly think I perform and contribute well to the team (to the extent of losing myself lol). My co-workers often give me good feedback regarding my work ethic and outputs (it's just that my boss is never satisfied with the outputs). 

I'm just tired of the setup and tired of my boss as well... He isn't exactly the nicest when he talks to us. I guess that's the price to pay when you're a high profile person. But I just wish he could communicate a bit nicely, set deadlines more reasonably, and just be a nicer boss overall. His words aren't exactly motivating at all.

It's a shame, because I really like what I'm doing. I can see that there's many opportunities and learning experiences ahead with the team. However, is that worth staying for? At the expense of my sanity and work-life balance? Or am I just being too weak-hearted?

Question/Advice needed: Is it a right decision for me to resign?

I don't have a back-up job yet. I'm already in the process of job hunting. I am still currently living with my parents, and they're okay if I don't have a job for the mean time. It's a bit shameful for me of course hahaha.

One option my parents gave me was to request for a leave of absence, since I don't have any projects yet. So that my boss wouldn't be obligated to pay me, but also he should not give me any tasks. Basically, I'm on-call, in a sense.

Right now, I'm really leaning towards resigning. But I would like to know other people's thoughts, because maybe I'm too emotional and overthinking to make a right decision.

Thank you!",2025-09,7,"Confusing
UX",,Yes,"I have always worked hard, spent many days overtime just to deliver well, and yet I'm either not recognized or recognized, but on the side only.",,False
63,r/phcareers,https://www.reddit.com/r/phcareers/comments/1n26nxq/is_a_heart_condition_a_red_flag_for_recruiters/,Is a heart condition a red flag for recruiters?,post,"Hi! So basically po i'm job hunting right now, but i have a gap in my work history (more than a year) and it's mostly because of health issues 😅

Last year po i was mostly sick, almost every month nilalagnat, yung type na halos 1 week kang magpapagaling. And then one check up led to another, and then it turned out na those were rheumatic fevers and that i had rheumatic heart disease. So far mild(?) lang naman daw sabi ni doc, basta iavoid lang yung intense physical activities. It's been more than a year now and thankfully na lessen po yung nga lagnat dahil sa medication.

So, in case po during interviews and they asked about the gap in my resume, would it be a red flag if i told them about my heart condition? That's the only reason lang naman po kasi for the gap 😅

Frustrated lang po ako because i already missed out on a lot of opportunities, job fairs especially, because of the frequent fevers.

And unfortunately po, at the last job i had before getting really sick, well, na terminate po ako (wasn't able to pass the company's evaluation/test after three months of being a trainee).

Kahit ako po ma tuturn off pag binasa ko yung resume ko 😅

Any insights are welcome po 🙏 thank you in advance to anyone who answers!",2025-08,8,"Confusing
UX",,Yes,"So basically po i'm job hunting right now, but i have a gap in my work history (more than a year) and it's mostly because of health issues 😅

Last year po i was mostly sick, almost every month nilalag",,False
64,r/phcareers,https://www.reddit.com/r/phcareers/comments/1nxesi5/stuck_waiting_for_govt_position/,Stuck Waiting for Govt Position,post,"Last month, super active ako mag job hunt. Until such time, tumigil na ako kasi I was selected for a Govt JO position. Ngayon, ang bottleneck ay nasa paghihintay ng salary allotment, almost 1 month na ako naghihintay, and yung communication nila sakin was 2 weeks ago pa. Nagfofollow up ako regarding sa status pero hindi pa sila nagrereply. 

Mag-aalmost 5 months na kasi yung gap ko sa work sa resume, and hindi ko alam until when ako maghihintay at this point, gusto ko naman yung work na papasukan ko, and sabi kasi nila before sa ganitong date magsstart na ako kaya nagrent na rin ako ng apartment, kaya tumigil na rin ako maghanap. Ngayon, gusto ko na uli maghanap ng work if ever na matagal pa kasi lumalaki na yung gap na nakatengga ako. 

What do you think po? ",2025-10,6,Other,,Yes,"Mag-aalmost 5 months na kasi yung gap ko sa work sa resume, and hindi ko alam until when ako maghihintay at this point, gusto ko naman yung work na papasukan ko, and sabi kasi nila before sa ganitong ",,False
65,r/phcareers,https://www.reddit.com/r/phcareers/comments/1nv29dw/recommendations_for_upskilling_programs_short/,Recommendations for upskilling programs/ short courses,post,"Hi everyone! I'm pretty new to the workforce industry so I need some advice po. It's been a month since I've started job hunting. While I'm still waiting, I wanna find ways to make my time productive.

Education:  Financial Management 
Work Exp: Cash Applications (1.5 yrs in BPO)
Trainings I have previously taken: Advanced MS Excel

I need recommendations for upskilling programs/ short courses that I can take while waiting. I'm thinking of bookkeeping, MS excel macro &amp; VBA programming course, or maybe a data analytics course.

My top choice is actually data analytics since I have prior knowledge with Excel. I'm just not sure if I'll be able to keep up since I have no prior background with data analytics. 2nd option is MS excel macro &amp; VBA programming. 

Recommendations and feedbacks are very much welcome po. Thank you!",2025-10,6,"Confusing
UX",,Yes,"Education:  Financial Management 
Work Exp: Cash Applications (1.5 yrs in BPO)
Trainings I have previously taken: Advanced MS Excel

I need recommendations for upskilling programs/ short courses that ",,False
66,r/phcareers,https://www.reddit.com/r/phcareers/comments/1mqurq8/first_week_on_the_job_as_a_trainee_rethinking_my/,First week on the job as a trainee (rethinking my life choices),post,"Hi! I badly need some advice.

I'm a fresh grad and have been desperately looking for a job over the past few weeks. It was just this Monday that I got hired. Everything happened so fast, actually--and I honestly wasn't expecting it. For context, I submitted my resume to them last week through walk-in (been job hunting physically last week), received a text message on Friday for an interview on Monday, got interviewed on Monday, got hired on the spot, and started training the next day. It was a job that I thought I would be good at. But I'm honestly rethinking all my decisions right now.

I live in the province. The pay is minimum, so it isn't that much, honestly. I thought they would have some statutory or supplementary benefits, though--like SSS, PhilHealth, and whatnot, but they don't. I know I'm going to start as a trainee first, but other companies already offer benefits like that to employees, albeit they're not yet regular. I was made aware of that during the interview, and although a red flag, I grabbed the opportunity--knowing I've been under a lot of stress and pressure lately for still not having a job. They also don't offer a free lunch or anything else, an offer I was previously presented with from a different company (was supposed to work here actually, but I was so anxious about waiting, thinking I would not be chosen, so I had to push through my first presented opportunity). I didn't realize it last week as well, but the transpo going to the workplace is actually hard, so I would always need to ride a tricycle that costs more than my lunch.

Despite all those, I gaslighted myself, thinking I should go on with this--not just for the experience I'd acquire, but of course for the money I'm trying to save up to move and work in Manila or somewhere else with better pay. So since I'm newly employed, I need to undergo training first. And my senior, who's training me, can be really too much. She's been in the job for 18 years. Ever since the first day, she has not been welcoming or friendly at all to me. But I was fine with that. Whenever she talks to me, she can be really condescending, but I honestly didn't mind that, knowing she's my senior. But she'd always scold me about not knowing day-to-day things about work, making me feel really belittled and stupid--even though she hadn't mentioned that thing yet to me or only mentioned it to me once along with all the other things she says all at the same time, so I get really confused. Plus, whenever she would have a vacant time, instead of actually training me or teaching me stuff, she would just scroll through her Facebook reels, and when I'd ask her a question, she'd be irritated to answer but she'd then always say it's okay for me to ask her questions--but her actions don't seem to add up. But I know this is normal as a trainee, and I should be really quick to learn stuff about our job. However just a while ago, she accused me of doing something that I did not do. She stormed angrily into the room from outside and started shouting at me, asking me things I had no idea of. But I stayed calm and answered her nicely. And she said nobody else would ever do that thing she was blaming me except for me, since I'm obviously the only new one at work. She then went on telling everyone about that thing (although not directly mentioning it was me, but obviously hinting it was me). I felt so embarrassed, but I still stood my ground and went on with the day. But it only got worse. She then started ordering me to do things she had so little taught me, and since I was affected by the humiliation, I messed those things up, and then she went on again scolding me telling me things, making me feel completely stupid and belittled.

I know this could be a normal thing in a workplace as a trainee but, I don't think I'm ever gonna grow in an environment like this. I'm thinking of quitting, but I don't wanna be called a quitter (but I think I am, thinking of this) and have the burden again of looking for a job, plus the pressure and stress that come along with it. And I know it has only been a week, but I'm really traumatized by shouting, so it's really hard for me to focus when someone is doing that. But I also know that I should get used to it, knowing there are lots of people that I will encounter who are like that as well.

Now I'm thinking, should I still go on with this new job of mine? Am I overreacting? Should I run now? Or is it still so early to tell?

I just feel so drained ending this day. I feel like my whole energy for the month has been consumed. Please help me.",2025-08,6,"Complex
Application Process",,Yes,"Plus, whenever she would have a vacant time, instead of actually training me or teaching me stuff, she would just scroll through her Facebook reels, and when I'd ask her a question, she'd be irritated",,False
67,r/phcareers,https://www.reddit.com/r/phcareers/comments/1qi0xh2/paid_bpo_internship_vs_government_ojt/,paid BPO internship vs. government OJT?,post,"Next sem (February) na start ng HR OJT namin. Recently, I received an offer from a BPO company (may 'X' sa name). Paid internship siya—though not sure yet kung magkano—and very accessible lang from my home, kahit medyo malayo.

I discussed this with my parents and as expected, ayaw nila. Ever since nag-start ako mag-hunt, gusto nila sa big-named companies agad ako (San Miguel, SM, Unilab, etc.). Believe me, I tried. Kaso hindi naman sila hiring or minsan ghinoghost lang ako.

If hindi big companies, gusto nila sa Government agencies or LGUs. They insist na maganda raw doon at pwedeng ma-absorb, plus mas maganda benefits. Basically, they want me to reject a paid internship para maghanap ng government opening. Ang hirap i-explain na gusto ko talaga 'yung paid para naman worth it 'yung effort ko, 'di ba?

Pero money aside, experience talaga ang habol ko. Alam ko kasi na 'yun ang magiging leverage ko sa sobrang competitive na job market ngayon.

Do you guys think okay na choice na iwan ko 'tong paid/private internship for a government one? Lalo na if ang priority ko talaga is quality experience sa field ko (HR)? Worth it ba 'yung 'prestige' ng government over a guaranteed private offer?",2026-01,5,Ghosting,,Yes,"Paid internship siya—though not sure yet kung magkano—and very accessible lang from my home, kahit medyo malayo.",,False
68,r/phcareers,https://www.reddit.com/r/phcareers/comments/1mum7ax/experience_with_unresponsive_ngo_employers/,Experience with unresponsive NGO employers?,post,"What's your honest take on organizations who do not send feedback to job applicants?  I understand the 'only qualified applicants will be contacted' part, but I also know of job seekers who are extremely qualified but never hear from the organizations they're applying to. Some of them, I believe, even take their time to send an email to organizations, asking for any update on their applications. Isn't that a sign of eagerness for the role? (To our HR people, kindly enlighten us if this is supposed to be a red flag -- I think it's easy to know if someone is sincere about their interest, right?) Yet some of them claim to never hearing from the orgs.

Also, I can't help but notice the organizations who repeatedly post the same positions on their socials. Is it the lack of qualified applicants? Graduation season has just passed, there really are no job hunting fresh grads out there?

Sometimes, when a job I am applying for takes a long time to update, I look for the role on LinkedIn just to see if anybody already got the post, haha. Of course this is an unreliable method, but wouldn't hurt to check. Most of the time, I don't see anybody holding that post. Kinda curious, right?

To organizations, maybe this is something worth talking about within your ranks. Your brand reputation is also at stake if you continue to avoid this topic. I see reputable organizations get so much laughing reactions whenever they have job postings. Your radio silence is hurting your brand.

No point comparing because UN is obviously a huge multilateral organization with money to spend, but I really appreciate their application process even if the waiting time takes an average of 3 mos. That's because they're platform updates you on the status of your application, whether it's still being reviewed, shortlisted, or not retained. It gives a little bit of dignity to job seekers. 😊",2025-08,7,"Confusing
UX",LinkedIn,Yes,"(To our HR people, kindly enlighten us if this is supposed to be a red flag -- I think it's easy to know if someone is sincere about their interest, right?) Yet some of them claim to never hearing fro",,True
69,r/phcareers,https://www.reddit.com/r/phcareers/comments/1pi3no7/should_i_take_it_as_a_fresh_grad_with_no/,Should I take it as a fresh grad with no experience?,post,"Hi, PH Careers! Please be nice, it's my first time posting here 😅

I've only been a silent reader in here and now, I would like to seek some advice. For starters, just as indicated in the title, I am a fresh grad who started job hunting 2 weeks ago. I graduated last May 2025 and nung November lang nagstart maghanap kasi I was in the middle of reviewing for the board exams that I, unfortunately couldn't take. 

I received my first job offer last week with the following terms: 

- Hybrid set up (8 RTOs minimum in a month)
- 19k basic salary, still subject to deductions 
- After probationary period, provided na HMO benefits, leaves, and medical reimbursement 

Just a short background, I don't need to relocate and can commute to the office naman. I am still living with my parents and I am expected to pay bills pero I'm not rushed naman to have a job. Nakakahiya lang talaga, kaya I started looking for one na and hopefully I could start in January. I have also tried applying for big companies but no replies pa since mas priority ngayon ang licensed professionals and I still have upcoming interviews. 

Thank you! Also, what range po ba ang norm na dapat salary ng fresh grads? I usually just base it sa mga entry level companies na inaapplyan ko.
",2025-12,4,"Complex
Application Process",,Yes,"I received my first job offer last week with the following terms: 

- Hybrid set up (8 RTOs minimum in a month)
- 19k basic salary, still subject to deductions 
- After probationary period, provided n",,False
70,r/phcareers,https://www.reddit.com/r/phcareers/comments/1p2szgo/28_on_5th_job_and_thinking_of_leaving/,28 on 5th Job and Thinking of Leaving,post," Need advice

Left previous company in September due to toxic colleague (but loved the work there) after only a year because it was affecting my mental health.

Joined a multinational highly regulated industry company October 1, I fully understood that it was a regulated industry. High salary but, being in the role for over a month made me realize how heavily process-driven and compliance-intensive the day-to-day work truly is. Coming from a background that was very retail and lifestyle-focused, Im used to having more creative autonomy, faster turnaround times, and fewer restrictions when producing content.

workflow involves multiple layers of approval even up to seven steps just to publish one piece of content and I’ve found that the extremely structured nature of the role doesn’t fully align with how I work best or where my strengths lie. On top of that, many of the events tied to the role are nightlife- and club-oriented, which I’ve realized no longer fits my personal lifestyle or the kind of environments I want to work in.

Over the past month, I’ve found myself feeling more burned out and demotivated than I expected. The role is far more compliance-heavy and process-driven than I anticipated, and I’ve realized it doesn’t align with my strengths or the kind of creative, consumer-focused work that I’ve been doing in the past. Lots of overtime and even weekend work. Because of this, I’m seriously considering resigning in January, completing my full rendering period until February, and then taking a short break before I start job hunting again.

I’m concerned on how this will reflect on my CV, since the tenure is quite short. I want to make sure that stepping away from a role that isn’t the right fit won’t negatively affect my chances when I begin applying again.

Current background: 1st job Agency- 1.3 years 2nd job fashion company- 3.4 years 3rd job start up- 1.7 years 4th job real-estate company - 1 year 5th job (current)- 2 months",2025-11,4,"Complex
Application Process",,Yes,workflow involves multiple layers of approval even up to seven steps just to publish one piece of content and I’ve found that the extremely structured nature of the role doesn’t fully align with how I,,False
71,r/phcareers,https://www.reddit.com/r/phcareers/comments/1s0jc3p/3rd_year_med_student_taking_a_loa_to_work_looking/,"3rd year med student taking a LOA to work. Looking for advice, especially on how to explain the 3-year gap in experience on my resume.",post,"Hi! Need some advice about my specific situation. I'm currently a 3rd year med student and I'm seriously considering taking a LOA mainly for financial reasons + other obligations weighing on me heavily.

(You can skip this part I just wanted to let it out hahaha) Matagal ko na rin pinag-iisipan to. Gustuhin ko man ituloy tuloy na ang clerkship at PGI, mabigat talaga sa loob ko :( My grades are actually good, like cum laude standing, pero sa sobrang dami kong iniisip na ibang problema I doubt na I'll be a good doctor if I keep going on like this. I love medicine and I can see myself practicing it for the rest of my life but it just doesn't feel right ngayon with everything else going on. I think if I don't deal with all the other shit first I'm just going to be distracted and filled with anxiety all the time (the way I am now but it'll just get worse and worse) and I don't want that on top of all the existing med-related stress.

Context: I went into med school right after college graduation (2023) so I've technically been unemployed for 3 years now. I graduated magna cum laude nung undergrad but idk if that even matters kasi ayun nga, 3 years na lumipas.

So far ito yung plans ko:

1. Take the licensure exam for my premed course this year. Di ko pa masasali sa resume ko because I'll be looking for a job na before boards, pero di rin naman required yung license to practice in my field. Still, the credentials won't hurt.
2. Brush up on skills and things I should know. Need talaga i-review kasi 3 years ago na ring walang exposure.

I'm really diligent and I don't mind putting in a lot of effort into my work so I'm pretty confident I can prove myself once I get a job, but I'm scared I won't even get an opportunity in the first place (I just need one chance please huhuhu). Basta I'm just really worried about job hunting in general at kung meron bang tatanggap sa akin.

1. I can easily explain my circumstances sa interview but what if I don't get an interview in the first place because of the gap?
2. Can I put med school sa resume ko even if hanggang 3rd year pa lang? (Also how would that look anyway? 2023-2026? Should I specify sa resume pa lang na nag-LOA ako? Would it help if I indicate my current GWA or does that even matter?)
3. Will it affect my chances of employment if they know I plan on going back to med after 2 years?

Maraming salamat kung nakaabot ka sa dulo ng madaldal na post na to hahaha. I'm super clueless about this stuff hahaha di ko rin alam sino pwede ko lapitan :((( Thank you so much in advance po if may makakatulong.",2026-03,5,"Confusing
UX",,Yes,"Gustuhin ko man ituloy tuloy na ang clerkship at PGI, mabigat talaga sa loob ko :( My grades are actually good, like cum laude standing, pero sa sobrang dami kong iniisip na ibang problema I doubt na ",,False
72,r/phcareers,https://www.reddit.com/r/phcareers/comments/1rox920/is_it_too_late_to_shift_from_manufacturing_to_tech/,Is it too late to shift from Manufacturing to Tech?,post,"Hi. Badly need advice.

  
I've been working sa manufacturing for a year now and I feel like nabuburnout na ko with the job I'm doing. It gets repetitive and I feel like wala akong masyadong natutunan. More on data analysis kami ng trends and KPI using excel and sometimes hands on sa machine. 

  
Everyday kinequestion ko na if yung ginagawa ko bang work contributes to the progression of my career and I just get anxious because of it, kasi what if I'm just wasting my time instead of learning/improving a new skill. During my time when I was job hunting I tried upskilling (Python/Networks) pero hindi ko rin nagamit sa work ko. Now that I realized na parang hindi sakin ang pag-stay sa manufacturing, is it too late for me to switch fields? I’m particularly interested in transitioning to low-code roles if possible.

  
Thanks po sa answers. Will really appreciate it.",2026-03,4,"Confusing
UX",,Yes,"Everyday kinequestion ko na if yung ginagawa ko bang work contributes to the progression of my career and I just get anxious because of it, kasi what if I'm just wasting my time instead of learning/im",,False
73,r/phcareers,https://www.reddit.com/r/phcareers/comments/1n12lls/accepted_a_promotion_offer_but_having_second/,Accepted a promotion offer but having second thoughts due to the compensation,post,"Hi, just recently accepted a promotion offer. Though before ako formally kausapin ng HR, naheads up na ako ng direct manager ko na below than the usual offer yung maibibigay sa akin dahil sa dami ng promotions na napprocess (not only within our dept but company-wide; I’m working at an MNC). Yung direct manager ko has no say sa magiging final offer ko, regardless that they negotiated sa higher management na imeet as close as possible sa expectation ko.

Admittedly, nalungkot ako due to the feeling na valued less ako than my peers when I know we all performed the same job well and that I deserve a larger bump in my salary. To put some figures, I got ~9% less than the min base salary of the promoted level but &gt;45% increase compared to my current salary.

Now that I’ve accepted the offer, nagccontemplate na rin ako to find greener pastures dahil sa ramdam kong I can get more than what they’re offering. Hindi ko lang mapakawalan si current company dahil sa flexible work setup, lenient time-in and time-out, and magandang work environment and culture. And for the fear na pag makakuha na ako ng bagong work, I won’t get the same flexibility and consideration that I get sa current company ko now.

Medyo torn ako between finding a new job and staying for a while. But yeah, iniisip ko rin na baka I’m job hunting on impulse and due to surge of emotions. If you were at my place, what would you do? ",2025-08,4,"Confusing
UX",,Yes,"Though before ako formally kausapin ng HR, naheads up na ako ng direct manager ko na below than the usual offer yung maibibigay sa akin dahil sa dami ng promotions na napprocess (not only within our d",,False
74,r/phcareers,https://www.reddit.com/r/phcareers/comments/1s2yn9k/brand_manager_vs_management_consulting/,brand manager vs management consulting?,post,"i've been job hunting and about to receive an offer for a brand role. at the same time, i've been preparing for my case interviews in one of the top management consulting firms, which won't be for another 3 weeks. i don't know if i should accept the brand role or go for management consulting.

here are some other considerations

1. the management consulting industry intrigues me. i've read threads about it, and i think i'm willing to give up 1-2 years of work-life balance to experience this. (my concern is i'm not fully capturing how intense it will be and that i will regret it months in)
2. there's no guarantee that I will get the mgmt consulting role since the interviews haven't happened yet, so if ever i don't take on the brand role, it will be a huge risk as i may be left with nothing (job hunting has mentally taken a toll on me so i also don't want to have to start from scratch haha)
3. my past experience has been similar to consulting, and wanted to take on a product-facing role as my next job. but after this application process, i don't know if i prefer further developing my strengths (strategy, problem solving), or experience a more product-facing role such as BM

to those in brand or mgmt consulting, would appreciate any insights on how your experience has been so far or insights that would help my decision",2026-03,4,"Confusing
UX",,Yes,"but after this application process, i don't know if i prefer further developing my strengths (strategy, problem solving), or experience a more product-facing role such as BM

to those in brand or mgmt",,False
75,r/phcareers,https://www.reddit.com/r/phcareers/comments/1nf10mt/2_job_offers_both_below_expected_salary_but_needs/,"2 job offers, both below expected salary but needs a job soon",post,"Hello! I need help deciding which JO to accept. Been unemployed months and running low on savings so I need to start ASAP. Problem is, both offers are about 20k below my minimum range. I have other interviews ongoing pero puro initial/assessment stage palang but both offers need me to sign JOs already. For context, I work in Digital Marketing (SEO).

Details here (**\*numbers are hypothetical**\*):

Company A:

\-Hybrid setup (2x rto)

\-Office is in Ortigas, I live in QC

\-Schedule is not yet final but most likely 9am-5am or 1pm-10pm

\-6 months probationary period

\-Basic: 60k

\-Allowance: 4000

\-with HMO &amp; gov benefits, 20d PTO etc

\-laptop provided

\-Net pay will be around 55k after taxes

\-Start date: Oct 6

\-Clear career progression

\-Bad reviews on glassdoor..

\-Scope: I'm not yet specialized in this role yet so it's interesting for me in terms of career growth and experience. Also checked the job market and can get a much higher salary if I plan to move in the future (freelance/fully remote)

Note: I've been working remotely for over 7yrs so the hybrid setup \~kind of\~ excites me kasi mejo buryo na talaga ako wfh kahit i work in cafes outside kasi walang kausap. I also meet my friends and have hobbies pero i guess iba padin yung may kausap ka sa work if it takes 8hrs of your day haha. Although I know remote is always better especially with the commute system &amp; floods.

Company B:

\-Fully remote

\-Schedule 6am-2pm (yay fixed body clock)

\-Initial offer was 55k (above their job post, i negotiatated it during the interview), then negotiated to 60k via email. They agreed to increase it to 60k after 3months probationary period (for mgt approval pa daw)

\-13th month, 15 PTO, PH holidays

\-performance bonus

\-No HMO, no equipment ( I have my own naman)

\-Star date: Sept 16 (although baka mamove kasi nag nego ako)

\- good reviews on glassdoor (although few lang reviews)

\-Scope: Very close to my specialization with additional skills to learn so may growth din konti pero when I was job hunting, hindi siya ganun ka in demand dahil very niche siya and salary range is lower compared to the other role same sa Company A.

\-May quota, I can already imagine the stress kasi it's 70% higher than my quota in my previous job

\---

I was planning to accept Company A at ituloy job search baka makahanap ng better offer pero naguluhan na ko nung nag agree si company B mag adjust and closer ang start date. The net pay is basically the same, except company A has hmo and gov benefits pero mag cocommute ako 2x a week and would like to get a morning shift sana.

Leaning sa Company A for growth pero mas keri kumuha ng part-time if Company B.

Both offers are just enough for my expenses with little savings (as in tipid and halos wala for emergency + cc payment). I pay for all utilities, expenses, etc. So kailangan ko pa humanap ng part-time... I'm grateful for the offers pero ang hirap. Need advice",2025-09,3,"Lack of
Relevance",,Yes,"They agreed to increase it to 60k after 3months probationary period (for mgt approval pa daw)

\-13th month, 15 PTO, PH holidays

\-performance bonus

\-No HMO, no equipment ( I have my own naman)

\-",,False
76,r/phcareers,https://www.reddit.com/r/phcareers/comments/1mdhcv6/government_or_prmarketing_agency/,Government or PR/Marketing Agency?,post,"2 months ago I went job hunting. Karamihan ng inapplyan ko ay creative agencies, marketing/advertising/pr companies and agencies since I worked mainly from those industries. I also do freelancing jobs related to digital marketing. I considered applying sa govt (not going to
mention what agency), other than the fact na merong open position under communications, but also because I heard quiet a few things abt how nice the environment was. Yung team and everything.

Fast forward to today, I received an email (sabay pa 😭) that I got the role doon sa govt and also sa isang PR/Advertising agency who handles big brands here sa PH. 

Govt:
- Malaki ang offer (doble ng sahod ko now)
- No benefits since COS; ako magbabayad ng contributions and taxes
- Everyday onsite yung pasok, I lived 2 hrs away from BGC
- Travel perks; pag may out of town na events kasama ko
- Sagot yung food

PR/Adver Agency:
- Mas maliit yung sahod kumpara kay govt may difference ng 10k
- Travel and Meal allowance
- Hybrid setup
- May benefits + HMO
- Paid leaves
- 1x a week RTO

My dilemma right now is which one to choose. Each has its own perks naman. I want the PR agency kasi it will expose me to more brands and connections din sa industry. On the other hand, nasisilaw ako sa malaking sahod sa kabila (coming from a salary na halos sapat lang and wala masyadong sobra). I’m just worried lang if going to government work would not add much value to my portfolio or experience if ever I decided to pursue a career again in marketing/pr in the future.",2025-07,3,"Lack of
Relevance",,Yes,"Govt:
- Malaki ang offer (doble ng sahod ko now)
- No benefits since COS; ako magbabayad ng contributions and taxes
- Everyday onsite yung pasok, I lived 2 hrs away from BGC
- Travel perks; pag may ou",,False
77,r/phcareers,https://www.reddit.com/r/phcareers/comments/1lyvyvt/tips_for_a_fresh_ie_grad_taking_a_short_break/,Tips for a Fresh IE Grad taking a short break,post,"

Hi everyone! I’m a fresh Industrial Engineering graduate from one of the Big 4 universities in the Philippines. I experienced some delays due to the pandemic, and my mental health took a hit during that time. I haven’t really had the chance to fully recover, so I’m planning to take a short break (less than 6 months) before diving fully into the job hunt.

During this break, I’m thinking of applying for a virtual assistant job (something I’ve done since undergrad) and maybe even an internship that’s aligned with my field to gain some relevant experience. At the same time, I’ve already started researching and planning my job applications in the industry for when I’m ready.

Of course, I’ve been looking into management trainee programs, but I’ve heard that while they offer good compensation and valuable learning, they’re also extremely competitive and come with long hours and high stress—which I know I may not be ready for just yet.

That said, I’m wondering if there are any underrated roles or companies out there that:

-Are open to hiring fresh grads

-Have good company culture

-Offer a salary range of around 40–60k

-Provide opportunities to learn and grow

Given that I'm quite new sa industry, there might be some good career paths/roles that I havent considered aside from the typical ones we always hear pf.

I’m very eager to learn and work hard, a bit hesistant lang given my state and exp (no org, laude standing grades, 3 yrs work exp as an executive assistant, 1 yr TSR).  Would love any advice or leads from those of you who’ve been in a similar spot!

Thanks in advance 💙",2025-07,2,"Confusing
UX",,Yes,"That said, I’m wondering if there are any underrated roles or companies out there that:

-Are open to hiring fresh grads

-Have good company culture

-Offer a salary range of around 40–60k

-Provide o",,False
78,r/phcareers,https://www.reddit.com/r/phcareers/comments/1nt937d/hiring_managershrtas_what_are_your_honest/,"Hiring Managers/HR/TAs, what are your honest thoughts on candidates networking?",post,"Out of the job searches I've had in more than 10 years of my career, I've only really cold applied for jobs fresh out of college. The other opportunities I've landed were from cold outreach from recruiters via Linkedin, the last one dating back to 2022. I want to pursue a different trajectory and looking to explore opportunities outside of my industry (telco).

Been leveraging Linkedin to connect with hiring managers and HR/TA partners with the intent of having quick info chats regarding their companies/open roles but my success rate has been dismal compared to recruiters overseas. I want to network better so quick one for hiring managers/HR/TA partners, does networking ever lead you to flag a candidate who might be a good fit for a role in your company and would you be open to such conversations? If you were job hunting today, how would you go about networking to get noticed?",2025-09,3,"Confusing
UX",LinkedIn,Yes,Been leveraging Linkedin to connect with hiring managers and HR/TA partners with the intent of having quick info chats regarding their companies/open roles but my success rate has been dismal compared,,True
79,r/phcareers,https://www.reddit.com/r/phcareers/comments/1pwo5ud/advice_for_job_hunting_as_educator_shs_or_college/,Advice for Job Hunting as Educator (Shs Or College),post,"Hello. I just graduated and I am looking for a job so far no luck.

A serious event happened kasi and I fell into a depressive state for a while. Only last month ako nakarecover.

 I know its Xmas and its a bit late for hiring season really for August calendar schools as I browse through FB postings of hiring teachers. But still cant help feel a bit disheartened knowing I must have sent a hundred applications by now and nothing even for office work sa CSC. And i read a post on reddit he been searching for a year now but no reply...

Pressure indeed. To think I need to really step up my efforts to land a job even if just part timee if its just nearby.

Should i personally be going to schools instead of relying to glass door indeed likden and jobstreet? And am i overqualified for like admin position? Saan ba makakahanap ng agency?

Fyi I am a cum laude graduate from a local college with the course AB Philosophy. Applying mostly to schools for Senior High School Position but can also work for Admin positions especially since I have Civil Service Commission Certificate. Planning to take MA so i have better chance of being hired in universities. 

Advice greatly appreciated. Thanks so much po!",2025-12,2,Ghosting,"Indeed, Jobstreet",Yes,Applying mostly to schools for Senior High School Position but can also work for Admin positions especially since I have Civil Service Commission Certificate.,,True
80,r/phcareers,https://www.reddit.com/r/phcareers/comments/1sk5yls/fresh_grad_with_job_hunting_dilemmas_am_i_being/,Fresh grad with job hunting dilemmas. Am I being choosy?,post,"Hi, Redditors!

I am a fresh grad from one of the known school in the country. I am somehow an academic achiever, has university and national organization experience, competitions, and recognitions. I am currently seeking my first job ever. Bit of confused lang regarding the path and career I have to take.

These are my situations:

\- Project Dev. Assoc. Role in one of the leading project developers in the country. 25k starting, mon-tues onsite, wed-fri wfh. Dilemma ko is I am not sure if I am ready to enter the real-estate industry eh.

\-Campaigns Associate in a leading e-wallet company (blue). Not finalized pa starting salary, pero around 20-25k. Advertisement ang nature ng role. Hybrid work. Dilemma ko is agency ang employer, pero the company wants to absorb me within a year.

\-Events Marketing Associate. Hybrid work, and events ang nature (has experience on this). Not finalized pa starting salary. Project based ang work pero may posibility na ma-regular after a year (not 6 mos.)

\-VA Job. Dilemma is night shift siya. (Client based)

Please help me decide with these. Huhu. Medyo nangangapa pa since I am new sa adulting. Seeking for wisdom for those with experiences na. I am somehow anxious to let go of these opportunities pero ang dami ko rin what ifs. Choosy ba ako? ",2026-04,2,Other,,Yes,"I am somehow an academic achiever, has university and national organization experience, competitions, and recognitions.",,False
81,r/phcareers,https://www.reddit.com/r/phcareers/comments/1q58kqp/already_left_my_recent_job_as_a_server_in_fb_now/,"Already left my recent job as a server in F&amp;B, now waiting for the results of pooling for a government job I applied for.",post,"So ayun, kakaalis ko lang sa work ko bilang server sa isang premium cafe-bar around Ortigas area, after almost 11 years working with them. Buti pinayagan ako na 15 days render katumbas isang cutoff, without knowing agad na 1 month pala standard (tbh wasn't sure if 30 days or 15 days lang ba dapat). Medj timing na last day is few days before Christmas para ma-enjoy ko rin ang holidays na out-of-town. Factor din ung pagod sa biyahe + madalas night shift, though goods naman sa mismong work, nakakapagod pero happy shift lang. Nakapag-asikaso na rin ng clearance a day before NYE, bale waiting for 1 month bago ko makuha final pay, na doon na lang isasabay ang 13th month since di pa nabigay by last day ko.

And now I'm currently unemployed uli after resigning doon. Now waiting ako sa result ng lineup for a government job na inapplyan ko sa provincial capitol malapit samin. Applied around November, passed the initial evaluation including computer test, naipasa ang assessment specifically for a DSWD Case Worker position. May backer naman ako na HR head which is ate ng ninang ko, at ninang ko raw mismo nagsabi na wait lang ako. Understandable na busy ang government nitong December, and dahil walang pasok nitong kapaskuhan that meant mag-aantay talaga ng mahabang panahon. More than a month na at tapos na holiday break ng government pero wala pang update as of now.

Would it be safe na to follow-up this week or next week na? Iniisip ko rin na kakabalik lang sa work mga empleyado ng government, and dahil umpisa pa lang ng bagong taon maaaring busy sila - maybe may backlogs pa ba sila sa work from last year or marami bang aasikasuhin sa umpisa ng taon? Planning to follow-up soon to let them know na interested pa rin ako sa position and still waiting, aside from a gentle nudge for any updates. Para hopefully if sure na magtuloy-tuloy na, makapag-asikaso na rin ng requirements before starting soon within this month if papalarin.

I still have savings naman kasama na mga napamaskuhan ko from relatives, and sa katapusan or early February may check na ako ng final pay + 13th month. Bale makakaraos naman financially if ever I need to wait pa, or worse di matuloy sa nasabing government work.

For now wait ko lang talaga...and pray na sana matuloy na soon. Pero knowing na mataas ang CSE grade + mataas college GWA base sa TOR tapos big 4 grad pa back in 2018 + passed the assessments + may backer = hopefully high chance na sure makapasok. Hindi muna mag-job hunt na preferably within the area lang until malaman ang result, and that's going to be my plan B or C kung sakaling hindi pabor ang kalalabasan.

Hoping things work out well sa umpisa ng 2026. 🙏

UPDATE 1/6/2026. May results na. Out of 29 applicants ay 4 lang kukunin for possible employment. Unfortunately di ako kasama sa na-shortlist for now. But fortunately 2 sa 4 ay hindi natuloy, so may chance pa ako, so my application is re-included na sa pooling. Finollow up ko na sa ninang ko para i-follow up sa ate nya nasa HR, aside from me sending an email acknowledging the receipt of the text message. Sana makuha ko na ung isang slot.",2026-01,2,"Confusing
UX",,Yes,"Iniisip ko rin na kakabalik lang sa work mga empleyado ng government, and dahil umpisa pa lang ng bagong taon maaaring busy sila - maybe may backlogs pa ba sila sa work from last year or marami bang a",,False
82,r/phcareers,https://www.reddit.com/r/phcareers/comments/1nya28p/dapat_ba_tinanggap_ko_or_hindi/,Dapat ba tinanggap ko or hindi?,post,"Hi guys, it's my first time writing something here on Reddit and I just wanted to share with you my dilemma for the past few days.

I'm a fresh grad and I decided to give manila a try for my job hunting experiences. For my 1 week stay, umikot lang sa halos araw araw na pag attend ng mga job interviews, sumasakto talaga yung sched nila na every other day. Then, last Wednesday I got invited by this company in Makati for an assessment and interview. The position that I applied for is a Researcher day shift siya. The assessment was quite hard and they said na everything will depend doon. Then, the next day biglang nag call sa akin ang company and set me up for a zoom meeting para sa job offer. Syempre as a first timer grabe sa feeling yung maka tanggap ng job offer knowing na hindi rin madali yung naging assessment.

After the zoom meeting I called my family sa province and told them that I got my job offer, sobrang natuwa sila and congratulated me agad, not knowing na I'm hesitating if accept ko ba ang job offer or not. Na pressure ako sa sobrang excited nila kaya napa pirma ako bigla ng contract huhu.

Pero here's the real reason why I'm having dilemmas. After signing the contract nag hanap agad ako ng reviews about the company, mostly ng nakikita kong reviews ay from people with the same position I applied for. Natakot ako nung nabasa ko ang mga reviews kasi halos lahat negative, kesyo toxic ang work load, walang pake ang management, etc. parang ang good thing lang ata ay mababait naman daw ang workmates (sana nga).

Plus, Isa din kasi talaga ang nagpa consider sakin na iaccept yung job offer ay dahil dun sa shift na 7am-4pm kasi by night time meron akong part time job which starts at 6pm. Hindi ko pa kayang pakawalan yung part time job ko kasi pandagdag ko rin yon sa gastusin ko knowing na ang salary sa Makati ay 18k per month lang tapos minus mo pa yung mga kaltas. Ngayon, sabi minsan daw talaga nag papa ot sila at nabasa ko sa reviews na without pay pa. Kaya natakot ako kasi paano yung part time job ko? Di rin naman ako pwedeng basta basta umabsent doon, mahalaga rin yung kinikita ko don. 

Dapat po ba na tinanggap ko yung job offer dahil gusto ko rin naman ng experience, or hindi knowing na andami kong nabasang negative about the company plus maaapektuhan din part time job ko?",2025-10,1,"Complex
Application Process",,Yes,"After the zoom meeting I called my family sa province and told them that I got my job offer, sobrang natuwa sila and congratulated me agad, not knowing na I'm hesitating if accept ko ba ang job offer ",,False
83,r/phcareers,https://www.reddit.com/r/phcareers/comments/1mw3ngb/new_to_job_hunting_is_this_normal/,New to job hunting. Is this normal?,post,"Posted through my linkedin profile that I'm open to work. I also highlighted my experience (have been in the same company for 6 years) and skills. After some time, someone message me on linkedin. 

Just one liner messages that asked me to send my cv to this specific email. I did stalked his profile first and he seemed legit, including the company he was working for. He's working in UAE (company is UAE-based) but he did not look foreign to me although nothing in his profile indicated that he's pinoy. And so I sent my cv to the email along with a generic professional message. 

Then he asked for my viber, I gave my number thinking further discussions will be communicated through viber. Not even a minute of sending my viber number in linkedin, some was calling me through video call. I panicked and did not answer because 1. I wasn't prepared for an ambush interview (if this was one). and 2. I was wearing pambahay/pantulog, face fresh out of bed. 

He called twice. I knew it was him because it displayed the same name from linkedin. I messaged him, thanked him for reaching out and said that I would prefer if the job position/details would be typed so I could study it properly. 

He answered with just one line: ""Chemical Engineer"".

I don't know how I'm supposed to answer. Is it normal for recruiters to call agad agad and gumagamit rin ba talaga ng viber?",2025-08,2,"Confusing
UX",LinkedIn,Yes,"I messaged him, thanked him for reaching out and said that I would prefer if the job position/details would be typed so I could study it properly.",,True
84,r/phcareers,https://www.reddit.com/r/phcareers/comments/1qr31n7/i_want_to_be_a_brand_manager_someday_what_do_i/,"I want to be a Brand Manager someday, what do I need to learn/prepare for? (As a Fresh Grad)",post,"Hi! I'm a fresh grad with a Communication degree (Magna, from the big 3 but provincial). I've been actively job hunting this month, and tbh despite my acad achievements, I feel I am not yet knowledgeable/prepared enough to break into the FMCG industry (Local or MNC).

Siguro dahil rin sa degree na kinuha ko, but I'm told that Comm naman is broad enough to enter the industry, kailangan lang ng tamang redirection (I really resonate with yung storytelling/creative side ng brand management - branding work sa TVCs, campaign briefs for diff media executions, working on productions, etc. - which is why I don't regret naman my media/creative centric degree).

With the rejections I'm getting, nakakapanghina, pero I'm trying my best not to dwell on them. So naisipan ko, while jobhunting and in the meantime, magsisipag na lang uli ako magaral.

**For those that are working in the FMCG industry:** ano po ba usually yung mga hard skills na very valuable for Marketing Comm/Brand management entry-level roles na makakatulong during my interviews? (Or even during my first job in the industry)

Minsan may mga terms sa job descriptions na jargon o medyo broad para sa akin, ito usually yung may kasunod na ""knowledge in ... is an advantage"" (eg. tracking brand performance, trade/ecommerce marketing, project management, B2B, SEO/SEM, Web Analytics, KPIs, etc.). Can it even be possible po to learn these before any work experience? I try to read and research about these kapag nababasa ko sa job descriptions but are there tools, concepts, or beginner resources you’d recommend focusing on first?

I am proficient with creative softwares (Adobe, Canva, Davinci, etc.), research, copy and content writing, basic soc med management (from internships, org/acad works), which is mostly preferred din, but I always feel I'm behind other candidates with degrees perfect for the role (eg. marketing, business ad). I get initial interviews, but I notice that I fall short sa hinahanap na hard skills/exposure with marketing related responsibilities.

What should I prioritize learning so I can better position myself in front of hiring managers and eventually work my way toward the industry? And also, maisingit ko na lang din po, how serious is Excel in the workplace? (haha para aralin ko na rin po agad)

\---

**TLDR:** As a fresh grad with a Comm background, what hard skills, tools, basic concepts, should I prioritize learning so I can better position myself in front of hiring managers and eventually work my way toward the FMCG industry?

Salamat po! I know malayo pa but the only thing I can control right now is to work on my interviews (haha) and upskill so please be kind :&lt; I will appreciate po any advice!",2026-01,0,"Confusing
UX",,Yes,"Siguro dahil rin sa degree na kinuha ko, but I'm told that Comm naman is broad enough to enter the industry, kailangan lang ng tamang redirection (I really resonate with yung storytelling/creative sid",,False
85,r/phcareers,https://www.reddit.com/r/phcareers/comments/1pqh6pe/graduated_a_year_ago_just_landed_a_qa/,"Graduated a year ago, just landed a QA Manufacturing Job",post,"Is the commute worth the try? Anyone here working in QA manufacturing? I’m desperate huhu I’ve been unemployed for months.

I graduated a year ago, and job hunting was so hard so I worked at a call center first.

Now, I resigned. I got a 20K job offer in a manufacturing company as a QA Analyst. Includes rice allowance, then may night differential (since shifting every 2 weeks). Also has HMO. Monday to Saturday work schedule. May prob period pa. I have no relevant experience.

Btw, I graduated pre-med. I just wanted to ask for advice. I live in Taguig (near Arca South) and the deployment is near BF Homes Paranaque. Malayo kasi and then there’s a Sat shift. Is that possible? Is it even worth it? There's nothing wrong with commuting, no matter how hard it is, right?

I'm just a little torn right now. I'm thinking about the commute pero magagamit ko pa rin naman college program ko in a way.

I have an interview today for a Front Desk position at a clinic in BGC. Malapit lang ito. Hahays. Any insights, real life experience, and advice would really help. Thank you po.",2025-12,0,Other,,Yes,I'm thinking about the commute pero magagamit ko pa rin naman college program ko in a way.,,False
86,r/phcareers,https://www.reddit.com/r/phcareers/comments/1rissqy/am_i_too_late_to_pursue_my_architecture/,Am I too late to pursue my Architecture Apprenticeship?,post,"Hello po, I am BS Architecture graduate last 2024 and still didn't have my architecture apprenticeship. And I need your advice.

I am currently on a 3d modeling job (my first job after grad and almost one year nako dito) in a reputable home improvement company. The job pays well, above minimum salary, with allowance, HMO benefits, incentives and currently a regular employee, and to add malapit lang yung work samin. 

Pero I feel like I need to pursue my apprenticeship kasi I want to take boards. Supposed to be dapat by January 2027 kailangan ko nang magtake ng boards. Kaso hindi ko naman pwede ipa sign yung log book ko sa superior ko since Interior Designer sya.

Kaya I am thinking kung magreresign na ba ako para makapag apprenticeship na. Kaya lang nag ooverthink ako kasi I will start my jobless life from scratch na naman. But iniisip ko den kung naman magsstay ako, baka hanggang dito na lang ako sa job ko.

To add, nag enroll naman din ako sa isang 3d modeling class (spec. Revit). Para atleast bago ako umalis may bagong software akong alam na pwedeng pampalakas sa cv.

Overall, my priority talaga is to become an Architect kaso natatakot lang ako na baka wala nang tumanggap saken kahit small firm man lang sa hirap ng job hunting ngayon.

So help me po.",2026-03,0,"Lack of
Relevance",,Yes,"Overall, my priority talaga is to become an Architect kaso natatakot lang ako na baka wala nang tumanggap saken kahit small firm man lang sa hirap ng job hunting ngayon.",,False
87,r/phcareers,https://www.reddit.com/r/phcareers/comments/1r71s8y/tuloy_ko_pa_ba_or_uwi_nalang_ako/,Tuloy ko pa ba or Uwi nalang Ako?,post,"Hi, everyone! I've recently left my hometown and moved to metro manila to look for work, after resting since graduating last year. I've been to manila several times but this is the first time I've been living independently here. iBang iba Pala ang experience. 

2 weeks palang Ako dito pero parang ayoko na because of the stressful life here, plus nahihirapan Pala Ako mag secure Ng work. mabuti sana I secured a job before coming but eto na I'm here.

I've been feeling a sense of dread living here Kasi ang gastos, unsafe, at competitive. parang totoo ang semi joke na sinasabi nila na ""huwag, masisira buhay mo"". and I kinda want to bite the bullet early than later pa nga baka ma uubos na savings ko kakahintay Ng opportunity. 

it's kind of ironic too that I have finally heard back from somewhere I applied to. Mag-iinterview na kami bukas but Imbes na happy, parang I dread being stuck here sa manila, Lalo na if years ang contract. Namimiss ko Kasi ang family ko at I feel like all the stuff Ive worked towards, back to zero talaga. nakakalungkot. if I stay home, may connections and opps naman Ako. may fam pa pero Hindi lang magkakawork as specialized as I want... which I realize now na baka mas importante ang peace and mental health. maybe I'm just not ready yet?

dito Kasi ma fefeel ko na Hindi Ako Masaya, Ngayon palang. my guts tell me umuwi na asap but it's also like I haven't even tried my luck enough here but I can surely say though na I'm really miserable na enduring so far, job hunt palang. I'm kinda embarrassed to be honest but I just wanna figure out.

is this a gut feeling or am I just overthinking? Am I ungrateful or am I just not ready?

is there anyone out there who'd rather trade the 'manila hustle' for the 'provincial life'? 

(btw, I'm from a city in the province, so it's developed there too. I really thought moving here would be an upgrade but it doesn't seem to be the case)",2026-02,0,"Confusing
UX",,Yes,"my guts tell me umuwi na asap but it's also like I haven't even tried my luck enough here but I can surely say though na I'm really miserable na enduring so far, job hunt palang.",,False
88,r/phcareers,https://www.reddit.com/r/phcareers/comments/1mewbtn/im_one_month_into_the_job_and_i_feel_like_i_want/,"I'm one month into the job, and I feel like I want to resign already",post,"I'm a fresh graduate and I took up a part-time marketing role in a studio (keeping this vague just in case lang). The studio is a small family owned business that has been running na for a long time. The owners are a married couple na artists rin and I am acquainted with the wife after meeting her in my college.

It was something that i wanted to take, not only to take on a lighter job while hunting for a full time one, pero pasok rin kasi siya sa skill set ko as a graphic designer, plus, what they teach in their studio is my interest. Another factor is minumum of 8 hours a week lang ang kanilang work hours, so it was something i was considering to keep kahit na may full time na ako sbasta 5 day work week).

Akala ko sinuwerte ako and that I'd learn a lot from this, only to find out na ako lang pala ang laman ng marketing team (Ako ang graphic designer, marketing strategist, salesperson, etc.); former employees' stories na the reason why the left is because of bad workplace relations with the husband; and late sila magpasuweldo (sometimes umaabot ng 2 na nalagpasan na paycheck).

I want to resign, especially since i have a job offer na full time and pays well enough na I could financially afford to let go of this part time (hindi pa aabot ng 5 digits ang monthly suweldo ko sa studio na ito), pero at the same time, may hiya factor pa kasi ako. Nakakahiya mag-resign kasi one month palang naman na, and nahihiya rin ako sa part ng wife (the other owner) kasi I got to know her through college days, and even more while working with her, and I could tell how much she wants the business to do better. Siguro factor rin  kasi na we were talking about careers and she was asking about my plans and if I were looking for another job, kasi she knows na di naman financially reliable ang maproprovide ng studio. Sabi ko yes, and naghahanap ako ng full time. Pero idk what to make of her comment na along the lines (not per verbatim) na ""consider mo rin na mas nauna kang magcommit sa job na ito and that out of all the candidates, I chose you,"" and more stuff about as an employer, magiging inconveniece on her na maghahanap nanaman siya ng panibagong person to fill in the role and sayang yung time.

Idk. If I could go back in time and decline the offer, I really would, knowing what I know now, especially since late itong first paycheck ko. Hope that people here could give me some advice on what to do in this situation kasi mukhang nahahalo na ang personal na view / paghanga ko towards them as artists vs how they handle their employee and I could really use a voice outside of my own mind.",2025-08,0,"Complex
Application Process",,Yes,"Akala ko sinuwerte ako and that I'd learn a lot from this, only to find out na ako lang pala ang laman ng marketing team (Ako ang graphic designer, marketing strategist, salesperson, etc.); former emp",,False
89,r/phcareers,https://www.reddit.com/r/phcareers/comments/1op7l5d/ai_is_changing_remote_hiring/,Ai is changing remote hiring..,post,"# Anyone else noticing how AI is quietly changing remote hiring?

Not sure if it’s just me, but it feels like hiring remotely has entered a totally new phase lately — and AI is right in the middle of it.

I’ve seen:

* Resumes that *look* great but feel kinda… too perfect
* Cover letters that are obviously ChatGPT
* People breezing through written tests, then struggling in live interviews
* Even stories about folks using AI during the actual interview

# But here’s the thing...

The people who still stand out?  
They’re the ones who are just genuinely good at what they do. They’re not trying to sound perfect — they’re just real.

Curious to hear:

* Have you seen this happening in your hiring process or job hunt?
* Are you using AI to help apply (no judgment)?
* What’s working right now if you’re hiring or job hunting?

Let’s talk 👇",2025-11,0,"Confusing
UX",,Yes,"I’ve seen:

* Resumes that *look* great but feel kinda… too perfect
* Cover letters that are obviously ChatGPT
* People breezing through written tests, then struggling in live interviews
* Even storie",,False
90,r/phcareers,https://www.reddit.com/r/phcareers/comments/1qax5ym/overachiever_fresh_grad_expected_salary/,Overachiever fresh grad expected salary,post,"Hi, I’m new to this so may I ask for your advice? Please be gentle with me. 🙏 

Reasonable po ba mag expect ng 40k+ salary at paano? I worked so hard during my college days kaya nakakapanlumo makita ang 30k fresh grad salary ng mga open na govt positions ngayon.

Profile: BS Statistics from big 4 uni, Magna cum laude. Pres sa org, maraming extracurricular outside and inside school. Nag exchange semester sa ibang bansa kaya plus 1 sem ako sa curriculum.

Sorry, I know it sounds too entitled but breadwinner kasi ako kaya kulang yung 30k na sweldo buwan-buwan. Nagpakahirap ako nang todo sa college para may malaking sweldo after pero ang humbling pala talaga ng job hunting. 

Should I apply for the govt jobs with 30k salary now or maghintay for more and consider private sector para mas maka negotiate ako nang mas malaking sahod? 

Thank you po sa sasagot 🙏
",2026-01,0,"Confusing
UX",,Yes,Should I apply for the govt jobs with 30k salary now or maghintay for more and consider private sector para mas maka negotiate ako nang mas malaking sahod?,,False
91,r/Philippines,https://www.reddit.com/r/Philippines/comments/1r0ru7v/job_market_in_the_philippines/,Job Market in the Philippines,post,"Can anyone shed a light on the current job market right now? I am currently employed with my company for the last two years, but when I was job hunting I seem to remember having A LOT of companies actually asking me to fill a role in their companies. I had to research each one of them to check which environments are toxic and which ones pay better/has better benefits.

But now its a totally different story. I have seen people hunting for jobs for months on end here and its honestly distressing. What happened to PH job market and why does it seem like no one wants to hire anyone nowadays?",2026-02,11,"Confusing
UX",,Yes,"I am currently employed with my company for the last two years, but when I was job hunting I seem to remember having A LOT of companies actually asking me to fill a role in their companies.",,False
92,r/Philippines,https://www.reddit.com/r/Philippines/comments/1slzepj/how_has_social_media_changed_the_way_filipinos/,How has social media changed the way Filipinos find work and earn extra income?,post,"Napansin ko lang na sobrang laki na ng impact ng social media sa livelihood ng mga Pinoy. Dati kasi traditional job hunting lang - punta sa job fair, mag-apply online sa JobStreet. Pero ngayon parang iba na.



Ilang observations ko:



\- Facebook Marketplace and Facebook groups have basically become the main platform for small businesses, especially sa province

\- Maraming Pinoy freelancers na kumikita ng mas malaki kaysa corporate job nila through social media management for foreign clients

\- TikTok Shop is growing fast - lalo na for clothing, beauty products, and food

\- Live selling on Facebook and TikTok has created a whole new economy. May mga tao na kumikita ng 6 digits monthly just from live selling

\- OFW families are starting online businesses managed from abroad through social media



Ang interesting is yung trust factor sa Philippines. People buy from sellers they follow and feel connected to. Hindi siya purely transactional - parang may relationship talaga.



But may downside din:

\- Ang daming scammers especially sa FB Marketplace

\- Algorithm changes can destroy your reach overnight

\- Burnout is real - lalo na sa mga live sellers na everyday nag-go-live

\- Internet connectivity sa rural areas is still a big barrier



Kayo, kumikita ba kayo or may business through social media? Ano ang platform na pinaka-effective for you? Worth it pa ba mag-invest ng time sa content creation or mas okay na mag-focus sa traditional work?",2026-04,0,"Possibility
of Scam",Jobstreet,Yes,"Ilang observations ko:



\- Facebook Marketplace and Facebook groups have basically become the main platform for small businesses, especially sa province

\- Maraming Pinoy freelancers na kumikita ng",,True
93,r/Philippines,https://www.reddit.com/r/Philippines/comments/1l63e84/do_aicentered_careers_in_the_ph_exist/,Do AI-centered careers in the PH exist?,post,"Or will they soon?

If yes, how do you think we can kickstart and get into them? Any trainings or classes we can look into?

Or pang creatives at freelance tools lang sya talaga?

Ps. already tried this on /phcareers pero OA rules ng mods dun, auto delete. gusto pang job hunting at salary experience lang ata tinatanggap. Lol",2025-06,0,Other,,Yes,"already tried this on /phcareers pero OA rules ng mods dun, auto delete.",,False
94,r/Philippines,https://www.reddit.com/r/Philippines/comments/1so6dnq/student_job_seeking_tips/,Student Job Seeking Tips?,post,"(I'm not sure if I used this flair correctly, idk what else to pick) 

Hi reddit! I'm currently in my 1st year of college and I was wondering if you guys have any tips in job hunting? My program is kind of expensive, and I want to help my parents out a little by getting a part-time or summer job.

For more context, I HAVE tried multiple times before, but to no avail. I live in Quezon City, and have already tried multiple times to apply through PESO/SPES (government program for students) but had no luck. I also went to one of their ""In house recruitment activities"" but the work site was too far from me, which is a hassle for a student, so I rejected it. I've also tried passing resumes to convenience stores and fastfood chains near me, but still no luck.

And before anyone says it– no I don't want to work in a BPO company. I've tried it, went 4 months in, then quit. The work and environment was just too stressful for me 😔 It may work for someone else here, but it's just not for me. 

If you guys have any personal experiences, tips, or suggestions, pleaseee let me know. Your response could also help others in a similar position as me. Thank you! ",2026-04,0,"Confusing
UX",,Yes,"I also went to one of their ""In house recruitment activities"" but the work site was too far from me, which is a hassle for a student, so I rejected it.",,False
95,r/Philippines,https://www.reddit.com/r/Philippines/comments/1pqfvme/qa_manufacturing_job_in_the_ph/,QA Manufacturing job in the PH…,post,"Anyone here working in QA manufacturing? I’m desperate huhu I’ve been unemployed for months.

I graduated a year ago, and job hunting was so hard (especially in my college program) so I worked at a call center first.

Now, I resigned. I got a 20K job offer in a manufacturing company as a QA Analyst. Includes rice allowance, then may night differential (since shifting every 2 weeks). Also has HMO. Monday to Saturday work schedule.

Btw, I graduated pre-med. I just wanted to ask for advice, if this offer is okay for someone na rin with no relevant experience. I live in Taguig (near Arca South) and the deployment is near BF Homes Paranaque. It’s far and then there’s a Sat shift. Is that possible? Is it even worth it? There's nothing wrong with commuting, no matter how hard it is, right?

I'm just a little torn right now. I'm thinking about the commute pero magagamit ko pa rin naman college program ko in a way.

I have an interview today for a Front Desk position at a clinic in BGC. Malapit lang ito. Hahays. Any insights, real-life stories, or advice would really help.  Thank you po.",2025-12,0,Other,,Yes,"I graduated a year ago, and job hunting was so hard (especially in my college program) so I worked at a call center first.",,False
96,r/Philippines,https://www.reddit.com/r/Philippines/comments/1lppl9x/senator_gatchalian_seeks_bill_that_will_impost/,Senator Gatchalian seeks bill that will impost stricter regulations against online gambling.,post,"* To raises the minimum age requirement for online gambling from 18 to 21 years old.
* To prohibit promotional materials within a 200-meter radius of schools and places of worship.
* Prohibit the use of celebrities and influencer in advertising.
* Removal of direct linking of e-wallets to online gambling applications or websites.
* Increase the minimum bets to PHP 10.000 &amp; minimum top-up to PHP 5,000.
* With provision that regulatory agency that won't do their job can be sued and fired from office.

What are your thoughts on this? Ako, I agree to this bill. This will definitely limit Filipino from playing online gambling lalo na yung mga mahihirap nating mamamayan na halos isang kahig at isang tuka na nga lang ang buhay ay lulong pa sa online gambling. I think Gatchalian should add na pweding sampahan ng kaso yung mga celebrities at influencers na patuloy paring mag p-promote ng sugal.

Source: [https://www.gmanetwork.com/news/topstories/nation/951128/gatchalian-seeks-stricter-regulation-of-online-gambling/story/](https://www.gmanetwork.com/news/topstories/nation/951128/gatchalian-seeks-stricter-regulation-of-online-gambling/story/)",2025-07,155,"Confusing
UX",,Yes,Source: [https://www.gmanetwork.com/news/topstories/nation/951128/gatchalian-seeks-stricter-regulation-of-online-gambling/story/](https://www.gmanetwork.com/news/topstories/nation/951128/gatchalian-se,,False
97,r/Philippines,https://www.reddit.com/r/Philippines/comments/1ljwkpi/application_rejected_due_to_unnotarized_pds/,Application rejected due to unnotarized PDS?,post,"Had been hired by two LGUs (city and provincial levels) and a regional line agency before. Submitted unnotarized PDS. 

I was only required to submit the notarized ones once I was scheduled for signature for appointment.

Gleaning from the poster’s reply (third photo), the agency forgot to clarify in their announcement that they require a notarized PDS.

If such is true, such a shame that a person qualified for the job is withheld such opportunity when they could just make him/her/them submit a copy compliant to their specification/s.

",2025-06,29,"Confusing
UX",,Yes,"If such is true, such a shame that a person qualified for the job is withheld such opportunity when they could just make him/her/them submit a copy compliant to their specification/s.",,False
98,r/Philippines,https://www.reddit.com/r/Philippines/comments/1qmzffk/ano_ang_mga_broken_system_experiences_nyo/,"Ano ang mga ""broken system"" experiences nyo?",post,"I'll start first... marami-rami to.

1. **Needing a valid ID to get a valid ID.** I experienced this while helping a friend. She is from Mindanao and is residing in Manila already. She needed passport to travel, but she hasn't worked yet. Literal inisa isa namin yung mga ID requirements na wala sya lahat. And each one of them requires one or another para makakuha. Literal na looped lang sya. Amazing! The only option we were able to find is for her to fly back to Mindanao to get her birth certificate (kasi I think wala din sa PSA yung kanya and need yung copy from the municipality).
2. **Being required to pay SSS contribution, and then being asked to provide documents not requested prior to creating an SSS when applying na for pension.** So a friend who is half Korean half Filipino have been sent here to the Philippines when she was young. It was wartime in Korea. And they came here by ship. Di pa uso mga documentation. Wala syang birth certificate kasi she wasn't born here. Wala din sya documents from Korea kasi war nga doon that time. She has a baptismal certificate kasi she was baptized here and noon, accepted na na valid document ang baptismal. So she was able to study, graduate and eventually work. And of course, sa work, nag-open ng SSS. That time wala din namang requirements si SSS masyado as long as working (and it's true kasi my mom didn't know na may SSS number na pala sya. Apparently her first employer pala got it for her. And she didn't know ha!). What is heart breaking is nag-retire na si half korean friend. And to apply for her SSS pension, a birth certificate is needed! If ipapa-late registration, ang hirap kasi ang hinihingi naman is her birth record from Korea na non-existing nga kasi war nga noon! So why take her contributions to begin with if hindi sya ""eligible"" makakuha ng pension kasi wala sya ng requirements. Eh di sana di nalang sya kinaltasan for 40+ years of working. Or ibalik na lang lahat ng hinulog nya diba? Idk what happened na since we lost comms na. But I think she just let it go kasi not worth the effort, lalo na senior na sya.
3. **SSS unemployment benefit dapat once every 3 years lang.** So it's good that we can get unemployment benefit from SSS. Pero if you will apply pala within 3 yrs from your last application, hindi na pwede. Bakit? How can I guarantee na hindi ako mawawalan ng trabaho in 3 yrs time. In this ECONOMY??? I was fired from my previous job because of my mental health condition (and yes nilaban ko to sa DOLE and the company settled). I was able to get unemployment benefit. This was 2024. Now, I got fired again. Also for mental health issues. And yes ilalaban ko ulit ito sa DOLE. But for the meantime, I tried applying for unemployment benefit. Di daw eligible kasi within 3 years yung last. I was fired too (redundancy) during pandemic, 2021. I didn't know about unemployment benefit then and didn't apply for one. And I was fired too 2017 (redundancy). How many Filipinos get fired here and there? A lot of companies are retrenching, cost cutting, or worst, closing. Guaranteed ba na if I get fired this year, I won't get fired again in the next 3 years?
4. **Hindi nag-aadmit ng kalmadong pasyente sa NCMH.** Someone I know had a massive mental episode. To the point na sinunog nya yung bahay nila. The fire was put out immediately naman. But for everyone's safety including that of the mentally distressed person, she was brought to NCMH. She was very violent during the episode. Pero since narelease na nya yung energies nya while having her episode, plus byahe to NCMH, plus long time waiting to be seen, malamang kalmado na yung patient kasi pagod na! And they refused admitting her kasi ""kalmado naman pala yung pasyente eh"", we cannot admit anyone unless presently threat to self and others - with the emphasis on presently. Regardless if just a few hours ago nananakit and nagsusunog. 
5. **Needing an ID addressed sa current place of residency to get a local service or any government service.** Having no permanent house and having to frequently move, ilang beses na ako nagsuffer dahil dito. Ginusto ko ba magpalipat lipat ng bahay? NO!! But I needed to. So I just moved to Las Pinas when I got diagnosed with a mental disorder that needed medication. I applied for PWD ID kasi I badly needed it for discount on medicines. Requirement: 2 valid IDs indicating my Las Pinas address. Which I don't have kasi all my IDs are showing my provincial address. Had to wait 6 months before I can finally apply for PWD ID because I had to find ways on getting a new ID na valid na addressed sa Las Pinas and having old IDs updated. As if they can release an ID right away diba? National ID nga naka 3 lipat na ako ng bahay wala pa rin! And recently I had to move again to another city. And I was bitten by a dog (accidentally). Luckily in our city, may free rabies and tetanus vaccine. And I really cannot afford to pay for shots right now. So I went and was being asked AGAIN for 2 valid IDs showing my address in this new city I moved into. I JUST FUCKING MOVED! I showed my lessee contract (and swerte pa nga meron ako, what if mga bed spacers lang) and hindi daw nila mahohonor yun. Valid ID daw needed. 2. I had to beg them to just give me the shots and I will do my best to produce IDs with a new address on my next schedule. They agreed reluctantly. Also told them that the most I can provide is probably just a barangay certificate. Unless there's a government ID that can be released within 24 hours. And they agreed eventually that I bring the lessee contract + brgy certificate on my next visit. RELUCTANTLY.
6. **Ayaw tanggapin as valid ID yung passport kasi walang daw pirma!** So far sa bank ko lang naexperience it personally. And I think it bagong uso palng yung passport na walang pirma. I don't know if updated na ngayon ang ""rules"". Pero need daw ng 2 valid IDs. So I presented passport and sss. Need pa daw ng isa. May mas vavalid pa ba sa passport eh isa pa yun na napakahirap i-apply sa dami ng requirements? Wala daw kasi pirma kaya hindi nila maaccept!

7. PWD repository being used to verify validity of PWD ID but LGUs doesn't automatically registered those who applied and the burden to have them registered is shouldered by the pwd themselves.

8. Required by a neighboring barangay for a barangay clearance. Was told Friday late afternoon. Needed by Monday between 8am and 10am. Went to baranggay to get clearance at 8:30am. Was told will open at 9am. 9:10am and still no one is in the baranggay hall. How can I submit it to the other barangay between 8 and 10, if there is no one to issue it?
  
Curious ako what other ridiculous things have you guys experienced first hand? And yes, naghahanap lang ako ng kadamay sa sakit ng ulo talaga. Hay Pilipinas!

Edited to add.",2026-01,17,"Confusing
UX",,Yes,"**Being required to pay SSS contribution, and then being asked to provide documents not requested prior to creating an SSS when applying na for pension.** So a friend who is half Korean half Filipino ",,False
99,r/Philippines,https://www.reddit.com/r/Philippines/comments/1l2y27w/treated_poorly_as_a_first_time_job_seek_applicant/,Treated Poorly as a First Time Job Seek Applicant,post,"Kanina po, pumunta po ako sa BPLO for mayor's permit and health permit para sa job application ko po. Pumila po ako para sa first time job seeker kasi wala po ako pambayad. Nung turn ko na po and binigay ko na ang papel ko...pabato niya binalik sakin yung ibang papel and sobrang irritable niya ako kausapin and yung tono ng boses niya inis na inis. Tapos nung binigay ko na po yung first time job seeker ko na certificate and oath taking, pinapalabas niya po sa akin sss ko po and binigay ko po yung sss na membership (hindi pa po activated Yun, Hindi pa na bayaran po) tapos Sabi niya sakin need daw niya CRN ko katunayan na wala pa laman ang SSS ko eh hindi pa nga po yun activated eh. Tapos pabalang niya pa inabot sakin mga papers ko. Yung kasama ko naman po, hindi hinanapan ng SSS tapos natuloy na siya, sayang po pamasahe ko jusko. Balak ko po puntahan SSS ngayon kaso nag aalangan ako sa activation po eh. 537 po ata yun eh wala po ako pera pang activate. 

Update po: pumunta po ako sa SSS center namin dito and sabi po nila first time lang po nila maka encounter na hinihingi yung contribution record po. Kinakabahan na po ako pagbalik ko sa BPLO baka pabalikin nanaman po ako. Sayang pamasahe.


Update: Natapos ko na din poo, nakakuha na ako ng permit sa wakas. Sinabi ko po sa kaniya yung sinabi ng SSS about sa account ko. Nung una, ayaw pa din niya maniwala....pero pinakita ko na walang hulog SSS ko and medyo na tone down na po yung pagtataray niya siguro dahil po lunchtime ako pumunta nung isang araw at sobrang haba ng pila pero ngayon medyo 3 pm na ako pumunta d na mahaba masyado ang pila.


Thank you po sa mga tumulong din po, salamattt.",2025-06,10,"Confusing
UX",,Yes,"Tapos nung binigay ko na po yung first time job seeker ko na certificate and oath taking, pinapalabas niya po sa akin sss ko po and binigay ko po yung sss na membership (hindi pa po activated Yun, Hin",,False
100,r/Philippines,https://www.reddit.com/r/Philippines/comments/1lcly1r/applying_for_sssumid_card/,Applying for SSS/UMID Card,post,"Hello! I'm a college student and I'm applying for IDs in advance before I graduate. I have concern po when applying for SSS/UMID Card or ID. When applying for the SS Number, isa sa hinihingi po is TIN Number. I don't have a TIN Number since it doesn't seem like it's applicable on my end but I keep seeing it everywhere. My family has a business and both of my parents have TIN Numbers but I don't think I can use theirs (obvs-). Should I first apply for TIN before applying for SS Number?

Another concern po is about the purpose of application. I'm a college student that still has around 2 years before graduating and currently have no job and no source of income. Ang choices po ay:  
  
\-Employment

\-Self Employed

\-Overseas Filipino Worker

\-Non Working Spouse (NWS)

\-Claimant

\-Survivor Pensioner / Guardian

  
Sa mga nabasa ko po, Employment seems to be the best choice but what do you guys think? Any help and advice is deeply appreciated po!",2025-06,3,"Confusing
UX",,Yes,"Ang choices po ay:  
  
\-Employment

\-Self Employed

\-Overseas Filipino Worker

\-Non Working Spouse (NWS)

\-Claimant

\-Survivor Pensioner / Guardian

  
Sa mga nabasa ko po, Employment seems to ",,False
101,r/Philippines,https://www.reddit.com/r/Philippines/comments/1mq6y9o/prc_board_exam_requirements/,PRC board exam requirements,post,"Hello, ask ko lang po kung okay lang ba na ibang PRC branch ipasa yung requirements for application? Iba po kasi yung naapplyan ko tsaka wala rin po option na iba kundi doon lang pero meron po talaga dito sa amin na PRC branch. Kinakabahan po ako baka po kasi masayang lang punta ko tom lalo na iba po ibinigay ng registrar sa akin na TOR. 

Sana po may makasagot. Thank you po🥹


Edit: 

Ayun galing ako dun sa PRC job fair kahapon and nasabi na okay lang daw if ever dalhin ko na lang sa PRC branch namin requirements kasi okay lang daw yon. 

Not sure if dahil ba yung appointment ko is from PRC caravan/mobile kaya pinayagan ako na dalhin sa PRC branch requirements ko hehehe. ",2025-08,5,"Possibility
of Scam",,Yes,"Thank you po🥹


Edit: 

Ayun galing ako dun sa PRC job fair kahapon and nasabi na okay lang daw if ever dalhin ko na lang sa PRC branch namin requirements kasi okay lang daw yon.",,False
102,r/Philippines,https://www.reddit.com/r/Philippines/comments/1l8r849/tatlong_random_numbers_tumawag_sunodsunod_after/,Tatlong random numbers tumawag sunod-sunod after ko gamitin old TNT number for new Grab account — anyone else naka-experience?,post,"Asking if others have similar experience to this and what did you do after it?

(I am actively applying for job applications and sending resumes out to some companies, even though iilang company lang ito. Naisip ko lang pano na yung taong nagsesend ng maraming resume sa ibat ibang company at nag eexpect talaga ng calls from HR, baka maka miss ng opportunity because of incidents like these..)

**TNT number not the once I used on job search, only it was used for Grab account creation**",2025-06,4,"Complex
Application Process",,Yes,"Naisip ko lang pano na yung taong nagsesend ng maraming resume sa ibat ibang company at nag eexpect talaga ng calls from HR, baka maka miss ng opportunity because of incidents like these..)

**TNT num",,False
103,r/Philippines,https://www.reddit.com/r/Philippines/comments/1r2ltio/i_signed_a_job_offer_is_it_legally_binding/,"I signed a job offer, is it legally binding?",post,"Hello, so ito sakali unang work ko. Admin assistant ung role ko. I took it din kasi for experience (next month na start ko. Pero may nag-email sakin na inapplyan ko, as a legal assistant (I want to be in the legal field kaya eto talaga hanap ko) but due to having no experience admin assistant ung naapplyan ko though may legal document drafting naman sa job description (which is a plus when I career shift to legal assistant na) pero right now may nag email na law firm regarding sa application ko sakanila as legal assistant, can I still retract my signature?",2026-02,3,"Confusing
UX",,Yes,"Pero may nag-email sakin na inapplyan ko, as a legal assistant (I want to be in the legal field kaya eto talaga hanap ko) but due to having no experience admin assistant ung naapplyan ko though may le",,False
104,r/Philippines,https://www.reddit.com/r/Philippines/comments/1r9qxym/sb19s_unapologetic_era_and_im_here_for_it/,SB19's unapologetic era and I'm here for it,post,"Aliw ng MV nila. Andaming natackle. Need to watch over and over again. Meron about sa bulok na transportation, ung sandamakmak na requirements sa job and visa applications,etc.  

Nagawa ng SB19 (Pablo, in particular) ung song dahil din sa struggles nila when it comes to getting visa approvals when touring. They're frustrated sa sistema na meron tayo and this song is a call to the government for improvements. 


",2026-02,0,"Confusing
UX",,Yes,"Nagawa ng SB19 (Pablo, in particular) ung song dahil din sa struggles nila when it comes to getting visa approvals when touring.",,False
105,r/Philippines,https://www.reddit.com/r/Philippines/comments/1q2mltx/le_premier_language_international_sharing_my/,Le Premier Language International – Sharing My Disappointing Experience For Awareness,post,"I’m sharing my personal experience for awareness. This is just my story, and others may have different experiences.

I enrolled at **Le Premier Language International**, located in **Cityland8**, Makati with **Japanese Class for Saturday only** but I was very disappointed with my experience here:

* **No consistent updates about the next class unless I personally followed up**

Every Friday night or Saturday morning, I had to ask if I had class the next day or today and at what time, whereas the school should have proactively informed students. They didn’t have a fixed schedule so I kept asking them.

* **Scheduling issues**

When I inquired, I asked for Saturday class if they have and according to them they have Saturday class that starts from 9 am - 4pm and we were both okay with it. Here is the issue, My class was originally scheduled for **Saturdays only**, as agreed. Later, it became 1pm - 4pm during the first day of class. Suddenly, I was asked to attend on **weekdays and Sundays** as well. They **argue that I missed their classes** which were **not part of the original agreement.** They even confirmed it from me if my class is Saturday only. I can’t attend classes during weekdays due to job interviews.

* **Classes were delayed several times.**

After my first day of class, the 2nd day I was supposed to be in class got cancelled because of an emergency. While I could understand a one or two-week delay due to emergencies, delays of **three weeks or more with the same reason** became a noticeable issue, especially since my class is Saturday-only. I was also informed there will be class on weekdays but by that time of the weekday, it got moved to the following day. The following day, the class was again canceled. On Friday, I asked if there would be a class the next day, but it was canceled for another reason  
  
On a Sunday, they managed to hire a new Japanese Teacher but it got cancelled, why? According to what was explained to us, the building administration did not allow their business to operate on Sundays due to permit-related requirements. Both the teacher and we were disappointed, and he resigned soon after, apologizing to us for the situation.

* **Promises made did not happen**  

There are two... a promise about **class/online class with new teacher** and a promise about r**efund**

After the teacher's resignation, the school promised to provide new teachers for both face-to-face and online classes. I confirmed this before the scheduled day. but there was **no update** about class time or links. Even after following up, there was **no response**, and the class did not happen.

We requested refunds, which the school said needed approval from higher-ups. It got accepted and we were told we would be **called individually** to claim our refunds. I will be the last to receive among the three students. But the process required repeated follow-ups over many months. The school would not update us unless we followed up, so I tried contacting them every one or two weeks. I also communicated with other students, who didn't receive it yet. This went on for **8–9 months**, and we still had not received the refunds as promised. Different reasons were given over time for why the refund could not yet be released. By the 10th month, Me and the other students were **no longer able to contact the school via Facebook or Phone.** Even after almost a year, the refunds had not been fully processed.

I can only speak directly for my own experience even though I have other students with similar experience with me. I have records of my enrollment, conversations, and follow-ups related to this experience.

I’m sharing this to provide insight and awareness for anyone considering this school",2026-01,6,"Lack of
Relevance",,Yes,"I enrolled at **Le Premier Language International**, located in **Cityland8**, Makati with **Japanese Class for Saturday only** but I was very disappointed with my experience here:

* **No consistent ",,False
106,r/Philippines,https://www.reddit.com/r/Philippines/comments/1pkmt6b/job_interview_at_a_dental_clinic_went_well_but/,"Job interview at a dental clinic went well, but..",post,"I had an interview at a small dental clinic (newly opened branch I believe) this Friday. I arrived early. Then it was already past the scheduled time - I believe 25 minutes have passed - so I tried to follow up. Gladly a few minutes later they called out my name and guided me into a room. The interviewer was pleasant and apologized to me for being late, has good energy and all. I think it went well.

The salary, work schedule (Monday to Saturday…), benefits, etc., were also discussed. They’re asking me to start as early as possible, and that would be on Monday. So, 2 days later after the interview. By the way I was informed that the final interview would take place the SAME DAY, so they’re asking me to just come back that day.

₱500 daily compensation (probationary), and then ₱675 daily once done. Has government benefits. Usual duties and responsibilities of a dental assistant, mostly sterilization of equipments and maintaining cleanliness. I have no experience in the role, so basically I’m just starting in this field with no training. Although I have experience with autoclave back in college (pre-med, but not related to dentistry.) Also, just a short background, I can commute to the office. I’m expected to pay the bills along with my sibling and ilang months na ako tengga. No pressure naman, pero nakakahiya.

I am not sure if this is low-ball of them and worth the try. Should I even come back on Monday. Thank you sa magbibigay ng insights.",2025-12,0,"Complex
Application Process",,Yes,"Although I have experience with autoclave back in college (pre-med, but not related to dentistry.) Also, just a short background, I can commute to the office.",,False
107,r/Philippines,https://www.reddit.com/r/Philippines/comments/1mgwwio/grabe_yung_mga_police_sa_makati/,Grabe yung mga police sa Makati,post,"I was out drinking all night nung Saturday. Started around 8pm somewhere in Mandaluyong because I had a gig then sumunod ako sa friends ko sa Makati around Palanca ng mga 2am na. Nag blackout ako around 4:30am, mga kaibigan tinatanong yung mga ka close ko about my address to no avail so they could book me a grab home kasi non-verbal na ako. Suddenly I ""Ressurected"" daw para lang mag ma-oy sabay nag walk out ako then went to a random angkas and hitched. Eto naalala ko, pinababa ako nung angkas kasi lasing na lasing daw ako. 

Suddenly I woke up may araw na mga 7-or 7:30am ata. Pinapalibutan ako ng siguro 4-5 na pulis. Turns out I probably passed out on some street in Makati. Anyway, kinausap ako ng isa sa kanila. Di ako natakot nung una kasi lasing pako pero biglang nawala nung naisip ko pota ano kaya yung nagawa ko bakit may pulis. Or baka taena may iplant saken na droga.

Pero wala naman, nung kinwento ko yung side ko parang natuwa sila (in a good way). ""Parang napasarap yung gabi mo ser ah"". ""San kayo uminom?"" Hahah tapos napakwento na rin ako. Grabe sobrang bait nila. They even offered to take me home kaso sa Las Pinas pako and di daw nila ako puede ihatid outside makati. Sinakay ako ng isang pulis dun sa police car tapos nasa may shotgun ako. Parang lumibot lng kami around makati for 15-30 mins para daw mahimasmasan ako. Nilibre pako ng kape haha. Even had a good convo with the officer where I expressed my gratitude and him talking about his job and duty. 

Havent had the chance to take a photo w him kasi lowbat phone ko. I asked his name pero I forgot :(  wala naman nawala saken, had a phone, earplugs, and my wallet. Walang nawala. 

Thank you Makati Police, thank you lord walang masama nangyari saken. Sorry na din sa mga naabala ko nung nag ma-oy and blackout ako. Hindi siya excuse, but still want to say im sorry 🙇‍♂️🙇‍♂️🙇‍♂️ 

Drink responsibly sers.",2025-08,1687,Other,,Yes,"Nag blackout ako around 4:30am, mga kaibigan tinatanong yung mga ka close ko about my address to no avail so they could book me a grab home kasi non-verbal na ako.",,False
108,r/Philippines,https://www.reddit.com/r/Philippines/comments/1n9uw6v/the_philippines_is_a_ticking_time_bomb_its_only/,The Philippines is a ticking time bomb: It's only going to get worse because we're not going to get any younger,post,"Living in the Philippines is terrible because of widespread corruption, which only exacerbates other problems like the rising cost of living and climate change. This is the thing that's been spreading doom and gloom throughout the country and rightfully so. 

But there's one other thing I think is really going to be the nail in the coffin for the Philippines soon.

**We're not getting any younger and we didn't put the work in to be prepared for that.**

Every business event I attend always touts our ""young, English speaking"" population as the top reason why foreign investors should put money into the country. You saw the fruits of it with the BPO wave of the late 2000s, which probably put more Filipinos in the middle class than anything any politician ever did. 

It's just that, over and over again.

**What does the Philippines have to offer? Young, English speaking.** 

**What are Filipinos good at? Young, English speaking.** 

**How do Filipinos compete on the world stage? Young, English speaking.**

It was perfect for the lazy, immoral bastards who run our country. To get the 'young' part, all people had to do was keep pumping out babies. To get the 'English speaking' part they just had to fry their brains on the internet + years of colonization did the heavy lifting for us. THERE WAS NOTHING THEY HAD TO DO. 

That was fine for a years, you saw the economic growth from the late 00s to the 2010s- -but then technology evolved. AI IS HERE AND IT'S ONLY GETTING BETTER.

Yes, BPOs haven't completely vanished yet. But they're getting smaller and smaller. Call center agents are literally training their replacements as we speak. Sure, maybe AI hasn't replaced them as fast as we thought we would, but it's pretty clear it's getting there. 

So that's your **English speaking advantage gone. And a huge cornerstone of our economy, just sitting as a ticking time bomb.** 

Is there any government body doing anything about this? Hmmm? No? Leading initiaitves to reskill en masse? No? Shocker.

But back to advantages.

What's the other one? **Younger, you say?**

The average age of the Philippines was about 24.5 back in 2021: [https://www.bworldonline.com/top-stories/2024/04/09/586826/philippine-population-seen-among-the-youngest-in-the-region-amro/](https://www.bworldonline.com/top-stories/2024/04/09/586826/philippine-population-seen-among-the-youngest-in-the-region-amro/) so now it should be 28.5. To be fair, that's quite young. We're the second youngest in the region coming behind only Laos. 

But hold on! Fucking nobody wants to have kids anymore because the country's conditions are so terrible for anyone wanting to start a family. So you see it, PH population growth is FINALLY slowing down: [https://www.philstar.com/headlines/2025/07/17/2458669/philippine-population-growth-slowing-down](https://www.philstar.com/headlines/2025/07/17/2458669/philippine-population-growth-slowing-down) and the fertility rate is going down: [https://www.channelnewsasia.com/commentary/philippines-population-fertility-rate-global-economy-domestic-helper-4059766](https://www.channelnewsasia.com/commentary/philippines-population-fertility-rate-global-economy-domestic-helper-4059766)

And while there are no studies here, let's be honest: who do you think is holding off on having kids? It's always the educated, career types I see who are choosing to become childless. Slum couples are still having kids at 16. That's our future workforce and it'll still be smaller than what we have today. 

And you know what the quality of education they'll probably get will be like. 

So in a few years you'll have a smaller workforce having to prop up the country with skills that are basically irrelevant, in an arena where technology is frankly evolving faster than they can upskill. 

What does an aging population mean? Well if you’re working now then kiss retirement goodbye. Prepare for higher taxes. That’s just off the top of my head.

But see, I don't think having an aging country has to be a death sentence. But adjustments will have to be made: China is investing heavily in robotics. Japan is slowly opening up to immigrants. Thailand is sourcing labor from their neighbors.   
  
**The Philippines** (by contrast): Still has a younger population, but risks missing the “demographic dividend” if it doesn’t create enough jobs before fertility falls.

Yeah sure, I get it. This is a problem for 2050 or whatever the fuck. But time goes by fast, especially when you're falling asleep at the wheel. 

Tas pag-gising mo na nagkanda letse letse na lahat.",2025-09,583,Other,,Yes,"So you see it, PH population growth is FINALLY slowing down: [https://www.philstar.com/headlines/2025/07/17/2458669/philippine-population-growth-slowing-down](https://www.philstar.com/headlines/2025/0",,False
109,r/Philippines,https://www.reddit.com/r/Philippines/comments/1l60myo/what_is_the_most_useful_college_degree_in_the/,What is the most useful college degree in the Philippines?,post,"Which college degrees in the Philippines lead to the most stable and high-paying jobs? Are fields like IT, Nursing, Accountancy, or Engineering still the best options in terms of job demand, salary growth, and opportunities to work abroad? How important are factors like licensure, global demand, or real-world skills when choosing a course? With some industries becoming oversaturated, which degrees actually offer long-term career stability and practical value after graduation?

",2025-06,373,Other,,Yes,"Are fields like IT, Nursing, Accountancy, or Engineering still the best options in terms of job demand, salary growth, and opportunities to work abroad?",,False
110,r/Philippines,https://www.reddit.com/r/Philippines/comments/1rzwbnu/lost_found_official_announcement_trailer/,Lost &amp; Found – Official Announcement Trailer,post,"Lost &amp; Found is an adventure-mystery game where you return townsfolk’s lost belongings &amp; uncover personal stories behind each item. It features a hybrid animation style that blends 2D, 3D, pixel art, &amp; more. Gather clues, investigate locals, &amp; ensure every lost belonging ends up in the right hands. 

It’s 2007. You’re Rico, a laid-off artist struggling to find new opportunities in the city, and you decide to return to your hometown to work at the only place offering you a job: the local Lost and Found office. 

A lot has changed since the last time you were in your hometown, Luisiana. Many friends moved abroad to seek better opportunities, businesses are closing, and the hangout spots you used to love are now run down. Explore what’s left of your hometown and reconnect with the folks you left behind.",2026-03,205,"Possibility
of Scam",,Yes,"You’re Rico, a laid-off artist struggling to find new opportunities in the city, and you decide to return to your hometown to work at the only place offering you a job: the local Lost and Found office",,False
111,r/Philippines,https://www.reddit.com/r/Philippines/comments/1lua6rr/bi_uncovers_trafficking_of_filipinos_to_pakistan/,BI uncovers trafficking of Filipinos to Pakistan for online gaming jobs,post,"MANILA, Philippines —Filipinos are now being recruited and trafficked to work illegally in online gaming hubs in Pakistan, the Bureau of Immigration (BI) warned Monday, calling it an alarming “new trafficking route.”

In a statement, the BI said the discovery was an “alarming development” that “marks a dangerous shift in trafficking patterns,” noting its similarity to the operations of Philippine offshore gaming operators (Pogos).

This is [represents] a deeply disturbing trend. We are now seeing victims being funneled to Pakistan for illegal online work—clearly a new scheme from the same criminal playbook tied to illegal Pogos,” said BI Commissioner Joel Anthony Viado in a statement.

This shows how traffickers are becoming more aggressive and deceptive,” he added

According to the BI, four Filipinos were intercepted at Ninoy Aquino International Airport on Sunday, July 6, by the Immigration Protection and Border Enforcement Section or I-PROBES.

The group, composed of a man and three women in their late 30s to early 40s, was attempting to depart for Hong Kong through Cebu Pacific flight 5J 110.

They initially claimed to be traveling for a brief vacation, but during a secondary inspection by authorities, the group admitted that their final destination was in Pakistan, where they would be working as cleaners and a cook in an online gaming compound.

The group said they were recruited by a Chinese national who promised them monthly salaries ranging from P35,000 to P45,000. They were also instructed to pose as tourists and were provided with cash to facilitate their travel.

These people were promised jobs but were told to lie about their purpose of travel and wait for further instructions overseas. This modus operandi reeks of exploitation and abuse,” said Viado.

The BI said it has already relayed its findings to the Inter-Agency Council Against Trafficking to investigate the recruiters and facilitators behind the scheme.

Meanwhile, Viado warned those seeking to work overseas to “be cautious of anyone offering too-good-to-be-true opportunities abroad, especially if you’re instructed to lie or pose as a tourist.”

“These victims were scammed and almost trafficked out of the country under false promises,” he said. ",2025-07,153,Other,,Yes,"MANILA, Philippines —Filipinos are now being recruited and trafficked to work illegally in online gaming hubs in Pakistan, the Bureau of Immigration (BI) warned Monday, calling it an alarming “new tra",,False
112,r/Philippines,https://www.reddit.com/r/Philippines/comments/1n3ner1/we_need_a_political_party_filled_with_randos_who/,We need a political party filled with randos who work normal jobs and have no history of politics in their family. Maybe this is what it will take to turn the government on its head.,post,"
I have given up trying to ask the voting public to vote wisely.  It’s probably not their fault, most are just trying to get by day to day and don’t have the capacity to think of anything other than their own survival. Why wouldn’t they vote for the candidate that offers them P 1,000 and a sack of rice?

It’s unreasonable to ask the impoverished to educate themselves or to question a candidates motives. The metric should be dead simple. 

**Vote for a politician with a normal day job and no connection to any dynasty. That’s it.**

The problem of corruption has taken over every level and every branch of government, both national and local. Nothing can get done so long as we keep voting dynasties and “professional politicians” back into office, yet we keep voting the same family names we’ve heard over and over again.

We need a party of random professionals from the private sector who have no history of political dynasty in the family. Their only job is to not steal. They don’t need to be the brightest minds.Just have common sense and don’t steal. The bar is in hell.

If such a thing existed, we wouldn’t need the masses to do “research.”  All they’d need to know is that all the members in the party are not from dynasties and actually have real jobs outside of government. 
",2025-08,105,"Lack of
Relevance",,Yes,"If such a thing existed, we wouldn’t need the masses to do “research.”  All they’d need to know is that all the members in the party are not from dynasties and actually have real jobs outside of gover",,False
113,r/Philippines,https://www.reddit.com/r/Philippines/comments/1nvoxm0/i_appreciate_the_additional_hospital_beds_pero/,"I appreciate the additional hospital beds, pero…",post,"More hospital beds mean more patients can be accommodated. Okay naman ’yan, pero paano naman ang mga doctors, nurses, medtechs, radtechs, PTs, and other healthcare workers? Naiintindihan ba talaga ng nasa gobyerno ang working conditions ng healthcare workers? Or hanggang sympathy posts lang ba tayo sa internet?  
Let me shed some light on the realities of our healthcare system:

Doctors:  
Nationwide, the doctor-to-patient ratio is dismal --- sometimes 1:20,000. Not all doctors in the Philippines can practice because there aren’t enough plantilla slots, or the salary offered is so low that it’s not proportional to the workload and responsibility. So what happens? Doctors who are already understaffed and underpaid will have to handle even more patients. This directly affects the quality of treatment and management.

Allied Health (nurses, medtechs, radtechs, PTs, etc.):  
There’s an oversupply in the Philippines, but most either go abroad or shift to other fields. Those who remain face the same situation as doctors --- handling more patients, delayed or malfunctioning lab materials/machines, which lowers the quality of care.

On top of that, all healthcare workers are constantly exposed to occupational hazards, yet ironically, the healthcare field doesn’t even offer health cards/benefits like those given in corporate or office jobs. (Its not that we hate na may HC kayo, gusto rin sana namin na may HC benefits rin kami since kami ang mas exposed sa mga health hazzards) 

This is what happens when there are no people from the healthcare sector in government offices like the Senate. Ito ang resulta ng pagboto sa sikat na artista o trapo mula sa political dynasties. If even the US and other first-world countries struggle with healthcare, what more the Philippines? Here, healthcare workers don’t just do “projects.” Every duty carries an immense responsibility, because it’s directly tied to people’s lives.",2025-10,23,Other,,Yes,"(Its not that we hate na may HC kayo, gusto rin sana namin na may HC benefits rin kami since kami ang mas exposed sa mga health hazzards) 

This is what happens when there are no people from the healt",,False
114,r/Philippines,https://www.reddit.com/r/Philippines/comments/1qe6sbe/are_there_ways_to_learn_trade_skills_while_having/,Are there ways to learn trade skills while having a full time day job?,post,"I’ve really been wanting to learn new trade skills and actually take them seriously. not just for fun, but to hold national certificates and have something solid and professional to show for it. The problem is, there just aren’t any TESDA centers or trade schools near me that offer evening or night schedules for face-to-face classes. It’s unfortunate because I have a full-time day job, and the only time I can realistically study is after work.

It feels like the system assumes people who want to learn trades are either unemployed or have completely flexible schedules, when in reality, a lot of us who want to gain new skills or transition to different fields are working during the day. The lack of accessible schedules makes it harder for adults who want to level up, reskill, or just pursue a trade they’re genuinely interested in.

It’s frustrating and honestly kind of sad. I really want to grow and invest in myself. But I feel boxed in by the scheduling limitations. I’m not asking for special treatment just options. Even once or twice a week in the evenings would make a huge difference for people like me who are willing to put in the work. Until then, learning a trade while working full-time feels like a dream that’s harder to chase than it should be.

",2026-01,13,"Lack of
Relevance",,Yes,"It feels like the system assumes people who want to learn trades are either unemployed or have completely flexible schedules, when in reality, a lot of us who want to gain new skills or transition to ",,False
115,r/Philippines,https://www.reddit.com/r/Philippines/comments/1lfapvp/bangon_tayo_pilipinas_please/,Bangon tayo Pilipinas— please,post,"A Bold Path to Philippine Prosperity

Vision Statement

A sustainable, corruption-free, energy-secure, and globally competitive Philippines—where every region thrives in a well-planned national ecosystem.

⸻

I. Rooting Out Corruption

Objective: Enforce a zero-tolerance policy on graft.
Action Plan:
1. Demand urgent legislation on harsher penalties for corruption.
2. Introduce full digitization of government transactions.
3. Create independent anti-corruption task forces with international observers.
4. Whistleblower protection and reward systems.

Outcome: Clean governance that inspires both domestic trust and foreign investment.

⸻

II. Energy as the Foundation of Prosperity

Objective: Provide cheap, abundant, and sustainable energy for all.
Action Plan:
1. Build Gen IV nuclear plants and invest in SMRs.
2. Launch a nationwide renewables program: solar on all government properties, wind farms, underwater turbines.
3. Create “Energy Hubs” per island group.
4. Offer tax incentives for private sector co-investment in energy infrastructure.

Outcome: Lower utility costs, better food production, job creation, and industrial growth.

⸻

III. Strategic Agriculture and Food Sovereignty

Objective: Make the Philippines a food-secure and export-ready nation.
Action Plan:
1. Assign crop production per province based on data-driven zoning.
2. DFA to negotiate bilateral food distribution/export deals.
3. Support farmers with seeds, mechanization, and cold storage chains.
4. Create regional agri-research centers.

Outcome: Balanced food supply, stronger rural economies, increased agricultural exports.

⸻

IV. Education for Regional Empowerment

Objective: Simplify education to serve regional development goals.
Action Plan:
1. Standardize English as the medium for core subjects.
2. Reduce curriculum clutter: focus on STEM, literacy, finance, and local industry skills.
3. Align senior high school and college courses with regional economic roles (e.g., agri-tech in Luzon, logistics in Visayas, marine science in Mindanao).

Outcome: Skilled workforce matched to national and regional priorities.

⸻

V. Trade and Logistics: PH as the Indo-Pacific Hub

Objective: Make the Philippines a world-class distribution gateway.
Action Plan:
1. Expand and modernize key ports (Subic, Batangas, Davao, etc.).
2. Simplify customs and port authority procedures.
3. Charge tolls or offer port services for passing foreign trade vessels.
4. Develop freeport economic zones with modern logistics hubs.

Outcome: New revenue streams, increased maritime relevance, and global business confidence.

⸻

Conclusion: Nation Built by Strategy

“The Philippines doesn’t need miracles—it needs a plan. This is that plan.”

Call to Action: Support this vision, join the movement, and let’s lead our country to real, lasting change.

⸻
",2025-06,12,Other,,Yes,"A Bold Path to Philippine Prosperity

Vision Statement

A sustainable, corruption-free, energy-secure, and globally competitive Philippines—where every region thrives in a well-planned national ecosys",,False
116,r/Philippines,https://www.reddit.com/r/Philippines/comments/1putxnh/under_pressure_filipino_migrant_women_navigate/,"Under pressure: Filipino migrant women navigate life, work in Croatia",post,"In recent years, Croatia has been facing significant demographic changes and growing labour shortages. As a result, the country increasingly relies on immigrant workers. While immigration helps maintain economic stability, it also raises important questions about the everyday lives and well-being of the immigrant workers who are now an essential part of Croatia’s workforce. The issue is not only economic, it is also deeply social and personal.

A newly published study by the Croatian Institute for Migration Research (authors: Dr. Ivan Balabanic, Dr. Goran Bandov, and Dr. Iva Tadic), conducted in partnership with Philippine researcher John Paul Magalang, offers the first detailed insight into the experiences of Filipino women working in Croatia. The research comes at a symbolic moment, as Croatia and the Philippines strengthen their cooperation in labor mobility.

The study included 157 Filipino women between the ages of 25 and 48, who have lived and worked in Croatia from six months to three and a half years. Several patterns have emerged.

Nearly half of the women hold a bachelor’s degree, yet many work in jobs below their qualifications, most often in hospitality, retail and industrial production. Even so, most describe their move to Croatia as a positive step that allows them to secure financial stability for them and their families.

One Filipina states: “In Croatia I feel great, truly happy. I’m earning good money and I finally feel like I can support my family back home. I earn much more as a cashier than I used to as a teacher.”

Although many arrived through short-term or seasonal contracts, the research shows that a large share of Filipino women are already thinking about a longer future in Croatia. Many imagine staying for six to ten years (36 percent), while others hope to remain until retirement or even permanently (42 percent), integrating into Croatian society and, in some cases, bringing their families to join them {29 percent). What shapes their optimism is not only income but also the human environment they have found, with 57 percent reporting they have four or more close Croatian friends.

Safety is often mentioned as one of the most valued aspects of life in Croatia. One woman described it this way: “I’m thankful that I can walk home at night without fear. That means freedom to me.”

Many say they appreciate the warmth of Croatian people, the pleasant climate that offers snow as well, and the familiarity of living in a Catholic country, which makes adjusting to the daily life easier. One woman described her experience with a smile: “It is a small country, but the hearts here are big.”

However, the study also points to significant challenges. Language remains the biggest barrier (93 percent of participants do not speak Croatian), making both social life and workplace communication more difficult.

On top of this, many women describe the emotional cost of separation from loved ones, navigating cultural differences, and facing occasional experiences of discrimination, making integration more difficult.

Together, these factors contribute to elevated stress levels, with 40 percent of participants experiencing stress frequently. This elevated stress can have consequences for health as well: 5 percent of respondents report difficulties with physical health, and 7 percent with psychological well-being. Yet even with these challenges, an impressive 86 percent of women say they feel they are part of Croatian society.

Some of them mentioned small but meaningful moments that helped them to adapt: “I learned to find joy in small things – walking by the sea after work, cooking with my friends, or hearing someone say ‘thank you’ in Croatian.”

When subjective overall quality of life was measured, Filipino women had an average score of 6.4 on a scale from 0 to 10. This is higher than the average for immigrant workers in Croatia (4.6), though lower than the general population in Asian countries (7.0) and lower than Filipino men working in Croatia (6.8).

They reported greatest satisfaction with their health and sense of security, while social relationships and material living conditions were the most challenging dimensions, largely due to the physical distance from loved ones back home. Despite this, an overwhelming majority of 93 percent stated their quality of life has improved since moving to Croatia and quality of life was higher among younger women, those planning longer stays, those experiencing lower stress, and those with more positive migration experiences.

When compared to other female immigrant workers, Filipino women differ in several notable ways. They are, on average, older (around 35 compared to 31), and none of them have only primary education. They are also somewhat less likely to be married, more frequently employed in the hospitality and tourism sector, and they speak Croatian significantly less than other nationalities.

The most profound difference, however, emerges in their plans for the future. Filipino women are more likely than other migrant women in Croatia to envision a long-term or even permanent stay in Croatia.

The findings of this study are especially relevant at this moment when Croatia and the Philippines continue to develop structured labor-mobility programs. They provide a model for how smaller EU member states can responsibly engage in recruiting workers from non-EU countries. The study encourages policy makers to look beyond employment numbers and address issues such as integration, language learning, social support and overall quality of life.

For the Philippines, the partnership opens a new potential destination for overseas Filipino workers beyond traditional labour markets. For Croatia, this means strengthening integration programmes and monitoring worker well-being.

Given the growing number of Filipino workers and the increasing visibility of their experiences, it is essential to move from basic administrative support to a preventative, targeted, and holistic institutional and social support program — one that promotes not only economic integration, but also emotional well-being and a sense of cultural belonging.

This includes establishing regular check-ins to assess workers’ living and working conditions, providing mandatory intercultural competence training for employers, implementing clear and enforceable anti-discrimination mechanisms, and improving access to psychological support services in workers’ native languages.

Strengthening cooperation between Croatian institutions, employers, civil society organizations, and the Filipino community would help ensure that support is both effective and culturally sensitive.

Above all, the study serves as a reminder that behind every signed work contract stands a personal story — stories of women who provide for their families while seeking sense of dignity, belonging and equality far from home. The message is clear: improving the quality of life of migrant workers is just as important as creating job opportunities. /das",2025-12,12,"Complex
Application Process",,Yes,"Given the growing number of Filipino workers and the increasing visibility of their experiences, it is essential to move from basic administrative support to a preventative, targeted, and holistic ins",,False
117,r/Philippines,https://www.reddit.com/r/Philippines/comments/1miz73j/top_10_priority_bills_part_1_senator_bam_aquino/,Top 10 Priority Bills Part 1: Senator Bam Aquino (20th Congress),post,"


1.**Classroom-Building Acceleration Program Act**

Builds more classrooms faster by partnering with local governments and private groups to reduce overcrowding in schools.

2. **E-Textbook Para sa Lahat Act**

Makes all approved school textbooks free and available online so students and teachers can access them easily anytime.

3. **Libreng RLE Act**

Removes extra training fees for nursing students and includes them in free tuition support from the government.

4. **Bayanihan Work Program Act**
Offers guaranteed jobs to unemployed Filipinos, especially graduates, instead of just giving temporary cash aid.

5. **School-to-Employment Program (STEP) Act**

Sets up job placement offices in schools and links students with companies to help them find work after graduation.

6. **Student Discount Para sa Load Act**

Gives students a 20% discount on mobile data, calls, and texts to make online learning more affordable.

7. **Angat Sweldo Para sa Guro Act**

Raises public school teachers’ salaries by ₱10,000 over three years to improve teaching quality and motivation.

8. **Private Education Voucher Expansion Act**

Expands government support to help more students attend private schools and trains more teachers to improve learning.

9. **Adopt-A-School Act of 2025**

Encourages private companies to help public schools by giving donations in exchange for tax perks.

10. **Amendments to Universal Access to Quality Tertiary Education Act**

Ensures poor students, especially from 4Ps families, receive full financial support from senior high school to college graduation.

**---**

Tomorrow, we will have a new post about Top 10 priority bills of another senator.

But what do you think of Sen. Bam Aquino's proposed bills at the current time?",2025-08,11,"Lack of
Relevance",,Yes,"**Amendments to Universal Access to Quality Tertiary Education Act**

Ensures poor students, especially from 4Ps families, receive full financial support from senior high school to college graduation.",,False
118,r/Philippines,https://www.reddit.com/r/Philippines/comments/1mop62r/partylist_representatives_of_the_20th_congress/,Party-List Representatives of the 20th Congress: Eli San Fernando (Kamanggagawa),post,"**Full Name:** Elijah ""Eli"" Rumbaoa San Fernando

**Party-List:** Kampihan ng mga Maralita at Manggagawa (Kamanggagawa)

**Sector Represented:** Labor

**Residence:** Antipolo City, Rizal

**Age:** 28

**Educational Background:**

* **Polytechnic University of the Philippines:** BS Economics

**Profession Outside Government:**

* **Vice President,** National Federation of Labor
* **Content Creator,** Tiktok and Facebook

**Other Government Position:** Limited information

**Key Bills Filed.Passed:**

* **National Minimum Wage Act:** Establishes a single, national minimum wage, abolishing the provincial wage rate system over a five-year transition.
* **Expanded Sick and Vacation Leave Act:** Ensures a minimum 10 paid sick days and 10 paid vacation days annually for all workers, regardless of employment status.
* **Abolition of Labor-Only Contracting:** Proposes the repeal of Labor Code Articles 106-109 to eradicate labor-only contracting practices (endo).
* **Repeal of Assumption of Jurisdiction (AJ):** Removes the Labor Secretary's power to intervene in strike actions and union operations.
* **Micro and Small Enterprise (MSE) Subsidy Program:** Establishes a subsidy framework offering wage support, rent assistance, and tax incentives to help small businesses retain workers.
* **Resignation Pay Act:** Guarantees fair resignation compensation to private-sector employees who resign for justifiable reasons.
* **Strike Rights for Government Workers:** Seeks to amend Civil Service Law (Section 28(c)) to allow public sector employees the right to strike.
* **Magna Carta of Barangay Health Workers:** A refiled, comprehensive proposal ensuring fair compensation, job security, legal protections, and career development for over 250,000 Barangay Health Workers (BHWs).

**Notable Family Members:** Limited information

**Interesting Facts and Controversies:**

* Before entering politics, San Fernando was known as a political ""Tiktoker"" and labor-oriented content creator. He once mock premature campaign billboards by creating a billboard that said, ""INGAT PO SA BIYAHE! Tatakbo kasi ako sa eleksyon. Wala kasing PREMATURE CAMPAIGNING sa Pilipinas!"".
* In August 2024, San Fernando posted a viral video accusing Manila City Health Department Chief Dr. Arnold ""Poks"" Pangan, husband of then-Mayor Honey Lacuna, of profiteering from a city ordinance requiring health certificates for workers. On October 2024, Manila prosecutors formally indicted San Fernando under the Cybercrime Prevention Act of 2012 (RA 10175) after a complaint filed by Dr. Pangan. Mayor Isko Moreno's administration moved to revisiti and amend the contentious health certificate ordinance (Ordinance 8793).

**Sources:**

* [https://varsitarian.net/news/20250630/isko-to-revisit-manila-health-permit-ordinance-lawmaker](https://varsitarian.net/news/20250630/isko-to-revisit-manila-health-permit-ordinance-lawmaker)
* [https://varsitarian.net/news/20240910/labor-leader-faces-cyber-libel-raps-over-video-on-manila-health-certificate](https://varsitarian.net/news/20240910/labor-leader-faces-cyber-libel-raps-over-video-on-manila-health-certificate)
* [https://interaksyon.philstar.com/trends-spotlights/2024/10/01/284615/content-creator-running-public-office/](https://interaksyon.philstar.com/trends-spotlights/2024/10/01/284615/content-creator-running-public-office/)
* [https://thebenchfile.com/2025/07/02/kamanggagawa-files-bill-to-abolish-provincial-wage-rate-system-pushes-10-landmark-labor-measures-on-first-day-of-20th-congress/](https://thebenchfile.com/2025/07/02/kamanggagawa-files-bill-to-abolish-provincial-wage-rate-system-pushes-10-landmark-labor-measures-on-first-day-of-20th-congress/)
* [https://kmg85.ph/](https://kmg85.ph/)
* [https://peoplaid.com/2025/07/10/elijah-san-fernando/](https://peoplaid.com/2025/07/10/elijah-san-fernando/)
* [https://en.wikipedia.org/wiki/Kamanggagawa#Electoral\_history](https://en.wikipedia.org/wiki/Kamanggagawa#Electoral_history)
* [https://comelec.gov.ph/php-tpls-attachments/2025NLE/COC\_2025NLE/COC\_Partylist162/85.%20KAMANGGAGAWA.pdf](https://comelec.gov.ph/php-tpls-attachments/2025NLE/COC_2025NLE/COC_Partylist162/85.%20KAMANGGAGAWA.pdf)",2025-08,5,"Complex
Application Process",,Yes,"**Sources:**

* [https://varsitarian.net/news/20250630/isko-to-revisit-manila-health-permit-ordinance-lawmaker](https://varsitarian.net/news/20250630/isko-to-revisit-manila-health-permit-ordinance-law",,False
119,r/Philippines,https://www.reddit.com/r/Philippines/comments/1p4imcs/are_there_any_online_writing_contestsfreelance/,Are there any online writing contests/freelance writing gigs that pay which a student like me can access?,post,"Are there any online writing contests/freelance writing gigs that pay which a student like me can access?

Are there any online writing contests/freelance writing gigs that pay which a student like me can access in PH?


Hello all! I'm currently in high school (15—soon to be 16) and I'm wondering if there are online writing contests/freelance writing gigs that pay. I can use as my outlets for earning money or just for the sake of writing? As of now po kasi, there are no job offers that I can take so I'm looking for online alternatives.


I want to earn money through my passion for writing. I also believe that through these online outlets, I can gain experience which will be useful for me in the future if I ever try to look for a job. 


So, I would really like suggestions.  Are there any online writing contests/freelance writing gigs that pay which I can access in PH?


Thank you for all of the input
",2025-11,5,Other,,Yes,"I also believe that through these online outlets, I can gain experience which will be useful for me in the future if I ever try to look for a job.",,False
0,r/jobs,https://www.reddit.com/r/jobs/comments/1m6kdzc/no_one_is_hiring_me/,No one is hiring me,post,"No one literally no one is hiring me! Is this amount of applications normal? And this is just only on LinkedIn. I might have used more than 20 other job boards or platforms over the past year. I am not getting any calls and even after I receive 1 out of 1000, they just ghost me. I’m exhausted. I have updated my resume many times and is also more quality over quantity these days and aligning my resume to match the jd but of no use. What to do ? Am I doing something wrong ? ",2025-07,2266,Ghosting,LinkedIn,No,I have updated my resume many times and is also more quality over quantity these days and aligning my resume to match the jd but of no use.,Applied to 1000+ jobs on 20+ platforms including LinkedIn. Got 1 call in 1000 then ghosted. Classic high-volume ghosting case.,True
1,r/jobs,https://www.reddit.com/r/jobs/comments/1msay78/the_job_market_isnt_just_broken_its_breaking/,"The Job Market Isn’t Just Broken, It’s Breaking People",post,"My last post about the job market hit over 245,000 views in two days. That told me something loud and clear, this is bigger than me. Serious workers everywhere feel like the system is stacked against them.

Here’s some of the worst things I’ve noticed: too many job postings aren’t even real. Some are fake, some are scammers, and some are companies that post roles they never actually plan to hire for. And for the ones that are legit, here’s what I’m hearing in the market, people are being dragged through an average of 3–4 interviews, sometimes more, just to be ghosted or told “we went another direction.”

Here’s what I’ve read: studies show over 40% of job seekers believe they’ve applied to fake or misleading postings in the last year. And the average time-to-hire keeps stretching out, even while wages stay flat.

And here’s what it feels like up close: the endless applications that never get a reply. The hoops. The ghosting. The discouragement. I’ve seen it wear down people I know personally. It’s not just wallets getting emptied, it’s spirits getting broken.

So let me ask you again: what’s been the hardest part of navigating today’s job market for you personally?",2025-08,2085,"Possibility
of Scam",,No,"And for the ones that are legit, here’s what I’m hearing in the market, people are being dragged through an average of 3–4 interviews, sometimes more, just to be ghosted or told “we went another direc",Describes widespread ghost job postings. Companies posting jobs with no intent to hire. Strong systemic critique.,False
2,r/jobs,https://www.reddit.com/r/jobs/comments/1ly043a/i_got_fired_they_asked_me_to_give_my_100_at_the/,I got FIRED - They asked me to give my 100% at the end,post,"I got hired by a startup in the US as a founding engineer. I have 3 years of experience building AI powered applications and have built more than 10 applications so far. 

They reached out to me on upwork for a task. I did it for them. They were happy. Offered me a full time contract. I joined.

Now, we were just 3 people at the company. Me + the other 2 founders. They both had their own full time jobs as well. 

They had 1 client which was pretty active in the first 3 months. Then, things slowed down. 

The founder that was in contact with me daily (we had a scheduled meeting every day of the week) disappeared. He literally ghosted me out. I still joined the scheduled meeting everyday hoping he would join. Reached out to him on DMs and in the server but no response. 

I was still being paid though (which made me even more guilty)

1 month later he appeared again and seemed to be a completely different person.

He was super demotivated. Didn't want to talk to me about anything. Not interested to listed to anything I said. 

The 2nd founder now started having conversations with me. He asked me to worked on a couple of things. I did and provided updated. 

Now after 6 whole months, the 1st founder comes in a meeting with me and says that this isn't working. We don't know where we are going. I don't think we should continue and just ends it all. 

1 week ago, he asked me to remove the other company I was a part of (I have stocks in that company) from my linkedin profile. And now he is ending it all? And on top of that he told me that I didn't do enough and the trust he had on me in the trust has disappeared. He also told me that he can't refer me to any other company that he knows because the bar is too high and I won't be able to survive..

The contract ends on 15th, and we had this meeting on 2nd. He said we will continue until 15th and we expect you to give your 100% (I have no idea to what? and I am not sure how I was supposed to give my 100% alone?)

Well, I did my best in the last 2 weeks and created them a complete web app using which they can scrape pharma companies and create a database of it. Research each company and get the information they want for each company. This was an idea of the 2nd founder though. 

I still don't get how I was the bad person here? I really had no bad intentions to anything. ",2025-07,1707,"Job Search
Burnout","LinkedIn, Upwork",No,"and I am not sure how I was supposed to give my 100% alone?)

Well, I did my best in the last 2 weeks and created them a complete web app using which they can scrape pharma companies and create a data",Hired via Upwork then fired without clear reason after startup slowed. Emotional cost of precarious gig-to-full-time work.,True
3,r/jobs,https://www.reddit.com/r/jobs/comments/1pddrfk/quit_job_and_was_ignored/,Quit job and was ignored,post,"I quit a horrible staffing job over text way back in August and it was never acknowledged. I didn’t think too much about it since they would ask me to work like once every other month or two. So, I went on with my life. This isn’t the only time they’ve asked me to work since I’ve sent my message. They’ve also called asking for my help. 

I no longer want to be affiliated with this company. If I keep ghosting could they “fire” me even though I left?

",2025-12,1698,Ghosting,,No,I didn’t think too much about it since they would ask me to work like once every other month or two.,"Quit via text, never acknowledged, then continued receiving shift requests. Organizational ghosting and HR miscommunication.",False
4,r/jobs,https://www.reddit.com/r/jobs/comments/1ldmqil/psa_dont_ignore_when_someone_offers_to_introduce/,PSA: Don't ignore when someone offers to 'introduce you to someone',post,"JOB SEEKERS. FRIENDS. COLLEAGUES.

I've been job hunting since December. Months grinding. Hundreds of applications, a few interviews, constant ghosting... you get it. Was literally asking my buddy last week if he knew anyone hiring at warehouses because I was getting desperate.

Then a family friend out of the blue mentions he knows someone who might be able to help. I'm thinking great, another dead end, but whatever worth trying. Get the intro and suddenly i'm on a call with the CEO of some boutique marketing agency in NYC.

The CEO almost bailed. But we ended up talking for an hour instead of 15 minutes. I showed her some projects I'd been working on and she straight up called me a ""crazy genius"". Which im not... lol.  I'm ADHD as hell, I've just learned to replace raw IQ with pure grit.

Now we're doing this 90-day trial together, she's pumped about it and is hoping I stay on full time at the end. I'm still processing tbh.

The best? She never asked for my resume. Never even mentioned it.

For anyone struggling there:

* Your network is everything, even the random connections. 
* Always be ready to show your work when opportunity knocks. 
* Sometimes your breakthrough starts with ""hey want me to introduce you to someone?""

Anyone else have stories like this? Can't be the only one who got their break through a connections instead of the LinkedIn application black hole.",2025-06,1693,Ghosting,LinkedIn,No,"* Sometimes your breakthrough starts with ""hey want me to introduce you to someone?""

Anyone else have stories like this?",Months of ghosting then breakthrough via personal intro to startup CEO. Strong contrast between cold applying and networking.,True
5,r/jobs,https://www.reddit.com/r/jobs/comments/1m7c7nn/job_market_is_horrendous_us/,Job market is horrendous. (U.S.),post,"Just wanted to say the job market is horrendous and soul crushing. In the past 6 months I've had:
- 1000+ applications
- 4 jobs interview me
- 0 offers
- Insurmountable ghosting

Four years of experience in finance. Several more in supply chain. Three in the service industry. I want to give up, this feels pointless. What can I even do, if anything, other than hurry up and wait? 😔",2025-07,1598,"Job Search
Burnout",,No,"In the past 6 months I've had:
- 1000+ applications
- 4 jobs interview me
- 0 offers
- Insurmountable ghosting

Four years of experience in finance.","1000+ apps, 4 interviews, 0 offers with finance and supply chain background. Wants to give up. High emotional fatigue.",False
6,r/jobs,https://www.reddit.com/r/jobs/comments/1m5wl2z/getting_a_job_is_so_hard_right_now/,Getting a job is so hard right now,post,"That's it, that's the post. Companies ghosting you, no responses, asking for an interview, then never replying to set one up. Everyone is hiring, yet no one is at the same time. I have 6+ years of food and hospitality, 2 years in clerical, and 2+ years in event planning. Literally nothing is biting. I can make as many different resumes and cover letters, run them by professionals, and with ChatGPT, and nothing. 

Tell me your stories, because I can't be the only one suffering this right now.",2025-07,1163,Ghosting,,No,"I can make as many different resumes and cover letters, run them by professionals, and with ChatGPT, and nothing.",Companies ghost after requesting an interview slot. 6+ years experience getting no response. Clear ghosting frustration.,False
7,r/jobs,https://www.reddit.com/r/jobs/comments/1s4frb4/i_got_a_job_offer_and_im_devastated/,I got a job offer and Im devastated,post,"I don't know what to do with this offer. I know I must sound ungrateful especially when its so hard to get a job right now.

For background, Ive been out of work for a year. My old company was toxic and I hated it. The job itself was unfufilling and opportunities for growth were none. 

Fast forward, i am approached by a recruiter on LinkedIn. Id never heard of the company, the job was a bit out of my scope but they were happy to interview me. The interview went great and I was invited for the second interview. Again, this went great! Researching this company and what I heard from the interviewer, this company was on the other side of the spectrum from the last. I was so happy.

Between these two interviews, I get approached by another recruiter for another company. Again, never heard of them. I got an interview but I didnt really care. I had my sights set on this first job. I still accepted anyway.

For the first role, I was told I would hear back on a Monday but then I was told they had more candidates and I would have to wait. I had my interview for the second job on Wednesday.

I prepped for the role, not much but just enough. Then the problems started. The company is literally only ten minutes from my last job. I get there and im shocked, very similar setting. Whatever, funny coincidence. 
The lady interviewing comes, she's cold. Not a smile from her face till mid interview maybe. Turns out she would be the boss. The job is explained in greater detail than the JD (which did a pisspoor job explainingthe role).....very similar to the last job.

For more context, im a career changer but Ive had the misfortune of never getting a job where I can work under someone who can mentor/lead me. Ive always just been left to figure stuff out. 

The first job, it would not be like this. I would be working under a senior. 2nd role, it is like that.

Anyways, I finished this interview. It was awkward to say the least leaving the building with the interviewer. I get home and I receive a phone call saying I got the job. Wtf. It felt odd. Hadn't even taken my coat off. I didnt care tbh. The other job was still within reach.

I was told to give a reply by next week so I let the other company know just so I could get a timeline. Thats where they reveal to me that its between me and the last person they will interview today. Im overjoyed. What are the chances the last person they are looking for is the one that ticks all their boxes? Turns out pretty high.

I got a dissapointing phone call. I think im pretty good at hiding my emotions but even I noticed how quiet I got on the phone.

To say im devastated is an understatement. I genuinely thought I was getting away from a similar situation i was in with my previous job. Ive been told that this job ive received an offer for might be great but Its so similar to my last job down to being only 10 minutes away.

Ive had nothing else. Just these two interviews. Everything else I have spent months applying for, rejections or ghosted so I have to take it.

How do I stop this feeling of fear im getting back into something I ran away from and disappointment from being rejected?

*Edit: Thanks to all the kind and encouraging words from people and those in the same boat, we'll get there. Im a very emotional person and I was letting all my dissapointment out typing this. Im past that and thinking more logically now.

To answer some questions, the 'its 10 minutes away' is nodding to the fact its on the same route as my old job. A route I dreaded going down everyday because of how much that job sucked the life out me ( it was very toxic years before I got there). The proximity just gives me chills okay, sorry im not a big strong unemotional person, Im just a girl.

Im going to take the job :) Im still young, got a long way to go and lots to learn",2026-03,833,"Job Search
Burnout",LinkedIn,No,"For more context, im a career changer but Ive had the misfortune of never getting a job where I can work under someone who can mentor/lead me.",Job offer via LinkedIn recruiter but feels devastated because company did not match expectations. Anxiety despite success.,True
8,r/jobs,https://www.reddit.com/r/jobs/comments/1pgw7j9/how_should_i_respond_to_this_email_despite_my/,How should I respond to this email despite my circumstances?,post,"Okay so I interviewed for this company back in late August for a manager role. Then they stated “wait we won’t hire you for manager but will create an associate role”. Obviously not even close to the initial pay but I got laid off back in May and on unemployment ending Jan.

So anyway I got the feeling I was going to be ghosted per usual as she stated they never had the position and will be creating it in October start date. Fast forward to yesterday and I get this email from her. I’m not sure how to respond bc my situation has changed significantly, I’m pregnant and due March 2nd. 

I want to take this job bc I have no job but unsure if it’s worthwhile. What do you think?",2025-12,784,Ghosting,,No,So anyway I got the feeling I was going to be ghosted per usual as she stated they never had the position and will be creating it in October start date.,Company created role specifically for her then she expected ghosting. Complicated by pregnancy. Ghosting plus process confusion.,False
9,r/jobs,https://www.reddit.com/r/jobs/comments/1poxk1s/after_a_14_month_struggle_i_was_ready_to_give_it/,"After a 14 Month Struggle, I Was Ready to Give It All Up. Today, I Received a Life-Changing Offer Letter.",post,"**TL/DR:** I've been out of work for over a year, living out of my car, and was recently denied SNAP. My savings almost depleted, a kind colleague and an ex-VP reached out, giving me a lifeline and re-instilling my sense of self-worth. An interview materialized within a matter of hours, and I was extended an offer letter for 2x what I was making in early 2024.



After 138 applications, I'd stopped counting the number of rejections, and gave up completely on trying to follow-up on ghosted applications or interviews. It's no surprise to anyone else that has been struggling this year, that this current job market is a brutal one. The unemployment rate is at a four-year high of 4.6%, and as many of us have depleted our savings, the current administration seemingly takes pleasure in cruelly making food assistance even more difficult to obtain. 

Somewhere around May, I was told that my SNAP benefits would be ending, as I no longer qualified. Even though I'd been living in my car since September prior, the fact I was enrolled in part-time college coursework disqualified me. Apparently part of the new qualification set is that you're not allowed to better yourself. When you have next to nothing left, $185 a month for food really does make a difference. I tried to appeal, but the powers that be pushed me further downward with a three-month sanction before I could re-apply. 

late 2024 and all of 2025 has been the second worst period of my life. First place goes to 2000, the year my brother died of a massive stroke, and my Dad was diagnosed with thyroid cancer. On top of that, he'd just been laid off from his job, after having worked there since the early 1970s. 2024 handed me not only a divorce, but the dissolution of my job. I was to be spun off after a corporate carve out, and ""promoted"" into a ""compensation neutral"" role. After reluctantly accepting and trying to find something else in the meantime, I was told a further restructuring would be taking place due to massive sales losses. In other words, I would be losing my job, and was laid off. 

I can't even begin to tell you how many hours I spent this year, sitting at this very computer, contending with my mental health, and wondering if I even had a future, let alone a near-future. I'd been laid off before, with 2008 having also proven difficult. There was something eerily different about this time around though. The lack of hope. The feeling of external politics just continually blacking out the daylight. Friends and family going through similar experiences of either losing jobs, or having merit increases frozen while also taking on more work from management with the expectation to outperform prior productivity.

Last week, I received a message on LinkedIn of all places, from a colleague. LinkedIn. The one site I'd come to recognize as absolutely unreliable and useless in terms of job searching and applying. They indicated a role had opened up in my original department, and they felt I would be the ideal candidate for it. Senior level, and definitely with more responsibilities, but I had all the core skillsets, and even some outside of the role that would really help me to excel. I wasn't sure at first. You know how it is... Month after month of searching without result destroys your self-confidence. Self opinion leaves the chat. You wonder what's wrong with you, and why no one deems you good enough to interview, let alone be contacted for an initial screening call. 

So I thought, ""What the hell have I got to lose at this point. Everything else has been an abysmal failure."" The only solid interview I'd had in November turned into a voicemail, indicating a hiring freeze had taken effect, that the requisition had been rescinded, and to have a happy holiday. So I thanked my colleague for reaching out, braced myself with a cup of affordable and horrible-tasting coffee, and applied just as the role became active on the company career page. 

Less than 24-hours later, I received a direct call from the divisional VP of my previous pre-disastrous carveout role, and he was recollecting how impressed he was with me in my time there, and that he'd reach out to the hiring manager for the role. The next morning at 9AM, I had an invite to interview directly with the hiring manager and team. Recruiter screening bypassed, directly on to the good stuff. For the first time in more than 14 months, I felt a glimmer of hope. Someone had turned the pilot light back on. 

The panel interview was comfortable, and my answers to technical questions were met with the engineer head-nod of approval. I literally felt the sense of confidence and self-worth flooding back into my consciousness as we talked further, and I became excited, sharing my experiences and how I really could accomplish great things in this role. This morning, I opened up my e-mail to an offer letter. Nearly twice the amount in compensation as my previous role with the same company. Profit sharing. Full benefits. Medical insurance. I can finally have these bilateral 12mm and 18mm kidney stones obliterated and removed without going into medical debt. I can finally feel healthy again. I can have a room to sleep in again. It sounds simple, but to me, it's life changing at this point.

My life has seemingly changed for the better in an instant. I've been reminded that even through a rough period in my life, there were people out there thinking about me. I did work that made a strong enough impact that it left a positive impression. I'm feeling beyond thankful. I'm feeling genuine happiness and relief for the first time in more than a year. Thanks for reading.",2025-12,735,"Job Search
Burnout",LinkedIn,No,"Less than 24-hours later, I received a direct call from the divisional VP of my previous pre-disastrous carveout role, and he was recollecting how impressed he was with me in my time there, and that h","14 months unemployed, living in car, denied SNAP. Emotional rock-bottom before offer arrived. Highest-distress post in dataset.",True
10,r/jobs,https://www.reddit.com/r/jobs/comments/1nis2km/my_wife_does_not_understand_the_state_of_the_job/,My wife does not understand the state of the job market right now. How can I communicate this to her?,post,"I've tried explaining to her that there are very few jobs and that our area is extremely oversaturated due to the heavy amount of layoffs this year, as well as that companies are using AI as a boogeyman to send a lot of jobs offshore and reduce headcount in general.

There's also the fact that recruiters will try to find people through referrals and headhunting first, and look at cold applications second (they have to fill roles in a certain amount of time to fulfill their own KPI's). And on top of that, the job market has plenty of ghost jobs and scams as well.

Don't get me wrong... I am still applying to jobs regularly, but that doesn't really work in today's job market. You're essentially screaming out into the void with no hope of any response. I'm also active on LinkedIn to keep my visibility up and SEO optimized, but so is everyone else looking for a job. I've already asked people I know if they are hiring, but there has not been much response.",2025-09,677,Ghosting,LinkedIn,No,"I've tried explaining to her that there are very few jobs and that our area is extremely oversaturated due to the heavy amount of layoffs this year, as well as that companies are using AI as a boogeym",Explains ghost jobs and recruiter-first hiring to skeptical partner. Good lay explanation of current dynamics.,True
11,r/jobs,https://www.reddit.com/r/jobs/comments/1mlurwz/after_hundreds_of_job_applications_and_being/,"After hundreds of job applications and being ghosted, I finally survived the Great Job Drought of 2025 🏆",post,"I was starting to feel pretty discouraged with how rough the job market has been. I even got turned down by fast food places like In-N-Out and Chipotle. This role is actually a back-office position, and I ended up getting the job offer email while I was on my way home from the interview.",2025-08,663,Ghosting,,No,"This role is actually a back-office position, and I ended up getting the job offer email while I was on my way home from the interview.",Turned down even by fast food then got back-office role. Brief success after prolonged ghosting.,False
12,r/jobs,https://www.reddit.com/r/jobs/comments/1pvsmi1/i_wish_there_were_regulations_that_made_ghost/,I wish there were regulations that made ghost jobs illegal,post,"The job market is trash. I know very qualified people who were laid off in 2022 or 2023 and are still unemployed. At best, they have done some freelancing here and there. 

I've seen it all, and the way our lawmakers allow illicit practices is ridiculous. At least here in the US. I don't know in other countries. 

* Ghost jobs: These are extremely common. Companies post ghost jobs for many reasons. One of them is because their investors believe they are hiring and doing well.
* Dragging you through 8 interviews while having no intention of hiring you. Stringing you along, in other words. Again, I have inside information, whether you believe me or not, and it is very common. This is why I set my limit to 3 interviews. No more than that. Take it or leave it. Chances are that if they are dragging you for more than 3 interviews, they have no intention of hiring you. 
* Extorting free labor through false promises. They tell you to design and implement a project to solve a specific problem. You pour your soul into it... The company has now resolved their problem, and they no longer need to hire you. And you're the sucker. They ghost you. 
* Fake recruiters who just want your info for data mining. They pay a fee on LinkedIn to post fake jobs. LinkedIn refuses to take them down. For these fake recruiters, the benefit deriving from data mining justifies the small price they have to pay to post fake jobs. Lensa might be legitimate, but they engage in data mining. They are trash. 
* Be careful because here on reddit there are a lot of shills or shillers, whatever you call them. They will pretend they have struggled for months until they have paid a subscription to the service they are trying to promote. ",2025-12,614,"Possibility
of Scam",LinkedIn,No,They will pretend they have struggled for months until they have paid a subscription to the service they are trying to promote.,Argues ghost jobs should be illegal. 8-round interviews with no intent to hire. Strong systemic critique.,True
13,r/jobs,https://www.reddit.com/r/jobs/comments/1rb0zp2/it_finally_happened_but_dang_why_is_the_job/,IT FINALLY HAPPENED!!! But dang!!! Why is the job market sooooo crazyy???,post,"Sweet baby Jesus! It finally happened. Okay, so check it: I've been out of a job that provides benefits and all that jazz since Nov 2024, which is so weird to admit. All of 2025, I had a few short-term jobs with no benefits here and there, but due to a really bad breakup, family issues, school (I am a late bloomer), and severe burnout from a toxic work environment, I wasn't able to handle anything more. Plus, my family moved in with me, which helped with the rent, so the sense of urgency wasn't there, and to be honest, the majority of 2025 is such a huge blur. It wasn't until late October, and after a few sessions in therapy, that I finally snapped out of it and decided that I really needed to get my life together. My debt was accumulating, my credit score dropped, and my bank account was depleting.

After I came to this realization in October, I decided to go back to the retail world and office assistant positions. Although I have extensive experience in corporate America as a Director in HR, I could not do it anymore. So I naively thought it would be easy for me to find a job since I have experience...

HAHAHAHAHAHAHA \* smokers cough\* HAHAHAHAHAHAHAHAHAHA \* smokers cough\*

The number of jobs I was rejected from within minutes that I was actually qualified for; the number of jobs I was ghosted by; the number of job postings that were actually scams; the number of jobs that require a stupid personality test instead of a hiring manager taking time to interview is insane. Not only that, these jobs are typically not high-paying and require people to go through hoops and multiple interviews just to be paid $18 or less without benefits. I literally had to make two different resumes, change my ethnic sounding name to my more appealing nickname, and push my resume through AI multiple times for critiques just to get a hit. I've never had to do this before. But at last, it FINALLY happened. I have a full-time job with benefits and a part-time job, so I can get ahead on bills and chip away at this debt.

And although I am truly happy and blessed that I have not only gotten one job but two, I still can't help but feel for people who are still searching for even longer than I have, with even more responsibilities than I have. So please believe me when I say this: this is not normal. You're not the problem; the system is.",2026-02,598,"Job Search
Burnout",,No,"HAHAHAHAHAHAHA \* smokers cough\* HAHAHAHAHAHAHAHAHAHA \* smokers cough\*

The number of jobs I was rejected from within minutes that I was actually qualified for; the number of jobs I was ghosted by;","Burnout, family issues, depression, toxic workplace leading to months-long gap. Eventually hired. High emotional weight.",False
14,r/jobs,https://www.reddit.com/r/jobs/comments/1loyu21/wife_laid_off/,Wife laid off,post,"My wife has been laid off, for about 6 months probably a bit more. Its next to impossible for her to find a software engineering job. She has 8 years experience,  and basically everything place is ghosting or denying her. Degree and all, she has applied to over 300 places with no success. Has had some interviews but ultimately nothing. Is this how the market is for everyone? ",2025-07,573,Ghosting,,No,"She has 8 years experience,  and basically everything place is ghosting or denying her.","Software engineer 8 YOE, 300+ applications, ghosted everywhere. Asks if normal for everyone.",False
15,r/jobs,https://www.reddit.com/r/jobs/comments/1occcoo/dont_leave_jobs_ensure_you_have_a_backup_plan/,"Don't leave jobs, ensure you have a backup plan",post,"The job market is very tough and is declining 

So I don't know why people leave their jobs before they have secured another job 

And then they complain that they haven't gotten the other job (for whatever reason, ghosted, not qualified, issue) and regret why they left the current job 

If you want to leave a job make sure you have a backup plan and don't risk unemployment or eat up your savings 

Ensure you have some sort of backup plan if you want to leave (passive income, guaranteed job, part time job,  )

At least some sort of income or situation and you don't make any sort of critical financial loss because of long term unemployment 



",2025-10,545,"Complex
Application Process",,No,"The job market is very tough and is declining 

So I don't know why people leave their jobs before they have secured another job 

And then they complain that they haven't gotten the other job (for wh",Advises not leaving jobs without backup. Danger of over-relying on fast hiring in broken market.,False
16,r/jobs,https://www.reddit.com/r/jobs/comments/1kr5sa9/war_is_over_i_got_the_jobbbb/,WAR IS OVER !!! I GOT THE JOBBBB,post,"I don’t even know how to start this post. I’m shaking a bit. I just signed the offer letter for a job that pays me more than **50% more** than what I was earning. It’s regional. It’s international. It’s everything I wanted. I still can’t believe it.

But these last 6 months… God.  
They drained me.

There were days I’d just stare at my screen. Apply. Rewrite the same sentence. Read the same job description 6 times and still not know what I was looking at.  
I became a CV machine. An outreach bot. Sent DMs to CEOs. Tailored everything. Applied to everything. Got nothing.  
I’d get hopeful, then ghosted. Over and over again. Woke up every day feeling like time wasn’t moving. I’d refresh Gmail, check job boards, open LinkedIn, scroll, close it, re-open it 5 minutes later like something magically changed.  
My days had no rhythm. I was mentally heavy. Spiritually exhausted.

Got **rejected from VISA** after multiple rounds. I *cried* for real. Like the kind of cry where your chest hurts.  
Another process? **7 rounds**. Dismissed without warning. No feedback. Nothing.  
I couldn’t even be mad anymore. I just went numb. I activated my whole damn network. I reached out to people I barely knew. I paid for networking drinks I couldn’t afford — literally broke, but still paying for coffee or wine just to be in the right rooms.  
I **borrowed money** to attend exclusive events. Just for the *chance* of being seen, heard, remembered.

I was working this job — survival-mode type. Disorganized, no structure, no tools, no real leadership. It wasn’t even *bad*, it was just… hollow. I showed up because I had bills. That’s it.  
Then a week ago they told me they wouldn’t renew me. Just like that.  
I had exactly 15 days left. No backup. No cushion.

But somehow… this job came through. Right on time.

Regional scope. Multinational. International Travels. Actual structure. Clear mission.  
And I’ll say it again: **+50% salary increase.**

I’m not posting this to flex. I’m posting this because I know someone is probably in that space I was in — refreshing Gmail, wondering if the day will ever end, trying to believe in themselves while everything feels silent.  
Just know: it turns. Keep going.  
Even if you’re crawling. I'm still in disblief, I haven't processed my win yet",2025-05,507,"Job Search
Burnout",LinkedIn,No,"I’m posting this because I know someone is probably in that space I was in — refreshing Gmail, wondering if the day will ever end, trying to believe in themselves while everything feels silent.",Got offer 50% above previous salary after 6 months. Describes becoming a CV machine. Extremely quotable emotional arc.,True
17,r/jobs,https://www.reddit.com/r/jobs/comments/1pu1dfs/bringing_parents_to_job_interview/,Bringing parents to job interview.,post,"As the title suggests, my parents are pissing me off. I'm 22F and let's just say this at first that they've controlled everything since I was a child. From religion to what I studied at uni.
It's not my first time getting a job. I had 2 jobs before this, yet my dad keeps emphasizing that he has to come to my next job interview. And imagine this one is a temporary one-two month job sailing shit in a random shop. He's done this before in one of the interviews I went. I was hella embarrassed from the girls working there watching me plus the recruiter guy ghosted me anyways. 
I've no idea why don't they understand it's hella cringe and awkward to walk with me in a whole ass INTERVIEW as an adult. I can't wait to leave this immature creatures behind and never look back.

Edit: I appreciate y'all for understanding it's a bit tough as a young woman where I live. I hope you don't compare the rights women have in a 1st world country to my situation. A girl gets murdered for the ""boundaries"" you believe that can ""just be set"". ",2025-12,435,"Complex
Application Process",,No,I've no idea why don't they understand it's hella cringe and awkward to walk with me in a whole ass INTERVIEW as an adult.,"22F pressured by parents to bring father to interview. Embarrassing, recruiter ghosted. Cultural pressure intersecting with process.",False
18,r/jobs,https://www.reddit.com/r/jobs/comments/1ntx0iy/finally_good_news_i_got_the_job/,"FINALLY, GOOD NEWS! I GOT THE JOB!",post,"Hey everyone. I have been unemployed since April 2023 - 29 MONTHS - but this afternoon, I received the news I so desperately needed. 

I GOT THE JOB!!!!

This literally happened just in time. I was so so close to not having a place to live at all or even any money left to be able to eat. My bank account is literally hanging on by threads. 

I know it feels like an impossible job market. 

And it frankly kind of is, because a lot of employers are really dragging things out or ghosting, or never even responding at all. BUT it can and will happen for you. There are still companies out there hiring and looking for the skills and talent you have. Please please don’t give up! 

I haven’t fully realized I’m not doomed yet because I have been living in a state of fight or flight over being absolutely broke for so dang long. 

So hopefully later, it hits me and happy tears flow. I have saved up a really nice bottle of prosecco for over 2 years to celebrate this for myself when it finally happened (never ever anticipated having it sit there for so long lol), and you can bet your butt I’m drinking it tonight. All to myself because I know I deserve it at this point lol. When I remembered I had it waiting for this, I started jumping up and down in my kitchen.

I see all of you worried, stressed, and scared about what you are gonna do, but keep the faith. You got this!! 

What worked for me? 
I had a personal referral and some people at the company already knew of me briefly due to my friend talking about me (in a good way obviously) to them, and then I applied myself directly to their job site, through her referral link. I also made sure my linkedin was up to speed, current, and I made and used a cardtree link and added that to my resume as well. I also stayed professional and positive in interviews even if it took everything in me - because it really did - I have been down in the dumps for a while, with hardly any hope.

I just want to provide some encouragement to those of you that feel like you’re stuck in a never ending tunnel of hell. I was there for far too long, until this afternoon. SO KEEP GOING! And if people don’t think you are doing everything you can to better your situation, screw them. They don’t get it. But I do, and so do so many people in the same shoes. You aren’t alone, and I know you are trying. It WILL happen for you. And I’m saying this as someone that was really really really struggling to keep believing that for myself.

Spreading good luck and positivity and encouragement to everyone that is still searching. I BELIEVE IN YOU!!! KEEP PUSHING FORWARD!! 🫶🏼
",2025-09,391,"Job Search
Burnout",LinkedIn,No,"I had a personal referral and some people at the company already knew of me briefly due to my friend talking about me (in a good way obviously) to them, and then I applied myself directly to their job","29 months unemployed, nearly homeless, just received offer. Extremely high distress with positive resolution.",True
19,r/jobs,https://www.reddit.com/r/jobs/comments/1p4y7kt/update_2_okay_guys_so_news_came_up_yesterday_the/,Update 2: Okay guys so news came up. Yesterday the manager of the place I worked 2 days at called me.,post,"He has asked me where I have been and that I was scheduled to work last week but I have been a no show. 

To my confusion clearly. Seeing as I was essentially ghosted. I told him what had happened and how the supervisor or whatever (the person who took me under their wing) has been ignoring my messages and leaving me in the dark. And how I was never told where I can find my schedule. I assumed I was let go. 

To the manager’s suprise he apologized on behalf of the company and took acknowledgment of how they have miscommunicated badly on their end with me. He had also apologized for having me feel unwelcome and unwanted in their establishment and said the offer still stands if I want to continue working. I do need the extra income and he seemed genuinely sorry so i accepted the offer and told him I’d still like the job.

He seems like a busy guy so I can understand he had no knowledge this was happening and because he also had someone he trusted show me the ropes. So I guess this is good news. I keep my job, the manager accepted fault on their end, and he apologized. 

As for the supervisor. Radio silence. Still haven’t heard from her yet. I work this next coming week. Not gonna have this tarnish my experience there. ",2025-11,386,Ghosting,,No,I told him what had happened and how the supervisor or whatever (the person who took me under their wing) has been ignoring my messages and leaving me in the dark.,"Worked 2 days, supervisor went dark. Manager later called confused. Internal HR ghosting and miscommunication.",False
20,r/jobs,https://www.reddit.com/r/jobs/comments/1smrk75/where_is_america_because_i_dont_see_it_anymore/,Where is America? because I don't see it anymore.,post,"It’s not just that there are no jobs; it’s that the jobs available are intentionally designed to keep you ‘lean.’ They want 100% of your availability but only give you 20 hours a week so they don't have to provide benefits. It’s a calculated move to keep labor costs down while the taxpayer picks up the slack through social safety nets. We’re told 'nobody wants to work,' yet job boards are filled with 'ghost postings' that stay up for months. Companies are collecting resumes to look like they’re growing or to keep their current overworked staff hopeful that help is coming, but they have no intention of actually hiring. We’re subsidizing these billion-dollar entities twice. First, with our tax dollars through bailouts and incentives, and second, when their underpaid employees have to rely on public assistance because their 'white or blue collar' job doesn't pay a living wage. We’re essentially paying for the CEOs' next yacht while we can't even get a consistent 40-hour week. Where is America? because I don't see it anymore.",2026-04,360,"Possibility
of Scam",,No,It’s not just that there are no jobs; it’s that the jobs available are intentionally designed to keep you ‘lean.’ They want 100% of your availability but only give you 20 hours a week so they don't ha,Ghost postings used to keep current staff hopeful. Companies want full availability but give 20hrs/week. Structural exploitation critique.,False
21,r/jobs,https://www.reddit.com/r/jobs/comments/1r1gyga/to_all_people_associated_with_hiring_basic_human/,"To all people associated with hiring, basic human decency is sincerely appreciated. If I didn’t get the job then tell me. Don’t ghost me. It’s unacceptable and shows how terrible of a choice your company would’ve been anyways.",post,Sincerely - everyone in the job market right now that consistently gets ghosted. If you’re one of those who ghosts people who take time out of their day to prep for an interview and drive hours just for the hope of getting a job \~ please take this as terribly as possible - fuck you and your company.,2026-02,358,Ghosting,,No,If you’re one of those who ghosts people who take time out of their day to prep for an interview and drive hours just for the hope of getting a job \~ please take this as terribly as possible - fuck y,"Open letter to companies that ghost after interviews. Short, angry, very quotable.",False
22,r/jobs,https://www.reddit.com/r/jobs/comments/1pf5hso/a_year_later_they_called_to_say_they_finally_got/,"A year later, they called to say they ""finally got the budget approved."" For an UNPAID internship.",post,"
I applied for this internship back in late 2024. I was ghosted. Life happened. I’m currently in a terrible spot financially and desperate for actual income.

Today, the recruiter calls me up, all cheerful. They apologized for the delay but told me they have good news: ""Management finally approved the budget for the intern position!""

I asked, ""Oh, so it's a paid position now?""

""No, it's still unpaid. But we got the approval for the seat/resources.""

Bruh. You needed 12 months of bureaucratic red tape to approve a salary of zero dollars? 

I am literally in financial ruin right now, and you’re calling me to celebrate that you finally secured the funding to pay me nothing?

The door isn't just shut; it's welded close.",2025-12,338,"Complex
Application Process",,No,"They apologized for the delay but told me they have good news: ""Management finally approved the budget for the intern position!""

I asked, ""Oh, so it's a paid position now?""

""No, it's still unpaid.",Applied 2024 ghosted. Company called a year later to say they approved budget for an unpaid internship. Absurdist process failure.,False
23,r/jobs,https://www.reddit.com/r/jobs/comments/1k2uw1t/remote_job_destroyed_my_life_unexpectedly/,Remote job destroyed my life unexpectedly,post,"So i was working on site in my country satisfied and life was fine, one day a friend sent me a link to apply as she thought i may be a good fit, i applied and passed the interviews then won the job. 
This new was paying like 8times of what i was earning from company in my country i was excited, i talked to my boss, an old wise man that i admired 
He asked a question that i understood after 2 years, this man said hey i see its a good job and am happy for you but its based on project, sometimes projects fail or end, do you have a plan B?, i answered no don’t worry its a software and software never stop to grow, 
He said okay good luck then.

I changed an apartment and done some upgrades on my life as anyone can do when the earnings changed for good. 

I was working remotely and i dedicated my life to it, i was avoiding any mistake that can make me lose my job. 
Made sure to finish my tasks in jira 3 days before the deadline,
Personally i am an introvert but this job made things worse, imagine being in my house for whole month and earn money, it was a dream life to be honest,

This affected my social life, i stopped trying to network with anyone as i was always busy, 
But little did I know that things change even when you did all your best😭. 

After 2 years i said let me apply for the loan so i can build my house, as i had some savings to start from. 
I went to bank filled documents and the last was a letter from my employer, i sent a request to my manager, but the same weeeek🥹, 
As i was waiting for their response they sent me a link for an urgent meeting and they said you are very good programmer and we appreciate having you with us but this time the share holders decided to stop this project you are working on, yoo man i was like am dreaming, i went through the normal process, and after i left i heard that they laid off other 120 employees.

So the savings i had i used them to push my life as i was applying to other jobs but as you know these days Developers field is not the same anymore, been ghosted big-time, after 2 years all my savings were over and i was living in way i can’t explain. 

I lost many connections with friends, and now i am a lonely man feeling like am starting new life again. 
I don’t blame anyone ofcourse but i wish i acted differently in my previous remote work life.
Lesson learnt is to always have someone you trust who can mentor you in all situations.



",2025-04,322,"Job Search
Burnout",,No,"I went to bank filled documents and the last was a letter from my employer, i sent a request to my manager, but the same weeeek🥹, 
As i was waiting for their response they sent me a link for an urgent","Got remote job 8x local salary, lost it when project ended with no backup. Describes downward spiral.",False
24,r/jobs,https://www.reddit.com/r/jobs/comments/1m0pudf/careerbuilder_and_monster_are_bankrupt_somehow/,CareerBuilder and Monster are bankrupt. Somehow that feels about right.,post,"Two of the biggest names in online job hunting just filed for Chapter 11.

I dont think it's a coincidence. It's a reflection of how broken the online job search ecosystem really is.

For years, these platforms have monetized noise. Prioritized volume over value. Rolled out the red carpet for recruiters, while leaving job seekers to drown in black hole application systems and fake listings.

Their collapse isn’t surprising. What’s surprising is how long it took.

Because while they were busy “disrupting” hiring, they became exactly what they claimed to replace. A bloated, inefficient layer between people and jobs.

And they haven't changed anything, btw.  
  
Job seekers are more disillusioned than ever. 200+ applicants per role. No replies. Ghost jobs everywhere. Entire careers paused in inbox purgatory.

It’s hard not to feel like this was inevitable.

So what replaces them?

That’s the question. I don’t think it’s another job board. I think it’s a whole new approach. Smaller, more targeted, maybe even community-led. I’ve seen people have better luck DM’ing hiring managers than using ""Apply Now"" buttons. That says a lot.

Curious if anyone else feels the same. Did CareerBuilder or Monster *ever* work for you?",2025-07,313,"Confusing
UX",,No,"Rolled out the red carpet for recruiters, while leaving job seekers to drown in black hole application systems and fake listings.",CareerBuilder and Monster bankruptcy as symptom of broken ecosystem. Platforms prioritized volume over value.,False
25,r/jobs,https://www.reddit.com/r/jobs/comments/1rawl9e/guys_i_finally_did_it/,"Guys, I finally DID It!",post,"After spending the last 15 months unemployed and having submitted almost 100+ applications on Indeed and other company sites, I finally got a job offer via email for a part-time crew member position at Domino's last Monday after going to the interview this past Sunday. I completed the verification forms for background check same day I received the email about the job offer and I was just texted by the employer today (after about 5 days of background checking) they said my background check came in and said it was good to go. And finally, asked me if I could come into orientation that their supervisor is hosting this Thursday at 7 PM, where I said yes of course.

So it looks like I'm finally employed again after struggling with so much rejections &amp; ghosting for almost 2 years (Since September 2024 when my seasonal job ended).",2026-02,312,Ghosting,Indeed,No,"After spending the last 15 months unemployed and having submitted almost 100+ applications on Indeed and other company sites, I finally got a job offer via email for a part-time crew member position a","15 months unemployed, 100+ apps on Indeed, finally got part-time at Dominos. Mentions Indeed specifically.",True
26,r/jobs,https://www.reddit.com/r/jobs/comments/1mt2apf/the_mental_health_cost_of_being_jobless_in_2025/,The Mental Health Cost of Being Jobless in 2025,post,"So, what I’ve noticed in the job market lately is downright treacherous. It’s not just tough, it feels like a game of bait-and-switch. I have sat through a round of 4 interviews just to be ghosted. Companies posting jobs they don’t plan to fill, dragging candidates through four or five interviews, each one an hour and a half long, only to ghost them. And sometimes it’s worse, they’ll pick the most qualified person, sit them down, and basically pick their brain in a fake interview just to walk away with free ideas. That’s not hiring, that’s exploitation.

And the toll it takes isn’t just financial. It’s mental. Being jobless gets in your head. It’s not just the stress of bills and survival, it’s the way silence makes you question yourself: Am I good enough? What am I doing wrong? I know people who’ve lost all interest in life outside their front door. They don’t socialize, they don’t go out, not because they don’t want to, but because they can’t afford to. No money for a meal out, no money for gas, nothing extra to feel human again.

I think back to the 90s, when a steady full-time job meant stability. You could cover your bills, and still have room to catch a movie, play at the arcade, hang out at a lounge or a bar-and-grill. Those hangout spots were part of life. Now most of them are gone, and even if they were still here, a lot of people wouldn’t be able to afford them. Life has gotten smaller, tighter. People are working harder, living less.

And the morale? It’s low. Really low. I know so many people right on the edge of burnout, not because they’re lazy or unmotivated, but because they’re drained from a system that keeps moving the goalposts. Job seekers are treated like they’re disposable. Workers are stretched thin with multiple roles for the pay of one.

This isn’t just an economic problem anymore, it’s a mental health crisis. Anxiety, depression, and burnout aren’t side effects. They’re the reality of a job market that’s testing not just our skills, but our spirit. What are you seeing? ",2025-08,316,"Job Search
Burnout",,No,"I know so many people right on the edge of burnout, not because they’re lazy or unmotivated, but because they’re drained from a system that keeps moving the goalposts.",Companies run 4-5 interviews then ghost. Describes exploitation interviews to extract ideas. Mental health toll explicit.,False
27,r/jobs,https://www.reddit.com/r/jobs/comments/1mvpllc/im_going_to_start_sending_invoices_to_these/,I’m going to start sending invoices to these companies after interviews.,post,"I recently had a series of FOUR, in person interviews with a company that aligned perfectly with my skill set and was in the same industry I’m currently in. The first two interviews, while redundant, were fairly routine. I walked out of the second interview with maximum confidence the position was going to be offered to me. I went home, poured a drink to celebrate with my wife, when I received a call from the hiring manager that the CEO and COO wanted to set up a third, more technical interview, to which I happily agreed. 

This third interview was the most brutal interview I had ever been apart of, a pressure test if you will. I sat there for an hour and was grilled by a panel of C-suite executives on product and industry knowledge, advanced mathematical equations to solve, and finally I was told to give a mock presentation for a project kickoff. While there were things I had to bullshit along the way I still felt I had done a respectable job and was confident. At the end of the interview I was told to come in for a fourth and final interview that would be an estimating test. 

A few days later I show up for this final interview/test. Again it’s a panel of C-suite execs, as well as the department heads from the first two interviews. They have me do mock estimates for over an hour, while again grilling me on industry knowledge and trying to see how I am at handling pressure all while estimating. This lasted roughly an hour and forty five minutes. At the end, they all said how great I did and how they could see me as part of their team and that they were going to be in touch within the week. 

It’s now been three weeks, I’ve followed up and have been completely ghosted. I’ve never experienced something like this.. I was put through the wringer, handled everything they threw at me with professionalism and competence. I had to take a total of two PTO days to complete all these interviews, just to get fucking ghosted…. Not many times in life I’ve felt defeated but this was one of them. 

Want nothing more than to send then an invoice for wasting my time and precious PTO. ",2025-08,307,"Complex
Application Process",,No,"I sat there for an hour and was grilled by a panel of C-suite executives on product and industry knowledge, advanced mathematical equations to solve, and finally I was told to give a mock presentation",4 rounds of in-person interviews then ghosted. Wants to invoice company for time. Strong process frustration.,False
28,r/jobs,https://www.reddit.com/r/jobs/comments/1r2zhib/after_about_two_months_of_job_search_for_a_fresh/,After about two months of job search for a fresh grad.,post,I had an internship as well as some previous experience in the field of CJ. I got the job I wanted and I’m grateful. 24M. The jobs I applied to all required a degree. 2 of the offers had second interviews. Position accepted is not a police department but is CJ. ,2026-02,310,"Complex
Application Process",,No,I had an internship as well as some previous experience in the field of CJ.,Fresh grad got job after 2 months with internship plus prior experience. Low pain signal but shows process can work.,False
29,r/jobs,https://www.reddit.com/r/jobs/comments/1l2qaz0/after_4_months_and_150_applications_i_finally_got/,After 4 months and 150+ applications… I finally got an offer!,post,"I’m honestly still processing it. I debated even posting this because I know when I was deep in the job hunt, seeing these posts sometimes made me feel even worse. But I also know how much it helped to hear from others who made it to the other side — so I hope this helps someone today.

My search lasted over 4 months. I applied to 150+ jobs. At first, I was applying to anything and everything I could find. I have a background in project management and marketing, but was constantly getting turned down for even basic admin jobs, being told I wasn’t qualified — which felt like a punch to the gut.

Along the way, I had some soul-crushing experiences:
- I was used for free work, asked to create a 6-month marketing plan for a company that ghosted me — only to see them implement the ideas I pitched.
- I went through awkward interviews that left me feeling small or like I didn’t belong.
- I was talked down to, ghosted repeatedly, and had moments where I truly thought, “Maybe I’ll never get hired again.”

The truth is — this process shattered my confidence.

But here’s what I learned:
It only takes one person to see your value.

One recruiter, one hiring manager, one HR person who looks at your resume and gets it. And when that happens, everything changes.

I ended up landing a role in a completely different industry. Is it going to be a learning curve? Absolutely. But I’m welcoming that. It feels like I’m stepping away from the toxicity of a cutthroat industry I have worked in for years and getting a fresh start — one that I didn’t expect, but now really value.

So to anyone in the thick of it:
- Keep plugging.
- Branch out. Don’t box yourself in by industry or title.
- Know your worth. Even when others don’t see it yet.
- Do what you have to. I picked up a part-time job at an airline just to keep some money coming in — there’s no shame in that.

I know it’s hard. I know it hurts. But you’re not alone. And it can happen — even when you’re convinced it won’t.

Hold your head high. You’ve got this.
",2025-06,307,"Job Search
Burnout",,No,"Along the way, I had some soul-crushing experiences:
- I was used for free work, asked to create a 6-month marketing plan for a company that ghosted me — only to see them implement the ideas I pitched","4 months, 150+ apps, turned down for admin despite PM background. Eventually got offer. Good arc from rejection to success.",False
30,r/jobs,https://www.reddit.com/r/jobs/comments/1nqsaul/finally_landed_a_job_after_10_months_and_1000/,"Finally landed a job after 10 months and 1000+ applications. For anyone feeling hopeless, here's what I learned",post,"I’ve complained a lot on this sub, so it's only fair I share some good news. After 10 months of searching (5 months after finishing my MBA), 1000+ applications, 40+ interviews, and 8 case studies, I finally landed a great job.  
  
During those 10 months, I encountered all kinds of bs, such as offers being rescinded, full-time jobs turning into internships or entry-level crap, ghosting, getting passed over for someone's friend's kid, and more.  It was one of the toughest periods of my life and truly tested me.  It was one of the toughest periods of my life, but I'm coming out of it more resilient and determined than ever. A big part of my motivation now is proving everyone who passed on me wrong.

The funny thing is that as recently as a week ago I was still feeling somewhat hopeless and down.  My life changed with a single phone call and I wish the same for all of you.

Here are some lessons that I learned from the job search:

1. **Do a little bit every day** \- there were so many days when I felt like shit.  But I always forced myself to at the very least fill out a few applications, send some emails or messages, improve at a skill, or do something to get closer to my goal.  Even if it's just for an hour or two each day, sticking to a routine like this helped me stay driven.  I also took some solace in knowing that I was giving the job search my best effort and that I was not unemployed for lack of trying.

2. **Find reasons to stay hopeful, but don't be naive** \- throughout the process, it helped to have some lead on a job, however remote or unlikely, and to find reasons to stay optimistic.  On the flip side, I made the mistake on several occasions of naively thinking that I would get a job without a doubt and ended up broken-hearted.  Try to be cautiously optimistic and not take rejection personally, although it is so, so hard and I definitely did.

3. **Don't be ashamed or hide from the world** \- in the early days of unemployment, I felt ashamed and tempted to remove myself from social situations to avoid the dreading ""what are you doing these days"" question.  In the end, my friends didn't let me hide and I'm so glad that was the case.  Over time, I learned that everyone is going through their own shit and it's normal to go through a long period of unemployment.  People don't really care what you're doing for work, they care about the type of person you are.  During these months, seeing friends and family brought me a lot of joy and kept me going.  It also helped to have hobbies like going to the gym, or get a change of scenery (I spent a month and a half applying and interviewing from Latin America).

4. **When you find the right opportunity, go above and beyond** \- When I interviewed for the company that ultimately hired me, I gave it my all.  During the interview, I realized that I had a perfect work sample for what they were asking of me.  I offered to share my screen and they accept, so I showed them my work and explained what I had did. After the second interview, I customized a 90-Day Plan I had written for another role and sent it over to show them my vision for excelling in this role.

5. **Stay thankful, joyful, and humble -** As awful as unemployment is, staying thankful for the things I *did* have kept me grounded.  For as bad as it felt, I was always blessed to have a home, good health, food, family and friends.  It is hard, but try to remember that and stay thankful.  Also remember that it is very common to go through a period of unemployment and, although it feels like it, unemployment is not forever.    
  
Stay thankful, humble, and stay at it.  There were times that I worried I would never escape my situation, but finally one morning I received the call I had been dreaming about for months.  For anyone who is currently unemployed and reading this, your call is coming!",2025-09,291,Ghosting,,No,"During those 10 months, I encountered all kinds of bs, such as offers being rescinded, full-time jobs turning into internships or entry-level crap, ghosting, getting passed over for someone's friend's","10 months, 1000+ apps, 40+ interviews, offers rescinded, ghosting. MBA holder. Eventually landed. Comprehensive data post.",False
31,r/jobs,https://www.reddit.com/r/jobs/comments/1rks8hd/my_5week_job_search_after_being_laid_off_in_a/,My 5-week job search after being laid off in a flowchart,post,"I am a software developer with 2.5 YOE and was recently impacted by the mass layoffs that happened in January. The first few weeks I was completely devastated wondering how I'd be able to get back on my feet, so I mass applied to jobs (sometimes 25 a day). I got a lukewarm response rate until a week and a half into my search when I started to get recruiters screens coming in. Eventually I snagged a few technical interviews and my focus went from applying to grinding leetcode and interview prep, which eventually led to an offer 5 weeks later! Not only is it a level up (junior to mid), I'm also getting a $50k raise from my last job. 

Feeling extremely grateful and also sharing this to inspire hope in anyone that may be struggling in the search. You can do it!",2026-03,290,Ghosting,,No,"Eventually I snagged a few technical interviews and my focus went from applying to grinding leetcode and interview prep, which eventually led to an offer 5 weeks later!","Software dev 2.5 YOE, laid off January, mass applied then focused leetcode. Offer in 5 weeks. Useful ghosting rate vs conversion data.",False
32,r/jobs,https://www.reddit.com/r/jobs/comments/1k7r8ez/gave_my_two_weeks_notice_then_got_ghosted/,Gave my two weeks notice then got ghosted,post,"I work part time as a cashier, I am moving so I sent my manager my two weeks notice, it was very polite and I thanked them for the learning experience, expressed how grateful I am  for the opportunity to work with the team and all that. I got ghosted and the job website stated I was terminated.

After attempting to contact them a few times regarding the fact that I was locked out and terminated immediatly inspite of my two weeks notice, this is the response I got. I sent another email again clarifying that I did not  resign on the spot, and highlighted the distinction that I have indeed gave a weeks notice.  
And again no response. Any suggestions ?",2025-04,287,Ghosting,Indeed,No,"I work part time as a cashier, I am moving so I sent my manager my two weeks notice, it was very polite and I thanked them for the learning experience, expressed how grateful I am  for the opportunity","Gave 2 weeks notice, manager ghosted, website said terminated. Mentions Indeed. HR-initiated ghosting of departing employee.",True
33,r/jobs,https://www.reddit.com/r/jobs/comments/1r3gvjy/has_anyone_else_lost_all_hope/,Has anyone else lost all hope?,post,"Lost my job at the very end of April 2024 due to the company losing its largest client and then laying off 50% of its employees. Had a couple leads from leveraging my network in the summer but after completing entire interview processes the jobs either never materialized, or the role was canceled the week after completing the multi interviews.

Bottom line up front, I’ve lost all hope. My contacts have been ghosting me since the start of the year, unemployment benefits have exhausted, and all I get are rejection emails.

For context I have a Masters of Science in Management and MBA. I was an Officer in the Army for 8 years, spent 3 years at one of the largest financial institutions (2 of those years as part of a rotational development program), held a director level role, and was a Chief of Staff. 

People I know are still getting interviews and offers. I’ve had a dozen people look at my resume and everyone says it’s great.

Either I’m completely missing something, everyone is collectively lying to me (which I find hard to believe) or it’s true that once you’re unemployed for more than 90 days you’re basically dead to the job market.

Really just needed to vent. I know a lot of people are going through this too, but man this sucks

 ",2026-02,285,"Job Search
Burnout",,No,"I was an Officer in the Army for 8 years, spent 3 years at one of the largest financial institutions (2 of those years as part of a rotational development program), held a director level role, and was","Lost all hope. Masters plus MBA, contacts ghosting, unemployment exhausted. Describes wanting to give up completely.",False
34,r/jobs,https://www.reddit.com/r/jobs/comments/1mu0hsc/hiring_in_2025_the_new_hunger_games/,Hiring in 2025: The New Hunger Games,post,"At what point did applying for a job become a full-time job in itself?

Here’s what I’ve learned so far since applying to jobs in 2025. The modern hiring process has crossed into absurd territory. It’s no longer just “send a résumé and do an interview.” Now it’s 4–6 rounds, panel interviews with HR, managers, and executives, assignments that feel like free consulting, 45-minute personality assessments with 100+ questions, and then multiple 1:1s with team leads. In my last experience, they even wanted my driver’s license, Social Security, and transcripts before making a decision. By the end, I knew the team, the culture, the org chart, and practically the bathroom codes. And then? Ghosted. No closure. No thanks for your time. Just silence.

Two weeks later, the job was reposted.

It’s becoming the new normal, candidates giving away their time, energy, and personal data for free, while companies shop around endlessly like they’re ordering off a menu. The process has gotten so bloated that you have to wonder: what does this prove? Are they testing resilience? Are they insecure about their own decision-making? Or is it just performative corporate theater, dragging people along to look “thorough” while never committing?

But here’s the darker side: this culture doesn’t just waste time, it does damage. Psychologically, the constant cycle of interviews, assessments, and ghosting leaves people feeling devalued, anxious, and burned out. After investing weeks of effort, being dropped without explanation creates a sense of rejection that chips away at confidence. It can push candidates into “imposter syndrome,” where they start questioning their own worth and skills. It fosters mistrust, not just toward companies, but toward the entire system. And for people already under financial or personal stress, this can spiral into depression, hopelessness, and the feeling that work itself is a rigged game.

Meanwhile, applicants lose hours, even days, that could’ve been spent on work, family, or, ironically, actual paying opportunities. At what point do candidates send companies an invoice for “time served”?

Hiring in 2025 has become a culture of ghosting, hoop-jumping, and corporate distrust. And it’s not just big companies, even small businesses are mimicking this nonsense.

So I’ll ask the question out loud: why? Why do organizations think endless interviews, panels, and assessments actually lead to better hires? Because from where I’m standing, it looks like all it creates is burnout, resentment, and a revolving door where the job is posted again in two weeks anyway.

If this is the new standard, it says less about candidates and more about how broken the system of hiring really is. What are you seeing out there? ",2025-08,272,"Complex
Application Process",,No,"It’s no longer just “send a résumé and do an interview.” Now it’s 4–6 rounds, panel interviews with HR, managers, and executives, assignments that feel like free consulting, 45-minute personality asse","Describes 4-6 round interviews, personality tests, free consulting tasks, SSN before offer. Calls modern hiring absurd territory.",False
35,r/recruitinghell,https://www.reddit.com/r/recruitinghell/comments/1mdk2a0/uniquely_awful_job_rejection_letter/,Uniquely awful job rejection letter,post,"I personally feel that a job rejection email is not the time to flex your creative copywriting skills. It's truly more insulting than ghosting or an email containing only ""No.""

The rock paper scissors part truly makes me feel rock bottom. I've been on the job hunt for about a year and this was my lowest point. ",2025-07,18142,"Job Search
Burnout",,No,"It's truly more insulting than ghosting or an email containing only ""No.""

The rock paper scissors part truly makes me feel rock bottom.","Creative rejection letter found more insulting than ghosting. Year-long job hunt, describes as rock bottom.",False
36,r/recruitinghell,https://www.reddit.com/r/recruitinghell/comments/1s5gc0r/apparently_bitching_to_hr_does_in_fact_work/,Apparently bitching to hr DOES in fact work,post,"Hi!

I'm the guy who posted yesterday about sending a shitty email to HR at a company that ghosted me after a second interview ([https://www.reddit.com/r/recruitinghell/comments/1s4auqh/finally\_sent\_a\_pointed\_email\_to\_hr/](https://www.reddit.com/r/recruitinghell/comments/1s4auqh/finally_sent_a_pointed_email_to_hr/))

Well in a shocking development, this afternoon I received a call from the VP of said company to talk to me and apologize for how things were handled on their end. We ended up chatting for about 20 minutes, I gave him the timeline of the interviews and ignored emails and he was pretty upset I was treated the way I was.

I may or may not still be in the running for the position, and if I am I'm undecided whether or not I'll take it.

But to all the people who said all I did was blacklist myself and that nothing would come of it, go ahead and eat those words. It may not work all the time to your desired effect but I'm convinced now that there is nothing to be lost from advocating for yourself.

Attached is a photo of the incoming call. I have no other means of verifying what I'm saying is true but I don't care enough about updoots to fabricate this shit. Hopefully more job seekers are empowered to not taking dehumanizing treatment laying down.

  
here is a link to screen shots of my call log, I censored some of the numbers so as not to post people's direct line

[https://imgur.com/gallery/Gyp1rlm](https://imgur.com/gallery/Gyp1rlm)",2026-03,16242,Ghosting,,No,I'm the guy who posted yesterday about sending a shitty email to HR at a company that ghosted me after a second interview ([https://www.reddit.com/r/recruitinghell/comments/1s4auqh/finally\_sent\_a\_p,Sent pointed email to HR after ghosting post-second interview. VP called and apologized. Confrontational follow-up worked.,False
37,r/recruitinghell,https://www.reddit.com/r/recruitinghell/comments/1rmrboz/its_finally_over/,It’s finally over,post,"I’ve finally found a job after over 500+ applications. I have been unemployed since July of 2024. I found a good part time but the pay was bad and I had shitty hours. Just enough to pay for gas to get there basically.  I don’t even personally count that. Once I quit that in July of 2025, I thought I’d have no problem finding another job. BOY was I wrong. Life lesson learned. 

Best advice I can give is keep applying. Showing up in person often gets you shoo’ed away. So instead save yourself the gas and money and just call. Call everywhere you applied to 1-2 times a week and ask if they’ve gotten anything or ask to schedule a meeting to talk. unfortunately was ghosted like 90% of the time and even had a few “sorry but…”. Don’t give up. Keep trying.

Here’s my stats I guess. 

500+ apps

Just under 100 thanks for applying but. 

The rest of the 300 or more were absolutely zero response.

3 interviews in the year of 2025. (Fucking traumatic).

1 interview in 2026 and I got the job. 

Honestly I’ll be praying for all of whom need it. For the help and support I’ve been given. Thank you guys so much you helped me in not giving up as well as knowing my options. Stay strong we’ll all get through this! ",2026-03,13052,Ghosting,,No,Call everywhere you applied to 1-2 times a week and ask if they’ve gotten anything or ask to schedule a meeting to talk.,"500+ apps, unemployed since July 2024. Advises calling companies weekly. Classic ghosting exhaustion with practical tips.",False
38,r/recruitinghell,https://www.reddit.com/r/recruitinghell/comments/1l7ghlb/ghosted_by_the_employer/,Ghosted by the Employer,post,"I was scheduled to have a Teams Interview with one of the companies today. I joined the session some minutes earlier than the scheduled time, and waited for almost 20 minutes just to get disregarded.

I went straight to ChatGPT, and didn't even waste time by writing the email. This is what I sent to the company's general email, and to the one I was scheduled to have interview with:",2025-06,10065,Ghosting,,No,"I joined the session some minutes earlier than the scheduled time, and waited for almost 20 minutes just to get disregarded.",Recruiter no-showed for scheduled Teams interview. Used ChatGPT to write complaint email. Immediate recruiter ghosting case.,False
39,r/recruitinghell,https://www.reddit.com/r/recruitinghell/comments/1koo4u1/job_search_after_4000_applications/,"Job Search After 4,000 Applications",post,"2,537 applications were from Handshake, 1,284 were from LinkedIn, and 114 were from Indeed. I got both offers within a 24 hour span. I ended up taking the position I did 3 interviews for as it was a much better offer. The offer I ended up taking was an IT internship that I applied to on LinkedIn. I had some referrals as well, but I never heard back from them so I did not bother including them.

I graduated with a bachelor’s degree in Computer Engineering in May 2024. I had applied to about 100 internships during my junior year of college, but never got an interview from any of them. I then started applying 40+ hours a week around late June/early July of 2024. I got a part time job at the beginning of October so that I wouldn’t go insane and to pay for a master’s myself. I applied to a master’s program in late October, and started it in January of this year, while continuing to work the part time job.

At first, all of the positions I was applying to were full time jobs. Then in January, I switched to applying to internships mostly, as they did not require previous experience. My interview rate definitely went up after that. I received my offer letter in the middle of April. There was only exactly 1 week between the first interview and signing the offer letter. 2nd interview was the next day after the 1st interview, 3rd interview was 2 business days later, then the offer was 2 days after that.

My internship starts in just 2 weeks. I’ve fully completed their onboarding process, so I’m hoping nothing will go wrong between now and then. It is pretty much the perfect opportunity. It’s in the middle of the major city I want to move to, but still within commuting distance of my parents’ house. I don’t know if I will get a return offer, but this is a Fortune 200 corporation, so I really hope so.

High school and college were both a nightmare for me, but this has been by far the most painful journey I have ever been on. Nothing was more demoralizing than getting a 2nd round rejection email and realizing that it was all for nothing. I definitely spent well over 1,000 hours applying, and most of that time yielded zero results. I think that was the worst part, all of my free time was spent applying, which was incredibly boring, and I gained nothing from most of it.

This took about 10 months and 4,000 applications. I hope that this post is a sort of comfort for anyone that was in a similar position as me. It may take a long time, and you might have to make some sacrifices, but please do not give up. If I had given up in March, I would still be working as a cashier indefinitely. 

Please don’t do what I did between July and September and spend 80 hours a week applying. It will destroy your mental health much faster than you think. Place a limit on how much time you’ll spend applying each day, and spend the rest of the time doing something productive like working part time/studying, or just doing something fun like playing video games. Trust me, you won’t do well in interviews if you’ve spent the entire last 7 days applying nonstop.

Whatever you do, just remember, any application could be the one. Don’t lose hope.",2025-05,8565,"Confusing
UX","LinkedIn, Indeed",No,"Place a limit on how much time you’ll spend applying each day, and spend the rest of the time doing something productive like working part time/studying, or just doing something fun like playing video","4000 applications: 2537 Handshake, 1284 LinkedIn, 114 Indeed. Got 2 offers in 24 hours. Strong multi-platform usage data.",True
40,r/recruitinghell,https://www.reddit.com/r/recruitinghell/comments/1n8lzjl/we_truly_are_in_hell/,We truly are in Hell,post,[https://x.com/polymarket/status/1963320402979303874] and to think this is including ghost jobs and not counting people who haven’t applied in the past month as unemployed.,2025-09,7920,"Possibility
of Scam",,No,[https://x.com/polymarket/status/1963320402979303874] and to think this is including ghost jobs and not counting people who haven’t applied in the past month as unemployed.,Ghost jobs inflate apparent job availability. Links to unemployment data. Short systemic critique.,False
41,r/recruitinghell,https://www.reddit.com/r/recruitinghell/comments/1prid7o/guys_i_did_it_by_lying/,"Guys, I did it. BY LYING",post,"75+ ghosts and 20+ rejections later I landed a job. A low-paid and unethical one with lots of overtime, but still a job.

I applied here as a joke by exaggerating my experience, not expecting to hear from them. But when I was invited to the interview 1 out of 5, I decided to prepare a bullshit script.

Worked on some silly solo project with that one software a few years ago? 3 years of experience. Opened the tools once? Nearly proficient! Freelanced in that field once in 2022? Freelancing 2022-present.

I was so demotivated and pessimistic, that I wasn’t anxious at all, and so I nailed the first in-person interview. I kept lying till interview 3, where they gave me one project to work on. And guess what… I had no idea where to even start.

So, I told them that it will take me about 3h to complete, but since im still working with (imaginary) clients, I’ll need a week to respond.

I’ve spent an entire week barely sleeping, watching youtube tutorials to complete it, and, eventually, I did it.

Two more interviews, and I meet the team Ill be working with, and… Im hired. What the hell. Only shows how broken the system is. 

I’m literally an imposter. I’m spending all of my free time learning the skill I lied to have, and I barely sleep. However, it’s still better than stressing whether I’ll be able to pay my bills.

I don’t know if Ill last the trial period, but so far nobody but one person in my team is suspecting anything. I hope she wont tell anyone.",2025-12,7590,"Possibility
of Scam",,No,"So, I told them that it will take me about 3h to complete, but since im still working with (imaginary) clients, I’ll need a week to respond.",Got job by lying about experience after 75 ghosts and 20 rejections. Credential inflation as rational response to scam market.,False
42,r/recruitinghell,https://www.reddit.com/r/recruitinghell/comments/1mj5t8o/we_are_not_going_crazy/,We are not going crazy…,post,"We talk so much about the process and how something is just not right. I was scrolling today and saw this. (I blocked the names because I’m not sure if showing them is allowed here.)

Then I also pulled the court doc. 

https://www.dwt.com/-/media/files/blogs/employment-advisor/2025/05/govuscourtscand4086451280.pdf?rev=2ff8d74bffde429eaa92269560e4d6c9&amp;hash=1D0C4DB8640F835770CF251EA64742DC

It doesn’t make not getting a gig better, but truthfully it does prove we are not crazy when we say we are not even being given a fair shot. 
",2025-08,5155,"Possibility
of Scam",,No,"https://www.dwt.com/-/media/files/blogs/employment-advisor/2025/05/govuscourtscand4086451280.pdf?rev=2ff8d74bffde429eaa92269560e4d6c9&amp;hash=1D0C4DB8640F835770CF251EA64742DC

It doesn’t make not get",References court document showing candidates not given fair consideration. Evidence-based validation of rigged hiring.,False
43,r/recruitinghell,https://www.reddit.com/r/recruitinghell/comments/1l41t7n/10_totally_legit_reasons_why_getting_a_job_in/,10 Totally Legit Reasons Why Getting a Job in 2025 Is the EASIEST Thing Ever.,post,"In case you’re still struggling to find a job in 2025, allow me to enlighten you. The job market is a dream right now. Seriously. Never been easier. Just acknowledge the below foolproof reasons and you’ll be swimming in six figure offers in no time (give or take a lifetime).

Let’s dive in, shall we?

**#1  Every entry level job requires 7 years of experience**  
Because nothing screams “beginner” like being a veteran. Don’t worry though, your 3 month Summer internship from 2019 totally counts if you triple space it on your resume.

**#2 Cover letters are now emotional memoirs**  
Employers love authenticity, so don’t forget to open with a vulnerable childhood trauma and close with how this role aligns with your chakras. Bonus points if it rhymes.

**#3 There are only 400,000 other applicants**  
That’s right, you vs the population of a small country. But don’t worry, your Canva resume with the soft beige gradient will definitely stand out.

**#4 Every job board is a treasure hunt!**  
LinkedIn, indeed, glassdoor, and now tiktok resumes. It’s like Pokemon GO for employment. You walk around aimlessly and occasionally scream when something actually appears.

**#5 AI recruiters make everything efficient!**  
Your application was auto rejected in 0.3 seconds because you didn’t use the word “synergy” enough. Progress!

**#6 Interview rounds? We love a good trilogy**  
There are only 6 interviews, 1 unpaid project, 2 group panels, a vibe check, and a Zoom call where they just “observe your aura.” So efficient!

**#7 Ghosting is self care**  
If a company never replies, it’s because they’re protecting your energy. Very thoughtful of them, really.

**#8 Job descriptions are written by poets**  
“Looking for a rockstar ninja wizard who thrives in chaos, loves KPIs, and can do the work of five people for the pay of one.” Inspiring!

**#9 Salary transparency?**  
Jobs now pay “competitive compensation,” which is code for “you’ll find out after you’ve emotionally committed and moved across the country.”

**#10 Networking is easy when you love rejection**  
Just send 200 cold emails, 80 personalized DMs, attend 3 virtual webinars, and awkwardly wave at a stranger on Zoom. You’ll definitely get that “Let’s circle back” response in 6-8 months!

So yeah, if you still don’t have a job in 2025, maybe you’re just not leaning into the manifestation energy enough. Or, maybe you're not following up with a thank you haiku after interviews. Honestly, do you even want it?

Good luck out there, future CEOs. See you in the trenches!",2025-06,4947,"Confusing
UX","LinkedIn, Indeed, Glassdoor",No,"**#9 Salary transparency?**  
Jobs now pay “competitive compensation,” which is code for “you’ll find out after you’ve emotionally committed and moved across the country.”

**#10 Networking is easy wh","Satirical list of 10 reasons job market is easy in 2025. Mentions LinkedIn, Indeed, Glassdoor. Strong ATS and platform critique.",True
44,r/recruitinghell,https://www.reddit.com/r/recruitinghell/comments/1pn5wrn/as_a_job_seeker_i_dont_think_theres_a_talent/,"As a job seeker, I don’t think there’s a “talent shortage.” I think hiring is broken.",post,"I’m actively job hunting right now, and the more I go through hiring processes, the more the “talent shortage” argument feels disconnected from reality.

From the candidate side, here’s what it looks like:  
• Roles asking for years of experience in tools that barely existed until recently  
• Multiple interview rounds with no clarity on what’s actually being evaluated  
• Long take-home assignments that disappear into a black hole  
• Rejections with zero feedback, or worse, complete ghosting  
• Resumes filtered out for missing keywords instead of real ability

What’s frustrating is that many candidates aren’t unqualified; they’re just filtered out before they ever get to demonstrate what they can do.

Some of the strongest people I know are stuck applying for months, while companies say they “can’t find talent.”

From where I’m standing, it doesn’t feel like a shortage of skilled people. It feels like a shortage of hiring processes that are willing to assess skills, potential, and learning ability instead of chasing a perfect checklist.

Genuinely curious for others who are job searching, what part of the hiring process has felt the most broken or demoralizing?",2025-12,4817,"Lack of
Relevance",,No,"From the candidate side, here’s what it looks like:  
• Roles asking for years of experience in tools that barely existed until recently  
• Multiple interview rounds with no clarity on what’s actuall","Argues against talent shortage narrative. Experience requirements for barely-existing tools, keyword-filtered resumes. Relevance critique.",False
45,r/recruitinghell,https://www.reddit.com/r/recruitinghell/comments/1n4c5fm/executives_upset_that_they_cant_hold_on_to_top/,Executives upset that they can't hold on to top candidates,post,"I overheard a conversation between some executives about how they cannot seem to get any of their top candidate choices on staff. They said that no matter how far candidates get in the hiring process, even so far as starting their first day, they're all leaving for something else. 

When brainstorming possible reasons, they completely blew past anything that might implicate them or the company. Oh no, it has nothing to do with them getting rid of the hiring bonus, taking away stock options, removing benefits, or requiring remote-capable jobs to be on-site in one of the most expensive cities in the world. That would be silly. 

The problem, you see, is the candidates. These greedy, opportunistic little vultures will CONTINUE TO INTERVIEW! Even if they're interviewing with you! The audacity is off the charts! I can assure you it's not at all related to the current instability of the job market, nor hiring practices that last months with poor communication and constant ghosting. It's these damn, vile candidates. 

Anyways, always fascinating to watch people get upset over conditions they created and then blame everyone else. ",2025-08,4371,"Complex
Application Process",,No,"Oh no, it has nothing to do with them getting rid of the hiring bonus, taking away stock options, removing benefits, or requiring remote-capable jobs to be on-site in one of the most expensive cities ","Executives blame candidates for rejecting offers after removing bonus, stock options, benefits. Executives unaware of own failures.",False
46,r/recruitinghell,https://www.reddit.com/r/recruitinghell/comments/1li0b0d/i_lost_2300_for_an_in_person_interview_that_was_a/,"I lost $2300 for an ""in person"" interview that was a zoom call.",post,"So as the title implies, I got screwed.

I'm an over-the-road truck driver (OTR) and I recently had an interview for a local company. I've been driving over the road for about 13 years now, and I want a break. 

The company I interviewed with, insisted on an in-person interview. I got in contact with the recruiters to schedule a time that I could accommodate. Given my typical schedule, it's impossible for me to go in on a whim. 

They agreed to a time and a date, and all was set. 

2 weeks before the interview I had to take a short trip, I usually average 2,800 miles a week, and I'm paid by the mile so that's important. That week I did 1200 miles.

1 week before the interview I had to take another short week, 2200 miles which was my load home. 

The day of the interview, I showed up to their office a few minutes early, I walked in and introduced myself to the people that were there. I'm met the operations manager, and the terminal manager. I thought all was well, and surely one of these people would be conducting the interview. 

The operations manager sits me down in the conference room, and I'm like okay, they're going to show up, the interview will be done, maybe I get the job. Maybe I don't. 

He then walked in with a laptop, and the guy who was going to be doing my interview was 300 miles away, and it had to be done over zoom. I was goddamn floored! 

During the application process, they insisted that it be an in-person interview. I show up, and the guy that's in charge of the interview isn't there. I didn't have to jump through so many fucking hoops to get this interview done. I could have done it in the truck on the road. 

What makes it worse, is not only did I not get the job, but if I didn't reach out and ask about the interview and everything, they were fully intended on ghosting me. 

One other thing, I waited at home that week instead of going back to work right away, just in case they needed me to do anything.",2025-06,3736,"Complex
Application Process",,No,"What makes it worse, is not only did I not get the job, but if I didn't reach out and ask about the interview and everything, they were fully intended on ghosting me.",OTR driver lost $2300 for what turned out to be Zoom interview advertised as in-person. Deceptive process with financial harm.,False
47,r/recruitinghell,https://www.reddit.com/r/recruitinghell/comments/1mk3m6o/this_really_confirms_what_we_suspected_all_along/,This really confirms what we suspected all along.,post,Received an URGENT email to ASAP this recruiter for an excellent job opportunity until I read through the entire job description....I suspect that this tail end of the email was not meant to be included.  Ghosting this one would be appropriate and the advice for professionals to dumb down their resumes in this day and age.  WOW!,2025-08,3486,"Possibility
of Scam",,No,Received an URGENT email to ASAP this recruiter for an excellent job opportunity until I read through the entire job description....I suspect that this tail end of the email was not meant to be includ,Recruiter accidentally left internal notes in email revealing job was for salary benchmarking only. Ghost job exposure.,False
48,r/recruitinghell,https://www.reddit.com/r/recruitinghell/comments/1rmq7n1/ghosted_yesterday_8_minutes_late_today_i_hung_up/,"Ghosted yesterday, 8 minutes late today. I hung up on the recruiter.",post,"For context, I've been in tech and product leadership for years. This was for a pretty senior role.

So more than a month after I applied, a recruiter finally reaches out with something like a Calendly link. I give him some slots, he confirms 12:00 PM yesterday. Cool.

Yesterday comes. 12:00 PM. Nothing.

I wait 17 minutes and shoot him an email: ""It's 17 mins past, do you want to reschedule?"" He gets back to me 20 minutes later, apologizing, saying he thought the meeting was today. Annoying, but fine. I've messed up scheduling before too. We rebook for today, same time. 12:00 to 12:20. I accept the invite.

Today. 12:00 PM. Crickets. Again.

He hops on at 12:08. Not really apologetic. Just casually goes, ""Sorry, my last call ran over.""

I said, ""It's 12:08.""

His response? ""Do you have a hard stop at 12:20?""

I told him no, but that I didn't want to continue because he clearly doesn't respect my time. And I hung up.

Look, if this is how they treat candidates during the interview process for a senior leadership role, imagine what the actual company is like day to day. I know I have the luxury of being employed right now and a lot of people don't, so I get that not everyone can do this. But man, I was pissed.

TL;DR: Recruiter no-showed the first call, showed up 8 minutes late to the rescheduled 20-minute call with half-hearted apology, got defensive when I pointed it out. I hung up.",2026-03,3481,Ghosting,,No,"I wait 17 minutes and shoot him an email: ""It's 17 mins past, do you want to reschedule?"" He gets back to me 20 minutes later, apologizing, saying he thought the meeting was today.","Senior tech candidate ghosted day-of interview. When rebooked, recruiter was 8 min late. Candidate hung up. Recruiter ghosting case.",False
49,r/recruitinghell,https://www.reddit.com/r/recruitinghell/comments/1rbmlxd/why_is_everyone_acting_like_were_not_in_the/,Why is everyone acting like we’re not in the biggest recession ever?,post,"I’m just confused. Rent is skyrocketing, salaries are being reduced to Pennies, and “rockstar candidates” are being gaslit, dragged through endless interview rounds, and ghosted like it’s normal. Everyone keeps asking what they’re doing wrong.

NOTHING. You’re doing absolutely nothing wrong!

The job market is a joke, and I’m tired of everyone pretending the economy hasn’t completely collapsed. I can’t even get a retail job folding shirts. I was literally put through three interview rounds for retail, only to be ghosted multiple times, despite an immaculate sales background. I could sell a leaf if someone asked me to.

If that doesn’t say everything about where we’re at, I don’t know what does.

Edit: Since the wording seems to be ruffling feathers, let me rephrase. Why are people acting like we are not heading toward the biggest recession many of us will ever see?

For those replying with technical definitions of what “counts” as a recession, here is the perspective I’m offering: What do you think happens when hiring freezes, people cannot find work, wages stay stagnant, and the cost of living keeps rising? Where exactly do you think that trajectory leads?

You can call it whatever you want, but the outcome is the same. If people cannot afford to live and no one feels secure in their job, the label is irrelevant. The reality is what matters.

**Last Edit:**  After 11 months of searching, I finally landed a $63k job. Honestly it will be tight and I’ll be living paycheck to paycheck, but it at least covers my rent, which is more than I can say for the $20/hr offers I was getting. A win is a win, and I’m grateful to at least have some stability while I figure out the rest. If you’re still searching don’t give up. I know the job market is still trash, but at least there are opportunities to keep your head above water. Good luck everyone! ",2026-02,3403,"Job Search
Burnout",,No,"For those replying with technical definitions of what “counts” as a recession, here is the perspective I’m offering: What do you think happens when hiring freezes, people cannot find work, wages stay ",3 interview rounds for retail then ghosted despite strong sales background. Cannot even get shirt-folding job. Angry systemic rant.,False
50,r/recruitinghell,https://www.reddit.com/r/recruitinghell/comments/1lmrlu4/gap_in_your_work_history_is_the_dumbest_thing_in/,Gap in your work history is the dumbest thing in 2025,post,"It been almost a year since i got layoff and I've applying to at least 700+ job posting. Was able to land some interviews but no luck. my recent interview, they ask ""why is the a year gap? Like WTF, are you not aware that the job market is in shamble right now? Anyway, I said I was studying for the FE exam. But that wasn't good enough and I got ghosted. Like how am I suppose to response? ",2025-06,3062,Ghosting,,No,It been almost a year since i got layoff and I've applying to at least 700+ job posting.,"700+ apps, asked about employment gap then ghosted despite valid reason. Penalized for being unemployed during mass unemployment.",False
51,r/recruitinghell,https://www.reddit.com/r/recruitinghell/comments/1oiiliq/some_amazon_recruiters_started_posting_on/,Some Amazon Recruiters started posting on LinkedIn Today about being laid off,post,"I feel for the employees, but when Zon's recruiters are posting about ""be kind"", that doesn't sit well with me. Where were they when they ghosted my 10 applications this year without any notifications?

Where were they when they called me for an interview but changed the req/job? 

So many scary experiences job seekers have encountered, but sure, let's ""be kind"" to these weirdos. ",2025-10,2961,Ghosting,,No,"I feel for the employees, but when Zon's recruiters are posting about ""be kind"", that doesn't sit well with me.",Amazon recruiters posting about kindness while having ghosted applicant 10 times. Bitter irony post.,False
52,r/recruitinghell,https://www.reddit.com/r/recruitinghell/comments/1qdlg3v/i_wish_i_was_a_nepo_baby/,I wish I was a nepo baby,post,"Like imagine your dad is a Big Tech CEO and your job is to exist, show up to one meeting occasionally, nod thoughtfully, and still get paid. You don’t have to write cover letters or be rejected or even be ghosted by recruiters. Just show up with the vibes and you’ll have your fancy title and position in just a snap.

The market is so brutal right now I genuinely don’t know how I’m supposed to stretch my savings until I find a job. Yet here I am already daydreaming about generational wealth I don’t have. Anyway, back to LinkedIn, Jobcat, Glassdoor, Hiring Cafe, and anywhere where there’s hiring.",2026-01,2903,"Confusing
UX","LinkedIn, Glassdoor",No,"Like imagine your dad is a Big Tech CEO and your job is to exist, show up to one meeting occasionally, nod thoughtfully, and still get paid.","Wishes they were a nepo baby. Mentions LinkedIn, Jobcat, Glassdoor, Hiring Cafe. Light emotional post with platform coverage.",True
53,r/recruitinghell,https://www.reddit.com/r/recruitinghell/comments/1sckja7/after_90_interviews_i_got_an_offer/,AFTER 90+ interviews I GOT AN OFFER,post,"Just want to share my story here. I graduated from a top university with a niche STEM degree and could not for the life of me find a job for 1.5 years. Granted, I was trying to switch fields into tech, so I’m sure that made it all the more difficult. I held a bunch of random part-time jobs during that time and applied all across the US.

In the end, I was able to land my dream job in my first-choice city, with the best offer out of any of the places I interviewed with. I can honestly say I was dead tired of waking up and doing interviews every day

dont give up yalll",2026-04,2807,"Job Search
Burnout",,No,"In the end, I was able to land my dream job in my first-choice city, with the best offer out of any of the places I interviewed with.","90+ interviews, 1.5 years unemployed, STEM grad switching to tech. Eventually landed dream job. Long emotional arc.",False
54,r/recruitinghell,https://www.reddit.com/r/recruitinghell/comments/1rja5xc/software_engineering_is_now_a_closed_caste_if_you/,"Software Engineering is now a closed caste. If you weren’t in by 2021, you’re officially part of the permanent underclass.",post,"If you didn’t break into tech before 2022, you missed the last lifeboat. The ""Junior"" role is dead, and the lucky ones who got in during the zero-interest era have effectively pulled up the ladder behind them. They’re sitting on $300k salaries and 2% mortgages, while the rest of us are ghosted after 10-round interviews for roles that probably don't even exist. We aren't ""job hunting"" anymore; we’re just watching a privileged elite gatekeep the only high-paying career left.

killing entry-level hiring, companies have accidentally created a permanent Software Aristocracy. Since no new seniors are being ""grown"" from juniors, the current crop of devs will have zero competition for the rest of their careers. As the supply of experienced talent freezes or shrinks, their salaries will keep skyrocketing because there is literally no one to replace them. The entry gates are bolted shut, and the pre-2022 crowd just won the timing lottery for life while we fight for scraps.",2026-03,2460,Ghosting,,No,"They’re sitting on $300k salaries and 2% mortgages, while the rest of us are ghosted after 10-round interviews for roles that probably don't even exist.","Argues SWE is closed caste: entry-level dead, ghosted after 10-round interviews for possibly nonexistent roles.",False
55,r/recruitinghell,https://www.reddit.com/r/recruitinghell/comments/1n736oq/hr_friend_told_me_half_of_these_vacancies_are/,HR friend told me: half of these vacancies are just for show,post,"My friend works in HR at a big tech company, and she told me something that blew my mind:

A lot of those “hot new job postings” you see on LinkedIn and Indeed? They’re not even meant to be filled.

Companies put out fake or “ghost” vacancies just to look like they’re growing, so their stock price doesn’t dip. They never plan to actually hire anyone.

Explains why so many people apply, get ghosted, and never hear back. It’s not you — it’s the system.",2025-09,2416,"Possibility
of Scam","LinkedIn, Indeed",No,"My friend works in HR at a big tech company, and she told me something that blew my mind:

A lot of those “hot new job postings” you see on LinkedIn and Indeed?",HR insider reveals half of LinkedIn and Indeed postings are ghost jobs to maintain stock price. Insider confirmation.,True
56,r/recruitinghell,https://www.reddit.com/r/recruitinghell/comments/1n0kabu/i_fully_support_this_federal_legislation_to/,I fully support this.  Federal legislation to outlaw ghost job postings.,post,"https://www.cnbc.com/2025/08/25/tech-worker-was-frustrated-with-ghost-jobs-now-hes-trying-to-pass-a-national-ban.html
",2025-08,2086,"Possibility
of Scam",,No,https://www.cnbc.com/2025/08/25/tech-worker-was-frustrated-with-ghost-jobs-now-hes-trying-to-pass-a-national-ban.html,Supports federal legislation to outlaw ghost job postings. Links to CNBC article.,False
57,r/recruitinghell,https://www.reddit.com/r/recruitinghell/comments/1qwg2kf/billionaires_time_travel_to_preserve_the/,"Billionaires time travel to preserve the bloodline, we time travel to fight for a three-day weekend",post,"The struggle is real and crushing. On the other hand, unemployment is still at rise where people spend all day in different job boards (Glassdoor, LinkedIn, Jobcat, etc.) and still get ghosted.",2026-02,1949,Ghosting,"LinkedIn, Glassdoor",No,"On the other hand, unemployment is still at rise where people spend all day in different job boards (Glassdoor, LinkedIn, Jobcat, etc.) and still get ghosted.","Mentions Glassdoor, LinkedIn, Jobcat. People spending all day on job boards still getting ghosted. Brief systemic lament.",True
58,r/recruitinghell,https://www.reddit.com/r/recruitinghell/comments/1lpdyy7/i_have_lost_all_hope_in_humanity/,I have lost all hope in humanity.,post,"This job market is absolutely wild.

I was introduced to the ceo of a startup through a mutual contact. He was enthusiastic. He chased after me. He asked me to complete an assessment.

I did. Carefully. On time.

Then I had two interviews. One of which made me feel like I was already being welcomed to the team. The other felt more like an interrogation. Still, I held out hope.

And then… silence.

No update. No rejection. Nothing.

I didn’t apply cold. They came to *me*. And now, after all that effort, I feel like I just got used, like my time, my energy, and my hope were just absorbed into some vague maybe-pipeline with no intention of follow-through.

I honestly don’t even want the job anymore. I just want to understand why. You dont like it when candidates ghost you so why would it be ok for you to do it? 

Why pull someone in, make them work, and then talk to multiple people, only to completely disappear? Inbalance of power in your favor, that's why.

We are really in a dystopian hellscape.

Update: 

I got an LI message from CEO and he seemed pissed. He started the message with :

"" K. [Architect] is off on a 3 week family adventure. And I have talked to [ chief of staff/data management] about your conversation. I will check today.""

 It was like I had spit in his coffee. I sent one email last friday, and my contact sent him a message yesterday. The room suddenly feels freezing.

This isn't gonna end well. There is like a 1% chance this goes my way.

Update 2: 

I am 100% sure he was pissed by two freaking messages! This all would have been solved if you set a clear timeline. But NOOOO they have to be vague as shit. 

I didn't even want that job because, based on what the architect said and how he vibe codes 90% of his crap, like why would you do that? And because it's a start-up, I probably would have had to do about 4 different roles and burn myself out fast. 

I didn't even want that job, but here I am obsessing over him, not calling me back like some silly teenage girl, and the one time he did, I got a passive-aggressive message... 

Yet here I am still waiting him to give me a damn yes so I can afford to survive again. 

It is getting close to 2 freaking years.

Update 3 :

I got an email today but I didnt think to check my email til midnight. **I might have gotten it.** The language sounds like it might be contract to hire. Will update when I know more.",2025-07,1948,Ghosting,,No,"And now, after all that effort, I feel like I just got used, like my time, my energy, and my hope were just absorbed into some vague maybe-pipeline with no intention of follow-through.","CEO of startup reached out directly, asked for assessment and two interviews, then dead silence. Did not cold-apply. Particularly frustrating.",False
59,r/recruitinghell,https://www.reddit.com/r/recruitinghell/comments/1qajiu9/fmljust_got_this_tonight_i_hate_this_job_market/,FML…Just got this tonight. I hate this job market so much.,post,"I lost my job as a graphic designer with a law firm (from a B.S. “restructure”) and have applied hundreds of places. I mostly get ghosted, but I had actually scored an interview. Then I get this. I have two small children to support, and I’ve had no luck. I can only sob at this point.",2026-01,1910,"Job Search
Burnout",,No,I lost my job as a graphic designer with a law firm (from a B.S.,"Graphic designer laid off, hundreds of apps, mostly ghosted. Two small children to support. Post describes sobbing. Very high distress.",False
60,r/recruitinghell,https://www.reddit.com/r/recruitinghell/comments/1pe74i8/if_i_can_get_sued_or_fired_for_lying_on_my_resume/,"If I can get sued or fired for lying on my resume, companies should face legal fines for posting fake jobs.",post,"It’s a simple concept.

If I lie about my skills or experience to get a job, I am committing fraud. I can be fired, blacklisted, or even sued for the wages I earned.

But when a company posts a ""Ghost Job"" they have no intention of filling—just to harvest resumes or look busy to investors—it’s considered ""strategy.""

They are lying to the market. They are wasting our time. They are stealing our data.

If we have to be 100% honest to get a paycheck, they should have to be 100% honest to post a listing. The double standard is ridiculous.",2025-12,1917,"Possibility
of Scam",,No,"But when a company posts a ""Ghost Job"" they have no intention of filling—just to harvest resumes or look busy to investors—it’s considered ""strategy.""

They are lying to the market.",Argues companies should face legal fines for ghost jobs since job seekers can be sued for lying. Legal double standard.,False
61,r/recruitinghell,https://www.reddit.com/r/recruitinghell/comments/1pp33z6/6_month_job_search_is_finally_over_fuck_this_job/,"6 Month Job search is finally over, fuck this job market and fuck those 407 companies.",post,"These past 6 months really showed me how disrespectful, slimy and snarky some of these Companies will act towards you as a Human being.

My only advice to you is to keep applying and to **never trust** any single one of these pieces of shits until you have a **SIGNED** and **STAMPED** contract handed to you **PERSONALLY.**

",2025-12,1866,"Job Search
Burnout",,No,My only advice to you is to keep applying and to **never trust** any single one of these pieces of shits until you have a **SIGNED** and **STAMPED** contract handed to you **PERSONALLY.**,"6 months, 407 companies. Describes companies as disrespectful, slimy, snarky. Advises never trusting until signed contract in hand.",False
62,r/recruitinghell,https://www.reddit.com/r/recruitinghell/comments/1nl3pbk/finally_got_a_job_after_9_months_of_search/,Finally got a job after 9 months of search!!!,post,"I almost lost all hope on getting anything after 9 long month of searching as a new grad in mechanicalengineering. Took me 21 interviews with 21 different companies and that's not including the phone calls that don't produce actual interviews(probably like 20 more). The first 20 interviews took weeks from scheduling to final response or ghosting (4 of them). The last one was, fill application, call, interview, offer, whithin two weeks. ",2025-09,1850,Ghosting,,No,Took me 21 interviews with 21 different companies and that's not including the phone calls that don't produce actual interviews(probably like 20 more).,"9 months, new grad in mechanical engineering. 21 interviews, 4 ghosted at final stage. Last company moved fast. Good contrast data.",False
63,r/recruitinghell,https://www.reddit.com/r/recruitinghell/comments/1kqlj7p/an_observation_after_six_months_of_unemployment/,An observation after six months of unemployment,post,"After six months of unemployment, 300 applications, 18 interviews (with another scheduled for tomorrow) and zero offers, I've had an epiphany about our western society.  Most workplaces are incredibly conflict avoidant.  This explains all the ghosting, the fake niceness, the form emails that say, ""Unfortunately, after careful review..."" and the lack of any genuine feedback after being rejected.

Does anyone else feel this to be true? ",2025-05,1757,"Complex
Application Process",,No,"This explains all the ghosting, the fake niceness, the form emails that say, ""Unfortunately, after careful review..."" and the lack of any genuine feedback after being rejected.","6 months, 300 apps, 18 interviews, 0 offers. Attributes ghosting to workplace conflict avoidance culture. Analytical take.",False
64,r/recruitinghell,https://www.reddit.com/r/recruitinghell/comments/1rz6tta/when_your_job_hunt_is_so_bleak_your_dad_is_now/,When your job hunt is so bleak your dad is now getting blackpilled,post,"My parents and in-laws ask me about all of interviews. They are now learning how bad our generation has it with the job market.  The fact my dad is now asking me about ""ghost jobs"" after I was ghosted by a company that told me to reapply for another position after a recent rejection. ",2026-03,1735,Ghosting,,No,"The fact my dad is now asking me about ""ghost jobs"" after I was ghosted by a company that told me to reapply for another position after a recent rejection.",Dad now asking about ghost jobs after watching sons struggles. Company told son to reapply after rejection then ghosted again.,False
65,r/recruitinghell,https://www.reddit.com/r/recruitinghell/comments/1ocqqhx/my_partner_was_rejected_from_a_job_bc_hes_been/,My partner was rejected from a job bc he's been unemployed for too long,post,"Yep. My partner was laid off for a year from a gaming company. He applied over 300 jobs so far, including entry-level positions. There were some interviews that went well, but they ghosted him. His breaking point was when he received a phone call from a recruiter and told him he was rejected from a job because he's been unemployed (from their perspective) for too long. I really hate this situation for him. ",2025-10,1653,Ghosting,,No,His breaking point was when he received a phone call from a recruiter and told him he was rejected from a job because he's been unemployed (from their perspective) for too long.,Partner rejected for being unemployed too long. Phone call rejection citing unemployment duration. Discriminatory ghosting case.,False
66,r/recruitinghell,https://www.reddit.com/r/recruitinghell/comments/1ofhpux/spent_my_friday_night_alone_crying_my_eyes_out/,"Spent my Friday night alone, crying my eyes out over not being able to find a job.",post,"Fuck Workday, fuck AI, fuck layoffs, fuck offshoring, fuck bad recruiters, fuck ghosting, fuck automated rejection emails, fuck scammers and their fake ass job postings, fuck the needlessly lengthy hiring process with multiple interviews, and last but certainly not least, FUCK THIS JOB MARKET for making me feel so worthless.

I'm so tired.

EDIT: Thanks for all the kind comments. I wish I could reply to all of you guys, but since I realistically can’t, I wanna express how much I appreciate your messages here. They mean the world to me right now.",2025-10,1651,"Job Search
Burnout",,No,"Fuck Workday, fuck AI, fuck layoffs, fuck offshoring, fuck bad recruiters, fuck ghosting, fuck automated rejection emails, fuck scammers and their fake ass job postings, fuck the needlessly lengthy hi","Explicitly names Workday, AI, layoffs, ghosting, scammers, automated rejections. Friday night alone crying. Highly quotable.",False
67,r/recruitinghell,https://www.reddit.com/r/recruitinghell/comments/1r0k90o/insane_automated_email_i_got_after_i_applied_for/,Insane Automated Email I Got After I Applied for a Job,post,"I can only describe this as the most insane email I have ever received from anyone ever, much less a potential employer. I am baffled.

  
UPDATE 2/12:

Ghosted the hell out of me &gt;:(",2026-02,1581,"Confusing
UX",,No,"I can only describe this as the most insane email I have ever received from anyone ever, much less a potential employer.",Received bizarre automated email after applying. Later ghosted. Screenshot showing UX failure in automated systems.,False
68,r/recruitinghell,https://www.reddit.com/r/recruitinghell/comments/1kesvsc/i_have_become_the_enemy/,I Have Become the Enemy,post,"I have been out of work for almost 4 years. Out of desperation I took a job as a recruiter. 

I have only been doing this a few months but I already know this job is not for me and I am continuing to look for a job in my chosen field. 

Here are some things I have been forced to do that I am ashamed of:

Every conversation is borderline dishonest. 

We are told to be as vague as possible and not to release any info.  

We have to call dozens of individuals and businesses every day and try to pry info from them. 

But the worst is the posting of the ghost jobs just to gather more info on people. We have to post 12 jobs a day. So that's 12 X the number of agents which in my case is about 500. So that's 6000 ghost jobs posted everyday just from my organization. 

I don't see how anyone ever finds a job. ",2025-05,1567,"Possibility
of Scam",,No,I have only been doing this a few months but I already know this job is not for me and I am continuing to look for a job in my chosen field.,Took recruiter job out of desperation. Describes being forced to post ghost jobs and pry info from candidates. Insider confession.,False
69,r/recruitinghell,https://www.reddit.com/r/recruitinghell/comments/1pgu203/all_of_these_are_for_minimum_wage_jobs/,ALL of these are for minimum wage jobs,post,"I'm just trying to leave a shitty cafe job. At least I'm almost done my degree, but not like that job hunt will be any easier.

EDIT: yes, ghosted 3 times after in person interviews. The one rejection after the interview was over text. Fml",2025-12,1473,Ghosting,,No,"At least I'm almost done my degree, but not like that job hunt will be any easier.","Applying to minimum wage jobs, ghosted 3 times after in-person interviews. Even low-wage employers ghost.",False
70,r/jobsearchhacks,https://www.reddit.com/r/jobsearchhacks/comments/1qxizav/i_stopped_getting_ghosted_by_recruiters_after_i/,I stopped getting ghosted by recruiters after I started sending one boring “receipt” email,post,"



I’m 30M and I’ve been job hunting for about two months for a mid level ops coordinator type role. Nothing fancy, but the process has been a circus. I kept running into the same pattern: recruiter screens me, says I’m a “great fit”, asks for my availability, I respond within an hour, then silence for a week. Sometimes they’d pop back up like nothing happened and ask for another set of times, like the first message evaporated. I’m not proud of how much I started spiraling over it. I kept thinking I’d said something wrong, or my email went to spam, or I was supposed to chase harder and I just didn’t know the secret handshake. After the fourth time it happened in one week, I tried a tiny change that sounds almost stupid, but it has been working way better than I expected.



Now, every time I send availability, I also send a short “receipt” email that is basically impossible to misunderstand or ignore. It’s not rude, it’s not a novel, and it doesn’t beg. It’s just a clean summary of what we agreed on, plus a clear next step. Like: “Confirming I’m available Tue 10:00-11:30, Wed 14:00-16:00, Thu 9:00-10:00. Please let me know which slot you’d like to lock in and I’ll hold it. If none work, feel free to send two alternatives and I’ll respond same day.” That’s it. I also started putting the job title and req number in the subject line every time, even if they didn’t. And I stopped answering with a wall of open ended niceness like “I’m flexible any time!” because I realised that gives them nothing concrete to act on. The weird part is how often recruiters reply to the receipt but not to the original availability, like the summary flips a switch in their brain. One recruiter literally responded, “Thanks for laying it out, booking you for Wed at 2.” Another one had ghosted me for 9 days, then after the receipt email he replied in 12 minutes with an apology and a calendar invite.



The biggest win was last week. I had a great phone screen, then silence, then the recruiter came back with the classic “Are you free today?” message at 11:47am. Old me would have panicked and said yes, then rearranged my entire day. Instead I did the same receipt thing, but for boundaries: “I can do 3:00-4:30 today or tomorrow 10:00-12:00. If you need earlier, I can do a quick 15 minute call at 1:30 to confirm details and schedule the full interview.” I expected them to vanish again. They didn’t. They picked 3:30, sent an invite, and the hiring manager actually started the call by saying, “Thanks for being organised, our scheduling has been messy.” I got moved to final round two days later. Maybe it’s coincidence, but I’ve used this on six conversations now and it’s cut my ghosting down hard. It also makes me feel less desperate because I’m not just tossing availability into the void and hoping someone respects it. Boring little receipt emails are not sexy, but they seem to force a next action, and apparently that’s half the battle.

",2026-02,7533,Ghosting,,No,"One recruiter literally responded, “Thanks for laying it out, booking you for Wed at 2.” Another one had ghosted me for 9 days, then after the receipt email he replied in 12 minutes with an apology an",Stopped being ghosted by sending receipt email after recruiter contact. Describes recruiter disappearing pattern. Practical technique.,False
71,r/jobsearchhacks,https://www.reddit.com/r/jobsearchhacks/comments/1rnu44b/quit_my_job_with_no_offer_lined_up_because_of_my/,Quit my job with no offer lined up because of my health. Took 8 months to land something. Sharing what actually worked and what was a complete waste of time.,post,"I know this is long but I wish someone had posted something like this when I was in the middle of it so I'm putting it all out there.

Last year I quit my job with no backup offer. No plan really. I'd been at this company for about three and a half years doing operations work and the last year was brutal. I started getting bad anxiety, couldn't sleep, stomach issues, the whole thing. I went to my doctor and she straight up told me the stress was making me sick. I tried to work with my manager on adjusting things and asked about shifting responsibilities, working hybrid for a bit, even suggested a temporary reduced workload while I sorted my health out. Got nowhere. Lots of ""we'll look into it"" and then nothing changed. HR was even worse. Basically told me to use my PTO if I needed a break.

So I did the math. I had enough saved to cover about 10-11 months of expenses if I kept things tight. And I quit. My friends thought I was insane. Quitting in this market with nothing lined up. But I was at a point where I couldn't think straight at work anyway so staying wasn't really doing me any favors either.

**The first three months I didn't job search at all**

I just stopped. Slept. Went outside. Started seeing a therapist every two weeks which I should've done way earlier. The first few sessions were rough because I didn't even realize how wound up I was until I started unwinding. My therapist helped me work through a lot of the guilt around quitting and this pattern I had of tying my self worth to being productive at work. By month three I actually felt like a normal person again. Could think clearly.

That's when I started looking.

**Month one of searching was a disaster**

I did what everyone says to do. Updated my resume, wrote cover letters, applied everywhere. I'm talking everything that was even close to my experience. Operations analyst, project coordinator, business ops, program manager, whatever had the word operations in it basically.

Applied to 142 jobs in about five weeks. Got ghosted by probably 90-95% of them. Got maybe 11-12 screening calls. Made it to a second round twice. Zero offers. Nothing.

It was demoralizing in a way I wasn't ready for. You start wondering if something's wrong with you specifically. Like is it the gap on my resume. Is it the market. Am I just not as good as I thought I was.

**Month two I tried the networking route**

Shifted strategy. Started reaching out to old coworkers on LinkedIn. Hit up a few people I'd worked with at previous companies. Went to a couple of local meetups. A few people said they'd keep an ear out or pass my resume along. One guy told me about an opening at his company and said he'd refer me.

None of it turned into anything real. Just a lot of ""I'll let you know"" and then silence. I'm not blaming anyone … people are busy and the job market is rough on the hiring side too. But two months in with nothing to show for it I started to spiral a little.

**The thing that actually changed things**

I called my old manager from my first real job out of college. He's one of those people who doesn't sugarcoat anything which is exactly what I needed. I told him what was happening and he asked me something that caught me off guard. He said stop telling me what jobs you're applying to and tell me what you're actually good at.

I gave him the generic answer about being organized and good with cross functional teams and he basically said yeah that's what everyone says. He pushed me to think about it differently. Instead of looking at job descriptions and trying to match myself to them, he wanted me to figure out what I actually bring to the table and then find roles that fit that. More like reverse engineering it.

He also pointed out something I hadn't thought about. A lot of the skills I was listing on my resume were the exact things companies are starting to automate. Data entry, reporting, basic project tracking. He said I needed to figure out what I could do that a tool couldn't and lead with that.

That conversation messed me up for like two days because I realized I'd been applying to jobs on autopilot without really thinking about whether they even made sense for me. Which is probably why nothing was landing.

**So I did the uncomfortable work**

Spent about two weeks just doing self assessment stuff. More like trying to get an actual picture of where I fit instead of guessing.

I did a few different career assessments. One was through pivoto. tools which is more of a misalignment check which basically helps you see where your current path doesn't match how you actually work. That was eye opening because it showed me I'd been chasing roles that looked right but were a bad fit for how I operate day to day. Then I did Pigment which was more about strengths and adaptability to different types of roles. That one helped me see patterns in what energizes me and why my last job was such a bad fit beyond just the environment being toxic. Also did CliftonStrengths which I'd heard about for years but never tried. That one was more about natural talents.

Between the three of them I started seeing overlap. I kept showing up as someone who's good at building systems and solving problems but bad in roles where I'm just maintaining someone else's process with no room to improve it. Which was literally my last job. I was stuck executing a broken system and getting stressed about it while being told not to change anything. No wonder I was miserable.

**Then I fixed the practical stuff**

Took my resume and ran it through a couple of ATS focused resume tools to make sure it was actually getting past the filters. Rewrote it based on what I'd learned about my strengths instead of just listing every responsibility from my last three jobs. Made it way more specific about what I'm good at and what kind of impact I've had.

Then I did mock interviews using Claude and ChatGPT. I'd paste in a job description and have it interview me. Sounds weird but it was incredibly useful because I realized how different I sounded compared to what my resume said. My resume was all polished AI language and then I'd open my mouth and sound like a completely different person. So I kept practicing until the way I talked about my experience actually matched what was on paper. Or more accurately I rewrote the paper to match how I actually talk about my work.

(**btw none of the tools I mentioned are recommendations and that shouldn’t be the focus. I don't even know if they'd work for everyone. I'm just listing what I personally used, so do your own research.**)

**Two months later I had an offer**

Not from a mass application. From a targeted search where I actually knew what I was looking for, could explain why I was a fit, and didn't sound like I was reading off a script. The role is in operations but it's a building and improving type role, not a maintain and report type role. The difference is massive.

**What I'd tell someone in the same spot**

Stop applying to everything. It feels productive but it's not. 142 applications got me nothing. Knowing what I was actually looking for and applying to maybe 30 targeted roles got me a job.

If your job is making you sick, take that seriously. I waited way too long and it cost me. The gap on my resume has come up exactly once in an interview and I just said I took time off for health reasons and nobody pushed further.

Do the self assessment stuff even if it feels stupid. I rolled my eyes at it too. But I genuinely didn't understand why I kept ending up in roles that made me miserable until I looked at the pattern. Sometimes the environment is the problem. Sometimes it's a mismatch between how you work and what the role needs. Usually it's both.

Fix your resume so it actually gets past the screens but make sure you can back it up in person. The gap between the AI version of you and the real you will kill your interviews if you don't close it.

And talk to people who knew you when you were good at your job. Not people who'll just gas you up but people who'll tell you the truth. That one phone call with my old manager did more than two months of applying ever did.

It took me eight months from quitting to getting an offer. Three of those were recovery. Two were wasted. Three were focused. I wish the ratio had been better but I'm glad I figured it out eventually.

Happy to answer anything if people have questions.",2026-03,2511,"Job Search
Burnout",LinkedIn,No,"I tried to work with my manager on adjusting things and asked about shifting responsibilities, working hybrid for a bit, even suggested a temporary reduced workload while I sorted my health out.",Quit for health reasons after burnout. 8 months to land something. Detailed reflection on what worked. Health-driven career exit.,True
72,r/jobsearchhacks,https://www.reddit.com/r/jobsearchhacks/comments/1m3mz41/finally_happened/,Finally Happened,post,"Laid off on April 4 from a fully remote, IT Director role that I had held for 5 years.  Loved the work and my team. Layoff came as a surprise.  No bitterness, it’s part of the game and not the first time in my 25 year IT career it happened.
I thought I would dust off the resume and be back to work quickly.  Boy, was I wrong.  I was not prepared for the ghosting and the lack of professionalism that is rampant in the market now.  I quickly learned that finding another remote job was not happening.  I changed my tack and applied only for local IT management roles.  Custom resumes for each role, follow ups, pinging hiring managers on LinkedIn…Still nothing.  Then I took a step back and gave it some thought.  
Fortunately for me, money isn’t a real concern for me.  We have invested well over the years and lived within our means.  It has afforded us the ability to pay cash for our current home and the 12 rental properties we currently own.  We have a pretty extensive stock portfolio as well.  Again, we have been fortunate.  We have tried very hard to pass these fiscal lessons on to our 10 kids. Yes, 10 kids.  We already know we’re crazy. No need to tell me.  =)
So, I decided to apply for individual contributor roles in tech support.  I have kept my skills sharp over the years.  I made it to two final rounds for two separate roles.  Job 1 turned me down because they said I was over qualified.  No kidding!  I went to great lengths to explain all of that.  I was taking a $90K pay cut.  I didn’t care about that. They still weren’t convinced.  Job 2 turned me down because I didn’t have a lot of experience with MS Server 2025.  They aren’t even using 2025 in their environment.  That job was an $80k pay cut.  No dice.  It was absolutely demoralizing.  I felt like a complete loser.  I couldn’t even get a low level IT job with multiple degrees and 25 years of experience.  What is this madness?  At 57, I figured I would just give up and retire early.
Then I was talking to my brother in law on the phone a few days later.  He was picking my brain about a bunch of IT stuff - infrastructure, IT security, endpoint security, MFA, VPN, MS licensing. He owns a successful construction consultancy company that he has grown to 50+employees in roughly 8 years and still growing.  I am going over solutions for his numerous issues and he says “I wish you could just do it all for me, but I know you’re busy with your own job.”  I hadn’t broadcast my layoff to the family.  I’m a pretty private person, especially about financial matters.  I explain my situation to my BIL and he asks me “Would you like a job? You can be 100% remote, name your hours, pick your title, set your salary.  It would be amazing to have someone with your expertise and experience that I CAN TRUST to handle our IT stuff.”  I am now the VP of Technology and Tomfoolery.  Told him I want that on my biz cards too!
So, while my story isn’t typical, I got the job offer for my dream job.  I wish you all the best of luck in this crazy job market.  Sometimes it is better to be lucky than good.
",2025-07,1927,Ghosting,LinkedIn,No,"I am going over solutions for his numerous issues and he says “I wish you could just do it all for me, but I know you’re busy with your own job.”  I hadn’t broadcast my layoff to the family.","IT Director, 5 YOE, laid off, shocked by ghosting and unprofessionalism. Eventually hired after switching to local roles. LinkedIn mentioned.",True
73,r/jobsearchhacks,https://www.reddit.com/r/jobsearchhacks/comments/1kxlzc1/this_is_the_biggest_job_search_hack_ive_ever/,This is the biggest job search hack I’ve ever discovered!,post,"STOP USING LINKEDIN TO FIND A JOB.

Do you people not understand that finding a job on LinkedIn is a lottery at this point. 

1 billion people use LinkedIn, half are looking to network the other half looking for a job.

Besides the website is full of ghost jobs that companies will never fill.

It’s good to network and find recruiters or roles of people in your network. Blindly applying for jobs on there is a waste of time. 

Do this instead, google all of your local companies, save them on a spreadsheet and go directly to their website and apply. The easier it is to apply, the more applicants will be submitted.

I still think LinkedIn is a great tool for many things, but at this point job hunting on there is almost fruitless.

Edit: oof looks like a struck a never with recruiters, please don’t DM talking shit I won’t respond ",2025-05,1421,"Confusing
UX",LinkedIn,No,"Do this instead, google all of your local companies, save them on a spreadsheet and go directly to their website and apply.",Argues LinkedIn is a lottery. Recommends going direct to company websites. Criticizes ghost jobs on LinkedIn.,True
74,r/jobsearchhacks,https://www.reddit.com/r/jobsearchhacks/comments/1ogfrhm/works_like_a_charm/,Works like a charm,post,"after getting ghosted by like… everything on Linkedin, I tried something new: actually messaging the hiring manager.

literally just said:

“Hey! I just applied for it. love what your team’s doing. hope to chat if there’s a fit :)” or something like that

no begging, no “dear sir/madam.” just normal human energy.  
 and suddenly people replied. like, actual humans?? lol

turns out the real hack isn’t fancy resumes. Its yourself lol

",2025-10,1180,"Confusing
UX",LinkedIn,No,"after getting ghosted by like… everything on Linkedin, I tried something new: actually messaging the hiring manager.","After being ghosted on LinkedIn, direct messages to hiring managers got replies. LinkedIn UX workaround.",True
75,r/jobsearchhacks,https://www.reddit.com/r/jobsearchhacks/comments/1me3u0m/it_seems_like_job_market_is_opening_up_a_bit/,It seems like job market is opening up a bit,post,"I am getting some responses lately and also getting pinged by company recruiters on LinkedIn. This week I have 4 interviews lined up. It's quite opposite to the last 4 months of complete silence, ghosting and automated responses.
Is anyone else seeing this ?

UPDATE: I got the offer today and I accepted it, after 3 months of my lay off. Keep at it folks, your good days are already here as well.",2025-07,847,Ghosting,LinkedIn,No,"It's quite opposite to the last 4 months of complete silence, ghosting and automated responses.",4 months of silence on LinkedIn then suddenly 4 interviews in one week. Got offer. Stop-start ghosting pattern on platform.,True
76,r/jobsearchhacks,https://www.reddit.com/r/jobsearchhacks/comments/1ktexgd/cold_messaging_on_linkedin_is_humbling_af/,Cold messaging on Linkedin is humbling af,post,"I've recently been panicking about my career trajectory and have been looking to pivot slightly in my field and thus have been frantically trying to find any jobs available and then panicking even more because there's none available (and those that are want you to have 5+ years of experience). 

Like one does, I went on Reddit for advice and then decided to try out the whole ""cold message"" thing people often talk about. Let me just say, I sent probably around 12 messages, 4 of these were via InMail, while the rest were along with a connection request. Only three were sent to recruiters or higher-ups in companies where I thought they could possibly offer a job. The rest were just people like me, working lower in the chain and generally without that many connections of their own. My messages basically boiled down to ""we have the same/similar educational background, I'm really interested in your line of work, would you mind sharing your experience?"". Jokes on me for thinking at least one person would respond. It's even worse when you can see that they have viewed your profile but just completely ghosts you. Like fuck me I guess lmao. 

Anyway, truly a humbling experience that I will not repeat and that was not worth it, but at least a job I applied for called me back and I have an interview booked. If I can land that job I'll be forever grateful. Good luck out there folks, times are tough! ",2025-05,790,"Confusing
UX",,No,I've recently been panicking about my career trajectory and have been looking to pivot slightly in my field and thus have been frantically trying to find any jobs available and then panicking even mor,"Cold messaging on LinkedIn had low success rate: 12 messages, 3 replies. LinkedIn outreach limitation and pivot anxiety.",False
77,r/jobsearchhacks,https://www.reddit.com/r/jobsearchhacks/comments/1lyxtf7/my_partner_and_her_family_severely_underestimate/,My partner and her family severely underestimate how bad the job market is,post,"I've (36M) been out of work for a few months now, and before then only temp and short term contract work here and there for the better part of a year and now I'm facing eviction. My partner is adamant that my inability to find work is due to inaction; that if I walk into places and ask if they're hiring, I would be hired on the spot (I've done this and they tell me to apply online) or that physically going into a staffing agency opposed to submitting online will greatly increase my chances of finding work (I've gone into several, and after weeks, ghosted). Because of this, her family has completely turned on me as well and have the same way of thinking: I'm not doing enough, so she should leave me. 

I apply to about a hundred places per day and receive hundreds of rejections right back. I've applied to literally every job level that I can think of from fast food, to janitor, to security guard, to garbage collector up to administrative and customer service positions that I'm qualified for that every single job board tells me I would be a ""top applicant"". I've had multiple recruiters tell me I'd be a great fit and then I get rejected. I've gotten multiple promising interviews that ultimately go nowhere. I've been ghosted. I've tailored my resume with the help of multiple people and online resume builders. 

I've been on the waitlist for just about every delivery gig app (Flex, Spark, Roadie) for so long that my driver's license is now expired and I can't afford to renew it.

Besides robbing a bank, I really don't know what more to do, but I know for a fact that none of this is due to my lack of trying, cuz GAHDAMN am I trying. 

Any advice/tips are appreciated.


Edit: I don't have a college degree, just a high school diploma with a few years of college, I have a background with years of experience in mortgage retail, as well as customer service/administrative/clerical 

My wife does not come from money, in fact her family struggled most of her childhood; she's a nurse and finding work for her is relatively easy 

",2025-07,789,Ghosting,,No,"My partner is adamant that my inability to find work is due to inaction; that if I walk into places and ask if they're hiring, I would be hired on the spot (I've done this and they tell me to apply on","Facing eviction. Partner does not believe market is bad. Walked into staffing agencies, they ghosted after weeks. Relationship strain.",False
78,r/jobsearchhacks,https://www.reddit.com/r/jobsearchhacks/comments/1rkr4e3/45_months_250_applications_and_180_ghosts_later_i/,"4.5 months, 250 applications, and 180 ghosts later… I finally got an offer",post,"**After 250 applications, 20 interviews, and 4.5 months of searching, I finally landed a job. Here’s exactly what worked for me.**

was laid off in October of 2025 and started my job hunt officially on October 14th. Here are my numbers:

**250 applications over 4 1/2 months**

•	50 responses

•	20 interviews

•	180 ghosts

•	1 offer

I was having moderate success going into the end of the year and then January really slowed down. By the end of February, I was getting about 1 interview a week. I just accepted an offer on March 3rd so here’s how I got it.

In terms of cold applications, I had a method I tweaked until I found it worked well for getting responses. However, I got this job through a recruiter in a confidential search so take these tips with a grain of salt. I’ll also post what I did to get this job at the bottom!

**Here is my cold application method:**

•	Have alerts on LinkedIn jobs

•	Apply within a few hours of posting

•	Also utilize indeed, hiring cafe and Charityvillage (I had less success with website applications like dayforce)

•	When applying, I chose which resume I wanted to use (I had two master resumes)

•	When writing my cover lettter, I took to ChatGPT with this prompt: “draft a cover letter according to this job description, using a recruiter lens, using the job description as a hint and include my UVP, using safe-hire language and make me stand out, no “I’m excited to apply”, include their top priorities”.

•	I then created and included a document or portfolio of what would be most useful to them customized for that organization. Sometimes it would be a 90 day plan, other times it would be a campaign brief. Also included several relevant work samples

•	After applying, I went on LinkedIn and found the hiring manager and either, sent a message, liked their post or sent a friend request

I found this method got a good percentage of responses and interviews, I had several second round interviews but alas no offers.

**Here’s how k got the recruiter led job:**

•	set “open to work” on linked in visible to everyone and that’s how the recruiter found me

•	I was 1 of 2 candidates so I made sure to ask the recruiter specific questions such as employers top priorities, what I should highlight, asked for job coaching and received a cheat sheet

•	For all of my interviews, I used ChatGPT to help guide my answers using risk reducing language, inserting my UVP and highlighting my strengths by talking about past examples with numbered results using STAR

•	Mirror their language and behaviour

•	I wore glasses (idk if this helped but i read wearing glasses makes you appear smarter)

•	I treated the interview like a conversation and broke the ice with small talk

•	Made my “tell me about yourself” a short story

•	Ask specific questions at the end that go further than just “how would I be successful” really make the questions feel like “can you map out your key priorities for this year”

•	After the interview, sent a 90 day one pager and some work samples

•	Mentioning another offer increased my demand and I got this offer almost immediately with a salary increase

What I think really helped in this entire 4 month process was getting my resume to where I wanted it to be.

**The most important aspects to remember when writing a resume are:**

•	use risk reducing language (position yourself as the safe hire)

•	Rewrite your responsibilities as achievements with metrics and results

•	Using a 1 column layout

•	Include your best achievements in the summary

•	Core skills section for passing ATS

I hope this helps someone, these past 4 months have been brutal but it’s over! If you have any questions I’m happy to go deeper.",2026-03,633,Ghosting,"LinkedIn, Indeed",No,"**Here’s how k got the recruiter led job:**

•	set “open to work” on linked in visible to everyone and that’s how the recruiter found me

•	I was 1 of 2 candidates so I made sure to ask the recruiter ","250 apps, 180 ghosts, 20 interviews, 4.5 months. Mentions LinkedIn and Indeed. Very detailed funnel breakdown.",True
79,r/jobsearchhacks,https://www.reddit.com/r/jobsearchhacks/comments/1o0fg6q/new_achievement_unlocked_leaving_this_subreddit/,New Achievement Unlocked: Leaving this subreddit 🎉,post,"I've finally gotten the job. After 8 months. 

This is a celebratory post. 

Here's what works: I have no idea. 

I've tried everything. Tailoring the resume for sure helps to get more interviews. But then you get ghosted after the interview instead of beforehand... But at least a response, right? So tailoring resume I can recommend. First I did it manually, then with an app later. No difference besides time spent. 

The job I got in the end was just luck. They rejected me initially but then offered me to apply to another role. Which I did and boom, I got the position. 

My last words: You got this. 

Don't loose hope. Goodbye everyone, I hope to see you never.",2025-10,576,Ghosting,,No,They rejected me initially but then offered me to apply to another role.,8 months to get job. Tailoring resume moved ghosting from before-interview to after-interview stage. Interesting progression.,False
80,r/jobsearchhacks,https://www.reddit.com/r/jobsearchhacks/comments/1knzvj0/it_really_is_a_numbers_game/,It really is a numbers game,post,"I finally accepted an offer last night after 5 grueling months of job hunting. For reference, I'm mid-career (5 years experience) in the HR discipline. 

Here are my learnings; hopefully they can help others in their search as well:

**1. As the title suggests, application volume is everything.** I was applying to roughly 20 applications a week, and even with referrals I was not converting above 4%. I know it's painful, tedious, and crushing to receive so many 'nos', but you have to wade through it to get the conversions. That's simply the job market we're in today. One role I applied to, I found out they had 9000 applications. Yes, you read that right.

**2.** **Apply early.** Every role that I got invited for a phone screen was one I had applied to within 3 days of the role being posted. Most all ATS will show the 'posted' date - look for that and try and stick to anything under 5 days. 

**3. Yes, you do need to practice interviewing.** One thing I found really helpful was taking the job description for the role I was interviewing for, throwing it into ChatGPT to generate behavioral and situational questions and then I crafted and practiced answering responses to each of those questions. I was amazed at how prepared that made me - nearly every question I was asked was similar to ones I had practiced answering. And when you do answer, remember to use the STAR method. It really does help keep you on track with your answer to avoid rambling. 

**4. Trust your gut.** You may get a bad vibe from an interview. Trust it. There were 4 opportunities I opted out of because they didn't feel right for one reason or another. Some flags I look out for include being late to the interview (bad time management), not having a salary band they'll share outright (lack of transparency), lack of defined KPIs they can share (don't know how the job helps business objectives), poor Glassdoor reviews (poor company culture), or unnecessarily long interview process (indecisive/too many egos wanting to be involved). Just keep your eyes and ears open - you'll know when something doesn't feel right. 

  
I truly wish each and every one of you good luck. I know it sucks - keep trucking. You got this. ",2025-05,552,"Complex
Application Process",Glassdoor,No,"Some flags I look out for include being late to the interview (bad time management), not having a salary band they'll share outright (lack of transparency), lack of defined KPIs they can share (don't ","5 months, HR professional, 4% conversion on 20 apps/week. Systematic process post with Glassdoor mention.",True
81,r/jobsearchhacks,https://www.reddit.com/r/jobsearchhacks/comments/1lv41nk/offer_after_10_months_of_unemployment_and_3/,Offer after 10 months of unemployment and 3 months of searching. Tips and chart included.,post,"Here is a rough look into my journey for this job hunt. I quit my job for multiple reasons in September 2024 with no plan, just a good amount of savings since I live like a peasant. I went hard with applications for the last few months. The first month was a complete waste of time, I just applied through LinkedIn/Indeed and didn't alter my resume between postings. Didn't get anything from this.

For the last two months, I started using Hiring Cafe instead of Indeed or LinkedIn (not a plug, Hiring Cafe is genuinely amazing) and used it to **heavily filter search results** and track my applications. I also **applied for postings made within 1-3 days** and I believe this was also a reason for getting much better interview rates. However, I did check postings **almost every day** as a result. Keep a steady grind on this.

Another strategy I started implementing was tailoring my resume to job postings I thought I had a strong chance with. Rather than blanket applying, I stuck to about 2-4 applications per day and **replaced key words in my resume with the job posting towards positions that I already had a chance with.** This would take about 5-10 minutes each and I put a good amount of thought into them. This alone got me about 5 first interviews with only 40 applications which is a decent ROI, especially considering I didn't get a single one with my first \~100 applications. Applying directly on the website is often recommended and I strongly agree with this, **all of my interviews were from direct applications.**

I also recommend **using a browser application autofiller tool for the usual information** like phone number, address, diversity, etc to save time. This alone saved me many hours of repeating the same information, as well as retaining my sanity while searching.

I also mistakenly turned down a few 1st interviews because low pay/relocation but in hindsight, I got better at interviewing with each one I did. **Take every interview opportunity possible and treat them as practice.**

Funny enough, the offer I finally got was a much better opportunity than the ones I got rejected from. Keep pushing on every opportunity so you have the most to pull from. Something that gave me a lot of confidence for the future is that **being rejected doesn't mean you can't get that role**, it means there wasn't a fit on their end or they lack good judgement on what they want from the candidate. The offer I got is for highest paying job with the most senior position out of all the interviews I did. I even got ghosted after the second interview from a low paying startup company that required onsite 50-60 hours per week, but got an offer for a hybrid position paying much higher with top benefits.

Take from this post what you will, but this is everything that worked for me. Keep moving forward!

https://preview.redd.it/1qxjfy2mlqbf1.png?width=2400&amp;format=png&amp;auto=webp&amp;s=d5100f6f9afa40714b8498daed727bb01e216b1d

",2025-07,546,"Confusing
UX","LinkedIn, Indeed",No,"Applying directly on the website is often recommended and I strongly agree with this, **all of my interviews were from direct applications.**

I also recommend **using a browser application autofiller",Switched from LinkedIn and Indeed to Hiring Cafe. Detailed funnel data. Good platform comparison.,True
82,r/jobsearchhacks,https://www.reddit.com/r/jobsearchhacks/comments/1s8pk7w/i_started_treating_networking_events_like_coat/,"I started treating networking events like coat check and it got me more useful conversations than any ""tell me about yourself"" opener",post,"I got laid off in November from a mid level operations job and spent the first two months doing what everybody says to do. Applications, follow ups, resume tweaks, fake cheerful LinkedIn posts, the whole depressing buffet. I was getting a few recruiter calls, but nothing stuck. Around January my friend dragged me to one of those local industry mixers at a hotel bar and I remembered instantly why I hate them. Everyone somehow looks both underdressed and overdressed, every conversation begins in the exact same dead-eyed way, and half the room is pretending they are not scanning your nametag for clues about whether you are worth five minutes. I almost left, but I had checked my coat and the line got stupid long. So I ended up standing near the coat area for like twenty minutes watching people come and go. That is when I noticed something dumb. People were way more relaxed for the ten seconds before and after a conversation than during one. They would come over, exhale, make one honest comment, grab their scarf, laugh about the venue, ask if the desserts were bad, whatever. No pitch voice. No polished bio. Just normal. So at the next event I more or less camped near coat check and the side tables instead of throwing myself into the center of the room like a desperate salmon.



It sounds ridiculous, but it worked weirdly well. Instead of opening with job stuff, I’d end up talking to people while they were digging for a claim ticket or balancing a plate with tiny cheesecakes on it. The conversations started more human and then sometimes turned into work naturally. One guy complained that his sales team kept promising delivery timelines nobody in ops had approved. That was literally my old world, so we talked for fifteen minutes. A woman I chatted with while both of us waited for the bartender ended up forwarding my resume to her director because, in her words, I “seemed like a person who can stand near chaos without becoming part of it.” That sentence has done more for me than any cover letter. I’m not saying lurk by coat check like a Victorian ghost. I’m saying there are parts of events where people drop the performance for a minute, and if you catch them there, you get the version that actually talks back inste ad of the networking robot one.",2026-03,542,"Confusing
UX",LinkedIn,No,"A woman I chatted with while both of us waited for the bartender ended up forwarding my resume to her director because, in her words, I “seemed like a person who can stand near chaos without becoming ",Started networking events after months of failed applications. LinkedIn posts described as fake cheerful. Platform fatigue.,True
83,r/jobsearchhacks,https://www.reddit.com/r/jobsearchhacks/comments/1pbvevk/after_months_of_applying_here_is_what_finally/,"After months of applying, here is what FINALLY worked / things I started &amp; stopped doing!",post,"After a few months of unemployment, I can finally speak to what worked. For context, I live in the US and work in corporate. I won't go on &amp; on about how bad the job market is, but I want to share a few tips.

1. Your mindset and mental clarity is all you have. Prioritize it.

The most important job search hack in my opinion is prioritizing your mindset about all of this. You may be rejected due to something out of your control, but you have to remember who the *talent* is in all of this. It's you. These companies need you more than you need them. Remember that. 

This is easier said than done. I'm naturally a big mindset person, so I will acknowledge this priviledge, but I cannot stress enough how important it is to take time to rest, rejuvenate, stretch, make time for community, read, be inspired, laugh, dance, cry, take a steamy hot shower, take an ice cold shower. Live. Your. Life. I promise everything will be okay, but you need to keep living, keep moving even if in the back of your mind you're scared and anxious. You *have* to start telling yourself everything will work out.

Now, on the stuff you actually want to hear, lol.

2. Many people skip this step and go straight to applying. Please dedicate an evening or morning (whenever you feel the most inspired) to reflect on your career. What elements of your previous or current role(s) did you enjoy? What gave you energy? What would you like to do more of? What did you dislike? Identify what felt like you had to do vs. got to do.

You should be thinking about the type of workplace you want to join. Identify the industries you'd like to work in whether that's media, government, tech, finance, etc or the field/discipline such as customer success, accounting, wholesale, social media marketing. What do you need from a workplace to feel secure and successful? Do you want to work remotely? Do you need a Manager who is a bit more hands-on? 

  
Having clarity on this stuff will help a ton when it's time to actually begin the job search. You'll also know what to listen for in interviews. Interviewing is a two-way street.

  
You control your career and the narrative. Dedicate some time to getting clear on what you want, even if it's just a 30k pay raise.

2. If you're not getting interviews AT ALL, please close LinkedIn and take a  good, hard look at your resume. 

Resumes should be clean, professional, stacked, no photos, remove your grad year. People read from left to right in black &amp; white. Focus on quantifiable achievements. Speak to what you can do, not just what you've done - speak highly of yourself. Hyperlink your portfolio if you have one. Cover letters are pointless.

3. The best way to prep for interviews to prep a few career anecdotes about projects you've led or supported; think about the bottlenecks, achievements, and what you've learned from said projects. 

4. The most important interview question is ""tell me about yourself"" and it sets the tone for the entire interview. This is where you use the information from your career clarity session to craft a nice, engaging story about your career. Always link your roles to a common thread and how it has directly prepared you for the role you're interviewing for.

You have to stop centering the job opportunity, the market, the recruiter who ghosted you and start centering yourself. Your mindset, your narrative, your career goals, your confidence. Pour into yourself and the right opportunities will show up.

Things I STOPPED doing:

5. Stopped reaching out to hiring managers and recruiters after I applied to ""further express my interest."" I like to let my application (resume and portfolio) speak for itself. 

6. Stopped sending thank you notes, I thank them for their time in the interview and once hired.

7. Following up after interviews, i'm not chasing a recruiter to respond. That's not my job. If they want me, I'll know.

8. Cover letters - I like to take basic elements of a cover letter (storytelling, weaving my experiences together, highlighting achievements, etc) and add that to my resume.

9. Consuming media about how bad the job market is. 

  
Oh, and one last thing: please, please, PLEASE raise your salary expectations.

  
Good luck.",2025-12,525,"Complex
Application Process",LinkedIn,No,"I'm naturally a big mindset person, so I will acknowledge this priviledge, but I cannot stress enough how important it is to take time to rest, rejuvenate, stretch, make time for community, read, be i","Mindset tips, LinkedIn optimization, direct company applications after months unemployed. Practical process guide.",True
84,r/jobsearchhacks,https://www.reddit.com/r/jobsearchhacks/comments/1lmwu0e/how_to_find_a_job_in_this_current_job_market/,How to find a job in this current job market,post,"I thought I was doing everything right.

After getting laid off, I updated my resume, fixed my LinkedIn, and started applying like crazy. I was sending out 20 to sometimes 50 applications a day. Some days more. I’d write cover letters, tweak keywords, even research each company before hitting submit. And nothing.

No callbacks. No interviews. Just auto-replies (when I was lucky) because most of the time I got ghosted lol. It messes with your confidence, ngl

I started wondering if it was me, or just the market right now. The weird thing is that so many people are saying “there are jobs everywhere!” and yet, actually landing one feels impossible.

So I stopped relying only on job boards and started trying other methods. Joined job groups, networked more, and sometimes even started using a smart applier tool to handle looking for job posts that matches my reaume while I focused on interview prep and rest (because burnout is real).

The funny part is the less emotional effort I put into every single application, the more responses I started getting. Still not ideal, but I finally got past that dry spell and booked a few interviews last week.

Not saying I cracked the code, but if you're stuck like I was and try switching up your approach. Save your energy for the parts that really need you.

This market’s tough. You’re not alone.",2025-06,503,Ghosting,LinkedIn,No,"Joined job groups, networked more, and sometimes even started using a smart applier tool to handle looking for job posts that matches my reaume while I focused on interview prep and rest (because burn","Updated LinkedIn, sent 20-50 apps/day with tailored cover letters, mostly ghosted. Classic ghosting confusion.",True
85,r/jobsearchhacks,https://www.reddit.com/r/jobsearchhacks/comments/1n8o2mt/got_ghosted_by_a_startup_after_flying_out/,"Got ghosted by a startup after flying out, presenting a 30-60-90 plan, and basically doing free consulting",post,"I recently interviewed for a C-suite role at a small diagnostics company. I did multiple rounds of calls, flew out to meet the team, had lunch with the interim CEO and lead investor, and followed up with a detailed 30-60-90 day plan at their request. I was fully transparent, professional, and engaged.

Then... silence. For two weeks.

No rejection, no update, no reimbursement.

Just dead air until the recruiter I was working with chased them down and got a canned email sent to me saying “thanks, let’s stay in touch,” and only then did they offer to reimburse (after promising earlier that they'd handle all travel costs).

What makes it worse is that in the rejection email, they basically downplayed my work by saying my ideas ""aligned with what they were already planning to do."" Okay… then why were you hiring a executive? If this is what you are planning on doing then why have you already cycled through 2 CEOs? And if this was truly already your plan, why ask me to do unpaid strategy work?

They got free strategic input and. The whole thing has left a bad taste in my mouth. **I would like to send an invoice for the time it took to put together the 30-60-90 day plan. Not expecting payment, but just to make a point.**

Has anyone ever sent an invoice for this kind of thing.

 ",2025-09,460,"Complex
Application Process",,No,"Just dead air until the recruiter I was working with chased them down and got a canned email sent to me saying “thanks, let’s stay in touch,” and only then did they offer to reimburse (after promising","Flew out for C-suite role, presented 30-60-90 plan, did free consulting, then ghosted and no reimbursement. Extreme process exploitation.",False
86,r/jobsearchhacks,https://www.reddit.com/r/jobsearchhacks/comments/1shnmqa/some_job_search_hacks_that_are_actually_working/,Some job search hacks that are actually working right now (April 2026),post,"Been reviewing resumes and talking to recruiters for years. Here's what's actually working now, not the generic stuff.

**The LinkedIn 1-hour URL trick**  
When searching for jobs on LinkedIn, the default ""past 24 hours"" filter uses `f_TPR=r86400` in the URL (86,400 = seconds in a day). Change that number to `3600` and you instantly see jobs posted in the last hour. Being in the first wave of applicants dramatically increases your chances. A Microsoft recruiter confirmed early applicants get prioritized.

**Google for Jobs is seriously underrated**   
Based on 600k tracked applications, Google for Jobs has roughly a 10% application-to-interview conversion rate. That's about 3x better than LinkedIn. It pulls directly from company career pages, bypasses third-party filters, and has way less competition per listing.

**Target recently promoted people, not executives**   
Senior leaders at desirable companies get hundreds of connection requests. They ignore almost all of them. Instead, connect with people who just got promoted at companies you want to work for. They're expanding their teams, motivated to network, and way more likely to respond and refer you internally.

**Mirror the job posting language exactly**   
ATS systems don't recognize synonyms. If the posting says ""cross-functional collaboration"" and your resume says ""worked across departments,"" you might get filtered out before anyone reads it. Copy the exact phrases from the job description into your resume. It's not gaming the system, it's speaking the system's language. Tailored resumes get roughly 2x the interview rate of generic ones.

**The thank you email nobody sends correctly**   
61% of candidates get ghosted after interviews. A generic ""thanks for your time"" email does nothing. Instead, send something that adds a specific thought you had after the conversation, a relevant insight, or a brief answer to a question that came up. It takes 10 minutes and almost nobody does it.

**Apply to jobs with 3 or fewer applicants**   
On LinkedIn, switch to ""New"" sort order and filter for recent postings. Jobs with under 3 applicants and posted 1-2 weeks ago are the sweet spot. High chance they haven't found someone yet and low competition.

Happy to answer questions.",2026-04,440,"Confusing
UX",LinkedIn,No,"**The LinkedIn 1-hour URL trick**  
When searching for jobs on LinkedIn, the default ""past 24 hours"" filter uses `f_TPR=r86400` in the URL (86,400 = seconds in a day).","April 2026 hacks: LinkedIn 1-hour URL trick, Google for Jobs underrated. Recruiter-informed platform optimization tips.",True
87,r/jobsearchhacks,https://www.reddit.com/r/jobsearchhacks/comments/1slvzst/i_went_from_no_jobs_opportunities_to_recruiters/,"I went from no jobs opportunities to recruiters hunting me, then nailing interviews",post,"Was searching for a job for over 3 years, starting in 2023. Took a mediocre job after applying to over a thousand. In 2024 I took a hybrid, to survive, 45 minute commute each way. Stayed there for 1.5 years. Got 2 remote job offers in the same week once I figured out how the algorithm worked.

The startup I worked for went under in 2023, had to search for a new job, began my job search, got ghosted/rejected for a lot until 2026. Had good interviews with major (Microsoft, Anthropic, Etc.) enterprise companies, but learned what I was doing wrong.

This is what finally got me past the hump. FINALLY I was interviewing with 5 companies at one time (coming from no interviews) and still get a ton of recruiter outreach. Got two offers in one week, took one for fulltime employment.

Here are my tips:

1. LinkedIn is a search engine for recruiters.
2. **This is the most important one.**

Yes, it's reiterated a thousand times on here.  
But stop applying for jobs, let recruiters reach out to you instead.  
After countless applications (over 1,000, i had a list), I learned LinkedIn is being used as a search engine to find job candidates, not to help you find jobs.

What I did was ask Claude and ChatGPT to review the different versions of resumes I had. I had a few with different title and responsibilities.

Doesn't matter if my job title was director or manager, I asked it to find a common theme amongst the jobs, assign a job title that matched all of them, then tie in the most relevant job descriptions. This gave me a precise direction and role that I could study for and target during job interviews.  
What that did was create a resume that showed consistent job titles (Think jr. architect, Sr. Architect, Principal Architect)  
My resume was ""Hotel Manager"" ""Senior Project Manager"" ""Jr. IT Manager""  
But changed my resume to ""Business Manager"" ""Operations Business Manager"" ""Senior Business Manager""  
Why does this work? I don't know. I can assume it's the repetition of title of business manager (could be anything for your field) but may also be the progression of growth.  
It kept my job descriptions, but revised it for the title.

I get 4-5 recruiters every business day reaching out asking me if I'd apply for a job. I kept reading posts on here about people using LinkedIn as a search engine, it's true. If I left my job today, I would have another job shortly after based on the amount of recruiters that reach out.  
This is the most annoying thing ever but it works. Read more to understand how I catered my resume for job searches.

2. Your Resume  
List everything. Seriously, if you made it this far you now understand that LinkedIn is a job candidate searching site, not a job searching site. Your resume and experience are what make you find-able. I listed everything I did at each company, my resume and job descriptions is 5 pages long.  
List what software you used, how you used it, and what you did with it, with metrics.  
For example, excel: Brought advanced excel formulas and calculations that allowed the support team to determine the number of tickets they were closing related to bugs, allowing the manager to determine the root cause to address, reducing ticketing volume by 50%.

Don't know the exact numbers? Guess, but make sure you know them for the interview.  
They will ask you how you reduced support tickets (or whatever metric you post), you MUST know those numbers to reiterate to them.

3. Your interview:

You are the expert.  
I bombed almost all of my interviews without knowing it.  
I thought I was good. We would have good conversation, laugh, I'm a people person. They don't care. They interview 10 people a day, some are great at conversation, some are weird. What they are looking for is someone who knows more than them; that's why they're looking for a candidate.  
I was friendly, I was nice, during all my interviews. I started being assertive, almost a know-it-all dick. ""I know more than you and I can show it"" mentality. Maybe it was the non-stop interviews with 5 companies over 2 weeks, but I became jaded.  
Show nervousness? Sign you don't know anything. Channel your ""I know everything, you know nothing"" inner-self.  
If you know a software pretty well, tell them how they use it.  
I like to ramble, but when I was telling folks how to navigate difficult scenarios (building custom formulas instead of trying to build workarounds) they respected it.  
Be calm, be the expert. Don't try and fit the mold or job description, tell them what you can do and how you can do it.  
One company asked, ""How would you configure these security settings?""  
I told them I didn't know the exact scenario on how to do that.  
Then told them that I would look that up, and how it could be configured many different ways, but a workaround for it would be ""xyz"". Then said anyone who knows this software should know how to do that.  
This put it on them to ask future candidates if they knew how to do complex workarounds.

\---

That's it. That's my job search hack. I get 4-5 recruiters in my inbox every day still.  
**Here's my TLDR:**  
Linked-in is a search engine, write everything you can into your job description.  
Your resume should have consistent job titles, plug it into multiple AI agents to figure out which one is most relevant.  
During an interview, be the expert and be assertive, don't try and be their friend, show knowledge and outclass them.

  
\*\*\* EDIT: When you do get invited for an interview, still cater your resume for the job description, research the company for talking points, have catered questions, etc.

Feel free to give input, but this was the formula that worked for me after being unemployed at a shit job in the interim.",2026-04,421,"Confusing
UX",LinkedIn,No,"For example, excel: Brought advanced excel formulas and calculations that allowed the support team to determine the number of tickets they were closing related to bugs, allowing the manager to determi","3 years searching, figured out LinkedIn algorithm. Got 2 remote offers same week. Describes platform visibility learning.",True
88,r/jobsearchhacks,https://www.reddit.com/r/jobsearchhacks/comments/1pt75ak/i_got_hired/,I got hired :),post,"I got piped and was unemployed for 2 months. Cold called and cold emailed. Feel blessed to have landed a job so soon especially in this tough market


Applications: 751
Rejections: 435
Ghosted: 279
Phone Screening / Assessments : 37
1st Round Interviews: 23
2nd Round Interviews: 8
Final Round Interviews: 7
Offers: 4",2025-12,385,Ghosting,,No,"Feel blessed to have landed a job so soon especially in this tough market


Applications: 751
Rejections: 435
Ghosted: 279
Phone Screening / Assessments : 37
1st Round Interviews: 23
2nd Round Intervi","751 apps, 279 ghosted, 435 rejections. Got 4 offers. Cold calling and cold emailing worked. Clean application funnel data.",False
89,r/jobsearchhacks,https://www.reddit.com/r/jobsearchhacks/comments/1qit5fz/recruiters_kept_ghosting_me_until_i_started/,Recruiters kept ghosting me until i started asking this one specific question,post,"ive been having the worst luck with recruiters just disappearing mid-convo. usually my outreach is just ""hey i saw the job looks like a fit let's talk."" total crickets. Well i tried something weird. i started asking ""id love to understand the top 3 skills ur prioritizing... what is the hiring managers biggest pain point right now?"" it feels a bit ""extra"" to ask that but i swear it worked. i got a reply in like two hours. it wasnt a full interview yet but it was a real thoughtful answer from a human being. i think it makes them actually look at the JD instead of just scanning for keywords. suddenly the convo felt real instead of just me begging for a job. has anyone else found a specific phrase that actually triggers a reply??",2026-01,370,Ghosting,,No,"what is the hiring managers biggest pain point right now?"" it feels a bit ""extra"" to ask that but i swear it worked.",Started asking recruiters about pain points instead of generic outreach. Got replies instead of silence. Anti-ghosting technique.,False
90,r/jobsearchhacks,https://www.reddit.com/r/jobsearchhacks/comments/1mom796/after_6_months_i_finally_landed_a_job_hope_this/,"After 6 months, I finally landed a job, hope this information helps you guys!",post,"I just got the offer letter, and I'm sitting here crying because I made a post here around a month ago asking if any of you guys have tried the Ai powered job sites that are popular right now. Only got a few responses, someone mentioned jobleads which was like 70$ a month, and then obviously jobbright. A user at the time dmed me with a product he made that he was testing, fetchmejobs(I can't link it here so I'll link it in the comments) that basically takes your job preferences, and scrapes job boards a few times a day and notifies you. Gave me a free month of it, and the sheer difference in response rate was crazy. Everyone here always says that the best time to apply is when you see the job, and its actually true!

Anytime I'd get an email from fetchmejobs I'd just instantly apply, and at the very least I wasn't getting ghosted. Out of maybe the 70ish i applied to, i easily got a majority to respond (I didn't keep track), and I got 2 companies to give me an interview so far. I'll screenshot one of the emails i got from a company and post it below.

This isn't an ad, I don't get any money from this, I was desperate and to be honest, I have no clue where I'd be if I didn't make that post a month ago and if that user didn't dm me.

I hope this helps some of you, just wanted to share my experience. It feels so nice to be seen.

https://preview.redd.it/ck5lr7sktnif1.jpg?width=1870&amp;format=pjpg&amp;auto=webp&amp;s=8840809119c68ffa4ccaec86dd571a111a3f83a7

",2025-08,358,"Confusing
UX",,No,"A user at the time dmed me with a product he made that he was testing, fetchmejobs(I can't link it here so I'll link it in the comments) that basically takes your job preferences, and scrapes job boar",Used AI-powered job scraper fetchmejobs after months on standard platforms. Got offer in 6 months. AI platform effectiveness review.,False
91,r/jobsearchhacks,https://www.reddit.com/r/jobsearchhacks/comments/1rx2kzm/i_sent_a_onepage_problem_breakdown_instead_of_a/,I sent a one-page problem breakdown instead of a resume and got a response in four hours,post,"For context I had been applying to jobs the normal way for about three months with a pretty solid resume and a decent cover letter template I kept adjusting. Response rate was okay but nothing exciting, mostly silence or automated rejections from companies I was genuinely interested in.

Then I came across a listing for a content strategy role at a mid-sized SaaS company I had been following for a while. I actually used their product, knew their space reasonably well, and had spent enough time on their website and socials to notice some pretty specific gaps in how they were positioning themselves to one particular segment of their audience.

Instead of sending my resume I spent an evening putting together a single page document. Not a cover letter, not a resume. More like a short brief. I described the gap I had noticed, why I thought it was costing them, and outlined three concrete directions they could take to address it. Nothing too detailed, I wasn't doing free consulting, just enough to show I understood the problem and had a way of thinking about it.

At the bottom I added two short paragraphs about my background and why I was relevant. Literally the last thing on the page.

I sent it directly to the hiring manager on LinkedIn with a short note saying I had seen the role and thought this might be more useful than a standard application.

They responded in four hours. The hiring manager said it was the most ""immediately useful"" application she had recieved for that role. I went through three rounds, got the offer, and during the debrief she mentioned they had recived over two hundred applications through the normal portal.

I've recomended this approach to four friends since. Two of them got interviews from companies that had previoulsy ghosted their standard applications.",2026-03,350,"Confusing
UX",LinkedIn,No,"I actually used their product, knew their space reasonably well, and had spent enough time on their website and socials to notice some pretty specific gaps in how they were positioning themselves to o",Sent one-page problem breakdown instead of resume. Got response in 4 hours. Alternative method that beats standard platform UX.,True
92,r/jobsearchhacks,https://www.reddit.com/r/jobsearchhacks/comments/1lvgc1v/4_ways_to_maybe_get_a_job_before_it_even_shows_up/,4 ways to maybe get a job before it even shows up online,post,"job goes live  
30 seconds later already 100 people applied its that cooked

here’s some stuff i tried that worked (for me atleast) 

1. follow companies you actually wanna work at. like on social media. sometimes they post “we’re hiring soon” or “team expanding” before the job’s up. that’s your window
2. don’t wait for HR. try to find the manager of the team and send them a chill message. like “Hey! saw you’re working on X, if you’re hiring soon i’d love to send my cv” don’t make it weird
3. expired job posts are gold. if you see a job that’s gone now, look at what it was asking for and email them like “if you’re still looking for someone with this skillset i’d be happy to connect” it worked once
4. lurk in the same spaces they do. comment on their posts, share something relevant. annoying maybe but it helps when your name pops up again later

anyway i’ve been ghosted more times than i can count but doing this actually got me 2 interviews so might be worth a shot

what other hacks y'all been using that got you interviews.",2025-07,331,"Confusing
UX",,No,"annoying maybe but it helps when your name pops up again later

anyway i’ve been ghosted more times than i can count but doing this actually got me 2 interviews so might be worth a shot

what other ha","Tips for finding jobs before they go live: follow companies on social, message managers, check expired posts. Pre-platform strategy.",False
93,r/jobsearchhacks,https://www.reddit.com/r/jobsearchhacks/comments/1rw4n31/i_started_asking_what_usually_makes_people_get/,I started asking what usually makes people get rejected for this role and it made interviews way less random,post,"This was not some genius move, I started doing it because I got tired of leaving interviews feeling like they went fine and then getting the same dead little email a week later. Not a disaster, not a ghosting, just that they were moving forward with other candidates. A recruiter I had a decent call with a few months ago said something offhand that stuck with me. She said most people finish an interview trying to sound interested, but very few try to find out what actually knocks people out. Since then, near the end, once the conversation is clearly wrapping up, I ask some version of this: based on what you have seen so far, what usually separates the people who move on from the people who do not for this role? It does not come off aggressive if you say it normally. And people answer way more directly than I expected. One hiring manager told me they liked strong backgrounds but rejected people who stayed too high level and could not explain how they handled messy handoffs. In another one, the recruiter said the team was nervous about hiring someone who needed a lot of structure because the manager was pretty hands off. In one interview loop they admitted the real issue was that people kept sounding excited about the company but had clearly not understood what the job was day to day. That one probably saved me, because I changed how I answered in the next round and talked more about the boring operational part instead of trying to sound visionary. I still get rejected, obvi ously, but I feel less like I am guessing what game I am playing. Also it makes it easier to decide when not to keep chasing something. A couple of times the answer itself made me think yeah, this is probably not a fit for me actual ly.",2026-03,329,"Complex
Application Process",,No,"Since then, near the end, once the conversation is clearly wrapping up, I ask some version of this: based on what you have seen so far, what usually separates the people who move on from the people wh",Asks what causes rejections near end of interviews. Gets more useful signal. Interview process improvement technique.,False
94,r/jobsearchhacks,https://www.reddit.com/r/jobsearchhacks/comments/1s2eo3g/companies_are_posting_fake_jobs_to_figure_out_how/,Companies are posting fake jobs to figure out how little they can pay you.,post,"It's no secret a large portion of LinkedIn job listings are fake (around 27% to be specific). But the real question is why are companies posting these to begin with?

There are a few reasons:

1. Companies post a fake role, collect thousands of applications, and use the salary expectations candidates submit to figure out the lowest possible number they can offer their actual hire. You're not a candidate. You're free data.
2. Companies post a ghost role to scare their own employees into working harder. 77% of managers admit fake listings increase productivity. We've all been a little nervous seeing our exact role pop up on the company's own careers page.

**How to spot a ghost job:**

1. Posted 30+ days ago with zero updates
2. Same listing keeps reappearing
3. Not on the company's own careers page
4. Nobody at the company currently holds that title

**How to filter them out:**

1. ""Past Week"" only. Non-negotiable first filter.
2. Turn Easy Apply OFF. Frictionless applications attract thousands of resumes. 
3. Check applicant count. Under 25 on a fresh posting move fast. Over 200 time is better just skipping. 
4. Company size 1-200. Startups don't usually have time to come up with fake listings. 
5. Cross-check their careers page. Not listed there? Move on.
6. Find the hiring manager not HR, not a recruiter, the actual person you'd report to and message them the same day you apply.

  
",2026-03,300,"Possibility
of Scam",LinkedIn,No,"Companies post a fake role, collect thousands of applications, and use the salary expectations candidates submit to figure out the lowest possible number they can offer their actual hire.","27% of LinkedIn listings are fake. Three reasons: salary benchmarking, scaring employees, appearing to grow for investors.",True
95,r/jobsearchhacks,https://www.reddit.com/r/jobsearchhacks/comments/1qn0s74/i_wish_linkedin_did_this/,I wish LinkedIn did this,post,"I wish LinkedIn and other job boards had an option for job seekers to leave feedback that displayed prominently on company pages:

\- Rarely responds to job applications

\- Frequently ghosts applicants after the first interview

Maybe if companies were held more accountable for their hiring practices, job searching wouldn’t be so exhausting.

What other hiring insights would you want to see  on companies’ Insights tab?",2026-01,301,"Confusing
UX",LinkedIn,No,"I wish LinkedIn and other job boards had an option for job seekers to leave feedback that displayed prominently on company pages:

\- Rarely responds to job applications

\- Frequently ghosts applican",Wishes LinkedIn had public accountability ratings for companies that ghost. Platform transparency feature request.,True
96,r/jobsearchhacks,https://www.reddit.com/r/jobsearchhacks/comments/1oblyv0/i_used_all_of_the_ai_job_application_autofill/,I used all of the AI job application autofill tools at once to see if any of them work- I am coming back to share my results,post,"If you saw [my previous post](https://www.reddit.com/r/jobsearchhacks/comments/1nefo1k/i_am_going_to_experiment_with_all_of_the_ai_job/), I was basically desperate to get a new job after grinding it out for more months than I care to admit in the job market. Those those who don't care to review the original post, here was the gist of it:

*I am going to experiment and see if any of these AI tools actually work. I will pay for the best plan I can for less than 50/month for each tool. I will then spend only 1 month using each tool to its max capacity and then cancel all of the plans and evaluate from there. Here are the tools I am going to try:*

* *LoopCV*
* *Sonara*
* *LazyApply*
* *ApplyGenie*
* *AIApply*
* *JobHire*

After reading some of the comments on my original post, I also decided to add Simplify and Jobright to my list of tools to test. I will be sharing my full results with you all here to let you know how things went for me.

# LoopCV

I used the Standard Looper Plan and got 100 job applications. LoopCV had a decent amount of third-party job boards to which it could connect. Some I recognized like USAJobs and LinkedIn, and others I didn't recognize like Xing.

I set up my profile and put in some basic filters. The user experience was simple enough. I first got greedy and started with a ""Remote"" filter. This led to zero matches for me. I then filtered for jobs in my local area, the DMV area outside of DC. I still didn't get a single match. I tried making some other toggles to my profile, but I am not looking to relocate for work, and I had a strong preference for remote work if I can get it. I understand remote work maybe is asking too much, but I at least don't want to have to move. Because LoopCV never could give me a single match that was either remote or geographically within an hour of me, I was never able to fully use this tool. I never got one relevant match.

**Result**: 0 interviews, 0 offers

# 

I used the Basic Plan. From what I could tell, it covered seemingly unlimited job applications. If there was a limit in applications, I didn't hit it. It was unclear where it was posting these applications- I couldn't see links to the third-party job listing sites where Sonara connected.

Overall it was a pretty smooth interface, but it never allowed me offsite to see where the application was actually posted. I did get email confirmation when jobs were applied directly from employers themselves so maybe it was submitting applications on employer sites directly? One limitation was I could only browse jobs I was matched with by Sonara- there was little to no search capacity if you didn’t like you recommendations. I did end up applying to about 40-50 jobs using this tool. I wanted this one to work because the interface was simple and easy to use, but it just didn’t get any interviews. Of all of the tools I used that got no interviews and in the end, no results, this was my favorite. It really is a shame I got no traction from it.

**Result**: 0 interviews, 0 offers

# LazyApply

LazyApply's only option was to buy an annual plan, which even for a basic plan, would require me to go over my 50 limit I set in the beginning. It wasn't a crazy amount but I wasn't willing to spend more than 50 on any one tool just to test it out.

# ApplyGenie

They didn't have a monthly plan- you pay for number of job application automations you want. I paid for 100 job applications. There was a cheaper option also, and they do give you 10 for free just for signing up. I was able to browse jobs on LinkedIn and a couple of other job listing sites. It looked like their Indeed connection was down.

Overall the experience was pretty smooth, and I could either auto-apply or auto-fill if I wanted to review the AI responses first before submitting. Their search filters could be a little glitchy, but I was able to make it work. It recommended a job title for me that was pretty accurate and recommended jobs similar to that title. It gave me a score of how likely I was to get an interview based on my resume. My biggest critique is right now the auto-apply is only for LinkedIn jobs. For other listing sites like VentureLoop it can recommend jobs, but not auto-fill the applications.

I used the full 100 jobs I paid for, and got 2 interviews. One interview was an AI interview first round where I was literally talking to an AI bot (I never got a call back). For the other interview, I got to talk to an HR rep and got to the second round, but then got completely ghosted between the 2nd and 3rd rounds. I promise I'm not a terrible interviewer.

**Result**: 2 interviews, 0 offers

# AIApply

I used the Starter Plan. I was prompted to either connect LinkedIn or upload my resume. I did have to pay a little extra for the autoapply feature, but it wasn't that much extra and I decided to do it because I already paid the base amount. I believe there was no limit on number of applications once you paid.

Overall, the tool didn't just fill out job applications but also created AI resume and cover letters for my profile. I was able to mass apply to at least 70 or 80 jobs. The problem was they were sort of generic and not necessarily fitted by role. The quality of the applications was definitely let's just call it ""AI-detectable"". I should mention it took a few days for the automations to actually run once started, which is tough if I am trying to get ahead of the curve on time-sensitive applications. Who knows- maybe some were early but they are basically applying on their own time and you aren't picking each role or personally approving each application. The tool was a little glitchy in stretches, and in the end I didn't get a single follow-up. I just think in today's world it has to be a little more customized for each application to try to get away with an AI resume or something like that.

**Result**: 0 interviews, 0 offers

# JobHire

The Starter Plan had a temporary promotion that I took advantage of to keep it in my range. It included up to 40 job applications/day. It was unclear what the full list of third-party job listing sites it connected to were.

JobHire had an AI tool for cover letter and resumes too, but it was pretty weak and wouldn’t recommend. The tool applied to a lot of jobs, but most weren’t relevant or good matches- was a pure blast it out there numbers game. The roles weren't even relevant. It was like a pure shotgun approach. Dentist? Teacher? General Manager? Sure, why not apply. It could also apply while you’re not there and do it en masse. I ended up applying to more than 400 jobs which was cool, but most jobs didn’t feel like remotely good or relevant fits, and I didn’t get any interviews or callbacks.

**Result**: 0 interviews, 0 offers

# Simplify

Simplify was completely free and I didn't pay them any money. I used this one at the recommendation of someone from the previous Reddit post. For me, it was primarily pulling jobs from the greenhouse job listing site. It was less automated than the other tools. It leaves some stuff blank on applications then saves your answer when you overwrite their blank response for future applications. It ended up saving a decent amount of time on applications with basic questions, but if there were any long-form questions, I still had to write them out and it could save those answers for future use if those questions came up again. So in that sense it isn't trying to go as far with the AI portion of the applications.

A lot of the jobs recommended to me required some details that I still needed to fill out. I’d say 20-50% automated on average depending on the application. It works as chrome extension so it literally opens a new tab with the job application in front of you. It was more time consuming than the other tools per application, so I'd really treat this one as semi-automated and not full AI. It is free so I could do this forever, but I ended up applying to about 50 jobs through Simplify in this experiment.

I got one offer from an application through Simplify. I ended talking to an HR recruiter, but I didn't get a chance to talk to anyone beyond that. I tried to call back, but I was told they moved forward with another candidate already.

**Result**: 1 interview, 0 offers

# Jobright

Someone on Reddit recommended I check this one out, but it doesn’t have job application autofill. It does have a job matching algorithm, but it wasn’t what I was looking for in this particular experiment.  

In the end, I ended up with three companies where I got interviews and zero offers after a month of the AI job application grind. Separately, around a week ago I got an offer through a referral from my cousin and I will be starting my new role in less than two weeks. So in the end, I got a job through a good old fashioned personal connection. Would I recommend any of these tools to other job seekers? Not sure, honestly. Getting three interviews is better than getting zero interviews I guess, but I felt pretty much demoralized by the process until my offer came in through my cousin. If anyone has any questions on any of the tools or my experience, I am happy to answer!",2025-10,244,"Confusing
UX","LinkedIn, Indeed",No,"If you saw [my previous post](https://www.reddit.com/r/jobsearchhacks/comments/1nefo1k/i_am_going_to_experiment_with_all_of_the_ai_job/), I was basically desperate to get a new job after grinding it o",Tested multiple AI autofill tools one month each. Reports detailed results on response rate improvements. Practical platform review.,True
97,r/jobsearchhacks,https://www.reddit.com/r/jobsearchhacks/comments/1pugxff/im_months_into_unemployment_and_i_feel_like_im/,I’m months into unemployment and I feel like I’m breaking,post,"I’ve been unemployed for a few months, and I’m not even gonna lie, the worst part isn’t just the money. It’s waking up every day and feeling like I’m stuck in this weird waiting room.

At first I was so sure I’d land something. My degree is solid, I’ve worked at good companies, I’ve got strong references, I speak multiple languages, my resume got professionally reviewed. I tailor my cover letters, I apply with a plan, I do the networking thing. And still… nothing. It’s like yelling into a void.

One week I did multiple interview rounds. The first call went great. Then they gave me an assignment, I stayed up late to finish it, and waited almost a week. I was checking my email like a maniac. Then I get a polite rejection saying they picked someone “more aligned,” with zero real feedback.

I’ve also had HR show up late, rush the call, then ghost me after I follow up. Or I get to the final round and suddenly it’s “business changes.” Cool.

Watching my savings drop makes everything feel worse. Even small stuff stresses me out. I’ve tried those tiktok slashing game deals to cut basic costs, but it only helps a little.

If you’ve been through a long job search, how did you not lose your mind? How did you stay motivated?",2025-12,230,"Job Search
Burnout",,No,"My degree is solid, I’ve worked at good companies, I’ve got strong references, I speak multiple languages, my resume got professionally reviewed.","Months unemployed. Solid credentials, multiple rounds, given assignment then ghosted. Feels like yelling into a void. Classic burnout.",False
98,r/jobsearchhacks,https://www.reddit.com/r/jobsearchhacks/comments/1s4nmk5/why_does_applying_to_jobs_give_me_so_much_anxiety/,Why Does Applying To Jobs Give Me So Much Anxiety?,post,"Just needed to vent..I’ve been applying for jobs for the past 3 months: over 200 applications and I haven’t received a single interview offer. Mostly just silence or the occasional ghosted phone call. It’s getting to the point where I don’t feel as resilient anymore. The anxiety and constant worry are really starting to build up.

I know the job market is tough, there’s a lot of competition, and all the usual explanations bla blaaah,,,but honestly, the process itself feels exhausting and discouraging. It’s like sending my resume into a black hole over and over again.

It’s starting to mess with my confidence. Waking up every day expecting another rejection (or nothing at all) makes it harder and harder to stay motivated to keep applying. I’m not planning to give up, but I’d be lying if I said I still have the same energy for this.

 ",2026-03,210,"Job Search
Burnout",,No,"I know the job market is tough, there’s a lot of competition, and all the usual explanations bla blaaah,,,but honestly, the process itself feels exhausting and discouraging.","200+ apps, 3 months, zero interviews. Anxiety building. Resume into black hole. Mental health explicitly affected.",False
99,r/jobsearchhacks,https://www.reddit.com/r/jobsearchhacks/comments/1sc304e/to_all_unemployed_job_seekers_how_are_you_doing/,"To all unemployed job seekers, how are you doing ? what are you doing all day?",post,"It’s been around 6 months for me since I graduated and my last internship ended and I haven’t got any luck yet. I just want to know what you all do in your daily life to not feel like a bum. I exercise regularly but thats about it, the rest of my day is spent playing video games or rut in self hatred. (I also obviously apply for jobs everyday.. Ive landed a few interviews but they all ghosted me)",2026-04,213,"Job Search
Burnout",,No,It’s been around 6 months for me since I graduated and my last internship ended and I haven’t got any luck yet.,"6 months post-graduation, no luck. Spends day gaming or in self-hatred. Few interviews all ghosted. Feels like a bum.",False
100,r/jobsearchhacks,https://www.reddit.com/r/jobsearchhacks/comments/1r27erc/why_am_i_not_being_hired/,Why am I not being hired?,post,"I fill out so many applications and I see other people get hired by companies that I put applications in for. What am I doing wrong? I am exhausted and overwhelmed at this time. 
I was recently hired for Sagility and they ghosted me. I have seen others state they have a start date. 
I had someone look at my resume and they wanted me to pay Xxx amount of money or wanted to try to log I to my linkdin account for free to fix it for me. I dont have the income to pay nor did I want my account stolen. I paid once for a resume redo and was disappointed in the results for $75 smh. Here is the resume I paid for",2026-02,213,Ghosting,,No,I had someone look at my resume and they wanted me to pay Xxx amount of money or wanted to try to log I to my linkdin account for free to fix it for me.,Hired by Sagility then ghosted while others reported start dates. Paid $75 for resume redo with disappointing results.,False
101,r/jobsearchhacks,https://www.reddit.com/r/jobsearchhacks/comments/1ryfloa/at_this_point_i_am_more_comfortable_with_the/,At this point I am more comfortable with the mindset of I will never get a job,post,"29F with PhD in chemistry. I quitted my postdoc position in Jan because it drained my soul and I actually had multiple medical emergency from working there. I have been seriously looking for jobs - coop, teaching, tutoring, etc. I have a list of 95 applications now. Most of them ghosted me. The rest are automated rejections. I kept hearing people say I have a lot of potentials, I have a lot of skills that employers want, to a point that I got so irritated and emotional during one of my therapy sessions that I yelled at my therapist “stop saying those things if you can’t give me a job”. Yes my mental health is bad because of years of school and especially grad school in science where negative feedback is more common. One night at dinner I told my husband I think it is easier for me to accept that I will never get a job than to believe that I will get a job eventually. I don’t actually feel that depressed saying that. ",2026-03,198,"Job Search
Burnout",,No,"I kept hearing people say I have a lot of potentials, I have a lot of skills that employers want, to a point that I got so irritated and emotional during one of my therapy sessions that I yelled at my","PhD chemistry, 95 applications, all ghosted or auto-rejected. Yelled at therapist in frustration. Extreme distress signal.",False
102,r/jobsearchhacks,https://www.reddit.com/r/jobsearchhacks/comments/1k5bsmk/15_years_since_graduating_cannot_find_a_job_and/,"1.5 years since graduating, Cannot find a job and am depressed",post,"I have my Bachelors degree in aerospace engineering. Since i graduated 1.5 years ago (even during my last semester) I have been applying to jobs all throughout the country both in and out of the aerospace field. At first I was applying to jobs i have knowledge in, design and systems, when i was not getting anything i expanded, then expanded again. 5 months ago i started applying to technician jobs cause i want some hands on experience.

  
I cannot get anything, I have had interviews. I have been ghosted. Ive been through it all. Im lost and i really really dont know what to do anymore. I cry almost on a daily basis or at least down on myself everyday cause idk what is wrong with me or my resume. I become very moody cause i feel like ive lost my integrity. 

  
At this point i may just pay a head hunter",2025-04,190,"Job Search
Burnout",,No,Since i graduated 1.5 years ago (even during my last semester) I have been applying to jobs all throughout the country both in and out of the aerospace field.,"BS aerospace, 1.5 years post-grad, expanded search to technician roles, still nothing. Crying, feels lost and worthless. Very high distress.",False
103,r/jobsearchhacks,https://www.reddit.com/r/jobsearchhacks/comments/1rzusjs/the_10second_rule_i_found_after_analyzing_100/,"The ""10-second rule"" I found after analyzing 100+ interviews that stops recruiters from ghosting you",post,"I’ve been obsessed with how the hiring process is basically a broken machine right now. I spent the last few months going down a rabbit hole watching interview recordings and practice sessions to see if there was a tactical reason why people with perfect resumes keep getting ghosted after the first round.

I found one specific pattern that works like a cheat code for the ""vibe check"" part of the call.

Most people fail because they don't know how to end a sentence. When you're nervous, your brain wants to keep talking until you see the recruiter nod. This leads to rambling, which leads to using filler words like ""um"" or ""so yeah,"" which eventually leads to you asking ""does that make sense?""

That is the exact moment you lose. I've watched the recruiter's face in these recordings. The second a candidate asks for validation like that, the recruiter stops taking notes. They subconsciously check you off as ""not a leader"" or ""unsure.""

The hack is simple: Land the plane.

When you finish your answer, just stop. Count to two in your head. It feels like an eternity when you're the one talking, but to the recruiter, it sounds like massive confidence. You're basically forcing them to be the one to break the silence, which completely flips the power dynamic of the interview.

I’ve been doing a lot of work on this lately to see if I can find the exact ""pacing"" that triggers a positive response, but honestly, just being aware of the silence is enough to change your results.

Don't let a 10 second nervous habit kill a job you're actually qualified for.",2026-03,183,"Complex
Application Process",,No,I spent the last few months going down a rabbit hole watching interview recordings and practice sessions to see if there was a tactical reason why people with perfect resumes keep getting ghosted afte,Analyzed 100+ interviews. Found candidates fail by not ending sentences cleanly. Anti-ghosting communication technique.,False
104,r/jobsearchhacks,https://www.reddit.com/r/jobsearchhacks/comments/1pt9xup/finally_a_great_offer/,FINALLY A GREAT OFFER!!!,post,"Hi all. Posting in case this might help someone. After 1-2 years of consistent interviewing, I was final able to land an amazing role at a dream company. First things first, if you’re looking remote, but the listing says on site, it may be remote. My role ended up being remote, I think they do this to weed folks out. Secondly, I stopped using indeed, it’s bullshit and a waste of time. Instead, I had a list of companies I was interested in and would spend 15-30 mins each day browsing their open roles and applying direct. Make sure to apply early, within 1-2 days! I found the more they told me I was perfect, and I “had it in the bag”, I was wrong. I would be rejected or ghosted. The role I landed, the day before the interview I had a mental breakdown thinking about rejection, didn’t sleep well, and thought my performance was poor. Turns out, they thought I was fantastic. I also stopped over preparing for the interviews, and instead shifted my mentality to just be myself, provide honest answers that aren’t totally rehearsed. These people already know if you’re qualified or not, it’s about culture and fit, so be yourself! PLEASE keep in mind that so many of these jobs are fake and bullshit, it’s NOT YOU. Also, send a god damn thank you letter. It costs you nothing and can only help. Make sure to highlight something from the interview, make it personalized but don’t carry on like a simp. Short and sweet. Also, I don’t believe in following up. Might be a hot take, but if they want you, you’ll know. Pestering them isn’t going to change anything, and you don’t want to seem like you don’t have options. Finally, KEEP GOING, you can do it!!!!!! For reference, I received my offer 3 days after my final interview.

\*another thing!   
During the screening, or first interview, I ALWAYS ask if someone internal is being considered, or an external referral. I actually had a company TELL ME I was absolutely phenomenal but they hired an internal candidate, knowingly wasting my time. I was sick with anger. ",2025-12,174,"Confusing
UX",Indeed,No,"I also stopped over preparing for the interviews, and instead shifted my mentality to just be myself, provide honest answers that aren’t totally rehearsed.",1-2 years interviewing. Stopped using Indeed. Direct company applications. Remote job listed as on-site turned out remote. Platform UX critique.,True
105,r/careerguidance,https://www.reddit.com/r/careerguidance/comments/1r44ulx/boss_messaged_me_at_8pm_expecting_a_reply_said_my/,boss messaged me at 8pm expecting a reply... said my contract says 9-5 and he laughed??,post,"so my manager hit me up on team chat at 8pm tonight asking for a status update like it's no big deal. i replied ngl, told him my contract clearly says 9-5 and i don't work after hours, and literally he just sent a laughing emoji like it's a joke?? bro, i'm all for being a team player but this feels kinda nuts. i stick to my hours, don't ghost work, but suddenly i'm the 'toxic' one for not being on call?

is this just how jobs are now or am i actually in the wrong here? like, should i start low-key applying elsewhere? i'm 23 and down to put in work but not get clown-laughed at for having boundaries.",2026-02,901,"Complex
Application Process",,No,"i replied ngl, told him my contract clearly says 9-5 and i don't work after hours, and literally he just sent a laughing emoji like it's a joke??",23yo asks if refusing after-hours messages makes them toxic. Manager laughed at contract boundary. Workplace process and boundary post.,False
106,r/careerguidance,https://www.reddit.com/r/careerguidance/comments/1r0zkdl/employer_terminated_me_3_days_after_i_put_in_my/,Employer terminated me 3 days after I put in my 2-week notice. What do I tell future employers?,post,"So my last employer fired me just a few days after I put in my 2-week notice. It was a professional letter of resignation and I ended on good terms with the company. I’m currently in the application process of a government job, and they’re asking a ton of questions about my previous employment. One of the questions was why do I have a termination on my job history. How do I explain this situation to the government job recruiters professionally? I reached out to my previous employer to see if they would explain the situation, but they ghosted me.

Edit to add some clarification to a few misunderstandings that I’ve seen in the comments: I’m currently on my third round of interviews for the government position. I’ve already completed things like background check, drug test, physical tests, and polygraphs. The recruiter has done her background investigation on me, and she sees that I was marked as “terminated” from my last job. I have my next round of interviews with her this week and she said she wants to discuss my reason for termination. That is why I was looking for some guidance on the proper verbiage to navigate this discussion with her.

No I didn’t quit my job without a back up plan. I quit so I could complete my full-time internship that is required to get my Master’s. Now that I’ve graduated, I’m looking for my dream job! Thank you to everyone who has given me helpful feedback!",2026-02,757,"Complex
Application Process",,No,Edit to add some clarification to a few misunderstandings that I’ve seen in the comments: I’m currently on my third round of interviews for the government position.,Terminated 3 days after giving 2-week notice. Previous employer ghosted when contacted. Applying for government job needing explanation.,False
107,r/careerguidance,https://www.reddit.com/r/careerguidance/comments/1msweg9/with_so_many_employers_rescinding_job_offers/,"With so many employers rescinding job offers after people give notice at their old job leaving them unemployed, is it maybe time to stop giving notice?",post,"I keep seeing these posts over and over, people getting offers, signing the offers, being told to give notice, getting a start date, then having the carpet pulled and basically being told to go pound sand. The excuse is in most states the job is at-will, so they can't even really sue most of the time. So why bother giving notice? It feels like it's much safer to NOT give notice so you don't wind up unemployed if that happens. As far as it being a courtesy: and? Also being hired when you are offered a job is a courtesy, too, right and employers are constantly saying how hard it is to find good candidates, but when they find they, they do things like this or even just ghost them after the formal offer. 

What is the upside of giving notice? What is the upside if you wind up unemployed? Is it just to have some sort of moral high ground that you ""did the right thing"" while you file unemployment and try to find a new job paying remotely close to what you were making while you drive for Uber? Employers do not seem to follow any rules, there are no courtesies thy are supposed to follow, and I have even read a few posts lately that said if the candidate asks about salary, job duties, work environment, etc they terminate the interview, so even common sense is no longer part of the process. The whole job search is really frustrating on so many levels. You can do everything right and never get hired, but still be expected to follow rules they never do. ",2025-08,371,"Complex
Application Process",,No,"Employers do not seem to follow any rules, there are no courtesies thy are supposed to follow, and I have even read a few posts lately that said if the candidate asks about salary, job duties, work en",Discusses stopping giving notice given rampant offer rescission. Systemic erosion of employer-employee trust post.,False
108,r/careerguidance,https://www.reddit.com/r/careerguidance/comments/1o52b7b/28f_refused_to_work_on_weekends_once_and_now_im_2/,"28F, Refused to work on weekends once and now I’m 2 years unemployed - tried everything, nothing worked. Struggling Financially. What can I do to revive my career?",post,"I’m writing this with complete exhaustion and hopelessness after having tried *every* possible way to get a job - reaching out to contacts &amp; complete strangers, lowering my expectations in any way including less pay, applying to thousands of jobs on every job portal I could find, doing new projects &amp; courses, updating resume &amp; portfolio over n over - **nothing has worked**.

I was unfairly laid off in my last job by an incompetent manager because I refused to work on weekends. I took some time off after that because I believed I'll find a job soon as I start to apply, I was confident in my skills. But it ended up ruining two years of my life.

From July 2024 to March 2025, less but I was getting some calls. Some offers only to be ghosted at the end. Promises to get an interview but again, ghosted. Lots of “interested” recruiters on linkedIn, but the moment they hear about my career gap, they ignored me. 

Recently, an HR called only to laugh at my face about my 2-year gap, even after I explained I was working on a personal venture(I started a small art club in my city). That was my **first call** since April, and it broke me.

At this point, I’m out of savings, lost all the confidence I ever had. I avoid meeting friends because I can’t face the *“What are you doing now?”* question anymore.



**Things I have considered -** 

1. Higher studies (don’t have the finances to study abroad/higher studies in India is basically useless)
2. Pursuing career in writing. (I have tried, it doesn’t pay)
3. freelance (I have tried finding for months. no leads. I tried Upwork premium, linkedin premium - ZERO LEADS)
4. Monetising the art club thing (I honestly don’t know how to go about this in a country here most people don’t care about art. I started it for passion and it might work, it might not. Also, I don’t have any contacts to grow this)
5. Small remote gigs like PA (I have not gotten a single callback from any where I applied. Most are just scams or ghost jobs. So many applications in these, and the job is almost never real)

Please - if you’ve ever been through something like this, I’d be grateful for *any* advice on what to do next. How can I get out of this phase? Is my career really completely over? Should I switch domains? Higher studies in India? What can I do or try that I haven’t already? I’m open to any ideas or help. 



**About Me:** 4+ yoe Software Engineer (India). graduated from a good tier 1 clg in CS. Mobile domain. Skilled in Java, Kotlin, Android, Some Web dev + Backend. I’m also a Creative - I write fiction and poetry + Designing. 

Open to any work I can realistically get into at this point - tech, creative, or even personal assistant type jobs.",2025-10,227,"Job Search
Burnout","LinkedIn, Upwork",No,"I’m writing this with complete exhaustion and hopelessness after having tried *every* possible way to get a job - reaching out to contacts &amp; complete strangers, lowering my expectations in any way",Unfairly laid off for refusing weekend work. 2 years unemployed despite everything. Mentions LinkedIn and Upwork. Complete exhaustion.,True
109,r/careerguidance,https://www.reddit.com/r/careerguidance/comments/1pp1lpj/why_does_the_job_market_feel_worse_now_than/,Why does the job market feel worse now than during COVID?,post,"I’m genuinely trying to understand this, not just rant.

During COVID, things were obviously chaotic, but it felt like companies were still hiring, recruiters were responsive, and processes were faster.

Right now, unemployment numbers look “fine” on paper, yet:

* Hiring cycles feel longer
* Roles get reposted endlessly
* Companies pause or cancel searches mid-process
* Recruiters ghost more often
* Senior and mid-level roles seem especially competitive

Curious if others are experiencing this and if there’s a solid economic explanation behind it?",2025-12,208,"Complex
Application Process",,No,"Right now, unemployment numbers look “fine” on paper, yet:

* Hiring cycles feel longer
* Roles get reposted endlessly
* Companies pause or cancel searches mid-process
* Recruiters ghost more often
* ","Why job market feels worse than COVID. Lists longer cycles, reposted roles, more ghosting, mid-level most competitive.",False
110,r/careerguidance,https://www.reddit.com/r/careerguidance/comments/1r19x5f/anyone_else_experiencing_absolutely_feral_hiring/,Anyone else experiencing absolutely feral hiring behaviour lately.. because what the actual hell?,post,"I’m genuinely trying to understand what is going on with the job market right now, because the last two weeks have felt like some kind of social experiment where candidates are expected to be perfect adults and employers are just.. not?

For context: I have \\\~10 years of experience in my field. I’m not entry level, not wildly overreaching, not spray-and-praying for roles I’m unqualified for. I show up prepared, on time, polite, professional, flexible. I do the whole song and dance.

In the last two hiring interactions:

1 - I booked a screening call, followed up politely, showed up on time.. and then found out the morning of that the recruiter had been fired. No handoff. No notice. Just an auto-reply saying “this person no longer works here”

2 - Another recruiter emailed me, invited me to book a call, I booked it a week in advance through their calendar, sent a confirmation email, got no response.. then showed up to the call anyway and they just didn’t show. No cancellation. No apology. Nada

Meanwhile I’m sitting there thinking: am I supposed to be calm, agreeable, excellent, flexible, enthusiastic, available, and also just absorb this like it’s normal?

I know companies are in flux. I know layoffs and churn are real. But at what point do we acknowledge that candidates are being asked to carry 100% of the professionalism while employers carry.. their lunch? Is this everyone’s experience right now? Is ghosting just standard process?",2026-02,205,Ghosting,,No,"I’m genuinely trying to understand what is going on with the job market right now, because the last two weeks have felt like some kind of social experiment where candidates are expected to be perfect ",10 years experience. Recruiter no-show on screener. Interviewer 20 min late with no prep. Two back-to-back employer unprofessionalism cases.,False
111,r/careerguidance,https://www.reddit.com/r/careerguidance/comments/1oss3sn/wtf_is_wrong_with_the_job_market_21_and_jobless/,Wtf is wrong with the job market?? 21 and jobless for a year already 😭,post,"
I’m seriously losing it at this point. I’ve been applying non-stop for months  retail, warehouse, cafes, even random online stuff  Either they ghost me after the interview or don’t reply at all. I’m 21, been jobless for a year now, and it’s honestly making me question if I’m doing something wrong or if the market is just broken.

I tweak my CV, rewrite cover letters, follow up politely, all that. Still nothing.
Like how is anyone supposed to survive like this??
Waiting for miracle ?or ending it is better..

Anyone else in the same boat or found a way out of this mess?",2025-11,187,"Job Search
Burnout",,No,"I’ve been applying non-stop for months  retail, warehouse, cafes, even random online stuff  Either they ghost me after the interview or don’t reply at all.","21 years old, 1 year jobless, applied to retail warehouse cafes. Post ends with ending it is better. FLAG: possible self-harm ideation. Exclude full text. Escalate to supervisor immediately.",False
112,r/careerguidance,https://www.reddit.com/r/careerguidance/comments/1p0n40m/why_is_it_that_some_people_major_in_cs_and_enjoy/,"Why is it that some people major in CS and enjoy great careers with great pay, while others can't get a job in the field to save their lives?",post,"It's so sad watching all these CS grads apply for hundreds, thousands of jobs, multiple interviews for one company, only to get ghosted again and again. Meanwhile, there are all these other people talking about how great CS is and they love their job. ",2025-11,168,Ghosting,,No,"It's so sad watching all these CS grads apply for hundreds, thousands of jobs, multiple interviews for one company, only to get ghosted again and again.",CS grads applying to hundreds of jobs ghosted while others describe CS as great. Asks why the disparity. Short observational post.,False
113,r/careerguidance,https://www.reddit.com/r/careerguidance/comments/1prm47i/when_did_starting_a_career_or_getting_a_job/,When did starting a career or getting a job become so freaking hard?,post,"What the helly is actually going on!!! I am so tired of how hard it has become just to live a regular life. You could be an astronaut with ten years of experience and still not get hired. Even fast food places are hard to get into now. I have been job hunting for five months. 5!!! I work in UIUX and I have five years of experience and somehow I cannot find a job. I do not understand what I am doing wrong. My resume is one page, ATS friendly. I interview well. My LinkedIn is solid. I apply, I prep, I do everything people say to do and I still cannot even make it to a final round. No real feedback. Just rejections or getting ghosted. This is beyond discouraging. At this point, I giving up!! Is anyone else dealing with this or am I losing my mind?",2025-12,140,"Job Search
Burnout",LinkedIn,No,"I apply, I prep, I do everything people say to do and I still cannot even make it to a final round.","UIUX designer, 5 years experience, 5 months hunting. ATS-friendly resume, solid LinkedIn. Cannot reach final round. No real feedback anywhere.",True
114,r/careerguidance,https://www.reddit.com/r/careerguidance/comments/1l525f8/has_anyone_quit_their_job_within_the_last_year/,"Has anyone quit their job (within the last ~year) without having another lined up, and NOT regretted it?",post,"Everywhere I look people are talking about bad the job market is right now - ghosting, brutal interview processes, (over)qualified candidates being instantly auto-rejected, the list goes on. I'm also seeing a lot of people, myself included, who want to quit their current jobs but are afraid to do so because they don't have another one lined up.

Has anyone quit their job within the last year or so, without having another job lined up, and had things work out for them? Whether that's finding a new job sooner than expected, the mental &amp; emotional health improvements making it worthwhile even if you're still unemployed, or any other stories of landing on your feet?",2025-06,110,"Complex
Application Process",,No,"Whether that's finding a new job sooner than expected, the mental &amp; emotional health improvements making it worthwhile even if you're still unemployed, or any other stories of landing on your feet",Wants to quit current job but afraid. Asks if anyone quit without lined-up job and did not regret it. Process risk and decision post.,False
115,r/careerguidance,https://www.reddit.com/r/careerguidance/comments/1n7olav/i_had_to_take_a_pay_cut_to_get_employed_hardly/,I had to take a pay cut to get employed. Hardly any job pays what I was getting paid before. Is this the new normal?,post,"My previous employment was with a lender as a Loan Officer, where the compensation was $29 base plus bonus (if you ever received a bonus in this market). I worked for them for a little over 2 years and was terminated with a package in mid-July. Before working as a Loan Officer, I was a retail manager and made $70K yearly. I took the Loan Officer role, thinking the housing market would improve in the near future and start bonusing, but we still have a crappy market. I just got hired for a customer service role at a mortgage servicer, where I will be paid $24 per hour. I applied to over 300 jobs, received over 70 rejections, and got ghosted a few times by employers and recruiters. Most jobs with my qualifications pay between $18-$25 per hour nowadays. When I was in the job search 2 years ago, pay was slightly higher. I rarely find a job posting that pays higher than $70K that is not at a nursing, doctor, lawyer, director, or executive level. I am beyond exhausted, looking for a job, living off DoorDash, and my unemployment check. 

I feel trapped in my decision, but I have a mortgage to pay. Is this the new normal, or am I just a desperate idiot?",2025-09,103,"Lack of
Relevance",,No,"My previous employment was with a lender as a Loan Officer, where the compensation was $29 base plus bonus (if you ever received a bonus in this market).",Loan officer took $5 pay cut after 300+ apps. Mismatch between experience level and available salaries. Wage relevance decline.,False
116,r/careerguidance,https://www.reddit.com/r/careerguidance/comments/1knoioc/are_degrees_really_dead_after_2_years_got_my/,"Are degrees really dead after 2 years? Got my masters 3 years ago, still looking for entry level position.",post,"Just wondering how hopeless the future is and how much I should regret. 

I graduated with my Masters in spring of 2022 from a well-respected university. The degree was multidisciplinary and focused on urban sustainability/design. I was involved with local real-world projects that I have on my CV. 

I was dealing with some wicked long covid I’d gotten right before my last semester and was in terrible health when I graduated — no energy to focus on anything but getting my thesis together. Graduated without a job lined up. Partner at the time didn’t want to move and had strict ideas of where I should be looking, even though I couldn’t find that first career job in our city. I ended up taking over a coordinator position at the farm I’d been working at for a year and stayed there until August 2023. 

This is the last professional work experience I have listed on my resume. After that I broke up with my long term partner, moved very suddenly back home to a different region back in with my parents, and had to start rebooting my life and future from scratch. I’d been job hunting before this in my previous area but only got two interviews with no follow up. While I lived at home I got two interviews, one denial, one ghost, and dozens of rejections. 

I’ve been waiting tables since 2024 while figuring out my life and moved to NYC this past fall, and had one interview that I got rejected from, but I’m realizing that my career may be dead in the water due to the choices I’ve made and the lack of a recent career. 

I just have so many regrets. Staying in a bad relationship for so long instead of moving to my current city — where there’s way more job opportunity in my field — like I’d dreamed of. Being stagnant and getting depressed. Waiting tables when I moved to NYC instead of getting a temp job to put names on my resume. Maybe going to grad school in the first place. 

I have two coordinator roles on my resume — one from 2019 before school, and the one after, as well as a TA position — and I’m applying to any program coordinator roles I see open that I’m a fit for, but I’ve heard that masters are useless after 2 years, and that my resume won’t even cross someone’s desk because of this. Add in my last professional job ending in 2023 in an entirely different region and I feel like there’s no hope realistically for anyone to consider my application against the competition. ",2025-05,89,"Lack of
Relevance",,No,"I have two coordinator roles on my resume — one from 2019 before school, and the one after, as well as a TA position — and I’m applying to any program coordinator roles I see open that I’m a fit for, ","Masters in urban sustainability, 3 years post-grad still entry-level hunting. Asks if degrees expire after 2 years. Credential mismatch.",False
117,r/careerguidance,https://www.reddit.com/r/careerguidance/comments/1sah1xy/is_it_crazy_to_quit_a_stable_corporate_job_for_a/,Is it crazy to quit a stable corporate job for a pottery studio when I am already too exhausted to even touch clay ?,post,"I have been working in mid level management at a fintech firm for about four years now . the pay is great the benefits are solid and on paper i should be thrilled with where i am at twenty nine . but the truth is that every single day i feel like a piece of my soul just evaporates during those endless scrum meetings and budget reviews . i have been doing ceramics as a hobby for a while and it is the only thing that makes me feel like a real person but lately i cant even manage that .

by the time i log off at 6 or 7pm i am so mentally drained that the thought of going to the studio feels like another chore . i just end up sitting on the couch staring at the wall until it is time to sleep and do it all again . i have about eight months of savings tucked away and i am seriously considering just handing in my notice to focus on my art full time and maybe start selling my pieces online or teaching small classes . 

my parents think i am having a mental breakdown because i want to leave a ""safe"" career for something so unpredictable . but i feel like if i dont do it now i will just spend the next thirty years being a tired ghost of myself . is eight months of runway enough to actually pivot or am i just romanticizing a hobby because i hate my boss ? has anyone else made a jump like this from a high stress desk job to something physical and actually survived financially ?",2026-04,86,"Job Search
Burnout",,No,i have about eight months of savings tucked away and i am seriously considering just handing in my notice to focus on my art full time and maybe start selling my pieces online or teaching small classe,"Fintech manager, great pay, soul-draining. Wants to quit for pottery but too exhausted to even do ceramics anymore. Burnout affecting hobbies.",False
118,r/careerguidance,https://www.reddit.com/r/careerguidance/comments/1m7brs1/does_job_hunting_always_feel_this_draining_or_is/,"Does job hunting always feel this draining, or is it just the times we’re in?",post,"I graduated in 2022, and since then, I’ve had to treat job searching like a full-time gig, hundreds of applications, countless rejections, ghosted interviews, and maybe one or two callbacks if I’m lucky.

I’ve been fortunate to land a couple of jobs, but honestly? It took everything out of me to get there.

I hear people talk about “the old days” when you could land something within weeks. Now, it feels like if you’re not overqualified, underpaid, or overworked, you’re invisible.

Was the job market ever truly easier—or are we all just surviving in a broken system with higher expectations and fewer chances?

**What’s your experience been like?** Especially curious to hear from those who’ve job hunted across different decades.

Let’s talk honestly about how it’s changed, and what needs to change.",2025-07,86,"Job Search
Burnout",,No,"I graduated in 2022, and since then, I’ve had to treat job searching like a full-time gig, hundreds of applications, countless rejections, ghosted interviews, and maybe one or two callbacks if I’m luc","2022 grad, treated job search as full-time work. Got jobs but it took everything out of them. Asks if it was always this hard.",False
119,r/careerguidance,https://www.reddit.com/r/careerguidance/comments/1kkuh3k/anyone_else_get_anxious_about_taking_pto/,Anyone else get anxious about taking PTO?,post,"I’m 35 and have been working since I was 17, and I *still* can’t wrap my head around the idea of taking time off without guilt or anxiety.

For a little context: I grew up with a dad who was basically a ghost because of work. Total workaholic—missed birthdays, school events, the whole deal. It was the 80s/90s, so that hustle mindset was everywhere. I don’t blame him—he thought he was doing the right thing for the family—but it left a mark. Now he’s showing up for his granddaughter and trying to reconnect, so no hard feelings. But the mindset stuck with me.

Now I have *serious* anxiety around PTO. Like, even on my days off, I’m checking emails, Slack, work messages—my wife absolutely hates it. But if I don’t stay connected, I start to spiral. Panic attacks, imposter syndrome, this constant fear that I’ll forget how to do my job or lose touch with what’s going on. It’s exhausting.

I’ve gone to therapy, and it helped separate “work mode” and “life mode” during regular days. But when I take *actual* time off? I feel physically sick. Guilty. Uncomfortable. Like I’m doing something wrong.

It’s gotten so bad I’ve been maxing out my PTO rollover every year. Last year I actually *lost* 4 days, even after taking a full week off in December. I’m trying to figure out how to fix this before I burn out completely.

Are there coping strategies that helped you? A mental script or reminder that actually works? I feel like my brain is stuck in survival mode and can’t just chill. I know I’ve *earned* time off, but I can’t seem to let myself enjoy it.

Anyone else been through this and come out the other side?

**Update as this is blowing up more than I thought it would.**   
  
**Disclaimer:** My job doesn't reject or deny my PTO, I've been with my employer now for a few years and not once have they yelled at me or made me feel bad about taking pto, they're very supportive of me to take it. This anxiety is all self induced. I actually love my job and company. I think most of this hang up comes from previous toxicity and bad employers in the past. ",2025-05,74,"Job Search
Burnout",,No,"**Update as this is blowing up more than I thought it would.**   
  
**Disclaimer:** My job doesn't reject or deny my PTO, I've been with my employer now for a few years and not once have they yelled ",35yo with serious anxiety about taking PTO. Traces back to workaholic father. Workplace culture and emotional health adjacent post.,False
0,r/freelance,https://www.reddit.com/r/freelance/comments/1pj2y4s/my_client_is_asking_me_to_make_the_payment_of_150/,My Client is asking me to make the payment of 150 USD upfront so they can release the payment. (I feel like it's an elaborate scam ),post,"So I worked a gig for 3,000 USD. (In the contract, I did agree to bear all the transfer charges.)  
And once I submitted the project, I was asked to choose between bank transfer, PayPal, and crypto. I chose the route through bank transfer, and they have initiated the payment, but it is on hold.  
I asked them to please deduct the amount from their side, but they say it's reserved for company personnel only 

I had been sent a lodgement receipt and asked to make the payment of 150 USD

before my payment is processed. I am sure this isn't how it works, or please correct me

Please help me",12/2025,164,"Possibility
of Scam",,No,"I had been sent a lodgement receipt and asked to make the payment of 150 USD before my payment is processed. I am sure this isn't how it works, or please correct me",Platform safety; Pay to get paid scam,False
1,r/freelance,https://www.reddit.com/r/freelance/comments/1pku5yi/lost_potential_clients_because_my_instagram/,"Lost potential clients because my Instagram looked ""inactive."" Now I'm spending entire Sundays filming reels.",post,"I just spent my entire Sunday filming Instagram reels and I'm losing my mind.

Freelance brand designer, three years in. Work is fine. But somehow I became a content creator along the way and I don't remember signing up for that.

I spend 6-8 hours a week shooting reels for Instagram because apparently that's how you get discovered now. Writing LinkedIn posts about random design tips because the algorithm buries you if you don't post. Filming TikToks in my living room at night because that's the only time left after actual client work.

None of this makes me money. It's all ""visibility"" and ""building your brand."" Fine, whatever. But I'm exhausted.

Tried hiring someone but quotes were $800-1200 a month. Tried posting less but inquiries dropped by half. Had two potential clients ghost me after checking my Instagram. One of them straight up said it looked ""dead.""

Now I'm working 50 hour weeks but only 35 are billable. I see other freelancers posting constantly looking put together. How? Either I'm broken at this or everyone's just hiding it better.

Starting to think I should just get a regular job where I can actually log off.

Trying out a few AI tools to cut down filming time. APOB for generating video content, Canva for captions, and Descript for audio. Early days but seems like it might save 2-3 hours a week. Output feels kind of generic though. Videos look a bit too polished in a fake way and captions need heavy editing. Not sure if this is actually solving anything or just trading one problem for another.

Also going to try batch filming this weekend. We'll see.

Still feels like I'm just rearranging deck chairs on the Titanic here.",12/2025,100,"Job Search
Burnout",LinkedIn,No,"None of this makes me money. It's all ""visibility"" and ""building your brand."" ",,True
2,r/freelance,https://www.reddit.com/r/freelance/comments/1pku5yi/lost_potential_clients_because_my_instagram/,"Lost potential clients because my Instagram looked ""inactive."" Now I'm spending entire Sundays filming reels.",comment,"I'm not sure if this post is hyperbole but just in case it isn't, spending 15 hours a week on self promo is absolutely not required. Not sure where you got this idea from. 

Good clients come word of mouth. You do a good job for one client. People ask them about the designer and they refer all their network to you. Rinse and repeat.",12/2025,69,"Lack of
Visibility",,No,spending 15 hours a week on self promo is absolutely not required,,False
3,r/freelance,https://www.reddit.com/r/freelance/comments/1pku5yi/lost_potential_clients_because_my_instagram/,"Lost potential clients because my Instagram looked ""inactive."" Now I'm spending entire Sundays filming reels.",comment,"1. Most freelancers who look ""put together"" have (a) a supportive partner with stable income and (b) a VA.   
2. The 25-30 hours a week you work should bill to cover all the unbillable time it takes to run your business. I set my hourly based on a presumption of 25 hours a week, 43 weeks/year. I easily spend 50 hours/week working. You are running a business. Your business is more than just billable hours.   
3. I have not posted a picture to Instagram in 2 years, but it's never called me inactive, so there's something weird going on  
4. Yes. You have to market to reach clients.",12/2025,54,"Lack of
Visibility",,No,You have to market to reach clients,,False
4,r/freelance,https://www.reddit.com/r/freelance/comments/1pku5yi/lost_potential_clients_because_my_instagram/,"Lost potential clients because my Instagram looked ""inactive."" Now I'm spending entire Sundays filming reels.",comment,"This is the part of freelancing nobody warned me about. You're essentially running two businesses - the actual design work AND a media company to market yourself.

Some things that helped me cut down the time sink:

Batch it ruthlessly - one afternoon a month shooting enough content for 4 weeks, then just scheduling. Still sucks but at least it's contained.

The ""dead Instagram"" feedback is frustrating but telling. Those clients probably weren't going to be easy to work with anyway - if they're judging you on posting frequency rather than your actual portfolio, imagine what the project would be like.

Have you tried LinkedIn instead? Less content treadmill, more about occasional thoughtful posts. Different audience but often better quality leads for B2B work like brand design.

The 15 hours unpaid time is brutal. At some point you have to decide if you're building a brand or just surviving. Neither answer is wrong.",12/2025,23,"Lack of
Visibility",LinkedIn,No,"Have you tried LinkedIn instead? Less content treadmill, more about occasional thoughtful posts. Different audience but often better quality leads for B2B work like brand design.",,True
5,r/freelance,https://www.reddit.com/r/freelance/comments/1pku5yi/lost_potential_clients_because_my_instagram/,"Lost potential clients because my Instagram looked ""inactive."" Now I'm spending entire Sundays filming reels.",comment,"How much is your time worth? If you spend 15 hours a week and don’t want to pay someone $800 a month for 60 hours work at $13/hour you’re missing a trick. 

Something doesn’t feel right about your numbers anyway. A solo brand designer can do X amount of jobs in a month and do well. 

If your closing rate is 10%, you need 10X queries. If your contact rate from socials is 1% you then need to reach 1000X with your content. Run paid ads to get that.",12/2025,8,"Lack of
Visibility",,No,If your contact rate from socials is 1% you then need to reach 1000X with your content. Run paid ads to get that.,,False
6,r/freelance,https://www.reddit.com/r/freelance/comments/1pku5yi/lost_potential_clients_because_my_instagram/,"Lost potential clients because my Instagram looked ""inactive."" Now I'm spending entire Sundays filming reels.",comment,"Social media is a waste of time. You're building their business, not your own. Either farm it out or drop it completely.",12/2025,10,"Lack of
Visibility",,No,"Social media is a waste of time. You're building their business, not your own.",,False
7,r/freelance,https://www.reddit.com/r/freelance/comments/1pku5yi/lost_potential_clients_because_my_instagram/,"Lost potential clients because my Instagram looked ""inactive."" Now I'm spending entire Sundays filming reels.",comment,"I fell into this trap earlier in the year. 

You do all the things you read and learn needs to be done, yet you make no money or progress, but feel entirely burnt out instead. 

That burnout turns to frustration, and that frustration spirals you down to your own version of Hell. 

But when I stopped ""doing"" and started ""being"", things changed. 

In practicality, instead of doing all these things to get noticed, I'm curious as to how many people you are connecting with on a regular basis? 

Of those people, how many know what you do? 
Do they fit into your target market and ideal customer profile?
Do they know one person that could use your service? 

When I trained and finished getting certifications, I unintentionally set unrealistic expectations that people would come to me, seek me out, and for some reason eagerly ask me for my service because I KNOW I'm good at it. 

But like you said, people need to know what you do and want what you do to be done for them. But in order for that to happen, you need to get in front of people, but social media influencers and marketers convince us to create content and act as that is the only way. It is not. 

Sometimes, the boring way is the right way, and the exciting way is what becomes a maintenance plan later.",12/2025,6,"Lack of
Visibility",,No,"In practicality, instead of doing all these things to get noticed, I'm curious as to how many people you are connecting with on a regular basis?",,False
8,r/freelance,https://www.reddit.com/r/freelance/comments/1pku5yi/lost_potential_clients_because_my_instagram/,"Lost potential clients because my Instagram looked ""inactive."" Now I'm spending entire Sundays filming reels.",comment,"You are working 15 hours / weeks for contents because you are trying to be everywhere and you're doing it just mediocre.

Instead of this, focus one channel only and be better on it.

Hang out where your clients are. Is it Instagram? Tiktok? LinkedIn? X? You can be perfect on everywhere if you are solo and your time is limited but you can be almost perfect on one channel.",12/2025,2,"Lack of
Visibility",,No,"You are trying to be everywhere and you're doing it just mediocre. Instead of this, focus one channel only and be better on it.",,False
9,r/freelance,https://www.reddit.com/r/freelance/comments/1pku5yi/lost_potential_clients_because_my_instagram/,"Lost potential clients because my Instagram looked ""inactive."" Now I'm spending entire Sundays filming reels.",comment,"For me at least, as a designer I am making content in my free time anyway for fun, this content I put on social media but I wouldn't feel the need to be posting more than a few times per month. Quality over quantity I think is a good idea, just focus on a few quality things rather than a lot of reels and such.

I get almost all of my work through Instagram or LinkedIn too.",12/2025,1,"Lack of
Visibility",LinkedIn,No, Focus on a few quality things rather than a lot of reels and such.,,True
10,r/freelance,https://www.reddit.com/r/freelance/comments/1pku5yi/lost_potential_clients_because_my_instagram/,"Lost potential clients because my Instagram looked ""inactive."" Now I'm spending entire Sundays filming reels.",comment,"this hits way too close. i’ve watched freelancing quietly turn into unpaid content production because somewhere along the line “being good at the work” stopped being enough. the exhausting part isn’t even the filming, it’s feeling like your livelihood depends on staying visible in someone else’s feed. a lot of people posting nonstop either already have momentum or are just as burned out but not saying it out loud. you’re not broken for questioning whether this tradeoff makes sense — that “deck chairs on the titanic” feeling is usually your signal that the system you’re feeding isn’t actually aligned with how you want to work.",12/2025,1,"Lack of
Visibility",,No, it’s feeling like your livelihood depends on staying visible in someone else’s feed. a lot of people posting nonstop either already have momentum or are just as burned out but not saying it out loud,,False
11,r/freelance,https://www.reddit.com/r/freelance/comments/1pku5yi/lost_potential_clients_because_my_instagram/,"Lost potential clients because my Instagram looked ""inactive."" Now I'm spending entire Sundays filming reels.",comment,"A common freelance pain... unfortunately your work is not the only things the clients are looking at... Sometimes I wonder if it's better to keep your socials active with mid content or just close all socials and limit the clients' view to your actual works... No answers here my friend, I think some automation could help, but it will also take some time to set up",12/2025,1,"Lack of
Visibility",,No,"I think some automation could help, but it will also take some time to set up",,False
12,r/freelance,https://www.reddit.com/r/freelance/comments/1pku5yi/lost_potential_clients_because_my_instagram/,"Lost potential clients because my Instagram looked ""inactive."" Now I'm spending entire Sundays filming reels.",comment,"One way to address this is batching all your content creation / marketing efforts to one day or a set of hours, so it's confined to a set schedule. At that time, you can schedule anything you want to be published. There comes a point of diminishing returns working on this for too long. I don't think a potential client cares that you're always active, but that you're showing up with quality work on a frequent basis, whether that's once a week or a few times a month.",12/2025,1,"Lack of
Visibility",,No," I don't think a potential client cares that you're always active, but that you're showing up with quality work on a frequent basis",,False
13,r/freelance,https://www.reddit.com/r/freelance/comments/1pku5yi/lost_potential_clients_because_my_instagram/,"Lost potential clients because my Instagram looked ""inactive."" Now I'm spending entire Sundays filming reels.",comment,My socials have nothing to do with my work and I still have enough to do. Have you considered other ways of finding new clients like cold emails or asking for referrals from past and current clients?,12/2025,1,"Lack of
Visibility",,No,Have you considered other ways of finding new clients like cold emails or asking for referrals from past and current clients?,,False
14,r/freelance,https://www.reddit.com/r/freelance/comments/1pku5yi/lost_potential_clients_because_my_instagram/,"Lost potential clients because my Instagram looked ""inactive."" Now I'm spending entire Sundays filming reels.",comment,"product photographer here, went through the exact same spiral last year. filming setup process videos, lighting breakdowns, all that bts content. my actual client work was suffering because i was exhausted from the unpaid marketing job i gave myself.

eventually just stopped. like fully stopped posting for months. honestly? nothing changed. my good clients kept coming back because they liked the work, not my reels. new ones still found me through referrals.

now i just keep my portfolio updated with my best shots. maybe post once a month if something's worth showing. weekends are mine again",12/2025,2,"Lack of
Visibility",,No,i just keep my portfolio updated with my best shots. maybe post once a month if something's worth showing,,False
15,r/freelance,https://www.reddit.com/r/freelance/comments/1pku5yi/lost_potential_clients_because_my_instagram/,"Lost potential clients because my Instagram looked ""inactive."" Now I'm spending entire Sundays filming reels.",comment,"Hey, I'm a freelance copywriter. Do you have a blog? Meaning a website with an area to post? Why don't you put your videos there and forget about instagram?",01/2026,1,"Lack of
Visibility",Instagram,No, Do you have a blog? Meaning a website with an area to post? Why don't you put your videos there and forget about instagram?,,True
16,r/freelance,https://www.reddit.com/r/freelance/comments/1pku5yi/lost_potential_clients_because_my_instagram/,"Lost potential clients because my Instagram looked ""inactive."" Now I'm spending entire Sundays filming reels.",comment,"Ugh, I totally get this. It’s wild how “being active online” has become a second job for freelancers. Batch filming sounds smart though—it might help keep your weekends sane. Also, you don’t need to reinvent the wheel for every post. Reuse stuff! Like, take an old project and break it into bite-sized tips for your audience. Less creation, more repurposing.",02/2026,1,"Lack of
Visibility",,No,It’s wild how “being active online” has become a second job for freelancers,,False
17,r/freelance,https://www.reddit.com/r/freelance/comments/1se54l6/do_people_actually_get_hired_and_paid_from_reddit/,Do people actually get hired and paid from Reddit freelance jobs?,post,"Hi everyone. I’m new to freelancing on Reddit and trying to understand how things really work here.

I’ve seen many job posts across different subreddits offering small freelance or online tasks, but I’m wondering how often people actually get hired and successfully paid. Are these opportunities generally reliable for beginners, or does it take a long time before landing your first paid task? And how do you sift out the scams from the real ones coz some of these posts look very convincing at face-value.

I’d really appreciate hearing about your experiences, especially any advice for someone just starting out and trying to avoid scams while building credibility. Thank you!",04/2026,69,"Possibility
of Scam",Reddit,No,And how do you sift out the scams from the real ones coz some of these posts look very convincing at face-value.,,True
18,r/freelance,https://www.reddit.com/r/freelance/comments/1se54l6/do_people_actually_get_hired_and_paid_from_reddit/,Do people actually get hired and paid from Reddit freelance jobs?,comment,"Ngl ive been in this and some other for hire/freelance subs for a few days, all posts that show up on my feed are scams filled with bot comments that spam ""Interested"". I don't think reddit is the best place to get hired, maybe I'm wrong but that is the impression I got.",04/2026,36,"Possibility
of Scam",Reddit,No,"all posts that show up on my feed are scams filled with bot comments that spam ""Interested"". I don't think reddit is the best place to get hired",,True
19,r/freelance,https://www.reddit.com/r/freelance/comments/1se54l6/do_people_actually_get_hired_and_paid_from_reddit/,Do people actually get hired and paid from Reddit freelance jobs?,comment,"99% is a scam. Just check the karma, date of registration. 
In general all posts with [HIRING] 40-70$/h is always a scam. 
Don’t waste your time trying to get freelance project on reddit in freelance groups.",04/2026,14,"Possibility
of Scam",Reddit,No,In general all posts with [HIRING] 40-70$/h is always a scam.,,True
20,r/freelance,https://www.reddit.com/r/freelance/comments/1se54l6/do_people_actually_get_hired_and_paid_from_reddit/,Do people actually get hired and paid from Reddit freelance jobs?,comment,"It used to be good pre-pandemic: you would get serious offers, some subs used a reputation system (see: r/SLRep) and scammers used to get called out and blocked if you reported to the mods.  
  
Around 2022, things began to go down the drain real quick... nowadays mods can't keep up with so many scammers/bots and getting a serious offer is rare. I wish I could say this is a reddit-only thing but most freelance platforms are going through the same (I got burned so many times at Upwork that is not even funny...)

My recommendation is to do a little research on ""the client"" before accepting anything. Look at their account history, google their usernames, check socials, etc. Also: watermarks and up-front or partial payment for ALL the things.",04/2026,5,"Possibility
of Scam",Upwork,No,nowadays mods can't keep up with so many scammers/bots and getting a serious offer is rare,,True
21,r/freelance,https://www.reddit.com/r/freelance/comments/1se54l6/do_people_actually_get_hired_and_paid_from_reddit/,Do people actually get hired and paid from Reddit freelance jobs?,comment,"I get most of my clients from here, LinkedIn, and word of mouth. This requires being SO active though",04/2026,7,"Lack of
Visibility",LinkedIn,No," LinkedIn, and word of mouth. This requires being SO active though",,True
22,r/freelance,https://www.reddit.com/r/freelance/comments/1se54l6/do_people_actually_get_hired_and_paid_from_reddit/,Do people actually get hired and paid from Reddit freelance jobs?,comment,"I’ve actually found some of my best, long-term clients right here on Reddit, people I’ve continued to work with for years now. So yes, you can definitely find something decent if you keep at it,one thing you should know, whenever someone posts a job, they get absolutely bombarded by hundreds of bots and copy-paste applications within seconds. It’s pretty rough out there, and your message can easily get buried in the noise.",04/2026,3,"Possibility
of Scam",Reddit,No,"whenever someone posts a job, they get absolutely bombarded by hundreds of bots and copy-paste applications within seconds",,True
23,r/freelance,https://www.reddit.com/r/freelance/comments/1se54l6/do_people_actually_get_hired_and_paid_from_reddit/,Do people actually get hired and paid from Reddit freelance jobs?,comment,"I used to attend my niche conferences (web3.0) and pitch my services to anyone who would listen and use to get 1-2 converts there.

Otherwise linkedin is a good place to search client, but need to be extremely active",04/2026,2,"Lack of
Visibility",LinkedIn,No,"linkedin is a good place to search client, but need to be extremely active",,True
24,r/freelance,https://www.reddit.com/r/freelance/comments/1se54l6/do_people_actually_get_hired_and_paid_from_reddit/,Do people actually get hired and paid from Reddit freelance jobs?,comment,"They're all bots and scams honestly. Maybe 1 in 20 will actually be someone who ""wants"" to hire someone for their ""amazing"" new business idea, but they'll always flake out in the end or try to convince you to work for ""equity"". Never seen a successful reddit hire, it's not a place to look for jobs it's a place to write creative fiction and talk about random stuff.",04/2026,1,"Possibility
of Scam",Reddit,No,They're all bots and scams honestly,,True
25,r/freelance,https://www.reddit.com/r/freelance/comments/1se54l6/do_people_actually_get_hired_and_paid_from_reddit/,Do people actually get hired and paid from Reddit freelance jobs?,comment,"I have had the most success just posting my work and services on different subreddits. Usually the clients who are interested would reach out to me directly, so I would say there are definitely opportunities available here.

That said, nowadays there are a lot more scammers and bots than before so you will need to be vigilant, especially when you're just starting out and eager to get your first paycheck.

Always collect a deposit and don't open any files or links unless you're sure that they are trustworthy.",04/2026,1,"Possibility
of Scam",Reddit,No,"nowadays there are a lot more scammers and bots than before so you will need to be vigilant, especially when you're just starting out and eager to get your first paycheck.",,True
26,r/freelance,https://www.reddit.com/r/freelance/comments/1se54l6/do_people_actually_get_hired_and_paid_from_reddit/,Do people actually get hired and paid from Reddit freelance jobs?,comment,yeah it works but you gotta be selective. plenty of legit gigs but also a lot of lowballers and time wasters so learn to spot the red flags fast. always get payment upfront or use escrow before doing any work.,04/2026,2,"Possibility
of Scam",Reddit,No,plenty of legit gigs but also a lot of lowballers and time wasters so learn to spot the red flags fast. always get payment upfront or use escrow before doing any work.,,True
27,r/freelance,https://www.reddit.com/r/freelance/comments/1se54l6/do_people_actually_get_hired_and_paid_from_reddit/,Do people actually get hired and paid from Reddit freelance jobs?,comment,"yeah it actually works, got my first two clients from r/forhire back in the day. the key is responding fast and having a portfolio link ready, most of those posts get buried quick.",04/2026,1,"Lack of
Visibility",Reddit,No,"the key is responding fast and having a portfolio link ready, most of those posts get buried quick.",,True
28,r/freelance,https://www.reddit.com/r/freelance/comments/1s2hdo1/spent_200_on_instagram_ads_got_8_dms_zero_clients/,"Spent $200+ on Instagram ads, got 8 DMs, zero clients. What am I doing wrong?",post,"I'm a freelance graphic designer specializing in concert posters, album covers, event flyers, and promotional visuals for small businesses. I've been trying to get my first few paying clients through Instagram ads for the past couple months and I'm hitting a wall.

Here's what happened:

I set up campaigns through Meta Ads Manager — not just boosting posts, actually building targeted audiences. Musicians, band pages, event organizers, small restaurant owners. People who should genuinely need what I offer. I spent over $200 on the first round of ads. The result: 8 people DM'd me. Most of them ghosted the second I replied. One or two seemed genuinely interested, asked about pricing, seemed ready to move forward — then vanished. Never heard from them again.

I thought maybe the problem was response time. People lose interest fast on Instagram. So I tried setting up an automated bot through n8n to handle initial replies instantly. Found a YouTube tutorial, started connecting it through Meta's developer tools, and somehow in the process my entire Facebook account got restricted from running ads. Just like that — my main account with 130 followers, gone from ads.

So I started fresh. New account. Currently at 15 followers. Already spent another $100 on ads from this account and the campaign ends in a few days. Results so far: 2 DMs. Both ghosted me immediately after I replied.

That's $300+ total, 10 conversations, and zero paying clients.

For context — I don't think my work is the issue. I do retro, punk, cinematic, dreamy, anime-inspired, and commercial styles. I've designed concert posters, manga-style editorial pieces, restaurant promos, and album art concepts. My ig: ejjinaz if you want to judge for yourself and tell me if the work is actually the problem — I can take it.

What I'm struggling to figure out:

Is Instagram ads just the wrong channel for finding design clients as a freelancer?

Are people on Instagram just window-shopping and never actually buying?

Should I be running a completely different type of ad — like driving to a landing page instead of DMs?

Where are other freelance designers actually finding clients that pay?

Is there something about my approach in the DMs that might be killing the sale before it starts?

I'm not looking for ""just keep going"" motivation. I want to know what's actually working for other designers and where I should be spending my time and money instead. Because right now it feels like I'm lighting cash on fire.

Any advice — brutal or otherwise — is welcome.",03/2026,38,Ghosting,Instagram,No,I spent over $200 on the first round of ads. The result: 8 people DM'd me. Most of them ghosted the second I replied. ,,True
29,r/freelance,https://www.reddit.com/r/freelance/comments/1s2hdo1/spent_200_on_instagram_ads_got_8_dms_zero_clients/,"Spent $200+ on Instagram ads, got 8 DMs, zero clients. What am I doing wrong?",comment,"You’re not crazy, but you’re solving the wrong problem.

The issue isn’t “Instagram ads don’t work.” It’s that you’re running ads for something people don’t feel urgency to buy.

Right now (it seems like) you’re effectively saying:
“I do graphic design”

That’s a commodity. Nobody feels pressure to act on that.

You need to shift from selling design → selling outcomes tied to a specific niche.

For example:

“Concert posters that help local shows actually sell tickets”
“Album covers that increase Spotify clicks”
“Restaurant promos that drive foot traffic on slow nights”

That changes who responds and how seriously they take you.

Second, DMs are probably killing you.

10 DMs with interest but no closes usually means:

you’re not controlling the conversation
you’re presenting price before building value
or you’re talking about the work instead of the result

You should at least test sending traffic to something more structured:

a simple landing page
clear positioning
2–3 strong examples
a defined offer (not “custom design”)
and a call booking or form

Also, I wouldn’t overthink targeting too much on Meta right now.

It’s less about stacking interests and more about whether your creative clearly calls out the right person and situation. If your ad just says “graphic design for musicians,” you’ll attract a lot of low-intent people. If your ad says something like “dropping music this month and need an album cover that actually gets clicks,” you start filtering for people with real intent.

Meta can do a solid job finding the right people, but only if your creative is specific enough to act as the filter. Otherwise it will just find people who are willing to engage, not necessarily people who are willing to pay.

Last thing: your results actually aren’t that weird.

$300 → 10 DMs → 0 sales

That’s a positioning + conversion problem.

Fix those before you spend another dollar.",03/2026,16,"Lack of
Visibility","Meta, Instagram",No,"Meta can do a solid job finding the right people, but only if your creative is specific enough to act as the filter",,True
30,r/freelance,https://www.reddit.com/r/freelance/comments/1p0dj0y/tired_of_clients_undervaluing_my_work_is_it_me_or/,Tired of Clients Undervaluing My Work. Is It Me or the Market?,post,"Hey everyone,

I’m honestly exhausted with pricing issues for every project I take on. Lately, it feels like every client wants me to build a massive app for them… for XXX amount of money. That amount barely covers 20% of the time and effort I’ll put into it. With that budget, I could maybe develop one feature and send them the code.

This keeps happening over and over, and it’s got me questioning: is the problem with me? I checked freelancing groups on Facebook and even here on Reddit. people discuss project pricing, and the advice is usually to ask within a certain range (XXX–XXX). I googled project prices, asked AI tools, and did my homework. But whenever it comes to me, I try asking for the lowest reasonable price, and suddenly all the clients I get are broke or students with very limited budgets.

I’m just tired of this cycle. How do you deal with clients who don’t value your work? Any advice would be greatly appreciated 🙏",11/2025,36,"Lack of
Relevance","Facebook, Reddit",No," I try asking for the lowest reasonable price, and suddenly all the clients I get are broke or students with very limited budgets.",,True
31,r/freelance,https://www.reddit.com/r/freelance/comments/1p0dj0y/tired_of_clients_undervaluing_my_work_is_it_me_or/,Tired of Clients Undervaluing My Work. Is It Me or the Market?,comment,"I had to deal with this fear a couple of months with novice group of business investors that originally wanted to hire me on full-time into management. The offer was there for me to accept. The conversation shifted across a few days from that role to them directly trying to pick my brains on particular things,  about their business launch and goals. In the second conversation, I felt they were trying to get free information , industry knowledge and best practices from me. I wanted to perhaps pump the brakes and ask what direction should we go contract or full-time offer. I didn't take the conversation there. It reminded me of past patterns with other folks in the past who undervalued me on day 1, 6 or 14 etc...  so I felt it was just best to leave them in my dust and dodge the hassle. We ended the conversation cordially with no clear next steps agreed to. In the end, no damage done either side because I was wise to anticipate things ahead. Weeks later I read they hadn't been able to fill the role initially discussed. I have no regrets, nor ill will.

When I got into freelancing more intently, a year ago, a close friend told me I was undercutting myself with a lower rate that should have been about 40% higher. It's a way to make sure I'm priced above my own sense of true value on the hour. Or charge for phases, and charge a chunk upfront before starting. And in a couple of weeks or a month later, you don't move forward with work and time if they don't pay the next balance on time.

And I'm keen on avoiding earlier experiences where I got short end of the stick from folks who didn't respect my value, which usually comes from aloof clients who have no idea what they need to know, don't know how to ask for that information or don't know what they're doing in the market or niche.",11/2025,3,"Lack of
Relevance",,No," I felt they were trying to get free information , industry knowledge and best practices from me. It reminded me of past patterns with other folks in the past who undervalued me ",,False
32,r/freelance,https://www.reddit.com/r/freelance/comments/1p0dj0y/tired_of_clients_undervaluing_my_work_is_it_me_or/,Tired of Clients Undervaluing My Work. Is It Me or the Market?,comment,"Your client is a choice. If you continually experience being undervalued and underpaid, spend time looking at who is the common denominator. Define the intrinsic value you bring, charge accordingly and find better clients.",11/2025,3,"Lack of
Relevance",,No,spend time looking at who is the common denominator. Define the intrinsic value you bring,,False
33,r/freelance,https://www.reddit.com/r/freelance/comments/1p0dj0y/tired_of_clients_undervaluing_my_work_is_it_me_or/,Tired of Clients Undervaluing My Work. Is It Me or the Market?,comment,"When you want to buy shoes, there are Nikes at $500 and cheapo brands at $50

The cheapo clients will opt for the cheaper brands, it'll last them a few months and they'll complain all the way. You won't catch Nike discounting their items just to get the cheapo clients

It's the same mindset for services. Price cheaply, get cheap clients. So be like Nike, don't bother with them",11/2025,1,"Lack of
Relevance",,No,"The cheapo clients will opt for the cheaper brands, it'll last them a few months and they'll complain all the way.",,False
34,r/freelance,https://www.reddit.com/r/freelance/comments/1onavjk/sharing_my_experience_so_other_designers_dont/,Sharing my experience so other designers don’t fall into the same trap of misplaced trust.,post,"[.](https://preview.redd.it/oubmptlfg1zf1.png?width=1200&amp;format=png&amp;auto=webp&amp;s=fb220125fcad4ef7182cd30cbd838fd7f911fcd7)

**How I Got Scammed During a Design Project by Someone I Trusted (and What I Learned the Hard Way)**

It all started around **20th July 2024**.  
A friend of a close friend reached out to me on WhatsApp, saying he needed help with UI/UX design for his startup. We had a meeting where he explained his idea — it sounded interesting, and honestly, it had potential.

He mentioned that the **funding wasn’t raised yet**, so he couldn’t pay me at the moment, but he promised that **once the funds came in, he would pay me back**.

Since he was someone from my friend circle, I trusted him. That was my **first mistake**.

💬 **My mistake:** Trusting someone just because they’re connected through friends.  
💡 **My tip:** Always record your meetings (audio or notes) — people can twist words later, and you’ll have no proof.

At that time, I was finishing a concept project of my own. I told him I’d need a bit of time before fully diving in. By August, I started working seriously on his project. Eventually, we discussed whether it should be an internship or freelance arrangement. We decided on an internship with a **monthly stipend of ₹16,000**, but everything was **verbal** — no offer letter, no contract.

He said again, *“Once the funding is raised, I’ll pay you.”*  
I agreed.

💬 **My mistake:** Being so focused on the work that I ignored the paperwork.  
💡 **My tip:** Always ask for an **offer letter or written agreement first**, even if the person seems genuine.

During that time, he helped me with a few referrals, called me his *“elder sister”*, and built trust. I felt safe, like I was helping someone who valued me.

💬 **My mistake:** Falling for emotional manipulation disguised as kindness.  
💡 **My tip:** Sweet talk doesn’t replace professionalism. Keep business, business.

By Diwali, I had completed half the project. After getting feedback, I realized the design needed a fresh start — so I redesigned everything. Around that time, he was busy trying to raise funds.

A close friend later asked me about the offer letter and stipend details, and I admitted everything was verbal. He told me to ask for something in writing, so I did. Finally, I received an **“official” offer letter** that said:

“Your stipend will be provided only after we secure funding.”

It was already too late — I’d invested months of work by then.

From **November to February**, I kept working on his project, putting in effort without asking for money. I even helped his brother for a week on another task (thankfully, the brother actually paid me).

By **January 2025**, almost everything was done — web and mobile versions, new features, iterations, feedback loops. I worked so hard because it was my **first proper internship**, and I genuinely wanted to build something great.

During an interview with a design agency, when I showed this project in my portfolio, the interviewer said,

“You’ve been used. He won’t pay you.”

That hit me hard.  
Still, I didn’t want to believe it. I messaged him, expressing how worried I was. He reassured me again — called me *“a friend and sister”*, said *“Don’t worry, I’ll transfer the money soon.”*

He knew I needed money for my parents’ anniversary, so he sent **₹50,000** from his sister’s account in **February 2025**. I had worked from **August to February**, so the total amount was around **₹96,000**. I told him, “You can pay ₹50k now and ₹20k later after funding.” He agreed.

At that moment, I was actually happy.

💬 **My mistake:** Doing a “favor” and leaving a pending balance.  
💡 **My tip:** Always take full payment — *a promise isn’t a payment.*

Months passed. I moved on with my new full-time role at the design agency.

Then in **July 2025**, he texted me again — saying he was starting another startup and offered me a **full-time role for ₹45k per month**. I said no.

Later in the conversation, he mentioned, *“Now I have money.”*  
So I replied, *“Then you can pay my pending ₹20k.”*  
He agreed and said he’d transfer it by the end of the month.

He asked me for an invoice, so I made one and sent it. Then… silence.  
I texted him multiple times in **October 2025**, he kept saying, *“I’m sick,” “I’ll do it soon,”* and so on.

Finally, I sent him a long emotional message — I poured my heart out about trust, hard work, and how I felt ignored.  
That’s when he sent me **this message**, which completely broke me:

“When we started working together, you had initially joined voluntarily without requesting any payment (If you remember, no payment was there). Later, considering your financial situation at that time, I offered ₹50,000 for the entire project as a gesture of support and appreciation for your efforts. This amount was paid in advance, even before the project was completed, around the time of your parents’ anniversary.  
To be transparent, my firm did not have the required funds at that point, and the payment was made through my sister’s account to ensure you received the amount on time.

Later, you requested an additional ₹20,000 after a discussion with a friend who suggested you should charge more. I agreed to this purely out of personal goodwill, since I have always considered you like an elder sister, and not as part of any project agreement. It was understood that I would consider this amount only when my firm’s financial condition improved and that you would continue working with the agency at that time.  
However, during our last discussion, even after I offered you a role with more than a 50% raise compared to your current position, you chose not to continue working with the firm. Based on this and our earlier understanding, the initial ₹50,000 already covered your full compensation, and therefore no amount is pending.  
Additionally, as a gesture of trust and goodwill, I also gave you permission to feature the project designs in your personal portfolio and case studies, something most firms typically do not allow since the intellectual property belongs to the company.”

Reading that felt like getting punched in the chest.  
He twisted everything — made it sound like I joined for free, that the money was out of “goodwill,” and that the unpaid ₹20k was just a “favor.”

I had a **panic attack**, I **cried for hours**, and I genuinely couldn’t sleep. All the trust, all the effort, and all the small bits of hope that I’d get paid — gone.

💬 **My mistake:** Believing words without proof.  
💡 **My tip:** Keep every agreement in writing — even small ones. Screenshots, chats, and emails are your safety net.

then this was the last message to him - ""Thank you Finally people were true about how selfish a person you were ( jb kaam tha to sweet talks and jb abhi paise dene ki bari hai, tb koi pending money remaining ni hai), and I will never ever forgive you in my life. I hope you will get the karma soon. Don't worry am not like you and won't drag you this to matter to Twitter because it's not worth it qki ab tu wo money hi ni dena wala to koi mtlb ka ni. Remember this - Mera portfolio abhi tk bana ni hai and mein usko use bhi ni krugi because of you, and wo LinkedIn pe bhi hata dungi. I don't need your company portfolio to showcase my ability. I hate you and I never talked you again. You broke my trust and I will never forget and forgive you. Don't worry this is my last message to you because you are blocked from everywhere. I really wish for the karma because you really did a bad thing to me. Get lost forever"" then i blocked him from everywhere”

Out of desperation, I even messaged his sister on LinkedIn — politely explaining the issue and asking her to help resolve it. She never replied.

Instead, he texted my close friend mocking me — saying things like, *“Do you know how much a legal battle costs?”*

He has quite a good number of followers on Twitter, and I know he can easily twist the situation. There’s a huge chance he could post something against me — maybe even claim that *I’m harassing his sister* just because I asked for my pending ₹20k. That’s exactly why I’m **not revealing his name or his company name** here.

As for evidence, I only have **WhatsApp chat screenshots** — nothing else. And honestly, I don’t even have the money to hire a lawyer.

I can’t lie — the emotional toll was real. Sleepless nights, anxiety, anger, heartbreak. I gave my best, trusted someone who used that trust for his own benefit.

**What I Learned (The Hard Way):**

1. **Never work without a written agreement.** Even if they’re a friend, treat it like business.
2. **Don’t accept “after funding” promises.** It’s a red flag.
3. **Record or document everything.** Meeting notes, texts, proof — these save you later.
4. **Separate emotions from professionalism.** Sweet words mean nothing without actions.
5. **Always take full payment.** Partial payments can easily turn into manipulations.

I’m sharing this because I don’t want anyone else — especially new designers or freelancers — to go through what I did.  
Please protect yourself. Be professional, not just passionate.

Thanks for reading.  
This is my story, and my small way of spreading awareness.",11/2025,36,"Possibility
of Scam",LinkedIn,No,"He twisted everything — made it sound like I joined for free, that the money was out of “goodwill,” and that the unpaid ₹20k was just a “favor.”",Emotional manipulation of student interns,True
35,r/freelance,https://www.reddit.com/r/freelance/comments/1onavjk/sharing_my_experience_so_other_designers_dont/,Sharing my experience so other designers don’t fall into the same trap of misplaced trust.,comment,"Insist on a nonrefundable deposit of between 25 and 50 percent of the job cost, and don't start work until that money is in your pocket. That way you will have been paid something at least.",11/2025,4,Other,,No,Insist on a nonrefundable deposit of between 25 and 50 percent of the job cost,Anti-scam / Anti-ghost measure,False
36,r/freelance,https://www.reddit.com/r/freelance/comments/1r1a4yu/rejected_by_proxify_despite_years_of_professional/,Rejected by Proxify despite years of professional experience - their assessment process is fundamentally broken,post,"I just got rejected by Proxify. The email said my ""technical skills did not meet their requirements."" I want to share my experience because I think it highlights a growing problem in our industry.

**My background:** I've worked at Amadeus, Alten, Reply. Built entire startup projects independently. Delivered more APIs than I can count. Never had a performance issue, consistently among the strongest on my teams.

**The Proxify assessment:**

* Timed coding test with **camera and full screen recording**
* **No internet search allowed**
* **No AI tools allowed**
* **No documentation allowed**
* **No syntax highlighting**
* **No dependency suggestions or context hints**
* Test was in a **language/framework I haven't actively used in years**
* Result: a generic rejection with **zero specific feedback**

**My take:**

This process tests one thing: **memory**. Can you recall exact syntax and algorithm implementations without looking anything up? That's it. It has almost nothing to do with real software engineering.

In my actual job, and in every developer's actual job, we use Google, Stack Overflow, documentation, and yes, AI tools. Every single day. Because the skill isn't memorizing, it's **knowing what to look for, how to evaluate it, and how to apply it** to solve real problems.

By banning all of these tools and putting you on camera, Proxify is essentially running a crossword puzzle competition and calling it a technical assessment. The people who pass aren't necessarily the best developers, they're the best test-takers.

On top of that, the surveillance felt invasive and disproportionate. Camera recording + screen capture just to apply to a freelance platform? And after all that, they can't even provide specific feedback on what you got wrong?

I've talked to other developers who had the same experience. Some very senior people getting filtered out by this process while it likely lets through junior devs who happen to be good at LeetCode-style problems.

I get that screening at scale is hard. But this approach is fundamentally flawed. It replaces human judgment with an automated quiz that correlates poorly with actual job performance. The industry needs to move away from this.

Has anyone else been through Proxify's process? Curious to hear your experiences.

---
  
**EDIT - For those who want the full details of what happened:**

The test was on .NET Core 9. I haven't actively worked with .NET Core since version 4/5, I moved on to Java and other stacks years ago. But here's the thing: I didn't fail it.

I completed exercises 1 and 2 with **100% correctness**. I had started exercise 3 but ran out of time. So the code I wrote was fully correct, I just wasn't fast enough.

Why? Because without syntax highlighting, dependency suggestions, or any context hints, I was fighting the environment instead of solving problems. For example, one exercise required using request headers to apply conditions in an API. The test gave no indication that a global `Request` object existed or where to find `Context`/`Headers` in the SDK. If you don't have that specific framework version's API surface memorized, you're stuck, not because you can't code, but because you can't *recall*.

That's the core issue: **the test doesn't distinguish between someone who writes correct code at a slower pace and someone who genuinely can't code.** In a real work environment, the 30 seconds I'd spend looking up ""how to access request headers in .NET Core 9"" would be completely irrelevant. In this test, it's the difference between passing and failing.",02/2026,32,"Confusing
UX",Proxify,No,This process tests one thing: **memory**. It replaces human judgment with an automated quiz that correlates poorly with actual job performance,Assessment bias,True
37,r/freelance,https://www.reddit.com/r/freelance/comments/1r1a4yu/rejected_by_proxify_despite_years_of_professional/,Rejected by Proxify despite years of professional experience - their assessment process is fundamentally broken,comment,"Totally agree with you, most of these platforms try to automate everything without humans in the loop, end up like this. 

You might give a try to alternative platforms and see how it goes, I am also in the process of finding the perfect fit.

Did you try index.dev / arc.dev or lemon.io ?",02/2026,1,"Confusing
UX",,No,most of these platforms try to automate everything without humans in the loop,,False
38,r/freelance,https://www.reddit.com/r/freelance/comments/1r1a4yu/rejected_by_proxify_despite_years_of_professional/,Rejected by Proxify despite years of professional experience - their assessment process is fundamentally broken,comment,"The no-documentation-allowed bit is what kills me. In what universe does a professional developer work without access to documentation? That's literally what documentation exists for.

I've been through similar assessments where you're basically proving you've memorised an API surface rather than demonstrating you can actually solve problems. The .NET Core 9 thing makes it worse - frameworks move fast enough that even daily users would struggle to recall every method signature from memory.

The zero feedback part is almost more frustrating than the rejection itself. You invest time, get surveilled the whole way through, and then get a form email. At least tell people which exercise tripped them up so they can calibrate whether it's worth retrying.

Honestly the best technical assessments I've seen give you a small realistic project, let you use whatever tools you'd normally use, and evaluate the result. Takes longer to review on their end, which is probably why most platforms don't bother.",02/2026,2,"Confusing
UX",,No,"the best technical assessments I've seen give you a small realistic project, let you use whatever tools you'd normally use, and evaluate the result",,False
39,r/freelance,https://www.reddit.com/r/freelance/comments/1o5wdq1/how_to_avoid_getting_scammed_via_w9/,How to avoid getting scammed via W9?,post,"Hey all,

I'm a graphic designer with a normal 9-5 role, but I also often take on freelance business on the side. Usually this is through family, friends, places I've worked in the past, or direct referrals. The other day I received an email from a lady who is working at a marketing firm, stating that she found me via LinkedIn and was wondering if I was still looking to take on freelance work.

Went back and forth a bit and then set up a google meets call, basically she said they're looking for more designers to have on standby for when new opportunities pop up. Sounded like a good deal to me. We were chatting on video and it was definitely a real person, and her LinkedIn looks legit too.

Today she connected me with one of her colleagues, who emailed me a W9 and asked for me to fill it out so we could get started right away once they have work for me. I looked this woman up as well, and her LinkedIn profile also looks legit to me.

I only ask as they have a very small company LinkedIn presence (250 followers, 2-10 employees), their website is pretty barren, and of course I don't actually know these people and have only started talking to them through essentially a cold call email. Is there anything I can ask for to validate they are a real business before I fill out a W9 and give over my social security number?

Any advice would be super helpful!

  
EDIT: Thanks everyone for the advice! I'm going to pursue getting an EIN. In the meantime I sent them an email letting them know I am in the process of getting an EIN and will send back the W9 once I have one. Figured if they get pushy trying to tell me to fill it out with my social, I'll definitely know it's a scam lmao.",10/2025,29,Other,LinkedIn,No,Is there anything I can ask for to validate they are a real business before I fill out a W9 and give over my social security number?,Identity theft; Sharing details with unverified LinkedIn recruiters,True
40,r/freelance,https://www.reddit.com/r/freelance/comments/1o5wdq1/how_to_avoid_getting_scammed_via_w9/,How to avoid getting scammed via W9?,comment,"When I had my first meeting with an accountant, I explained my business and how I billed. He paused, asked me in a very serious tone:

“So these are people you’ve never met before?”

Yeah, sometimes.

“And you might never see them again?”

Yeah, possibly.

And he immediately insisted I get an EIN and stop giving my SSN to my clients. It took him like five minutes to get one for me.

Get an EIN. You should be able to set up a d/b/a and get one.",10/2025,12,Other,,No,he immediately insisted I get an EIN and stop giving my SSN to my clients,Sharing details with unverified LinkedIn recruiters,False
41,r/freelance,https://www.reddit.com/r/freelance/comments/1o5wdq1/how_to_avoid_getting_scammed_via_w9/,How to avoid getting scammed via W9?,comment,"I do warranty work for some large companies in my industry.  Usually they ask for a W9 once they are about to process the first payment.  Since they are larger well known companies I don’t mind sending a W9.  I do have an EIN for my business.  

In my opinion, even as a freelancer , you are running a business and should have an EIN. Even if it is John Doe d/b/a John Doe Freelancer.",10/2025,4,"Complex
Application Process",,No,Usually they ask for a W9 once they are about to process the first payment.  Since they are larger well known companies I don’t mind sending a W9,,False
42,r/freelance,https://www.reddit.com/r/freelance/comments/1kj28jj/got_getting_scammed_whats_my_move/,Got / Getting scammed ; What's my move?,post,"Ughh..

I'm stupid. Let's put that aside.

I did a several-week project for this guy. He kept increasing the scope. The project went over time, and I wasn't too worried, because he seemed happy, and my pay was based on time, not the project.

He was paying every week, but it became more sporadic without my noticing. Missed a few weeks.

When I was like ""hey pay me"" he came back like ""actually your work sucks. I'm disappointed."" ""Misremembering"" what we agreed to. Bla bla bla. ""Maybe we can renegotiate the price of the work you already did, and we can finish the project.""

It's all so disorienting. Of course my insecurities are raring up, so I'm partly blaming myself. But it seems more likely that this is narcissist bullshit, and he was just a crook the whole time. Or maybe he's stupid and doesn't understand what's happening.

This could be a good project to have in my portfolio. And maybe there's any money to get out of him still. I do want the project to be successful. But maybe I just shouldn't interact with a crook.

I think he thinks he has access to the code base, but actually he doesn't. I could Zuckerburg him. But I'm not sure it's worth the effort. I could threaten to delete the whole thing, but I don't feel like I would get any more cash out of him.

Dude, I'm tired. And numb and in shock. Anyone have any advice?

UPDATE: lol! The idiot thought the dist file was the source code. So he barely has a website.",05/2025,27,"Possibility
of Scam",,No,"When I was like ""hey pay me"" he came back like ""actually your work sucks.",Payment witholding,False
43,r/freelance,https://www.reddit.com/r/freelance/comments/1re6y3r/are_freelance_platforms_flooding_their_briefs/,Are freelance platforms flooding their briefs section with fake or AI-generated briefs to boost activity and sell subscriptions?,post,"I've been actively applying to freelance briefs for over 3 months now on a specific platform (Don't know if I can name it here), roughly 30 a month, and I have yet to receive a single response. After a while I started noticing a pattern that made me question whether many of these posted projects are even real.

**Some red flags I keep seeing:**

**Unrealistic Budgets:** Either the budgets are too less (For example $100 for a complete branding) or too much ($100000 for a branding project)  
**No Specific details about their brand:** Nothing is mentioned about their brand but only generic requirements. No human tone or excitement to present their brand name or their goals.  
**No Activity on their accounts:** The account seems fake, no activity, neither they see the proposals.

I have been doing this for **3 months, 90 proposals** yet **ZERO** response, no activity, and noticed the same pattern.

Has anyone else noticed this? Am I being paranoid or is this a real problem?",02/2026,23,"Lack of
Relevance",,No,"I have been doing this for 3 months, 90 proposals yet ZERO response, no activity, and noticed the same pattern.",,False
44,r/freelance,https://www.reddit.com/r/freelance/comments/1ro6imj/how_do_you_handle_the_question_where_is_your/,How do you handle the question? Where is your location,post,"I run a small publishing and book design service where I help authors prepare their books for publishing (cover design, typesetting, editorial preparation, etc.). Most of the work is naturally done online because clients send manuscripts digitally and the entire production process happens on a computer.

The challenge I keep running into is the **location question**.

Many potential clients eventually ask:  
**“Where is your office?”** or **“Send me your location.”**

The moment I explain that my publishing work is **handled remotely**, some of them simply disappear from the conversation. It feels like they immediately lose trust.

Here’s my situation in full context:

• I am currently in **full-time employment**, so my publishing work is something I run alongside my job.  
• Because of that, I don’t operate from a dedicated office where clients can walk in anytime.  
• Most of my workflow is completely **digital** anyway (manuscripts, layout, design, proofs, etc.).  
• I’m always open to **meeting clients by appointment**, but I don’t have a permanent office location I can advertise.

What worries me is that I feel like I might be **losing potential clients simply because of the location question**, even when they seemed genuinely interested in the project before that point.

So I’m trying to understand how others handle this.

Some questions I’d really appreciate insight on:

• How do freelancers or small studios handle the **“Where are you located?”** question if they work remotely?  
• Have you experienced clients **disappearing after learning you don’t have a physical office**?  
• What are some **trust signals** you use to reassure clients when your work is mostly online?  
• Is it better to clearly say **“we operate remotely”**, or is there a better way to frame it?

I’d really appreciate hearing how others have navigated this. Right now getting clients has been a bit challenging, and I’m trying to figure out whether the **location issue might be part of the problem**.",03/2026,23,"Lack of
Visibility",,No,"I feel like I might be losing potential clients simply because of the location question. The moment I explain that my work is handled remotely, some of them simply disappear.",Little interest in remote workers,False
45,r/freelance,https://www.reddit.com/r/freelance/comments/1ro6imj/how_do_you_handle_the_question_where_is_your/,How do you handle the question? Where is your location,comment,"...where are you located?

Not trying to be a jerk. Your clients may need this information for tax reasons, or other regulatory reasons based on where they are located (some countries have restrictions on who their citizens can do business with, or where they can send payments to). I have noticed some bias against ""offshoring"" of services, which may or may not be what you are describing. But if a client asks this simple question and you deflect, it sounds defensive whether you mean to or not. If they don't know you, what's to say you won't run off with their money or information?

You could try sharing where your business entity is formed, or where you are personally located, and adding that you work with clients nationally/internationally.",03/2026,29,"Lack of
Visibility",,No,I have noticed some bias against 'offshoring' of services.,Little interest in remote workers,False
46,r/freelance,https://www.reddit.com/r/freelance/comments/1ro6imj/how_do_you_handle_the_question_where_is_your/,How do you handle the question? Where is your location,comment,"I’m a sole proprietorship, and most of my clients are publishers or other companies in the industry. On my public profile, I make no secret of my city, stating it on LinkedIn and my website. I won’t give my full address right away, but once we get to contracts and accounting, I give it to the relevant personnel.

To be fair, my clients are incorporated businesses. I understand being more cagey toward individual authors. But if you’re working with authors outside gig websites, I’d assume you’re either using your home address or a business address. For the latter, there are options as straightforward as a virtual business address or a coworking space. Even if it’s not the location you physically work at, it establishes legitimacy.

If you’re secretive because you’re working with clients overseas, I understand that there’s a major negative bias toward certain countries. Yet, location is important for tax and legal purposes.

In short, be honest with your location, or pay for an address for business purposes. Otherwise, people may think you’re being secretive because you’re a scammer.",03/2026,7,"Possibility
of Scam",LinkedIn,No,"Otherwise, people may think you’re being secretive because you’re a scammer",Negative bias toward certain countries; Low cost of living,True
47,r/freelance,https://www.reddit.com/r/freelance/comments/1ro6imj/how_do_you_handle_the_question_where_is_your/,How do you handle the question? Where is your location,comment,"Are you based in the US or in whatever country your customers are based in? If so, I think you are answering a different question from the one they're asking.

They don't care if you have a physical office. They likely expect to do it all remotely.

They want to know for tax and payment reasons where you're located because they don't want to handle international payments. If you deflect, you're signaling that you work offshore.

I really think all they're looking to hear is ""we're based in Tucson, Arizona"" or whatever.

How you manage remote collaboration is a completely separate conversation but you can have that once you have discussed the details and contractual issues.",03/2026,16,"Complex
Application Process",,No,They want to know for tax and payment reasons where you're located because they don't want to handle international payments,,False
48,r/freelance,https://www.reddit.com/r/freelance/comments/1ro6imj/how_do_you_handle_the_question_where_is_your/,How do you handle the question? Where is your location,comment,"All my clients know my city and country. I only tell people my home address if they live in my city and want a face to face meeting, or need to ship something to me. Some contracts require a physical address.

You not answering the question suggests you are not trusting enough even to disclose your city or country. That is a red flag.

Knowing everyone's timezones helps to plan online meetings and manage availability expectations. I am in New Zealand which means I do not work on the same days of the week as my US clients. It means I work while they sleep. This can be a feature, not a bug.",03/2026,4,"Confusing
UX",,No,You not answering the question suggests you are not trusting enough even to disclose your city or country.,,False
49,r/freelance,https://www.reddit.com/r/freelance/comments/1ro6imj/how_do_you_handle_the_question_where_is_your/,How do you handle the question? Where is your location,comment,"Use a registered office address in a city or location that makes sense for your business. Use one that handles mail and deliveries if appropriate. If all of your work is done remotely, it's just a box-ticking / social-proof exercise to appease your clients and prospects. As others have noted though, sometimes clients will genuinely need to know for tax reasons, particularly if you're in another country and there are fees and currency conversions to consider.",03/2026,1,"Complex
Application Process",,No,"If all of your work is done remotely, it's just a box-ticking / social-proof exercise to appease your clients and prospects.",,False
50,r/freelance,https://www.reddit.com/r/freelance/comments/1ro6imj/how_do_you_handle_the_question_where_is_your/,How do you handle the question? Where is your location,comment,"Are you sure they're asking where your office is and just not geographically where you are? I find that most clients I actually converse with at some point ask where I am just out of curiosity, or because they like to have a sort of picture or context in their heads. I usually answer something like ""in a cornfield halfway between Chicago and Iowa"" and I've never had one ask for more specifics. 

I think if I said ""I work remotely"" instead of answering, they would assume I was trying to hide my location, perhaps because I was in a low COL country or for some other reason. I can see a client becoming uncomfortable about that not because you don't have an office but because you sound evasive.",03/2026,1,"Job Search
Burnout",,No,"I think if I said 'I work remotely' instead of answering, they would assume I was trying to hide my location",Negative bias toward certain countries; Low cost of living,False
51,r/freelance,https://www.reddit.com/r/freelance/comments/1ro6imj/how_do_you_handle_the_question_where_is_your/,How do you handle the question? Where is your location,comment,"imo i had a similar issue when i first started out as a freelancer, people would always ask where my%soffice was and i think its just because theyre used to working with bigger companies that have a physical presence. what i started doing was adding a little blurb to my website and email signature that explains how i work remotely and that im available for video calls or meetings if they want to discuss%stheir project in person. its helped a lot, id say about 70% of my clients dont even bat an eye at it anymore. also, i make sure to be super responsive and transparent about my process so they feel like theyre still getting a personal touch even if were not meeting in person hope that helps",03/2026,1,"Confusing
UX",,No,people would always ask where my office was and i think its just because theyre used to working with bigger companies that have a physical presence,,False
52,r/freelance,https://www.reddit.com/r/freelance/comments/1ro6imj/how_do_you_handle_the_question_where_is_your/,How do you handle the question? Where is your location,comment,"? Why do you say it's handled remotely.  
""I'm in Boise."" or wherever.

My company is Philadelphia Web Design.  
I'm in San Diego, I moved here two years ago.  
Upfront I tell them I moved here. ""I want to be transparent.""

If they ask where your printer is the answer is 'I have a dozen I use depending on the job ... some are domestic, some are overseas; do you prefer domestic?'

""How do freelancers or small studios handle the **“Where are you located?”** question if they work remotely?""

? ... I don't know what 'if they work remotely' means ,,, there's no such thing.

When I am working at Panera I am ""Working at Panera today. A 1099 would be my home address. I've not met a client in 20 years, everything has always been by phone email and video. If you'd like references that's no problem. I've been doing this x years.""

""Right now getting clients has been a bit challenging, and I’m trying to figure out whether the **location issue might be part of the problem**.""

You mean finding or closing?

Why would they care? You're not a contractor selling decks and having strangers show up.

""I’m always open to **meeting clients by appointment**, but I don’t have a permanent office location I can advertise.""

Well stop that. You can meet them anytime they want on Zoom ... as everyone has been doing for 20 years. In the rare case a client requires to meet me in person I know, 100000%, that client has such picky requirements and wants to show me on paper the exact design they want... and that's a ""no"".

How many hours a day do you spend marketing?",03/2026,1,"Complex
Application Process",,No,"I've not met a client in 20 years, everything has always been by phone email and video",,False
53,r/freelance,https://www.reddit.com/r/freelance/comments/1ro6imj/how_do_you_handle_the_question_where_is_your/,How do you handle the question? Where is your location,comment,"A lot of people seem to expect a physical office, even when everything can be done online, and it’s easy for trust to wobble the moment they can’t “see” you in person.

I would say upfront that I work fully remotely, but then I follow it with specifics that show credibility: past projects, client testimonials, portfolio links, clear timelines, and a professional process for approvals and revisions.

I’ve had clients disappear before, sure, but the ones who stick usually appreciate the transparency and the structured workflow. I’ve also noticed that offering optional video calls or scheduled check-ins goes a long way to make people feel more connected, even without a physical space.",03/2026,1,"Job Search
Burnout",,No,it’s easy for trust to wobble the moment they can’t “see” you in person,,False
54,r/freelance,https://www.reddit.com/r/freelance/comments/1ro6imj/how_do_you_handle_the_question_where_is_your/,How do you handle the question? Where is your location,comment,"I wouldn’t avoid the question. I’d answer it clearly and then immediately pair it with the trust signals they actually care about.

Something like: “I’m based in \[city/country\] and operate remotely by design. Most client work is handled online, and I’m available by appointment for calls or meetings.” Then back that up with a proper website, contracts, clear turnaround process, testimonials, and a portfolio that looks current.

Some people are asking because they want reassurance, but some are asking for tax, payment, or regulatory reasons. So clarity usually works better than trying to soften it.",04/2026,1,"Lack of
Visibility",,No,"Some people are asking because they want reassurance, but some are asking for tax, payment, or regulatory reasons",,False
55,r/freelance,https://www.reddit.com/r/freelance/comments/1rliif2/every_time_i_ask_about_getting_clients_people/,"Every time I ask about getting clients, people recommend SaaS tools — are they actually reliable?",post,"Hey everyone,

I’ve noticed something interesting. Every time I ask about finding clients for my dev/web agency, I end up receiving messages or comments recommending some SaaS tools that supposedly automate outreach or find leads automatically.

Usually it’s something like:

* a tool that scans Reddit or social media for people looking for services
* then automatically sends DMs or outreach messages

I’m honestly not sure how reliable this is.

Are these tools actually effective for getting real clients, or is it mostly marketing from the people who built them?

Also wondering:

* Do they risk getting your accounts banned (Reddit, LinkedIn, etc.)?
* Are the leads actually good quality?
* Has anyone here really gotten paying clients using these tools?

Curious to hear real experiences, not marketing.

Thanks!",03/2026,22,"Possibility
of Scam",LinkedIn,No,"Every time I ask about finding clients for my dev/web agency, I end up receiving messages or comments recommending some SaaS tools",Bot spam,True
56,r/freelance,https://www.reddit.com/r/freelance/comments/1rliif2/every_time_i_ask_about_getting_clients_people/,"Every time I ask about getting clients, people recommend SaaS tools — are they actually reliable?",comment,"Honestly most of those automated outreach tools are being used on you right now - the people recommending them ARE the product. The irony is kind of beautiful.

To actually answer your questions though: yes, automated DMs on LinkedIn and Reddit will absolutely get your accounts flagged or banned. LinkedIn especially has gotten aggressive about detecting automation patterns in the last year or so. Reddit's spam filters catch templated messages pretty quickly too.

The leads from scraped social media are generally rubbish quality. Someone mentioning they need a website in a Reddit comment three days ago is not a warm lead - by the time an automated tool finds it, extracts it, and sends a templated message, the moment's gone.

What actually works for agencies (from watching what's worked for other small service businesses over the years): direct referrals from existing clients, genuinely useful content that demonstrates your expertise, and old-fashioned networking in communities where your target clients actually hang out. None of that scales with a SaaS subscription, which is exactly why nobody's selling it to you.",03/2026,4,"Confusing
UX","LinkedIn, Reddit",No,Automated DMs on LinkedIn and Reddit will absolutely get your accounts flagged or banned,,True
57,r/freelance,https://www.reddit.com/r/freelance/comments/1rliif2/every_time_i_ask_about_getting_clients_people/,"Every time I ask about getting clients, people recommend SaaS tools — are they actually reliable?",comment,"you're not wrong. most 'get clients' advice is just thinly-veiled SaaS pitches.

here's what actually worked for us as a dev agency (no tools involved):

1. pick 5 companies you'd love to work with. study their site/product. find one specific thing you'd improve. send them a loom video showing the improvement. this is NOT scalable but it's how you land your first 3-5 real clients

2. go where your clients already complain. search reddit, twitter, facebook groups for '[your niche] + frustrated/broken/need help.' reply with genuine help, not a pitch

3. referrals from existing clients are 10x better than any outreach. after every project, ask: 'know anyone else dealing with this?' simple but most freelancers never ask

4. build ONE portfolio piece so good that it sells for you. then post it everywhere (dribbble, behance, twitter, reddit)

no tool replaces actually being visible where your clients hang out.

what kind of dev work does your agency focus on?",03/2026,1,"Lack of
Visibility",,No,most 'get clients' advice is just thinly-veiled SaaS pitches.,,False
58,r/freelance,https://www.reddit.com/r/freelance/comments/1rliif2/every_time_i_ask_about_getting_clients_people/,"Every time I ask about getting clients, people recommend SaaS tools — are they actually reliable?",comment,"Half the 'recommendations' in these threads are the tool's own marketing team pretending to be a happy user. If someone's first ever Reddit comment is praising a specific SaaS by name, that tells you everything.",03/2026,1,"Possibility
of Scam",,No,Half the 'recommendations' in these threads are the tool's own marketing team pretending to be a happy user.,Lakc of trust in online job communities,False
59,r/freelance,https://www.reddit.com/r/freelance/comments/1rliif2/every_time_i_ask_about_getting_clients_people/,"Every time I ask about getting clients, people recommend SaaS tools — are they actually reliable?",comment,"There are more targeted--though more time-intensive ways--to source leads, since most/all the leads you'll get from those SAAS tools are going to be low quality. 

If you work with a specific platform or technology--especially one that your best clients need help with--something I've found that works well is to find companies who've posted job ads on Indeed & elsewhere where they mention the platform or technology. That tactic helped me find leads/companies who use a specific on-premise ERP that's not a web platform but where companies also need that ERP customized/automated/etc. 

But the same strategy could work if you work with companies who use, say, Shopify, etc.",03/2026,1,"Complex
Application Process",Indeed,No,most/all the leads you'll get from those SAAS tools are going to be low quality,platform search filters sometimes fail to point to high-quality matches,True
60,r/freelance,https://www.reddit.com/r/freelance/comments/1qt09my/subcontractor_dealing_with_endclient_pressure_help/,"Subcontractor dealing with end-client pressure, help!",post,"I’m a freelancer subcontracted by an intermediary (agency/retainer consultant) to support a complex project (familiar skills but highly technical and unfamiliar product/industry) for their end client. Fixed scope: 10 hrs/week.

The issue: 

• internal stakeholders at the end client are not responsive when I highlight need for feedback, resources and support, but they have suddenly flagged a communication issue on my end
• my output has reduced over the past 2 weeks due to this, among other constraints and honestly, cognitive overload (as well as a request that I shift to focus on strategy) any mistake I make is likely to undermine the project, so I err on the side of caution, especially in the face of limited support
• despite knowing my focus shifted to strategy rather than output, the end client panicked last week and demanded to know what was happening
• I arranged a call to address their concerns, presented what’s working, the constraints, and insight into where the 10 hours goes, some proposed process improvements, and 3 new strategic recommendation options
• the end client responded by ignoring everything I just presented, instead questioning my commitment, performance, motivation and communication. I have no direct contractual relationship with them. My client (the intermediary) only stepped in when my commitment to continuing (“do you even want to work on this project?!”) was questioned, proposing a 2 week trial where I would commit to more communication, and the end client would commit to providing more direction/resources.

I agreed to that despite being shocked by the end client’s unprofessionalism and lack of accountability for their own part in this. All of the concerns can be answered by process issues, expecting industry-expert level output from an external whose expertise are functional, and an unrealistic scope for 10 hours a week. I’ve been highly motivated and want this project to succeed, but over the last week I realised i’m approaching what I can only call some kind of overload. My other work is suffering too because of it.

My issues now are:

• I genuinely need some time off. It’s basically a non negotiable that I need to take Monday/Tuesday off, perhaps Wednesday. but am now worried how it will be perceived and how this would impact a “2 week trial phase”
• I’m considering refusing to have meetings with the end client, due to the way I was spoken to and the fact that stakeholder management was never flagged as part of the scope
• the improvements for this trial phase don’t actually address the very real constraints I already walked everyone through 

I guess where I need advice is:

• how should I communicate not being available for the coming days?
• how should I approach flagging that we still need to align on and address the constraints if the project has a chance of succeeding (and frankly, if I am going to agree to continue)
• is it reasonable to step back from calls with the end client and keep things written? We usually have a weekly sync on Mondays. She’s never questioned the output/motivation on these calls, it really felt like she was throwing me under the bus in front of my client/the intermediary

Thank you and apologies it’s so long, I’m writing from a place of stresssssssssssss :’)",02/2026,22,"Complex
Application Process",,No,"The end client responded by ignoring everything I just presented, instead questioning my commitment, performance, motivation and communication",End client ignores agreed-upon constraints,False
61,r/freelance,https://www.reddit.com/r/freelance/comments/1qt09my/subcontractor_dealing_with_endclient_pressure_help/,"Subcontractor dealing with end-client pressure, help!",comment,"Okay this hits way too close to home. Been in almost the exact same spot and honestly, the end client throwing youu under the bus in front of the intermediary is such a red flag.

First - take Monday/Tuesday off. You're hitting burnout and pushing through will make everything worse. Communicate it today if possible: ""I need to take Mon/Tues for personal reasons, back Wednesday. Happy to send a brief written update on Friday's progress."" Don't over-explain, don't apologize excessively. You're a contractor, not an employee. If they can't handle you taking 2 days during a ""trial phase"" where THEY also committed to providing resources (which they're clearly not doing), that tells you everything.

Second - you're absolutely right to refuse direct calls with the end client. That's actually not your problem to manage. Your contract is with the intermediary. Tell your actual client (the intermediary): ""Given the scope is 10hrs/week and stakeholder management wasn't included, I'd prefer to keep end client communication written and have you present on any calls. This helps me focus the hours on actual deliverables."" If they push back, that's a them problem.

Third - the ""trial phase"" is bullshit if it doesn't address the actual constraints you outlined. You literally gave them 3 strategic options and they ignored it to question your commitment? That's deflection. They know they're not holding up their end (resources, responsiveness, realistic scope) and are making it about you instead.

Real talk: this project sounds like it's set up to fail, and they're positioning you as the scapegoat. 10 hours/week for complex technical work in an unfamiliar industry with unresponsive stakeholders and shifting goalposts (output → strategy → output again?) is not realistic.

For the constraints conversation, I'd send a written summary to the intermediary: ""For this trial phase to work, here's what needs to happen on the client side: [list the specific resources/responses/decisions you need]. Without these, the 10hr scope won't deliver what they're expecting. Happy to discuss how we align on this.""

But honestly? Start looking for your exit. Even if this ""trial"" goes well, do you want to keep working with people who treat you like this? Your other work is already suffering. That's the canary in the coal mine.

You're not overreacting. Trust your gut",02/2026,3,"Job Search
Burnout",,No,the end client throwing youu under the bus in front of the intermediary is such a red flag.,,False
62,r/freelance,https://www.reddit.com/r/freelance/comments/1n7ndi8/does_contra_actually_work_for_freelancers/,Does Contra actually work for freelancers?,post,"I just took the Pro account on Contra last week and honestly… it feels like a total joke.

Spent 2 damn days setting up my account, polishing portfolio, all that shit and guess what? There are barely any jobs. Like almost none for UI UX Design.

Meanwhile, every profile I see has $100k+ earnings slapped on it. How? From where? Are they handing out Monopoly money or what? Because the gigs section looks like a desert.

Right now, it feels like a lowkey fraud. They push you to upgrade, show off big flashy numbers, but when you actually join, there’s nothing happening.

Has anyone here actually gotten legit work from Contra? Or is it just another shiny “freelancer platform” that’s more about selling Pro accounts than helping freelancers?

Would love some honest experiences because at this point I feel scammed.",09/2025,21,"Confusing
UX",Contra,No,"They push you to upgrade, show off big flashy numbers, but when you actually join, there’s nothing happening",,True
63,r/freelance,https://www.reddit.com/r/freelance/comments/1ny03pu/freelance_work_at_twine/,Freelance work at Twine,post,"Has anyone noticed that responses from different freelance projects in twine follow a templated response? Makes me think that site is mostly scamming people to get subscribers.

Here are some of the ones I got:

1.

""Thank you for your application and interest in the concept artist position for...Your skill set in Adobe Illustrator and Photoshop, along with your experience in character and book illustration, really caught my eye.

I’m curious about your approach to developing a visual style for a project like this. Could you share a bit about your process? Also, since the project is expected to take about a week, could you let me know about your availability during this period?

Looking forward to your response!""

2. 

""Thank you for your interest in the designer position fo... We’re excited to learn more about how your skills in Adobe Illustrator and Photoshop could work well with our brand’s vision.

We noticed your extensive experience with illustration and design. Could you share a project or design you’ve worked on that you think aligns with our brand style?

Additionally, can you tell us about your availability for a long-term collaboration? We’re keen to understand your capacity for ongoing projects.

Looking forward to your response!}

  
3.  
Thank you for applying to be part of our illustration project... We’re excited about the possibility of working with you and appreciate the skills you’ve listed, especially your proficiency with Adobe Illustrator, as it’s vital for our needs.

I noticed your experience in book and character illustration, which sounds like a great fit for creating engaging campus-themed visuals. Could you share more about any past work related to higher education or community themes? Additionally, what’s your typical approach to creating illustrations that align with an institution’s branding and storytelling needs?

Looking forward to hearing more about your relevant experiences and insights!

  
4.

  
""Thank you for your application and for sharing your impressive skill set. It’s great to see your experience with Adobe Illustrator and Photoshop, which are crucial for our project needs.

I noticed you’re based in... Can you share how you’ve managed remote work in the past, particularly with clients or teams in different time zones? Additionally, could you elaborate on any projects you’ve done that involved preparing files for both print and digital use?

Looking forward to hearing more about your experience!""",10/2025,18,"Possibility
of Scam",Twine,No,Has anyone noticed that responses from different freelance projects in twine follow a templated response?,Automated messages indicate false sense of activity,True
64,r/freelance,https://www.reddit.com/r/freelance/comments/1ny03pu/freelance_work_at_twine/,Freelance work at Twine,comment,"yeah ive noticed that too.. lot of the replies on twine feel copy paste, like same template with a few words swapped. doesnt always mean scam but def makes it harder to trust if they all sound identical.",10/2025,1,"Possibility
of Scam",Twine,No,lot of the replies on twine feel copy paste. doesnt always mean scam but def makes it harder to trust if they all sound identical.,,True
65,r/freelance,https://www.reddit.com/r/freelance/comments/1p4xmc9/legit_client_or_not_until_they_asked_for_my/,Legit client or not? …until they asked for my printer. Thanks Intuition (and ChatGPT!),post,"I’m a newbie freelance designer (I’ve done design before, but mostly local work — not “real” freelance with strangers, overseas clients, or people I’ve never met). I recently got laid off and work has been really scarce where I live. The economy is rough, jobs are tough to find, and freelancing felt like my best chance while job-hunting. So when a “client” reached out, I thought, maybe this is it.

My Story:
A little while ago, someone contacted me about helping build their “art &amp; interior design startup.” They emailed through my portfolio website, introduced themselves, had a website, a brand idea, a vision. It genuinely looked like a promising project. They even had a password-protected page with “portfolio images” that looked convincing. My mistake was not doing a reverse image search. Being new to online freelancing, I even asked chatgpt if this person seemed legit (I know… but honestly, hear me out). Nothing suspicious popped up. The person spoke like a normal startup client figuring things out. I documented every message using AI to keep myself safe.

We signed a contract: weekly pay, clear deliverables, design-only. It felt legit. So I dove in. For 3 weeks, I worked on logos, business cards, greeting cards-and almost moved on to flyer mockups. Communication was mainly through a Slack channel they set up. I saw other “professionals” listed there-which made me think, “Okay! Maybe this is real.” I sent proofs, collected details, asked for clarification-I tried to run things properly. But things started to fall apart.

Red Flag #1: Endless tasks, zero decisions
Whenever I delivered work, the client would quickly move to a new project: “Let’s do a flyer.” “Let’s do greeting cards.” “Let’s work on this too…” But they never approved anything. No decisions. No direction. And worst of all, no payment, even though it was supposed to be weekly. This was the moment my gut shifted from excitement to concern: “Is this person old? Forgetful? Busy?”

Red Flag #2: Communication that felt like a maze
Every time I asked a question, the replies got vague or jumped topics. Every time I set a boundary, they dodged it. They even kept on ignoring my chosen nickname (twice), which felt dismissive. Slowly, realizing I fell into this situation, I felt mentally exhausted, creatively drained, and emotionally checked out. I wasn’t even interested anymore.

Red Flag #3: “Do you have a printer?”
Out of nowhere: “Do you have a colored printer?”, “Do you have glossy paper?”, “Can you pick them up?”, “I’ll reimburse you.”, “What’s your rate for printing tasks?”, “I can send an imprest fund.”

Red Flag #4: None of this was in the contract
The agreement was for design. NOT: errands, printing, supply runs, financial handling, VA work. 
Like are you kidding me? I found myself making excuse for this person, like ok maybe they’re that forgetful or just need to really pay attention to the contract. 

I finally loaded the rest of the suspicious reply off chatGPT and it confirmed the red flags. I also contacted one of the professionals and they quickly responded confirming this ‘client’ is a scam. They’ve previously engaged with other creatives through Twine. So please be aware if someone contacts you through your website. Be very xtra cautious and careful! I cannot report the person since they contact me through my website, but I hope this will at least provide closure. 

I later found out about the “printer reimbursement scam” something I didn’t know existed until chatgpt confirmed.

The scam goes like this:
1. They send a fake payment.
2. Ask you to buy supplies.
3. Overpay on purpose.
4. Tell you to forward money to a “vendor.”
5. The payment reverses and YOU owe everything.
I had been tiptoeing around a scam disguised as a dream opportunity.

The Lesson (for newbies, and anyone struggling in this economy):
Work is hard to find right now. When you’re unemployed or struggling, it’s easy to ignore red flags out of hope. It’s easy to think: “Maybe it will get better.” But your boundaries matter. Your time matters. Your energy matters. And scammers (or chaotic, irresponsible people) often target new freelancers who are eager to prove themselves. 

AI platforms as scam detector tool:
Just to be clear, I am not for one am endorsing the use of AI, but using it in the RIGHT way. AI actually helped me in a positive outcome like this one. I know some of us feel unsure about AI in design, but in situations like this, having a tool to analyze patterns, track conversations, and help validate concerns is genuinely helpful. Especially for freelancers who work alone or have limited connections or a mentor to guide them.

My key takeaway:
Scammers are getting smarter and harder to spot. Even at 100% caution, this was still jarring, confidence-crushing, and eye-opening. Now I’m reworking the designs I made (the ones I created with my time) into portfolio pieces, at least something good will come from it 😏

Anyways, hope this helps someone. Stay safe out there! Don’t give up, keep creating. 🤍📏",11/2025,13,"Possibility
of Scam",,No,"Scammers are getting smarter and harder to spot. having a tool to analyze patterns, track conversations, and help validate concerns is genuinely helpful.",startups can be used to bait freelancers into scams,False
66,r/OFWs,https://www.reddit.com/r/OFWs/comments/1p8m3sx/live_and_work_in_european_countries/,Live and Work in European Countries,post,"Hi, I am an Estimator/Quantity Surveyor with 3 years total experience and gusto ko magwork sa european countries or australia and new zealand. Nagtratry na ako magapply thru indeed for australia and new zealand still no luck. Now gusto ko magtry sa european countries but yung job platforms nila is unique wala sila jobstreet or indeed (as per research) then iba kasi language ng job platforms nila. Please help po mga OFW gusto ko po talaga mag live and work sa labas ng bansa.",11/2025,7,"Overseas
Experience","Jobstreet, Indeed",Yes,Gusto ko magtry sa european countries but yung job platforms nila is unique.,Difficulty in using non-standardized job platforms // Language barriers,True
67,r/OFWs,https://www.reddit.com/r/OFWs/comments/1p8m3sx/live_and_work_in_european_countries/,Live and Work in European Countries,comment,I’m also a QS based in New Zealand. Problem in Europe is you need to study also the languange depends on the country. Try mo apply sa seek and linkedin. Pero dapat competitive din ang experience mo,11/2025,1,"Overseas
Experience","Seek, LinkedIn",Yes,study also the languange depends on the country. Try mo apply sa seek and linkedin.,Language barrier,True
68,r/OFWs,https://www.reddit.com/r/OFWs/comments/1p8m3sx/live_and_work_in_european_countries/,Live and Work in European Countries,comment,"You need experience sa bansa nila para pumasok sa same job na meron ka sa pinas. Iba kasi sa kanila. Iba ang way nila. Your experience in PH is not equivalent sa kanila. Iba kasi ang standard nila, also they prioritize their locals for professional and high earning jobs. Or you need western degree. 

Kung gusto mo pumasok sa EU, you need to shift niche. Yung in demand sa kanila. Mostly it’s laborer job or in Medical Care like Nursing. Or you need to specialize in engineering if gusto mo talaga sa construction, yung construction job na mahirap sa kanila. You can also have masteral in Project Management and certificate for PM’s. Preferably in Western University.",11/2025,2,"Overseas
Experience",,Yes,"Your experience in PH is not equivalent sa kanila. Iba kasi ang standard nila, also they prioritize their locals for professional and high earning jobs",Needing western degrees,False
69,r/OFWs,https://www.reddit.com/r/OFWs/comments/1p8m3sx/live_and_work_in_european_countries/,Live and Work in European Countries,comment,"Magtry ka sa agencies, try mo sa website ng DMW. Sa Europe kasi iba iba ng language so medyo mahihirapan ka mag land ng job in my opinion unless kelangan na kelangan yung skills mo like nursing o IT. Surveyor ka ba kamo? Kung ako ikaw titingnan ko yung countries na maraming mining activities o related sa job skills ko, alam ko Sweden marami pero yun nga language skills problema mo. Na try mo na ba mag cold calling? Anyway, goodluck.",11/2025,1,"Overseas
Experience",,Yes,Sa Europe kasi iba iba ng language so medyo mahihirapan ka mag land ng job in my opinion unless kelangan na kelangan yung skills mo like nursing o IT.,EU job platform vs local agency,False
70,r/OFWs,https://www.reddit.com/r/OFWs/comments/1qlmd4d/tesda_courses_and_what_it_means_in_norway_denmark/,TESDA courses and what it means in Norway (Denmark and Sweden too),post,"I live in Norway and usually tambay at r/phmigrate but this sub was recommended to me by Reddit so nandito na rin ako.

After the signed agreement between Denmark and the Philippines made public in December 2025 to recruit nurses and healthcare assistants, naging matunog na ito sa maraming Pilipino. This week alone I replied to two threads about this topic.

Oo, nandito ako sa Norway pero ang mga bansang Denmark at Sweden ay kabilang sa geographic region na tinatawag na Scandinavia. Maraming mga batas ang halos magkapareha at labas-pasok ang mga tao sa mga bansang ito. I also did a quick Google search sa education training nila at hindi rin malayo sa requirement na katulad sa Norway.

The goal of this post is mainly educational, and possibly saving kababayans from taking up more debt and wasting time kasi nga someone promised them more than they can deliver. In short, iwas scam!

I will share a short info about the educational system in Norway. Since I live here at mas alam ko sistema dito kasi nagtapos din ako ng tertiary education dito.

Ang mga estudyante dito na ayaw mag-proceed ng tertiary education ay pipili ng vocational courses sa senior high school. Bale maraming mga larangan ang pagpipilian katulad ng building and construction, allied health, hospitality, technology and industry, hairdressing, handicrafts, etc. Ang minimum training nila ay **4 years**, longer if they have a specialization. Sa 4 years na yan ay nasasakop ang **2 years theory** \+  **2 years internship**. Literal na nagtratrabaho as interns sa construction sites, hotel, hospital o oil platform under the watch of a supervisor. Tapos kukuha pa ng exam para mabigyan ng diploma o certificate.

Kung may mag-engganyo sa inyo na pupunta sa Denmark gamit ang TESDA courses ninyo, anong panama ng TESDA courses na yan? Nakita nyo naman kung gaano ka comprehensive ng training ng mga tao dito. Isipin nyo na ang mga Pinoy RNs ay nagiging nurse assistants muna dito at lalakarin pa mga **additional requirements** bago sila mabigyan ng authorization as a nurse. May mga bridging courses pa yan, internship, and language skill at B1-B2 level.

Sana pag-isipan ninyong mabuti para hindi kayo mabudol pagdating dito. Hindi ibig sabihin na may shortage sa labor market ay ibibigay na ang trabaho sa kung sinu-sino. Maraming batas ang involved dyan kasi vulnerable people ang involved plus healthcare is state-funded. So expected na heavily regulated talaga ang sector na yan.

**ETA 26.01.2026**

Two days in and this post has reached 32K Redditors! My goal was to give people some clarity and manage their expectations should they migrate here in Scandinavia.

Then I realized meron pa palang detalye na nakalimutan kong banggitin sa main post.

Ang nurse assistant (Helsefagarbeider NO / Social- og sundhedshjælper DK / Undersköterska SE) ay vocational course na **protected title** sa buong Scandinavia. Ibig sabihin kailangan ng **authorization** para makapagtrabaho. Sa Pilipinas ito ay katumbas ng PRC license.

See the difference? Ang mga lisensya na binibigay ng PRC ay para sa mga nagtapos ng tertiary education sa mga selected professions. Dito sa Scandinavia kahit mga vocational courses ay nabibigyan ng ganitong distinction, especially sa mga health-related vocations. Other examples dito sa Norway ay dental assistant, pharmacy technician, medical secretary, ambulance worker, etc.

Kaya ko nasabi na mahihirapang ma-convert ang TESDA courses dito dahil:

1. Kulang ang theoretical training
2. Kulang sa practical training
3. Zero / non-existent experience in geriatry. Primary place of employment ay mga old age institutions o home service. Dahil sa kulturang Pilipino ang mga ganitong institusyon ay hindi laganap sa Pilipinas.
4. Zero / non-existent experience in specialized care katulad ng psychiatric patients, drug dependents, patients with physical or mental disabilities.

By the way, I also found a Reddit post about an English nurse who faced difficulties converting her nursing degree in Denmark. The post was written a year ago but I believe little has changed since then. It was written in Danish, though:

[Helsearbeider Danmark : r/NewToDenmark](https://www.reddit.com/r/NewToDenmark/comments/1i8cscv/healthcare_worker_denmark/?tl=no)",01/2026,129,"Overseas
Experience",,Yes,possibly saving kababayans from taking up more debt and wasting time kasi nga someone promised them more than they can deliver.,TESDA versus EU standards,False
71,r/OFWs,https://www.reddit.com/r/OFWs/comments/1qlmd4d/tesda_courses_and_what_it_means_in_norway_denmark/,TESDA courses and what it means in Norway (Denmark and Sweden too),comment,"Agree with OP. This is very similar process in terms of recognition in Germany. Akala nila just because they are licensed nurse in the PH, they can be a nurse in Germany right away. Ung iba, they think Tesda certificate is enough to do caregiving or nursing assistant in Germany. Listen, the PH education system is so shit that even the 4-year grad is not even a Bachelor-equivalent in Germany. The PH education system is seriously behind.",01/2026,2,"Overseas
Experience",,Yes,they think Tesda certificate is enough to do caregiving or nursing assistant in Germany,No equivalent of TESDA certificates in EU,False
72,r/OFWs,https://www.reddit.com/r/OFWs/comments/1qlmd4d/tesda_courses_and_what_it_means_in_norway_denmark/,TESDA courses and what it means in Norway (Denmark and Sweden too),comment,"I know someone who took a caregiver course sa Tesda at ginamit o gagamitin nya yun para sa Canada. Syempre para sa caregiver related na work.
Now, ang hinahanap usually na skilled work ay mostly nasa health care which is a Nurse. Totoo yan sabi ni OP di basta basta lang dahil may health care diploma ka ay makakapasok agad. Ang 4 years sa PH kahit may license ay katumbas lang ng 2 years dito, I also live in Europe, madami pa sila pagdadaanan na butas para maging official na Nurse. Kahit yung mga nasa Germany, pagkakaalam ko hindi direct as a nurse na work nila. 
How about yung sa TESDA lang na course? For sure mas mahirap o hindi qualified. Siguro may ibang work naman pero ibang pathway o dadaan nga sa butas or sa mga factories ang pasok.
Mag-iingat kayo sa mga aapplyan at mag research kasi madami talagang scam.",01/2026,8,"Overseas
Experience",,Yes,Ang 4 years sa PH kahit may license ay katumbas lang ng 2 years dito. madami pa sila pagdadaanan na butas para maging official na Nurse,,False
73,r/OFWs,https://www.reddit.com/r/OFWs/comments/1qlmd4d/tesda_courses_and_what_it_means_in_norway_denmark/,TESDA courses and what it means in Norway (Denmark and Sweden too),comment,"Thank you for the info. I always thought that TESDA is recognized by some countries, including those in Europe.

Just want to clarify, what do you mean by TESDA courses? Are you referring to TESDA NC qualifications (the one where the individual has to pass the TESDA assessment) or only TESDA-registered training program given by training centers.",01/2026,4,"Overseas
Experience",,Yes,"I always thought that TESDA is recognized by some countries, including those in Europe.",No equivalent of TESDA certificates in EU,False
74,r/OFWs,https://www.reddit.com/r/OFWs/comments/1rqqpqs/is_it_valid_for_me_to_do_the_pinagbabawal_na/,"Is it valid for me to do the “pinagbabawal na teknik""? 😭",post,"Hello po mga kababayan ✊😔

I am here today as a law‑abiding Filipino citizen who TRIED to follow the rules (with sama ng loob)… and still got defeated by Philippine bureaucracy.

Context:

I got hired by a pretty big tech company in \[redacted country\] 🎉

Being a responsible adult, I told HR about the whole POLO/MWO + OEC process (I'm the second Filipino they hired). They were very helpful and started coordinating the employer documents and contacting POLO.

Then fast forward one month later… apparently the company's accreditation has expired. And the HR was like,,, what accreditation ? 😭

HR is trying their best to secure the re-accreditation (I feel sorry for them for having to go through all this PH Gov Kaartehan) buttt...

The problem is: my work visa vignette has an expiry. If I don’t physically exist in \[redacted country\] before that date, I basically have to redo the whole process and cry. If I have to wait for the whole re-accreditation + shipping of docs + OEC processing, di na talaga aabot sa vignette.

So now I’m hearing about the legendary OFW workaround known as:

✨ The Pinagbabawal na Teknik ✨

Sooo hypothetically… allegedly… for academic purposes... what eef:

1. I book a round‑trip ticket to Singapore

2. Tell IO I’m just a humble solo traveler na heart broken at sawi at gusto lang magpakasaya with Merlion

3. Fly from SG to \[redacted country\]

4. Start working while fixing the OFW paperwork PROPERLY later

Bonus: my work visa is electronic, so nothing sus is printed on my passport.

Before I take the risk, I have questions for the OFW veterans 🙇🙇🙇

1. Has anyone here successfully done this famous escape art?

2. What are the IO red flags I should avoid?

3. Is the SG detour the usual meta strategy?

4. Should I start practicing my “tourist in SG” backstory? Do I just prepare the usual tourist documents? (COE, itinerary, accommodation, picture ng ex ko)

For the record:

I did try to do things the proper way. I really did. But the Philippine government seems determined to protect Filipinos from the dangerous act of… leaving the Philippines to work legally abroad.

Any wisdom would be greatly appreciated. 🙏 I know I will get hate for this as well because a lot of you guys did the right way (respect) but I hope you can understand my situation as a person who's just desperate to start working abroad for my family. Thank you for the empathy 🙇",03/2026,72,"Overseas
Experience",,Yes,I am here today as a law‑abiding Filipino citizen who TRIED to follow the rules (with sama ng loob)… and still got defeated by Philippine bureaucracy.,Red tape,False
75,r/OFWs,https://www.reddit.com/r/OFWs/comments/1slwh0u/update_pinagbabawal_na_teknik/,Update: Pinagbabawal na Teknik,post,"TLDR: My company prefers that we do the legal route and I've been waiting for 2 months now. OEC processing is a nightmare for direct hires 😭

I just need to rant and also warn other Filipinos planning to go the direct hire route. 🫩

OEC processing is NOT smooth if your company isn’t familiar with it especially if they don’t usually hire Filipinos or don’t use agencies.

It's just so frustrating how our own system makes things harder for us.

How are we supposed to grow internationally if the process itself discourages companies from hiring us?

Imagine diba??? You’re skilled, competitive, and qualified, but companies might still choose someone else (e.g. Indians, Chinese, etc.) because hiring them is easier because they don't need OEC bullcrap and they are quite hardworking and just as talented.  

Meanwhile for us, it’s a whole ordeal.

Let me share my timeline so far:

**Feb 4** – I informed them (the company HR) about OEC and requested documents

**Feb 11** – They said they’ll look into it

**Feb 18** – They admitted they didn’t know how and escalated internally

**Feb 20** – I resigned (big mistake) thinking things would move smoothly

**Feb 26** – They're waiting on POLO agent

**March 9** – They found out POLO accreditation was expired

**March 10** – I suggested going without OEC (they declined, want to do it legally)

**March 25** – They said the documents are to be notarized for re-accreditation

**April 6** – Docs still being notarized 🫩

**April 14** – They said there's still a lot of internal legal processes pa and baka mamove nang May (baka June pa nga)

And now I'm still waiting and I have no income. Completely dependent on a process I can’t control.

**I just want to warn everyone regarding this.** Because my biggest regret is having faith in the PH government processes like when did I ever believe that they could do anything good for us middle class?

📣 Anyway, if you’re planning to go through direct hire:

\- Don’t resign until your OEC is basically secured or documents are DONE

\- Make sure your employer understands POLO accreditation early

\- Expect delays. LIKE A LOT of delays.

I’m still hoping this works out… but right now it just feels really discouraging.

Has anyone else gone through something like this? 🫩",04/2026,31,"Overseas
Experience",,Yes,How are we supposed to grow internationally if the process itself discourages companies from hiring us?,Resigning before OEC is secured,False
76,r/OFWs,https://www.reddit.com/r/OFWs/comments/1slwh0u/update_pinagbabawal_na_teknik/,Update: Pinagbabawal na Teknik,comment,OP I feel your pain kaya dapat mga foreign employers need to go through with legal recruitment agency or sign up with DMW. DMW have it harder for foreign companies to hire OFW's in the guise of protecting us from human smugglers.,04/2026,1,"Overseas
Experience",,Yes,DMW have it harder for foreign companies to hire OFW's in the guise of protecting us from human smugglers.,,False
77,r/OFWs,https://www.reddit.com/r/OFWs/comments/1slwh0u/update_pinagbabawal_na_teknik/,Update: Pinagbabawal na Teknik,comment,"That's why companies who are serious in hiring PH talents go for local agencies.

It's not really a secret that contract verification for name hires in PH takes weeks, even months.

You should have done your due diligence.

>**Feb 20** – I resigned (big mistake) thinking things would move smoothly

Why did you?

>I’m still hoping this works out… but right now it just feels really discouraging.

It will, but it takes time. Your guess is as good as mine on why that is.",04/2026,1,"Overseas
Experience",,Yes,"That's why companies who are serious in hiring PH talents go for local agencies.

It's not really a secret that contract verification for name hires in PH takes weeks, even months.",,False
78,r/OFWs,https://www.reddit.com/r/OFWs/comments/1pqh9b9/gusto_ko_ng_umalis_ng_pinaaas/,Gusto ko ng umalis ng pinaaas,post,"I really wanted to go abroad, tried to apply in diferent agency  by sending resume online, apply on different job platfrom (indeed, linked in, job seek) but still no feedback :( No ipon and a breadwinner so can't do tourist visa ts dun na maghahanap ng work huhu. Anyone here na baka alam kung pano ang magandang gawin para makapag abroad huhu. Im a software QA for 2 years and 9 months, graduated in the course BS Computer Science. I have 1 year experience as well as service crew sa isang fast food chain and 4 months as a customer service representative. I don't mind to work sa ibang field. Need your help as a person na di na alam ang gagawin huhu",12/2025,29,"Possibility
of Scam","Indeed, LinkedIn, Jobseek",Yes,"tried to apply in diferent agency  by sending resume online, apply on different job platfrom (indeed, linked in, job seek) but still no feedback ",,True
79,r/OFWs,https://www.reddit.com/r/OFWs/comments/1mgrzs3/ofw_fresh_graduate_with_good_salary_pero_pagod_na/,ofw fresh graduate with good salary pero pagod na sa mga intsik haha,post,"For context I am an OFW fresh graduate working in Hong Kong. I work in a 5 star hotel as a front desk agent and earns a six digits in php. I was absorbed by the hotel from my internship and I could say na I was very lucky for the opportunity. Pero these days, I cannot do it anymore and I am planning to go back to PH which means I am also giving up my good salary for the sake of my mental health. I deal with every kind of people everyday and I tried to make an effort studying mandarin bcs I know it is an essential in my work pero hindi ko talaga kinakaya yung ugali ng mga chinese. I also feel frustrated not knowing their language as much as they are frustrated when they're talking to me bcs I cannot understand them. 


Kaya right now, I wanna know if there's any placement agency that offers also visa employment, specifically in english speaking countries. I love my work and continue in this field but I really want to do it outside PH bcs the hospitality industry sa pinas ay parang wala lang. I still plan to work in PH pero siguro for a short time lang to make savings and go abroad again.",08/2025,26,"Job Search
Burnout",,Yes,I am planning to go back to PH which means I am also giving up my good salary for the sake of my mental health,Seeking new platform / agecy to escape hostile work environment,False
80,r/OFWs,https://www.reddit.com/r/OFWs/comments/1qec3x1/natatakot_akong_hindi_makakaabroad_si_papa/,Natatakot Akong Hindi Makaka-Abroad si Papa,post,"Hello. I'm **18/F**, and I'm still currently a Senior High student. Ex-abroad hu yung papa (**48/M**) ko for 7 months now. Work niya sa Saudi nun ay truck driver (5 years). Now, nagmamaneho nalang siya ng jeep para may income parin siyang nabibigay samin. Since graduating Ako, gusto niyang ipursue ko ang pagiging nurse, pero ang problema ngayon is  kung papaano namin matutustusan yung college fee ko kung wala namang mga agency ang gustong maghihire sa kanya na dahil sa edad niya?

  
Kaya talagang good news samin nung may agency at company na willing maghihire sa kanya. So when nung nakuha na namin Yung results sa medical test ni Papa sa Hi-Pri, may heart issue pala siya, atherosclerosis of the thoracic aorta raw. 

Makaka-apekto ba ito sa medical na? Possible bang ma rereject siya dahil lang dito? 

Natatakot talaga ako dahil may bunsong kapatid pa akong 8 years old, tsaka may possibility raw na kailangan ooperahin yung heart niya kung severe yung condition niya. May heart condition din yung Mama ko, may abscess pang nakita sa puso niya. 

Kung gugustuhin ko, sana ako nalang Yung mag-aabroad at magtatrabaho para sa kanila, pero walang-wala talaga ako when it comes to experience sa work (Kahit fasfood o pagtitinda), tsaka ayaw rin nilang patrabahuin ako kase kaya naman daw nila. Pero alam Kong mababaon naman kami sa utang kung hindi muna Ako magtatrabaho. 

  
(Sorry ho sa Tagalog ko po, taga Visayas po ako.)",01/2026,19,"Lack of
Relevance",,Yes,kung papaano namin matutustusan yung college fee ko kung wala namang mga agency ang gustong maghihire sa kanya na dahil sa edad niya?,Ageism // Employers being selective of age,False
81,r/OFWs,https://www.reddit.com/r/OFWs/comments/1qj0aog/planong_magcrosscountry_to_europe_highly_needed/,"Planong MagCross-country to Europe, highly needed recommendations..",post,"I'm currently in my 30s/F/single and working as a crew for an FnB division of a stable an well known company in Qatar. Earning 60k-70k(with incentives)in PHP in a month. Sakin po yung bahay, transpo and food. I've worked as a server prior to this and naubos din and ipon nung bumalik sa Pinas post-pandemic. Prior to this I was working as a customer service representative under BPO companies. 

I'm at my age now wherein I want to find a place and a job wherein it could bring me stability and possibly a place to retire as I get old. Nagtry na rin po akong magapply pa Europe bound to Croatia from a local agency here pero waiting pa rin for an update. I've also sent my CV to employers under workabroad(.)ph pero walang pumapansin. 

I know the industry  I'm working in is not included on 'Critical Skills Occupation' needed in Europe. Even a highschool student in any European country can do my job. I graduated BS Hospitality management and this made me regret my life choices when I was younger. Sana nag nursing na lang ako or took some tech related course and maybe I would have a better path pero 2k na nga lang tuition ko in Manila hirap na hirap pa parents ko. I even work as a service crew kay bubuyog para lang makatapos with two scholarships pa yan and still I find myself in crossroads. 

To the people who made it abroad, any advice you could give me? I would love to get some insights po from you.",01/2026,16,"Lack of
Relevance",WorkAbroad.ph,Yes,I've also sent my CV to employers under workabroad(.)ph pero walang pumapansin.,,True
82,r/OFWs,https://www.reddit.com/r/OFWs/comments/1qj0aog/planong_magcrosscountry_to_europe_highly_needed/,"Planong MagCross-country to Europe, highly needed recommendations..",comment,"Ma'am, Sa Croatia po naghihigpit na mga employer doon and the Croatian language is a must based on the new recruitment policies.
*(see below link)

https://www.croatiaweek.com/croatia-tightens-rules-foreign-workers-101000/#google_vignette

Maganda sa Croatia lalo na ang weather hindi masyadong malamig, pero most of in demand jobs ay seasonal. F&B, Housekeeping, Cashier, Store crew/attendant may manufacturing jobs, food/fish roccesing, Pharmaceutical etc. pero sa malalayong lugar or countryside pero konte lang  yung ganon.

Tourism ang common industry sa Croatia lalo sa coastal area like Split, Dubrovnik, Rijeka etc. kaya halos lahat ng makikita mo na job hiring is seasonal customer service. Peak season ng job hiring is March-June kasi spring-summer-autumn dumadami na tourist, pero pag winter halos wala na tourist at lumilipat na ng ibang lugar yung mga seasonal worker.

Pero kung Croatia talaga ang mapuntahan mo Spar/Interspar, Lidl, Studenac, INA, ok magtrabaho as a full-time at kung kaya pa ng katawan mo pwede ka mag part time like cleaning lalo na pag summer sobrang dami ng lilinisan ikaw na susuko, pero mag paalam ka sa employer/agency mo iba ang permit ng part timer kukuha ka pa sa police pero meron naman usap lang ok na pero mas maganda may permit para legal lalo na nagkakahigpitan na mga police.

Euro ang pera at mahal ang mga bilihin lalo na pag summer. Work permit processing inaabot ng 3-5 months or more pag tamad ang police or nag paprocess. i-Expect mo na matagal ang processing anywhere in Europe, may time talaga na walang updates or anything kasi sobrang busy ng mga immigration officer lalo na pag mag su-summer karamihan Tourist Visa application ang mga magiging kasabayan mo.

Police ang nag i-issue ng TRC/WP at sobrang hassle talaga lalo sa pila. TRC validity is 3 yrs. pero depende sa validity period ng passport mo dun sila mag based. ex. Passport validity mo 2yrs. nalang bale 2yrs. na lang din ibibigay nila na TRC validity and so on.

Kaya 'pag mag cross country ka po dapat na-release na yung work permit at ikaw na lang iniintay kasi maraming pinoy nakampante nag rer-resign agad sa current work then pupunta agad dun sa bansa na inaplayan eh wala pang work permit ang di nila alam may chance pa na i-cancel yun ng employer, ma-denied or humaba pa ng ilang months ang processing kaya ang ending, homeless and jobless.

p.s. galing ako sa Croatia.😅",01/2026,3,"Complex
Application Process",,Yes,i-Expect mo na matagal ang processing anywhere in Europe,,False
83,r/OFWs,https://www.reddit.com/r/OFWs/comments/1qj0aog/planong_magcrosscountry_to_europe_highly_needed/,"Planong MagCross-country to Europe, highly needed recommendations..",comment,"Hi, same here working in ME since 2017 and now currently looking for opportunities in Europe. I took up CNA course last year since mas in demand ang healthcare sa EU and added skills na din. Maybe you can consider taking up healthcare course also while waiting? Best of luck OP.",01/2026,3,"Lack of
Relevance",,Yes,I took up CNA course last year since mas in demand ang healthcare sa EU and added skills na din,Skill mismatch issues abroad,False
84,r/OFWs,https://www.reddit.com/r/OFWs/comments/1k26hvj/easiest_way_to_work_abroad/,Easiest way to work abroad,post,"Hi,

I think 4 months na ata since January been aggresively apply sa foreign countries like australia and singapore through jobsteet sg and seek au. However, wala man lang niisa na nag contact. I think mali yung way ko baka through that site mas prio nila citizen nila. Is there a way or any tip on how to apply via agency? For context: im a software engineer with java tech stack incase this will help.

Thank you very much",04/2025,13,"Lack of
Relevance",,Yes,I think mali yung way ko baka through that site mas prio nila citizen nila,Local priority,False
85,r/OFWs,https://www.reddit.com/r/OFWs/comments/1k26hvj/easiest_way_to_work_abroad/,Easiest way to work abroad,comment,"For Singapore, medyo mahirap na now. Ako man, gustohin ko man mag hire ng Pinoy but the stringent process of getting an Spass or EP makes it difficult to hire foreigners

For us to apply an spass or ep for a foreigner, we need to advertise the job vacancy sa mycareers.sg, a jobs portal only accessible to locals

We need that ad to run for 28 days, before we can apply for an spass or ep for that job position

But, we also need to report how many locals applied for the job, how many were interviewed and justify that despite the local applicants, why we still choose to hire the foreigner

Aside from that, for spass, the quota is getting stricter and for EP, the points system hurdle has gotten more complicated

Add to that, the renewal for when it expires (usually 2 years) is uncertain cos of constantly tightening requirements

So, we end up just hiring citizens and PRs only

Edit:

My background, im a director for a design studio so part of my responsibilities is finding new designers to join our team",04/2025,3,"Lack of
Relevance",MyCareersFuture Singapore,Yes,"we also need to report how many locals applied for the job, how many were interviewed and justify that despite the local applicants, why we still choose to hire the foreigner",confusing steps for SG employers // barrier for foreigners,True
86,r/OFWs,https://www.reddit.com/r/OFWs/comments/1k26hvj/easiest_way_to_work_abroad/,Easiest way to work abroad,comment,"Ive applied for 1 year and 8 months before ma interview ng current employer ko. Wag susuko, its part of the process.",04/2025,2,"Job Search
Burnout",,Yes,Ive applied for 1 year and 8 months before ma interview ng current employer ko.,,False
87,r/OFWs,https://www.reddit.com/r/OFWs/comments/1k26hvj/easiest_way_to_work_abroad/,Easiest way to work abroad,comment,"EDIT: I was contacted via LinkedIn. 

Last January, I was contacted by an agency representing a big company both based in Abu Dhabi, after performing due dilligence, legit naman. After multiple interviews, nireprofile ako to a much fitting role. Nireject ko. After few weeks, bumalik sila sakin with better offer. Inaccept ko na. Already working on the requirments.

I could have easily contacted my bro, dubai-based pero offshore, abala lang ako sa kanya and sa father ko na retired ofw for 25 yrs in UAE ksi may business na ako dito sa PH.

So why not, I grabbed the opportunity na rin. 

In case may magtanong, office-based yung work. Business Analyst tho HR for multinational company dito sa PH.

Best of luck and try to utilize available connections.",04/2025,5,"Lack of
Relevance",LinkedIn,Yes,"After multiple interviews, nireprofile ako to a much fitting role. Nireject ko. After few weeks, bumalik sila sakin with better offer",,True
88,r/OFWs,https://www.reddit.com/r/OFWs/comments/1k26hvj/easiest_way_to_work_abroad/,Easiest way to work abroad,comment,"Hindi mali,pero syempre may target candidate sila.

Also,mas madali sa kanila kung iha-hire nila is andun na mismo sa bansa at di na galing sa labas. Atska pagdating sa abroad, kahit magpost ng isang vacanacy asahan mo kahit isang daan magaapply dyan sa isang posisyon na yan,kaya gnun kahirap.Tiyagain mo and try mo sa mga Gov agencies like Poea.",04/2025,1,"Overseas
Experience",,Yes,"Hindi mali,pero syempre may target candidate sila.",,False
89,r/OFWs,https://www.reddit.com/r/OFWs/comments/1k26hvj/easiest_way_to_work_abroad/,Easiest way to work abroad,comment,"Medyo saturated na din kasi yung job mo. Sa tech, ang mga nakikita ko na malakas yung hiring is sa cybersecurity.

How many years na experience mo?

Meron kaming hiring maybe I can refer you if pasok sa experience mo. DM me.",04/2025,1,Other,,Yes,Medyo saturated na din kasi yung job mo.,,False
90,r/OFWs,https://www.reddit.com/r/OFWs/comments/1k26hvj/easiest_way_to_work_abroad/,Easiest way to work abroad,comment,mas malaki chance kg may insider na mag pasa ng application mo.  most companies prefer na andon ka na or meron maka vouch para sayo.  try messaging sa mga connections mo sa linkedin.,04/2025,2,Other,LinkedIn,Yes,mas malaki chance kg may insider na mag pasa ng application mo.,,True
91,r/OFWs,https://www.reddit.com/r/OFWs/comments/1k26hvj/easiest_way_to_work_abroad/,Easiest way to work abroad,comment,"No easiest way, except if may kakilala kana na nasa abroad at magpasok sayo.

Try mo combination, submit ka sa mga agency na may opening sa field mo at the same time tuloy mo lang online mo, isama mo na indeed at workabroad.",04/2025,6,"Overseas
Experience",Indeed,Yes,"No easiest way, except if may kakilala kana na nasa abroad at magpasok sayo.",,True
92,r/OFWs,https://www.reddit.com/r/OFWs/comments/1n28x8t/1st_time_direct_hire_ph_to_dubai/,1st time direct hire PH to Dubai,post,I need help. Is there a step by step guide on direct hire process? I am so confused on how and where to start ng process ng direct hire. Kasi napaka higpit ng immigration natin dito sa Pinas. Yung employer ko din clueless kasi nadale na daw sila dati na nabilhan na nila ng ticket visa tapos offload naman. Kapag nag agency naman sobrang mahal. Meron ba dito naka experience ng direct hire at nag process PH to dubai? Badly need help 🥲,08/2025,12,"Complex
Application Process",,Yes, Is there a step by step guide on direct hire process? I am so confused on how and where to start ng process ng direct hire,,False
93,r/OFWs,https://www.reddit.com/r/OFWs/comments/1pdjmso/need_advice_23_years_old_4_yrs_butcher_experience/,"Need advice: 23 years old, 4 yrs butcher experience, still no luck",post,"Hi guys,
I’m 23 from the Philippines and I’ve been trying to apply for butcher jobs abroad (Europe, Middle East, NZ, etc.). I have 4 years of actual slaughtering experience, TESDA NC2, and almost 3 years of college before I stopped. All my requirements are complete – PEOS, DMWE, medical, certificates, training photos, videos, etc.

What frustrates me is this:

I see a lot of applicants who are my age or even younger, and some even admit they only have “sample experience” or experience na hindi talaga legit. Yet they still get shortlisted and hired. Meanwhile, I have real experience but I keep getting passed over.

So I’m wondering… is it really my resume? Or is it because of my age?
Do agencies assume my 4-year experience is fake dahil bata pa ako?

I’ve already tried improving my CV, rewriting my experience, adding proof photos, adding references, etc. Still the same results.

I also want to ask for tips about preparing the requirements:
• Do you guys have a preferred format?
• Do agencies really read long PDFs?
• Is it better to make everything short and easy to scan?
• Is submitting one merged PDF with all documents a good idea?
(This is my hack – I combine my CV, certificates, proof of experience, and IDs into one clean PDF so the staff can open everything at once.)
• Is it okay to email the company abroad directly even if they hire through an agency here in the PH? I try reaching out just to get noticed, but I’m not sure if that helps or hurts.

For those who already got hired as butchers or any skilled worker abroad:

• Does age matter that much?
• Do agencies prefer older applicants?
• How did you make your resume stand out?
• Any tips para mapansin agad sa shortlist?
• Should I focus more on direct applications instead of local agencies?

I’m very confident in my skills. If I can just get shortlisted and reach the interview stage, I’m sure I can pass it. I just don’t know what part of the process is blocking me.

Any advice from OFWs, recruiters, or anyone who went through the same thing would help a lot. Thanks.",12/2025,8,"Lack of
Visibility",,Yes, is it really my resume? Or is it because of my age? Do agencies assume my 4-year experience is fake dahil bata pa ako?,,False
94,r/OFWs,https://www.reddit.com/r/OFWs/comments/1p50wrc/aspiring_ofw/,Aspiring ofw,post,Ask ko ng if may chance po makapag work abroad ang transgender or anyone na part ng lgbt? Recently kase nag try ako mag walk in sa mga agency but lagi akong na rereject because of my gender. May isang instances pa nung nag try ako mag apply as a factory worker in taiwan at sinabihan ako na mag pagupit ng buhok at mag damit lalaki muna while applying at bumalik sa nlng pagiging trans kapag na secure mo na ang job out of the country. Can anyone recommend an agency who can accept transgender applicant?,11/2025,8,Other,,Yes,Ask ko ng if may chance po makapag work abroad ang transgender or anyone na part ng lgbt?,Transphobia,False
95,r/OFWs,https://www.reddit.com/r/OFWs/comments/1o15gpe/how_to_work_abroad_but_my_work_exp_doesnt_align/,How to work abroad but my work exp doesn't align with skilled work (EUR),post,"Hello,

I'm 28 (M) with a bachelor's degree in UP (BS Biology) then ung work ko ay sa BPO industry lang. Naging seasonal hire barista lang ako sa Starbucks at hindi un relevant for most of them

I tried walking in to few agencies at iisa lang nakukuha kong sagot, wala akong relevant experience. Nakakawalang gana kasi I know to myself capable ako dun sa jobs na tinatarget ko like kitchen helper, waiter, factory worker, etc.

Wala kong prior exp pero alam ko sa sarili ko kaya kong gawin ung ginagawa nila lalo na't may common sense at literate naman akong tao at the very least. 

Tinatry ko mag reach out through email and onlien applications, wala rin response or acknowledgement man lang.

The reason kaya gusto ko mag abroad is para makasunod sa partner ko na nagaaral sa Europe. Hindi ko matahak ung academic route kasi hindi ganun kaganda ung grades ko for scholarship that's why I'm trying to migrate through working visa. 

Kahit sana mabigyan ako ng chance to be screened through interview para naman mailaban ko na kaya ko at capable ako pero pinapamukha sakin ng mundo na walang kwenta ung degree ko hahaha. 

Kahit saang lupalop ng Europe papalagan ko na talaga sobrang desperado ko na. Sana po matulungan ako through recommendation or endorsement willing po ako magpasa ng necessary documents for it. 

Salamat sa pakikinig at sa tulong niyo.",10/2025,8,Ghosting,,Yes,"Tinatry ko mag reach out through email and onlien applications, wala rin response or acknowledgement man lang.",,False
96,r/OFWs,https://www.reddit.com/r/OFWs/comments/1naq5c0/are_there_any_legitimate_agencies_for_me_to_apply/,Are there any legitimate agencies for me to apply to as a graphic designer?,post,"EDIT: I got a job! ❤️ Thank you to those who've responded. You've been very helpful.

Hi there! I'm actively looking for jobs abroad,  as a Filipino citizen, in graphic design.

I once worked in Dubai back in 2015 via a visiting relative visa or something similar dun. But that time parang sapilitan lang sa side nila mama at papa na mag aabroad ako kasi panganay nga daw, dapat makatulong sa gastusin sa pagpaaral, at least, sa dalawa kong kapatid. So that time, though looking back at this day and age I should have been blessed with that opportunity, di ako ready (mentally and experience-wise) and I had no goal except to comply with my parents' wishes.

Now, I'm older and I have goals and dreams that I want fulfilled. My relatives no longer live in Dubai which is why I am actively looking for legitimate agencies to apply to.

Baka po may ma recommend kayo kung saan maka apply online. Although maganda sana walk-in pero nasa Mindanao kasi ako and currently have work so I can't go to Manila to apply directly.

Everyday ko inaupdate din yung profile ko sa workabroad(.)ph and applying via the website but wala pa rin pong feedback.

If you can help me out with recommendations that's more than enough for me.

Thank you for taking time to read.",09/2025,6,Ghosting,WorkAbroad.ph,Yes,Everyday ko inaupdate din yung profile ko sa workabroad(.)ph and applying via the website but wala pa rin pong feedback.,,True
97,r/OFWs,https://www.reddit.com/r/OFWs/comments/1naq5c0/are_there_any_legitimate_agencies_for_me_to_apply/,Are there any legitimate agencies for me to apply to as a graphic designer?,comment,"Karamihan kasi ng mga job posts na nakikita ko sa workabroad ay man-pooling lang eh. D ko alam kung sa field lang ba namin yung ganun (design). I did get calls naman/ interview invites. Pero after some time eh I stopped trying na dun kasi todo hingi sila ng certificates/ diploma/ papers/ portfolio/ passport ko pero wala naman nangyayari. Although i blurred some info naman pero nakakatakot p din baka ma-identity theft pa.

OP, try mo sa glass door and gulftalent. May mga agencies kasi din dun na nagpo-post. That's where I got hired. Try mo din sa Omanfil. Updated naman yung job list nila.",09/2025,2,"Complex
Application Process",,Yes,Karamihan kasi ng mga job posts na nakikita ko sa workabroad ay man-pooling lang eh.,Manpower pooling,False
98,r/OFWs,https://www.reddit.com/r/OFWs/comments/1n9ef3t/has_anyone_here_tried_kenneth_co_for_singapore/,Has anyone here tried Kenneth &amp; Co. for Singapore TEP (Training Employment Pass)?,post,"Hi everyone,

I came across an online post last year about becoming an international student in Singapore through Kenneth &amp; Co. Just recently (about 3 days ago), I received a call from one of their consultants/representatives.

They said that instead of applying for a Student Pass, they’re now offering the Training Employment Pass (TEP). According to them, for bachelor’s degree holders, there’s no need to go through the international student route. The setup is that you can work up to 60 hours per week (since it’s peak season and employers are looking for workforce).

It honestly sounds promising and quite legit, but here’s the catch: they’re asking for an initial fee of SGD 500 because they’ll be the ones looking for an employer on my behalf. They mentioned that they’ll arrange interviews (up to 4 times), and if I don’t land a job within 4 months, they’ll refund the initial fee.

I want to know:
	•	Has anyone here actually gone through Kenneth &amp; Co. and is now working in SG through them?
	•	Is this TEP process really a thing?
	•	Do you think it’s worth taking the risk, or should I be more cautious?

For context, I’m currently a full-time BPO employee and I’m looking for a way to change the course of my life, even if it means starting from the bottom.

Any advice, insights, or experiences would be greatly appreciated. And if there’s already a group chat (GC) for people under Kenneth &amp; Co., I’d love to join too.

Thanks in advance!",09/2025,5,"Possibility
of Scam",,Yes,"It honestly sounds promising and quite legit, but here’s the catch: they’re asking for an initial fee of SGD 500 because they’ll be the ones looking for an employer on my behalf.",,False
99,r/OFWs,https://www.reddit.com/r/OFWs/comments/1sdr1g8/need_insights_nail_technician_in_saudi_arabia/,(Need insights) Nail Technician in Saudi Arabia,post,"Hi I am F26 and have applied to various jobs online whether local or abroad. I am also an Accounting Staff na nag rerender nalang until the end of April. Technically, I was a part time nail artist (I sell press on nails but know how to do soft gel extensions as well) so I tried to apply for a job na aligned din naman sa skills ko.

Unexpectedly, I got selected and nag hihintay nalang ng video na nag sservice ako yung boss sa salon na pagtatrabahuhan ko. Pero for medical na ako dito sa agency sa manila. Meaning tuloy na talaga. Wala rin ako gagastusin papunta ron.

Basic salary is SAR2,200 + 300 meal allowance (approx ₱40k)

Free accommodation with own room and walking distance lang papuntang work

Location ng work ay sa province, very far from Riyadh. And base sa kwento ng nakausap ko na nag tatrabaho doon, work bahay work lang daw. And if I plan to walk/gala, be very careful lang since it is not an open country like UAE. Pero mabait daw ang boss and pwede increase ang sahod once nagustuhan mga gawa mo. Note ko rin na yung salon ay very classy, high-end like.

As someone na laging gumagala/travel/loves to swim in the ocean worth it po ba? Like to sacrifice that for a 2-year contract?

I have no major responsibilities at single naman ako. Tell me guys, is it worth the risk or should I just find a work here that align my profession? Salary wise, will I be able to earn that much here also? Please give me recommendations on what work I can take instead. I am willing to do factory works as well as long as I am out of this country 😭 Thank you please be kind 🫶🏻",04/2026,2,"Lack of
Relevance",,Yes, is it worth the risk or should I just find a work here that align my profession?,,False
100,r/OFWs,https://www.reddit.com/r/OFWs/comments/1s9dni1/cannot_generate_balik_manggagawa_oec_online/,Cannot generate Balik manggagawa OEC online,post,"Hello po. So umuwi po ako last week from AU kasi may need ayusin ngayon dito sa pinas. 

last december 2025 umuwi rin ako and sabi sakin and ayon sa research ko, need pumunta sa DMW office para makakuha ng BM OEC which i did and binigyan nila ako (First time ofw po ako).

Ngayon, second uwi ko na, ang banggit sakin noong last december, pede na ako mag apply, gumawa at mag print online ng BM oec sa gov app or sa website. Ang kaso, ngayon, ayaw naman mag proceed nung application sa online. Ayoko po sana pumunta pa sa dmw gawa ng malayo sya samin at hindi kakayanin ng time since lilipad na ako pabalik sa AU next week. 

meron po bang mga nakaexperience nito? please share your experiences naman po. need ko lang po ng advice salamat po.",04/2026,2,"Complex
Application Process",,Yes,"Ang kaso, ngayon, ayaw naman mag proceed nung application sa online.",,False
101,r/OFWs,https://www.reddit.com/r/OFWs/comments/1r0u624/workabroadlegit_agencies/,Workabroad-legit agencies,post,"Hi all, sino po dito nkapag apply na thru workabroad legit po ba ang mga agencies na nkapost dun?

nag apply po ako waitress bound for saudi arabia yong agency tumawag skn if willing ba ako online interview taz sabi esend ko daw ang passport details ko. . bat passport agad wala pa ngang interview

may nakapgtry na po ba dto hiningi agad details ng passport wala pang schedule ng interview",02/2026,2,"Complex
Application Process",,Yes,"Hi all, sino po dito nkapag apply na thru workabroad legit po ba ang mga agencies na nkapost dun?",,False
102,r/OFWs,https://www.reddit.com/r/OFWs/comments/1r0u624/workabroadlegit_agencies/,Workabroad-legit agencies,comment,"Legit lahat ng agencies sa workabroad.ph kasi hindi sila makakapag advertise duon kung hindi sila registered/licensed sa DMW at walanag approved job order.

RE: Passport, maaring gusto lang iverify ng agency kung may passport ka na, legal name, at age mo.",02/2026,2,"Overseas
Experience",WorkAbroad.ph,Yes,Legit lahat ng agencies sa workabroad.ph kasi hindi sila makakapag advertise duon kung hindi sila registered/licensed sa DMW at walanag approved job order.,,True
103,r/OFWs,https://www.reddit.com/r/OFWs/comments/1r0u624/workabroadlegit_agencies/,Workabroad-legit agencies,comment,"Ok lang yun, wala naman kasi centralized system na maverify online if valid pa passport mo kung passport number and expiry lang ibigay mo. What you can do, make it a pdf file and add watermark. “FOR ABC MANPOWER VERIFICATION USE ONLY. “",02/2026,1,"Complex
Application Process",,Yes,"Ok lang yun, wala naman kasi centralized system na maverify online if valid pa passport mo kung passport number and expiry lang ibigay mo.",,False
