Source Subreddit,Post URL,Post Title,Post or Comment,Content (Full Text),Date Posted,Upvotes / Score,Theme Tag,Platform Mentioned,Philippine Context?,Notable Quote,Intern Notes,
phcareers,https://www.reddit.com/r/phcareers/comments/15rd83t/ghosted_by_an_employer_who_promised_me_sht_what/,"Ghosted by an employer who promised me sht, what are your insights to this?",comment,"Email/call them for follow up, don't just sit there and wait. Keep applying sa iba. 

Experience ko 3weeks ako nag follow up, natanggap naman ako. What I mean is pwede mangulit ang applicant lalo na sinabihang maghintay. Wag matakot mag follow up, let them know na interested ka pa din, or kahit na rejection letter at least they need to let you know.

Goodluck",23-Aug,3,OTHER,None,Yes,,not relevant,
phcareers,https://www.reddit.com/r/phcareers/comments/15rd83t/ghosted_by_an_employer_who_promised_me_sht_what/,"Ghosted by an employer who promised me sht, what are your insights to this?",comment,Job hunt lng ng job hunt dont stop until they ask you to sign a contract,23-Aug,3,EMOTIONAL,None,Yes,dont stop until they ask you to sign a contract,,
phcareers,https://www.reddit.com/r/phcareers/comments/15rd83t/ghosted_by_an_employer_who_promised_me_sht_what/,"Ghosted by an employer who promised me sht, what are your insights to this?",comment,"Our boss told us 2 months ago na may padating daw na new member sa team namin within the week, nakapasa na lahat lahat.

Then around 2 weeks later na mention ulit, ganun pa rin yung sinabi.

Chismax ng source ko is naka hold daw yung mga new hire until Q4. Then tsaka na nila babalikan ulit lahat, for reasons unknown. 

Di na kinaya ng powers maka-lagap ng info.

Kaya we'll never be sure ano ba nangyayare internally, kaya mo yan OP play the numbers game na lang muna.",23-Aug,3,PROCESS,None,Yes,we'll never be sure ano ba nangyayare internally,,
phcareers,https://www.reddit.com/r/phcareers/comments/15rd83t/ghosted_by_an_employer_who_promised_me_sht_what/,"Ghosted by an employer who promised me sht, what are your insights to this?",comment,School is done and now you experience the real world!,23-Aug,3,EMOTIONAL,None,Yes,,,
phcareers,https://www.reddit.com/r/phcareers/comments/15rd83t/ghosted_by_an_employer_who_promised_me_sht_what/,"Ghosted by an employer who promised me sht, what are your insights to this?",comment,"don't expect to receive a call. for applications like this, usually wait for 1 week.

you may have passed all levels of interview but not on the screening by the IT head that would warrant a final interview.",23-Aug,3,PROCESS,None,Yes,,,
phcareers,https://www.reddit.com/r/phcareers/comments/15rd83t/ghosted_by_an_employer_who_promised_me_sht_what/,"Ghosted by an employer who promised me sht, what are your insights to this?",comment,"You have the right to follow up on your application. I advise you do it via email so it's documented.

However, please be aware that some companies might really take some time to process applications. My cousin applied for work in Accenture in May 2023 and until now, he's waiting for updates. I, for one, do not prefer such lengthy hiring processes, but we do not know everything that's happening within the company, so have the benefit of the doubt and back-up plans.

That is why I am informing you that... (From the top) 😅",23-Aug,3,PROCESS,None,Yes,,,
phcareers,https://www.reddit.com/r/phcareers/comments/15rd83t/ghosted_by_an_employer_who_promised_me_sht_what/,"Ghosted by an employer who promised me sht, what are your insights to this?",comment,"Happened to me 2 yrs ago

I Applied, did the intial and final interview + exams. Signed a bunch of bullshit papers and told me that they were gonna call and they did after 1 FCKN WEEK but the hr said that the position was full and so I have to go to a different branch and gonna take the process all over again like WTF?! 

Idk if this is legal or illegal I just moved on and applied to a different company",23-Aug,3,GHOSTING,None,Yes,,,
phcareers,https://www.reddit.com/r/phcareers/comments/15rd83t/ghosted_by_an_employer_who_promised_me_sht_what/,"Ghosted by an employer who promised me sht, what are your insights to this?",comment,"Tuloy ang buhay O.P.  
Apply lang ng apply. Regardless kung you Aced the exam,  ikaw ang pinakamabilis, etc, hindi ito 100% assurance ng job hanggat walang J.O./contract. May instances din na kahit may contract, after few days nate-terminate. Kaya tuloy lang ang buhay. On positive note, yung experience mo ng flow ng interview, may idea ka na. *Halos* ganyan ang magiging interview sa role/position na inaapplyan mo.",23-Aug,3,EMOTIONAL,None,Yes,,,
phcareers,https://www.reddit.com/r/phcareers/comments/15rd83t/ghosted_by_an_employer_who_promised_me_sht_what/,"Ghosted by an employer who promised me sht, what are your insights to this?",comment,"In my experience, wag kang pakasigurado hanggat di mo pa nakukuha ang una mong sweldo.",23-Aug,3,SCAM,None,Yes,,,
phcareers,https://www.reddit.com/r/phcareers/comments/15rd83t/ghosted_by_an_employer_who_promised_me_sht_what/,"Ghosted by an employer who promised me sht, what are your insights to this?",comment,I think you intimidated them with your skill OP. Petiks siguro mga yan takot sila na ma-expose mo pagkapetiks nila based sa ginawa mo na natapos mo ung 4 hour task for them nang 1 hour lang.,23-Aug,3,RELEVANCE,None,Yes,,,
phcareers,https://www.reddit.com/r/phcareers/comments/15rd83t/ghosted_by_an_employer_who_promised_me_sht_what/,"Ghosted by an employer who promised me sht, what are your insights to this?",comment,"lmao, this is sadly a reality. welcome to the real world",23-Aug,2,EMOTIONAL,None,Yes,,,
phcareers,https://www.reddit.com/r/phcareers/comments/15rd83t/ghosted_by_an_employer_who_promised_me_sht_what/,"Ghosted by an employer who promised me sht, what are your insights to this?",comment,"Unless you signed on the doted line, keep it moving. 2 follow ups enough na yan.. nkkadeflate tlga ung sasabihin sayo, you have a very strong profile tapos biglang ghosted. 😅",23-Aug,2,EMOTIONAL,None,Yes,,,
phcareers,https://www.reddit.com/r/phcareers/comments/15rd83t/ghosted_by_an_employer_who_promised_me_sht_what/,"Ghosted by an employer who promised me sht, what are your insights to this?",comment,"Got a job offer in the past and even signed a contract then the employer ghosted me lmao. I feel you.

I think in your situation they were just trying to be nice but no plans on hiring you. Just try to find another job.",23-Aug,2,GHOSTING,None,Yes,,,
phcareers,https://www.reddit.com/r/phcareers/comments/15rd83t/ghosted_by_an_employer_who_promised_me_sht_what/,"Ghosted by an employer who promised me sht, what are your insights to this?",comment,"I blacklist companies with disrespectful HR practices like ghosting after HOURS of process spent. Kung may products, pati products. If they do not know how to treat their applicants with respect, what more kapag employee ka na? Consider it a blessing.",23-Aug,2,GHOSTING,None,Yes,,,
phcareers,https://www.reddit.com/r/phcareers/comments/15rd83t/ghosted_by_an_employer_who_promised_me_sht_what/,"Ghosted by an employer who promised me sht, what are your insights to this?",comment,"I've also experienced this scenario back in '17. I am already in passing some requirements but the hr staff refuses to pass some of my requirements without their ""hr manager"" approval. Malayo pa naman samin yung office na inaplayan ko. I did not bother to give them a follow up.",23-Aug,2,SCAM,None,Yes,,,
phcareers,https://www.reddit.com/r/phcareers/comments/15rd83t/ghosted_by_an_employer_who_promised_me_sht_what/,"Ghosted by an employer who promised me sht, what are your insights to this?",comment,"Mas masakit ma retract ng JO. Hahaha. 
Wag maniwala tlga sa HR hanggat walang papel at di ka pa nag start sa company. 😄",23-Aug,2,PROCESS,None,Yes,,,
phcareers,https://www.reddit.com/r/phcareers/comments/15rd83t/ghosted_by_an_employer_who_promised_me_sht_what/,"Ghosted by an employer who promised me sht, what are your insights to this?",comment,"It's been a month, wala na yan. Even then kung mag offer pa sila sa iyo, it's a red flag for a company to ignore mails for so long. Consider yourself lucky for dodging a bullet",23-Aug,2,SCAM,None,Yes,,,
phcareers,https://www.reddit.com/r/phcareers/comments/15rd83t/ghosted_by_an_employer_who_promised_me_sht_what/,"Ghosted by an employer who promised me sht, what are your insights to this?",comment,tapos pag nasa company ka na sasabihan ka/ kayo kasama kayo in long term next thing you know laid off na in a blink of an eye,23-Aug,2,PROCESS,None,Yes,,,
phcareers,https://www.reddit.com/r/phcareers/comments/15rd83t/ghosted_by_an_employer_who_promised_me_sht_what/,"Ghosted by an employer who promised me sht, what are your insights to this?",comment,Dodged a bullet. Obviously hindi magandang company pag ganyan. Wag mawalan ng pag-asa at humanap ng iba.,23-Aug,2,SCAM,None,Yes,,,
phcareers,https://www.reddit.com/r/phcareers/comments/15rd83t/ghosted_by_an_employer_who_promised_me_sht_what/,"Ghosted by an employer who promised me sht, what are your insights to this?",comment,"Naalala ko yung isang inapplyan ko last late 2022, nagka-technical interview kami ng Friday tas sabi during the call na abangan latest na the following Tuesday for the final interview (formality ganern).

Til now nakarami nang Tuesday, wala pa ring call na na nagaganap haha",23-Aug,3,GHOSTING,None,Yes,,,
phcareers,https://www.reddit.com/r/phcareers/comments/15rd83t/ghosted_by_an_employer_who_promised_me_sht_what/,"Ghosted by an employer who promised me sht, what are your insights to this?",comment,"Hi. I'm an ECE coming from a NOC background currently studying to career shift to swe/webdev. 

Basically self study from scratch ako ng html/css/js then python/c++ for ds/algo. Seeking for a bootcamp is an option for me pero honestly I'm just not sure about myself if I can make the most out of the investment to have someone train me. 

That aside. I'm just curious, is that kind of technical exam an industry standard? I kinda wanna know what's it like applying for these roles as I've still yet to be interviewed. Patingin tingin pa lang. 

Admittedly I just find the anecdote daunting since interviewing still isnt a strong suit and I have test anxiety.",23-Aug,2,PROCESS,None,Yes,is that kind of technical exam an industry standard,,
phcareers,https://www.reddit.com/r/phcareers/comments/15rd83t/ghosted_by_an_employer_who_promised_me_sht_what/,"Ghosted by an employer who promised me sht, what are your insights to this?",comment,"Yep. When it comes to JOs, if you don't have one in a week (or a promised date), I'd consider myself ghosted. It's not unusual for companies to do this.",23-Aug,2,GHOSTING,None,Yes,,,
phcareers,https://www.reddit.com/r/phcareers/comments/15rd83t/ghosted_by_an_employer_who_promised_me_sht_what/,"Ghosted by an employer who promised me sht, what are your insights to this?",comment,"You celebrated early I guess.

Pag wala pang contract, there is no reason na seryosohin yung ""Congratulations"" message ng kung sino from the company.",23-Aug,2,OTHER,None,Yes,,not relevant,
phcareers,https://www.reddit.com/r/phcareers/comments/15rd83t/ghosted_by_an_employer_who_promised_me_sht_what/,"Ghosted by an employer who promised me sht, what are your insights to this?",comment,Blessing in disguise na rin yan OP na hindi ka natuloy sa company na yan. Medyo red flag din na ni left hanging ka nila. And they can’t give you an honest feedback about the status of your application. Sure hit talaga na hired ka na pag may job contract ka na.,23-Aug,2,SCAM,None,Yes,,,
phcareers,https://www.reddit.com/r/phcareers/comments/15rd83t/ghosted_by_an_employer_who_promised_me_sht_what/,"Ghosted by an employer who promised me sht, what are your insights to this?",comment,Saka ka mag celebrate pag na regular ka na.,23-Aug,2,OTHER,None,Yes,,not relevant,
phcareers,https://www.reddit.com/r/phcareers/comments/15rd83t/ghosted_by_an_employer_who_promised_me_sht_what/,"Ghosted by an employer who promised me sht, what are your insights to this?",comment,I think you should drop the name of the company.,23-Aug,2,OTHER,None,Yes,,not relevant,just shaming the company
phcareers,https://www.reddit.com/r/phcareers/comments/15rd83t/ghosted_by_an_employer_who_promised_me_sht_what/,"Ghosted by an employer who promised me sht, what are your insights to this?",comment,"HR can be nasty. Tbh napakaunprofessional karamihan sa kanila for not updating the applicants kahit hindi sila tanggap. Dapat with or without offer, they should have the decency to update the applicants. Don't prolong their agony.",23-Aug,2,OTHER,None,Yes,,not relevant,
phcareers,https://www.reddit.com/r/phcareers/comments/15rd83t/ghosted_by_an_employer_who_promised_me_sht_what/,"Ghosted by an employer who promised me sht, what are your insights to this?",comment,Congrats OP not for the offer but for your skills as Junior dev. Yan ang mga hinahanap ngayon if ever magswitch ka into home-based. Don't settle for that company. Baka mas mataas pa offer sayo compared to their head IT,23-Aug,2,RELEVANCE,None,Yes,,,
phcareers,https://www.reddit.com/r/phcareers/comments/15rd83t/ghosted_by_an_employer_who_promised_me_sht_what/,"Ghosted by an employer who promised me sht, what are your insights to this?",comment,We have a dev opening. Insurance comp and if you want I can refer.,23-Aug,2,OTHER,None,Yes,,not relevant,just giving a job offer
phcareers,https://www.reddit.com/r/phcareers/comments/15rd83t/ghosted_by_an_employer_who_promised_me_sht_what/,"Ghosted by an employer who promised me sht, what are your insights to this?",comment,"same situation, OP :( hope they can be more professional to tell that they're not gonna proceed with the hiring process hindi yung pinag iintay pa :( laban lang! might find a better company :)",23-Aug,2,GHOSTING,None,Yes,,,
phcareers,https://www.reddit.com/r/phcareers/comments/15rd83t/ghosted_by_an_employer_who_promised_me_sht_what/,"Ghosted by an employer who promised me sht, what are your insights to this?",comment,Drop the company name,23-Aug,1,OTHER,None,Yes,,not relevant,just shaming the company
phcareers,https://www.reddit.com/r/phcareers/comments/15rd83t/ghosted_by_an_employer_who_promised_me_sht_what/,"Ghosted by an employer who promised me sht, what are your insights to this?",comment,ako basta 1hr lang pinag antay matik alis na ako walang nang pa alam sa HR move on agad ako hanap ibang company agad 乁⁠ ⁠˘⁠ ⁠o⁠ ⁠˘⁠ ⁠ㄏ,23-Aug,1,PROCESS,None,Yes,,,
phcareers,https://www.reddit.com/r/phcareers/comments/15rd83t/ghosted_by_an_employer_who_promised_me_sht_what/,"Ghosted by an employer who promised me sht, what are your insights to this?",comment,What company is this? Does it start with D and ends up in Y? hahahaha,23-Aug,1,OTHER,None,Yes,,not relevant,just shaming the company
phcareers,https://www.reddit.com/r/phcareers/comments/15rd83t/ghosted_by_an_employer_who_promised_me_sht_what/,"Ghosted by an employer who promised me sht, what are your insights to this?",comment,Is this a subsidiary of a beer company?,23-Aug,1,OTHER,None,Yes,,not relevant,just shaming the company
phcareers,https://www.reddit.com/r/phcareers/comments/15rd83t/ghosted_by_an_employer_who_promised_me_sht_what/,"Ghosted by an employer who promised me sht, what are your insights to this?",comment,"Gets kita. Sana lang manormalize na yung nagiinform si HR kung di natanggap/natuloy. Para hindi mo na sya iconsider and di ka na din maghihintay. For me, unprofessional yung HR na yan. Kahit gano pa sila kabusy, trabaho nila maginform. And if nagbago naman decision ni hiring manager, hindi naman mahirap yung magtext. Hindi naman kayo bffs na mahihirapan silang sabihin sayo yung decision kasi mahhurt ka. So no need for ghosting.

Hindi naman siguro lahat ganyan OP.. pero marami talagang ganyan sa corporate. Nakakasad lang kasi sayangan ng oras. Pero wala eh, move on talaga.",23-Dec,1,OTHER,None,Yes,,not relevant,
phcareers,https://www.reddit.com/r/phcareers/comments/1hxwi6g/thoughts_on_ghostingbeing_ghosted_during_job/,Thoughts on ghosting/being ghosted during job applications,post,"Malamang common ganap ito sa job hunting. May it be from not receiving any replies to applications, to just not hearing anything back after being interviewed.

Need to unload my thoughts here in Reddit. Rather than address this issue ""straight to the face"" via email/text/LinkedIn message dun sa contact person or taga-HR or whoever pwedeng i-reach out na involved sa hiring process, as doing so ay baka mapasama ako and I may seem unprofessional this way.

If it's just applying for a job, I understand na busy ang HR and everyone involved sa hiring processes ng companies, which would mean it would take some time before hearing back, need siguro ng sapat na panahon to screen applicants properly. Yun ay kung legit, and if the job postings are legit and available. If yun pala ay ""ghost job"", why does such things exist, or sa mga nasa likod ng hiring stuff bakit ginagawa nyo pa rin ito? Though pwede naman mag-follow-up after like weeks if walang response, pero minsan wala pa rin. Better if may response like confirmation of receipt ng applications, or whether considered for interviews or rejected ba agad, than not hearing anything at umaasa pa rin kahit wala.

Same goes after interviews. Waiting game before knowing of the decision, can be as quick as within the day o kinabukasan o makalawa, or need to wait days or weeks. Pwedeng mag-follow up if wala pa. Pero minsan, kahit anong nudge or follow-up, it's plain silence. Is it safe to assume na hindi na tanggap, or would you wait a bit more and try to follow-up, at pag wala e di move on na?

I am in this situation right now after getting interviews from 3 companies since December. One is a week before Christmas, for a sales account executive position sa isang residence hotel in Ortigas, nakausap ang taga-HR at sales director, waiting if pasok sa final interview with general manager, na supposedly malalaman this week. Second is sa isang 4-star hotel sa Ortigas din right after new year, preferably for guest service agent o di kaya F&B or any other hotel job, pero offered a production staff under manufacturing dept, waiting for decision after 2 interviews. Then kinabukasan ay sa isang retail company sa BGC for a brand associate for food or if meron pang ibang suitable food related jobs, after initial interview no updates sa decision and if mabibigyan pa ng online exam. A week has passed, walang update. Nag-follow up na ako thru emails and text pati LinkedIn message if possible within this week, no response. Tried again, I'll see if magreply bago matapos ang week. Maybe try again next week baka for the last time if wala pa rin. Kung tahimik pa rin, well, move on na lang.
(UPDATE: Received a late reply from the residence hotel na inapplyan ko since mid-December, unfortunately I didn't make it to the final interview for the sales position.)

Sa mga taga-HR at nasa higher ranks involved sa mga hiring and recruitments, sana mabasa niyo to.  I understand the busy nature of your responsibilities at di siguro madali for you to decide who gets the jobs and who doesn't at least get through next steps of the process, could even take some time talaga. But please be honest, how really busy are you para di makapagbigay ng update sa mga applicants na nag-aantay? Or sinasadya nyo ba talagang i-ghost ang mga lalo nang hindi tanggap, at bakit? O di kaya ""ghost jobs"" lamang ang pino-post, what seems to be a vacancy may have already been filled or reserved or wala pa o wala talaga, at may mag-aapply just to end up with nothing. If one is to call them out by saying this as a message thru text or email or LinkedIn sa contact person responsible sa recruitment would be unprofessional on his/her part. Pero hindi ba unprofessional din ang pag-ghost sa mga candidates na nag-apply, nag-interview and then waiting na lang sa desisyon, as in iiwan na lang sa ere ang mga umaasa pang makatanggap ng kahit anong balita regarding sa status ng mga applications? Ghosting is a show of disrespect sa oras at effort ng mga aplikante, nagsayang ng oras at pagod pati pera na pang-transpo at requirements, para lang sa wala. If ganun lang gagawin nila, bakit pa sila magpo-post ng job vacancy or mag-invite for interview, if even before it happens ay yun pala ay malabo nang makakapasok? Yung mga nasa itaas, hindi rin ba dinanas din ang ganito, at anong pakiramdam, hindi rin ba nakakadismaya?

Mas katanggap-tanggap ang makatanggap ng rejection message, kaysa walang kahit anong update.

Realtalk lang diba? Pahirapan na nga ang job hunting, nagmamataas na ng standards ang iba na as if di sila nahirapan nung nasa ibaba pa sila. Tapos idagdag pa ang ganitong nangyayari. Ano na ang nangyayari sa atin?

For those na nakaranas din ng ganito, your thoughts and take on this? Sana nga meron nang tumanggap sa atin na kumpanyang nagpapahalaga sa oras at efforts natin.",25-Jan,23,GHOSTING,None,Yes,,,
phcareers,https://www.reddit.com/r/phcareers/comments/1hxwi6g/thoughts_on_ghostingbeing_ghosted_during_job/,Thoughts on ghosting/being ghosted during job applications,comment,Yung pinaka shitty HR for me is yung HR na nangoghost after trying to negotiate the compensation and benefits. Sobrang kupal.,25-Jan,21,GHOSTING,None,Yes,,,
phcareers,https://www.reddit.com/r/phcareers/comments/1hxwi6g/thoughts_on_ghostingbeing_ghosted_during_job/,Thoughts on ghosting/being ghosted during job applications,comment,"Remember that you are just a number to them so they might as well just be a number to you.

Just keep applying and going through the process until you get a job offer. At no point should there be 'stop and wait for replies' because when you do that, that's when you start to take things personally.",25-Jan,8,EMOTIONAL,None,Yes,,,
phcareers,https://www.reddit.com/r/phcareers/comments/1hxwi6g/thoughts_on_ghostingbeing_ghosted_during_job/,Thoughts on ghosting/being ghosted during job applications,comment,"I totally get where you’re coming from. The job application process can be so frustrating, especially when it feels like you’re just being left hanging. Ghosting, whether before or after an interview, can definitely feel disrespectful, especially when you’ve put in your time, effort, and money for the process. It’s not just about the rejection, but also the uncertainty and lack of communication.

I think you’re right to bring up ‘ghost jobs’ — it’s something many applicants experience, where the job posting might already be filled or never real in the first place. That’s honestly something companies need to address more transparently. A simple rejection email or even a “we’re still deciding” update would go a long way in keeping applicants from feeling like they’re just wasting their time.

As much as we understand how busy HR can be, communication is key. And honestly, if companies are not even willing to send a simple update, it reflects poorly on them, too. It’s a two-way street — just as you, as an applicant, are assessing them, they are also being assessed by you.

For now, I think it’s good to follow up a few times, but also give yourself the space to move on if you don’t get a response. Keep applying, stay persistent, and eventually you’ll land something where your time and efforts are truly valued. Hang in there — something better is coming your way!",25-Jan,3,GHOSTING,None,Yes,,,
phcareers,https://www.reddit.com/r/phcareers/comments/1hxwi6g/thoughts_on_ghostingbeing_ghosted_during_job/,Thoughts on ghosting/being ghosted during job applications,comment,Too common for me to give a fuck about it. Ive been working since 1996 so ive had my share of getting ghosted.,25-Jan,4,GHOSTING,None,Yes,,,
phcareers,https://www.reddit.com/r/phcareers/comments/1hxwi6g/thoughts_on_ghostingbeing_ghosted_during_job/,Thoughts on ghosting/being ghosted during job applications,comment,"sent 12 applications so far for my priority (I call it my tier 1 priority) companies and 7 already rejected me and 5 still pending.

sa 5, iba dun is nung December pa ako nag apply.

I don't know if mag move on na ba ako sa tier 2 priority list ko.

ayaw ko kase pagsabayin tier 1 and 2 and ma pressure sa pag decide. pero grabe, di ko alam if normal pa ba na month/weeks pag hintay ko sa application pa lang (wala pang interview).",25-Jan,3,GHOSTING,None,Yes,,,
phcareers,https://www.reddit.com/r/phcareers/comments/1hxwi6g/thoughts_on_ghostingbeing_ghosted_during_job/,Thoughts on ghosting/being ghosted during job applications,comment,I experience this 4 interviews in 1 week. Lahat sila nag promise na mag uupdate agad pero wala talaga. Nakakalungkot pero still need na maghanap ng work pa rin,25-Jan,2,EMOTIONAL,None,Yes,,,
phcareers,https://www.reddit.com/r/phcareers/comments/1hxwi6g/thoughts_on_ghostingbeing_ghosted_during_job/,Thoughts on ghosting/being ghosted during job applications,comment,"make a follow-up (twice if you really like the job and company). if still no response, then move on. 
don't take anything personal.",25-Jan,2,OTHER,None,Yes,,not relevant,
phcareers,https://www.reddit.com/r/phcareers/comments/1hxwi6g/thoughts_on_ghostingbeing_ghosted_during_job/,Thoughts on ghosting/being ghosted during job applications,comment,"I feel your frustration, OP. I’ll try to give POV from both sides.

I was a recruiter many moons ago but I spent a big chunk of those years in executive hiring so the expectations are different and way lesser pool of candidates to manage. Each regret email I sent to the Directors, AVPs, etc. were personalized and sent via email, not the system. Back when I was on a more junior level, I was handling a lot of requisitions sometimes as high as 30 with approximately 100-150 candidates. It really is very hard to do all deliverables in only 8 hours. I was guilty of sometimes missing to update or send a rejection but when the applicants follow up, I made sure to reply immediately. Sometimes, the hiring process is taking long because of the hiring managers, marami ang mapili and will insist on seeing other candidates so that will initiate sourcing and interviewing again which can take 3-4 weeks while the others who were interviewed first are waiting. My guess is some recruiters just don’t know how to communicate that properly to candidates that’s why they ignore. Same thing happens on the applicants’ side, marami rin ang nangghost because maybe they do not know how to properly communicate to the recruiters that they do not want to proceed anymore. It’s not an excuse and should be part of their training (hopefully soon). So as a recruiter once, I apologize. In a nutshell, I think ghosting happens because recruiters are not able to properly manage their time due to their workload and for both applicants and recruiters it’s communication. 

As an applicant now and no longer on the other side of the process, it can be frustrating and sometimes kapag nainis ako, I even send an email to the recruiter educating them on how to do better. Most of the time, I just move on if I don’t hear from them after 2 weeks. I just take it as a no and it helps save me from added stress. I believe if companies will put this as part of the KPIs of the recruiters, ghosting scenarios will reduce by a lot.",25-Jan,2,VISIBILITY,None,Yes,"Sometimes, the hiring process is taking long because of the hiring managers, marami ang mapili and will insist on seeing other candidates so that will initiate sourcing and interviewing again which can take 3-4 weeks while the others who were interviewed first are waiting",,
phcareers,https://www.reddit.com/r/phcareers/comments/1hxwi6g/thoughts_on_ghostingbeing_ghosted_during_job/,Thoughts on ghosting/being ghosted during job applications,comment,"I really don't care at all if they give me a feedback or not. If I don't get one then it either means they already have a candidate in mind that's in the later stages of the application or I am not a good fit for the role/team. Following up just feels as if I am in dire need of a job or I am desperately seeking work in their company.

If they don't like what they see from my resume then it's fine. I will be happy to work for someone who finds me as a great addition to the team.",25-Jan,2,VISIBILITY,None,Yes,,,
phcareers,https://www.reddit.com/r/phcareers/comments/1hxwi6g/thoughts_on_ghostingbeing_ghosted_during_job/,Thoughts on ghosting/being ghosted during job applications,comment,"Experienced this lately, had an interview then assessment tas 2nd interview tapos they said I’ll get the final interview after. Never heard back from them since lol. I thought it was going well pa naman.",25-Jan,2,GHOSTING,None,Yes,,,
phcareers,https://www.reddit.com/r/phcareers/comments/1hxwi6g/thoughts_on_ghostingbeing_ghosted_during_job/,Thoughts on ghosting/being ghosted during job applications,comment,"Yung December etong HR ng isang fintech company, panay ask ng available sched ko for final interview, laging na rereschedule, to the point di na ako binalikan. Any followups di naman rereplyan 🥲 sayang oras and emosyon ko. Bahalakajan.",25-Jan,1,GHOSTING,None,Yes,,,
phcareers,https://www.reddit.com/r/phcareers/comments/16tt3y5/why_is_my_jo_taking_so_long_am_i_ghosted_by_the/,Why is my JO taking so long? Am I ghosted by the employer?,post,"Hello! Has anyone here had experience applying to Yondu, Inc. in Makati or has knowledge about the company? I applied for the Junior Application Support position. I had my initial interview around September 9th and successfully passed. Then, I had my final interview on September 11th, and the results came out on September 12th, confirming that I passed the final interview and was in line to receive a JO.  
  
I submitted the required documents before proceeding with the JO. I followed up and asked for an update on September 18th, and I was informed that it was already in progress. I followed up again on September 27th, and I was told that my HR contact has already sent a follow-up and that we are still waiting for an update.  
  
Is this typical for the processing time at Yondu? Why is it taking so long to process the JO? I would greatly appreciate any thoughts, suggestions, and insights regarding Yondu. Thank you!",23-Sep,1,PROCESS,None,Yes,,,
phcareers,https://www.reddit.com/r/phcareers/comments/16tt3y5/why_is_my_jo_taking_so_long_am_i_ghosted_by_the/,Why is my JO taking so long? Am I ghosted by the employer?,comment,Any updates po OP?,24-Jul,1,OTHER,None,Yes,,not relevant,just requested for updates
phcareers,https://www.reddit.com/r/phcareers/comments/16tt3y5/why_is_my_jo_taking_so_long_am_i_ghosted_by_the/,Why is my JO taking so long? Am I ghosted by the employer?,comment,Hello! Any updates with your application?,24-Sep,1,OTHER,None,Yes,,not relevant,just requested for updates
phcareers,https://www.reddit.com/r/phcareers/comments/16tt3y5/why_is_my_jo_taking_so_long_am_i_ghosted_by_the/,Why is my JO taking so long? Am I ghosted by the employer?,comment,"Hi everyone, just an update on this post—nope, I never received a JO from Yondu. I followed up multiple times with their HR over the course of a couple of months (this was two years ago), but never got a response. I eventually accepted that I was ghosted and moved on with a better company and job offer.

If you successfully received a JO from Yondu, I’m happy for you—good luck! For those still waiting, I suggest continuing to apply elsewhere and keeping your options open. You never know what might happen, just like in my case.

Anyway, good luck to all the job hunters and to everyone in their careers. Wishing you all the best! ✨",25-May,1,GHOSTING,None,Yes,,,
phcareers,https://www.reddit.com/r/phcareers/comments/16tt3y5/why_is_my_jo_taking_so_long_am_i_ghosted_by_the/,Why is my JO taking so long? Am I ghosted by the employer?,comment,I applied there as well. Super quick interview process  and recruiter said they routed my JO for approval. The cause might be on the hiring manager side since I already submitted the documents and recruiters are already doing follow ups.,23-Oct,1,PROCESS,None,Yes,,,
phcareers,https://www.reddit.com/r/phcareers/comments/16zcg4k/how_to_deal_with_ghosting_recruiters/,How to deal with ghosting recruiters?,post,I have been applying to jobs and recently there was a chance for a phone interview. I was very excited to at least get an interview because it was from a company that i thought was very respectable. They told me to keep my lines open from the specified time but no call at all or follow up. I feel like its just wasting my time and at the same time is like a look into how they treat their employees.,23-Oct,15,GHOSTING,None,Yes,,EMOTIONAL,
phcareers,https://www.reddit.com/r/phcareers/comments/16zcg4k/how_to_deal_with_ghosting_recruiters/,How to deal with ghosting recruiters?,comment,">*How to deal with ghosting recruiters?*

You don't. They already wasted your time, do you want to waste more? Best to move on and keep looking.",23-Oct,26,OTHER,None,Yes,,not relevant,
phcareers,https://www.reddit.com/r/phcareers/comments/16zcg4k/how_to_deal_with_ghosting_recruiters/,How to deal with ghosting recruiters?,comment,Move on.,23-Oct,4,OTHER,None,Yes,,not relevant,"wished good luck to the OP, but not an actual experience of looking for a job online"
phcareers,https://www.reddit.com/r/phcareers/comments/16zcg4k/how_to_deal_with_ghosting_recruiters/,How to deal with ghosting recruiters?,comment,Tbh I wish they would inform if you passed or not para di ka sitting duck waiting for God knows what,23-Oct,3,OTHER,None,Yes,,not relevant,"wished good luck to the OP, but not an actual experience of looking for a job online"
phcareers,https://www.reddit.com/r/phcareers/comments/16zcg4k/how_to_deal_with_ghosting_recruiters/,How to deal with ghosting recruiters?,comment,I was ghosted by this company after I sent them the marketing campaign proposal that they wanted me to do to “assess my skills”. Never heard from them again after that,23-Oct,3,GHOSTING,None,Yes,,,
phcareers,https://www.reddit.com/r/phcareers/comments/16zcg4k/how_to_deal_with_ghosting_recruiters/,How to deal with ghosting recruiters?,comment,None other than moving on and find someone who represents organizations better than being radio silent at all.,23-Oct,1,OTHER,None,Yes,,not relevant,"wished good luck to the OP, but not an actual experience of looking for a job online"
phcareers,https://www.reddit.com/r/phcareers/comments/16zcg4k/how_to_deal_with_ghosting_recruiters/,How to deal with ghosting recruiters?,comment,Wont hurt if you would make a follow up. A simple email will do pero still keep looking somewhere else.,23-Oct,1,OTHER,None,Yes,,not relevant,"wished good luck to the OP, but not an actual experience of looking for a job online"
phcareers,https://www.reddit.com/r/phcareers/comments/16zcg4k/how_to_deal_with_ghosting_recruiters/,How to deal with ghosting recruiters?,comment,Just move on and find another job..,23-Oct,1,OTHER,None,Yes,,not relevant,"wished good luck to the OP, but not an actual experience of looking for a job online"
phcareers,https://www.reddit.com/r/phcareers/comments/16zcg4k/how_to_deal_with_ghosting_recruiters/,How to deal with ghosting recruiters?,comment,"Name and shame. I'm looking at you, Kumu.",23-Oct,1,OTHER,None,Yes,,not relevant,just shaming the company
phcareers,https://www.reddit.com/r/phcareers/comments/16zcg4k/how_to_deal_with_ghosting_recruiters/,How to deal with ghosting recruiters?,comment,"Idkw pero sa dami rin ng interviews ko, yung nagiisang japanese company lang na inapplyan ko yung nag-inform sakin na hindi ako napili for the job. So yeah ganon talaga. Tuloy parin ang hanap ng work hangga't wala pang pinapapirmang contract.",23-Oct,1,OVERSEAS,None,Yes,,,
phcareers,https://www.reddit.com/r/phcareers/comments/16zcg4k/how_to_deal_with_ghosting_recruiters/,How to deal with ghosting recruiters?,comment,"Get a mantra and repeat it to yourself each time, worked for me and ambilis ko nakakamove on because of that",23-Oct,1,EMOTIONAL,None,Yes,,,
phcareers,https://www.reddit.com/r/phcareers/comments/1k7eafo/why_do_some_companies_ignore_applicants_after_the/,Why do some companies ignore applicants after the final interview?,post,"Hey everyone, I just wanted to vent a bit and maybe get some insight from hiring managers or HR professionals here.

Back in March, I went through the entire hiring process with a major company in the Philippines. After the final interview, I was hopeful. Kasi I was prepared because I really want the job. I didn’t receive a rejection email or any update at all. I followed up, but never heard anything back.

Ngayong araw, I found out through a mutual friend that my colleague, whose resume was also submitted by that same friend, got the job. Don’t get me wrong, I’m happy for him. But I’m also really disappointed that I wasn’t even informed of the outcome.

It just feels disheartening to go through all the steps, prepare so much, and then be completely ghosted. Is it really that hard to send a quick ""Thanks, but we went with someone else""?

To those in recruitment or HR, why does this happen? Is this normal practice? At para sa mga katulad kong applicants, how do you deal or handle with this kind of silence?

Edit: the one who was selected is a male, not female. So papalitan ko from she to he.",25-Apr,79,GHOSTING,None,Yes,,EMOTIONAL,
phcareers,https://www.reddit.com/r/phcareers/comments/1k7eafo/why_do_some_companies_ignore_applicants_after_the/,Why do some companies ignore applicants after the final interview?,comment,"Yung sakin inemail pa ko na passed na raw and processing na lang ng application ko. After that, di na nagparamdam. After ng 2nd follow up ko, biglang meron na raw silang nahire hahahaha buti may ongoing application pa ko sa iba at di pa nagbibigay ng resignation letter",25-Apr,31,GHOSTING,None,Yes,,There is a consistent theme that a job offer is realized only upon a written contract. ,
phcareers,https://www.reddit.com/r/phcareers/comments/1k7eafo/why_do_some_companies_ignore_applicants_after_the/,Why do some companies ignore applicants after the final interview?,comment,I keep on following up after I received a verbal offer I didn’t care if nakukulitan sila sakin because I really want the job and it really aligns with my passion today. Just calm myself after knowing that I got rejected and just keep on applying and sending out resumes.,25-Apr,9,GHOSTING,None,Yes,,EMOTIONAL,
phcareers,https://www.reddit.com/r/phcareers/comments/1k7eafo/why_do_some_companies_ignore_applicants_after_the/,Why do some companies ignore applicants after the final interview?,comment,"As someone who used to be the head of HR, I always made sure na makapagbigay ng feedback sa applicants — whether hired sila or not. Mahirap siyang i-maintain, to be honest, lalo na kung sobrang daming kailangang asikasuhin. Pero dahil may shortlist kami at naka-track naman yung emails, nagiging mas madali kahit papaano.

Gets ko rin yung point mo — na sana lahat ng HR nagbibigay ng feedback, para naman makapag-move on na yung applicant, especially kung gustong gusto talaga nila yung role pero hindi sila nakuha. It’s really hard to be left hanging.

I also hope na one day, maging normal practice na ’to sa HR — to close that loop for every applicant. Hindi naman kailangan sobrang detailed, minsan kahit simple acknowledgment lang na “Thank you, but blah blah ” can go a long way.

Now to answer your question, siguro, palagay ko, ang sagot lang ay dahil sa dami ng kailangan ayusin — recruitment, onboarding, etc. So minsan parang thank you, next… naka-hire na, so focus na sa next step with the successful candidate.

Hindi excuse yun, pero I think that’s part of the reality. Still, kung may systems in place to make feedback easier, sana more teams can adopt that.

PS. Nung ako yung HR Head, nagbibigay ako ng feedback kasi may na-attendan akong interview before pa na wala man lang feedback, nakita ko na lang na nakapost na yung role ulit haha.",25-Apr,28,GHOSTING,None,Yes,,"On the side of HR people, they cite that they usually ghost because they have many other tasks.",
phcareers,https://www.reddit.com/r/phcareers/comments/1k7eafo/why_do_some_companies_ignore_applicants_after_the/,Why do some companies ignore applicants after the final interview?,comment,"Part ako ng team na nagsscreen ng applicants. Idk if same way ba sa other companies but we usually put them back sa ""pool"" of applicants kaya di kami nagssend ng rejection letter kasi anytime pwede namin balikan in case we need another candidate or lets say biglang hindi tumuloy yung natanggap. It also saves time kasi di mo na kailangan mag screen ulit ng big number of applicants after one job post.

For me as an applicant naman, I don't mind it. You should never consider na tanggap ka na unless you actually get a job offer.",25-Apr,4,GHOSTING,None,Yes,"companies but we usually put them back sa ""pool"" of applicants kaya di kami nagssend ng rejection letter kasi anytime pwede namin balikan in case we need another candidate","On the side of HR people, they say that a person may be ghosted and not rejected so that they still have them as a pool.",
phcareers,https://www.reddit.com/r/phcareers/comments/1k7eafo/why_do_some_companies_ignore_applicants_after_the/,Why do some companies ignore applicants after the final interview?,comment,"Baka nasa pwede na, pero baka may someone better category ka.

Ibig sabihin, you passed the basics but did not impress them. So kapag walang nagsubmit na better candidate, ikaw na.

Declined ka lang pag outright not qualified ka.",25-Apr,4,OTHER,None,Yes,,not relevant,
phcareers,https://www.reddit.com/r/phcareers/comments/1k7eafo/why_do_some_companies_ignore_applicants_after_the/,Why do some companies ignore applicants after the final interview?,comment,"Personal experience of 41 y/o person. Tingin ko hindi naman sila required talaga to inform you that they are not interested in hiring you.

Tapos wag ka muna mag-expect na hired ka na after ng final interview, possible na hindi mass hiring yung company na yun at sobrang dami ng hopefuls kaya madami din ang umabot sa final interview. Ganun lang talaga nowadays, marami ang applicants pero kaunti ang job offer (like sa work that you are applying for). Law of supply and demand lang talaga.

So never expect that they will message you back unless papapirmahin ka na nila ng contract. That's the only time that they will reach out to you. Because honestly time consuming yun kung i-aadvise pa kayo isa isa kahit hindi kayo tanggap sa company na yun.

Ganun na ang kalakaran sa job hunting since time immemorial, nung 2008 sampung companies ang inapplyan ko at umabot sa final interview, walang advise sa akin yung 8 companies pero yung 2 companies nagmessage sa akin dahil for contract signing na ako.

If hindi ka nila papapirmahin ng contract, assume na hindi ka tanggap dun sa company na yun at hindi ka nila sasabihan na may kinuha na silang iba.

Mag-apply ka lang ng mag-apply. Mag-ghost lang sila ng mag-ghost if hindi ka nila bet.",25-Apr,8,OTHER,None,Yes,never expect that they will message you back unless papapirmahin ka na nila ng contract,not relevant,
phcareers,https://www.reddit.com/r/phcareers/comments/1k7eafo/why_do_some_companies_ignore_applicants_after_the/,Why do some companies ignore applicants after the final interview?,comment,"Naghahanap din ako ng work in Japan for almost a month na. Based on my experience (kasi ang dami ko ng natanggap na rejections, huhu) nag-iiemail sila or kaya naman ay nagsasabi sa interview na within 3 days sila mgcoconsider and kapag wala kang natanggap ni ha ni ho, wag ka nang umasa. Patawad nlng. Something like that kasi marami daw applicants and busy din sila. So at least, May closure ka kahit saang stage ng application at di ka ghosted. Courtesy na rin sayo since naglaan ka rin naman ng time and effort. Parang ganon.",25-Apr,2,OVERSEAS,None,Yes,"Naghahanap din ako ng work in Japan for almost a month na. Based on my experience (kasi ang dami ko ng natanggap na rejections, huhu) nag-iiemail sila or kaya naman ay nagsasabi sa interview na within 3 days sila mgcoconsider and kapag wala kang natanggap ni ha ni ho, wag ka nang umasa",Japan is much more open if they have accepted you or not.,
phcareers,https://www.reddit.com/r/phcareers/comments/1k7eafo/why_do_some_companies_ignore_applicants_after_the/,Why do some companies ignore applicants after the final interview?,comment,Short answer - because they can :) it is what it is.,25-Apr,2,OTHER,None,Yes,,not relevant,"wished good luck to the OP, but not an actual experience of looking for a job online"
phcareers,https://www.reddit.com/r/phcareers/comments/1k7eafo/why_do_some_companies_ignore_applicants_after_the/,Why do some companies ignore applicants after the final interview?,comment,"As a former HR practitioner as much as possible i tried to send update or confirmation if they didn’t make it, i also encourage them to follow up after 1 week, ini explain ko sa kanila ang qualification nila at ng qualification na kailangan sa trabaho. Minsan lang talaga hindi naman sa amin nanggagaling ang desisyon kundi sa Manager ng department tapos mag nenegotiate pa yan sila ng HR Manager. Mahaba din ang recruitment process lalo na kung may mga series of interview, lahat yun iaarrange mo schedule kung available yung mga magi interview. Hindi lang isa or dalawa ang position na for hiring minsan more than hundreds pa, madalas manila ka pero buong pilipinas na hiring position ikaw mag aarrange. Kaya nga importante na may maayos na data management din ang HR for recruitment para may monitoring siya ng mga applicant at kung anong category sila whether on process or to reject na. Sa 8hrs ko a day nag a-alot ako ng 1 hr bago uwian para magsend ng mga rejection msg at email 🥲 at minsan once or thrice a month ko lang to magawa kung may vacant hrs gawa ng bukod sa fast phased ang hr minsan overload din kami ahaha good thing wala na ako sa hr",25-Apr,2,other,None,Yes,Kaya nga importante na may maayos na data management din ang HR for recruitment para may monitoring siya ng mga applicant at kung anong category sila whether on process or to reject na,not relevant,
phcareers,https://www.reddit.com/r/phcareers/comments/1k7eafo/why_do_some_companies_ignore_applicants_after_the/,Why do some companies ignore applicants after the final interview?,comment,"Hi OP, HR here (not recruitment). I get you. Usual reasons nila dyan would be (1) dami ginagawa, dami pinaprocess na applicants kaya di na kayo priority para balikan, (2) they dont want to send a rejection reply kasi masyado na matagal yung nakalipas na time, or hindi sure kung tutuloy yung napili nila (fallback ka), or they dont know how to approach you with it. It’s usually the first. Hindi na nila maeffortan kasi kailangan unahin yung requirements nila. Ive been asked this many times and ang masasabi ko na lang is after an interview have them commit to a time na babalikan ka nila. If they say a week, follow up after a week. If no reply pa rin, bitawan mo na muna and apply ka na sa iba.",25-Apr,1,OTHER,None,Yes,requirements nila. Ive been asked this many times and ang masasabi ko na lang is after an interview have them commit to a time na babalikan ka nila.,not relevant,
phcareers,https://www.reddit.com/r/phcareers/comments/1k7eafo/why_do_some_companies_ignore_applicants_after_the/,Why do some companies ignore applicants after the final interview?,comment,"Hi, how about kaya pag done na sa Medical and Physical Examination pero wala p din feedback si employer? ganito kasi ako ngayon waiting game 😩 

Feb = Interview and Psych test
Mar = nag apply ako sa iba pero bigla ulet tumawag itong company so resign ulet ako then pinatawag ako for some final interviews for diff dept. and for medical na daw ako.

April = done my medical…waiting until after holy week

Until now mag May na wala p din sila tawag 🥺😩

Ganito po ba hiring process sa mga universities? for non teaching staff",25-Apr,1,PROCESS,None,Yes,done na sa Medical and Physical Examination pero wala p din feedback si employer,"Medical certificates were made, but not real job offer has been made.",
phcareers,https://www.reddit.com/r/phcareers/comments/1k7eafo/why_do_some_companies_ignore_applicants_after_the/,Why do some companies ignore applicants after the final interview?,comment,"its not the companies, its the HR/hiring analyst that dont provides feedback. Alam mo naman kadalasan sa mga HR, yan yung mga hindi masyado matalino, kaya nga nag HR na lang",25-Apr,1,OTHER,None,Yes,,not relevant,just being mean to HR people
phcareers,https://www.reddit.com/r/phcareers/comments/1k7eafo/why_do_some_companies_ignore_applicants_after_the/,Why do some companies ignore applicants after the final interview?,comment,"Move forward and look for the next opportunities. 

It weighs you down if you keep thinking about it. In life there is always an imbalance 

Search for a company that values its personnel in terms of compensation and Benefits. 

Good luck and you will be employed soon enough",25-Apr,1,RELEVANCE,None,Yes,Search for a company that values its personnel in terms of compensation and Benefits,,
phcareers,https://www.reddit.com/r/phcareers/comments/1k7eafo/why_do_some_companies_ignore_applicants_after_the/,Why do some companies ignore applicants after the final interview?,comment,"I file my resignation March 1 2025, I also render 60 days which is may last day po ay April 30. Last Day po ako pumasok April 19 then I use my leaves po para di na pumasok until April 30. Is it possible po to Hold my 1 month salary in April, Sabi po kasi ng Hr 1 month daw po nkahold due to resignation k.
Enlighten me about this Guys. 

Maraming salamat po",25-Apr,1,OTHER,None,Yes,,not relevant,"They are asking about salary itself, which is not part of the job finding experience."
phcareers,https://www.reddit.com/r/phcareers/comments/1k7eafo/why_do_some_companies_ignore_applicants_after_the/,Why do some companies ignore applicants after the final interview?,comment,"You assumed na referral ka eh ihihire ka agad? That's a wrong mind set, you are prioritized to be interviewed not to be hired. You mentioned na you applied for a major company then you should expect that there are other candidates being considered for that role. Everyone prepares for their interview not just you, it reeks entitlement na dpat ihire ka. In every application you should expect na once you don't get an update 2 weeks from the said interview  date move on and search for the next possible opportunity for you. HR is not mandated by any labor laws to update every applicant when they fail.",25-Apr,-1,PROCESS,None,Yes,,"The poster just makes it explicit that a referral only leads to an interview, not neccesarily the job itself.",
phcareers,https://www.reddit.com/r/phcareers/comments/1imwgne/i_was_ghosted_by_hr_after_they_told_me_i_got_the/,I was ghosted by HR after they told me I got the job.,post,"Last January 30, 2025, I got a call from HR saying I got the job hanggang next day lang yung binigay niya sa akin to decide and sinabi na she will send the job offer within the day. Fast forward, February 11 na ngayon wala pa rin job offer pati sagot sa mga questions ko like time ng work, exact location ng commissary, and if sagot ba ng company if ever I got into an accident during working hours *(traumatized na me sa past, so I have to make sure dahil naaksidente ako before got injured pero emergency lang sinagot ng company),* I followed up last week pero until now-NADA, NONE, wala pa rin.

Should I follow up sa HR ulit or inform ko yung supervisor ng role offered sakin about this--ininterview niya rin ako kaya may contact din ako sakanya, what should I do?

Ang lala ng HR ethics ng ibang company.",25-Feb,263,GHOSTING,None,Yes,,"given a verbal offer, but no written contract",
phcareers,https://www.reddit.com/r/phcareers/comments/1imwgne/i_was_ghosted_by_hr_after_they_told_me_i_got_the/,I was ghosted by HR after they told me I got the job.,comment,"Maybe you can contact them this week. If no response within the week. Stop na, hanap ulit nang iba..

I don't know bakit hirao na hirap mag contact ang HR sa mga applicant, it's a basic etiquette, I believe.

Di ka man ma tuloy dyan, isipin mo nalang that you are being saved from something worse.",25-Feb,253,OTHER,None,Yes,isipin mo nalang that you are being saved from something worse,GHOSTING usually leads to thoughts that perhaps the company was a scam.,not an actual experience of looking for a job online
phcareers,https://www.reddit.com/r/phcareers/comments/1imwgne/i_was_ghosted_by_hr_after_they_told_me_i_got_the/,I was ghosted by HR after they told me I got the job.,comment,What company is this? Nkaka praning kasi I was also verbally offered last Friday and til now wala parin written offer hahaha although my recruiter responded to me yesterday pa.,25-Feb,74,GHOSTING,None,Yes,,"given a verbal offer, but no written contract",
phcareers,https://www.reddit.com/r/phcareers/comments/1imwgne/i_was_ghosted_by_hr_after_they_told_me_i_got_the/,I was ghosted by HR after they told me I got the job.,comment,"Di ko alam bat ang unprofessional ng mga HR sa Pinas. Power tripping ba or sadyang incompetence. I guess Hanlon's Razor tlga to, sadyang mga engot lang.",25-Feb,69,OTHER,None,Yes,,not relevant,not an actual experience of looking for a job online
phcareers,https://www.reddit.com/r/phcareers/comments/1imwgne/i_was_ghosted_by_hr_after_they_told_me_i_got_the/,I was ghosted by HR after they told me I got the job.,comment,That's a red flag already so don't bother,25-Feb,29,OTHER,None,Yes,,not relevant,not an actual experience of looking for a job online
phcareers,https://www.reddit.com/r/phcareers/comments/1imwgne/i_was_ghosted_by_hr_after_they_told_me_i_got_the/,I was ghosted by HR after they told me I got the job.,comment,Had something similar happen to me TWICE alr this year HAHAHAHAH. Maniniwala nalang ata akong sure na if naka pasok na ako ng first day 😭,25-Feb,21,GHOSTING,None,Yes,,They would only start to believe that they had a job offer if they actually started working.,
phcareers,https://www.reddit.com/r/phcareers/comments/1imwgne/i_was_ghosted_by_hr_after_they_told_me_i_got_the/,I was ghosted by HR after they told me I got the job.,comment,"naganito na rin ako dati. nag sign pa nga ng kontrata. sabi nag hahanap pa daw ibang members sa team kaya wag muna ako mag resign. kasi ma assign daw kami sa airport stuff project. after nyan na ghost na. after follow up ignored rin. buti nalang talaga at natanggap ako sa kabilang kumpanya na mas stable. kasi 3 months after that nagstart na ang pandemic. had i been accepted, isa ako sa mauunang ma lay off kasi new tenure plus airport project pa. buti nalang talaga.  rejection is redirection ika nga. and i truly believe that.",25-Feb,15,GHOSTING,None,Yes,,"given a verbal offer, but no written contract",
phcareers,https://www.reddit.com/r/phcareers/comments/1imwgne/i_was_ghosted_by_hr_after_they_told_me_i_got_the/,I was ghosted by HR after they told me I got the job.,comment,"I experienced this last month. End of Jan daw i-email yung JO pero until now wala pa din. Naghanap na ako sa iba. Natanggap naman ako pero wala pa din JO. Ang sabi within this week (feb 10). So apply apply muna ulit hanggat wala pang paper.

Kaya ang mantra ko kahit sabihin na I got the job is,
“If its not documented, it did not happen”",25-Feb,9,GHOSTING,None,Yes,,"given a verbal offer, but no written contract",
phcareers,https://www.reddit.com/r/phcareers/comments/1imwgne/i_was_ghosted_by_hr_after_they_told_me_i_got_the/,I was ghosted by HR after they told me I got the job.,comment,maybe the HR resigned,25-Feb,24,OTHER,None,Yes,,not relevant,they are just being mean to HR
phcareers,https://www.reddit.com/r/phcareers/comments/1imwgne/i_was_ghosted_by_hr_after_they_told_me_i_got_the/,I was ghosted by HR after they told me I got the job.,comment,So how many interviews did you have prior to them saying you got the job?,25-Feb,4,OTHER,None,Yes,,not relevant,they are just asking the OP for more information
phcareers,https://www.reddit.com/r/phcareers/comments/1imwgne/i_was_ghosted_by_hr_after_they_told_me_i_got_the/,I was ghosted by HR after they told me I got the job.,comment,"Put glassdoor review, then move on. Karma will bite them",25-Feb,5,OTHER,None,Yes,,not relevant,they are just being mean to HR
phcareers,https://www.reddit.com/r/phcareers/comments/1imwgne/i_was_ghosted_by_hr_after_they_told_me_i_got_the/,I was ghosted by HR after they told me I got the job.,comment,"Hahaha. Same here. Mabuti hindi pa ko nag resign sa current job ko. Pero kung tawagan man nila ko sa
Mga susunod na araw at kahit gusto ko yun sahod hindi na ko tutuloy. Hiring process pa lang naramdaman ko na may problema.",25-Feb,5,PROCESS,None,Yes,,Hiring process pa lang naramdaman ko na may problema.,
phcareers,https://www.reddit.com/r/phcareers/comments/1imwgne/i_was_ghosted_by_hr_after_they_told_me_i_got_the/,I was ghosted by HR after they told me I got the job.,comment,I ghosted alot of times na din. Parang normal na to sa mga recruiters. I dunno why they can't do email or sms just to decline properly para hindi umaasa yung applicant. How ironic na sila pa yung unprofessional,25-Feb,6,GHOSTING,None,Yes,,,
phcareers,https://www.reddit.com/r/phcareers/comments/1imwgne/i_was_ghosted_by_hr_after_they_told_me_i_got_the/,I was ghosted by HR after they told me I got the job.,comment,"Labo na yan. Kaya din talaga madaming galit sa HR, dahil sa mga ganyan haha. Though di naman lahat.

Continue to apply na lang OP.",25-Feb,4,OTHER,None,Yes,,not relevant,"wished good luck to the OP, but not an actual experience of looking for a job online"
phcareers,https://www.reddit.com/r/phcareers/comments/1imwgne/i_was_ghosted_by_hr_after_they_told_me_i_got_the/,I was ghosted by HR after they told me I got the job.,comment,Dont assume anything unless there is a job offer documented and sent to you for you to sign.,25-Feb,5,OTHER,None,Yes,,not relevant,not actual experience
phcareers,https://www.reddit.com/r/phcareers/comments/1imwgne/i_was_ghosted_by_hr_after_they_told_me_i_got_the/,I was ghosted by HR after they told me I got the job.,comment,"Nangyare rin saakin to, tapos nasa spam email lang pala 🤦‍♂️",25-Feb,5,OTHER,None,Yes,,not relevant,"they did receive a job offer, he was just negligent"
phcareers,https://www.reddit.com/r/phcareers/comments/1imwgne/i_was_ghosted_by_hr_after_they_told_me_i_got_the/,I was ghosted by HR after they told me I got the job.,comment,"Experienced this too. I was able to get the job and should be able to receive the JO by the following week.  I followed up twice that following week but no to avail. HR replied to me a week after that he will send over the JO the following week since he was on leave. After that, wala na. I moved on na and focused on other pending applications haha",25-Feb,5,GHOSTING,None,Yes,,"given a verbal offer, but no written contract",
phcareers,https://www.reddit.com/r/phcareers/comments/1imwgne/i_was_ghosted_by_hr_after_they_told_me_i_got_the/,I was ghosted by HR after they told me I got the job.,comment,"Pag walang papel, walang contract, walang work.",25-Feb,5,OTHER,None,Yes,,not relevant,
phcareers,https://www.reddit.com/r/phcareers/comments/1imwgne/i_was_ghosted_by_hr_after_they_told_me_i_got_the/,I was ghosted by HR after they told me I got the job.,comment,"Similar thing happened to me, iniisip ko nga parang some of the HRs these days just wanted to scout kung ano compensation packages ng ibang companies. Cuz the moment na sinend ko yung deets nag current salary, wala ng paramdam. Called, texted and emailed them multiple times but wala talaga. HR nyo ghoster 🥲",25-Feb,3,GHOSTING,None,Yes,,"given a verbal offer, but no written contract",
phcareers,https://www.reddit.com/r/phcareers/comments/1imwgne/i_was_ghosted_by_hr_after_they_told_me_i_got_the/,I was ghosted by HR after they told me I got the job.,comment,"Mag email ka ulit dun sa recruiter but this time, i copy mo ung lead nya. Sabihin mo na after several follow ups, you still haven't heard from him when in fact, 1 day ung binigay sayo to decide. That's unbecoming of an HR professional. Tapos i detalye mo na after that experience, thankful ka nlng na di ka matutuloy sa kanila kasi the universe saved you from them. Kamo wala silang etiquette and redflag sila etc etc. Pamukha mo ung pagka unprofessional nya. Tsaka wag ka na din mag habol at baka pag sisihan mo sa huli if nakapasok ka.",25-Feb,3,OTHER,None,Yes,,not relevant,not actual experience
phcareers,https://www.reddit.com/r/phcareers/comments/1imwgne/i_was_ghosted_by_hr_after_they_told_me_i_got_the/,I was ghosted by HR after they told me I got the job.,comment,sabihin mo kung anong kompanya. para maiwasan hahaha,25-Feb,3,OTHER,None,Yes,,not relevant,just shaming the company
phcareers,https://www.reddit.com/r/phcareers/comments/1imwgne/i_was_ghosted_by_hr_after_they_told_me_i_got_the/,I was ghosted by HR after they told me I got the job.,comment,"Had that expi before, OP. It might be because they're still deciding if the position is still needed. Start looking na again kasi red flag yan. Happens even in the biggest of companies unfortunately.",25-Feb,3,GHOSTING,None,Yes,,"On the side of HR people, they say that a person may be ghosted and not rejected so that they still have them as a pool. GHOSTING usually leads to thoughts that perhaps the company was a scam.",
phcareers,https://www.reddit.com/r/phcareers/comments/1imwgne/i_was_ghosted_by_hr_after_they_told_me_i_got_the/,I was ghosted by HR after they told me I got the job.,comment,"That’s a red flag for me. If hindi maayos ang HR, then hindi maayos ang company overall. I won’t bother making follow-ups if NR na sila kasi it reflects how unprofessional their culture is. Try looking for other job na lang kaysa umasa ka sa wala. Sayang oras na dapat may sweldo ka na.",25-Feb,3,OTHER,None,Yes,,not relevant,not actual experience
phcareers,https://www.reddit.com/r/phcareers/comments/1imwgne/i_was_ghosted_by_hr_after_they_told_me_i_got_the/,I was ghosted by HR after they told me I got the job.,comment,I think my job lead is gonna be like this. Recruiter told me and congratulated me yesterday . Discussed the salary and negotiated a bit bcoz I got an offer which is higher + allowances. She told me that she’ll try to negotiate and get back to me within the day(monday). Then up until now. Wala pa rin. Should I wait for them? I really like their setup and the job is more inclined with my skillset.,25-Feb,2,GHOSTING,None,Yes,,"given a verbal offer, but no written contract",
phcareers,https://www.reddit.com/r/phcareers/comments/1imwgne/i_was_ghosted_by_hr_after_they_told_me_i_got_the/,I was ghosted by HR after they told me I got the job.,comment,"Similar thing happened to me.  They ghosted me for months, thankfully hindi pa ko nagre-resign nun.  Ako lagi humahabol at nagfofollowup kasi gusto ko yung company that time.  I should've listened to my instincts at di na lang sana tinuloy.  LMAO",25-Feb,2,GHOSTING,None,Yes,,,
phcareers,https://www.reddit.com/r/phcareers/comments/1imwgne/i_was_ghosted_by_hr_after_they_told_me_i_got_the/,I was ghosted by HR after they told me I got the job.,comment,"For some reason di ko rin maintindihan bakit may mga HR na ganito, di mo alam anong ginagawa para maging ganon ka oblivious.",25-Feb,2,OTHER,None,Yes,,not relevant,they are just being mean to HR
phcareers,https://www.reddit.com/r/phcareers/comments/1imwgne/i_was_ghosted_by_hr_after_they_told_me_i_got_the/,I was ghosted by HR after they told me I got the job.,comment,"If wala pa ring written offer, humanap lang ng humanap and as much as possible maging stoic sa mga paandar na ""hired ka na"" verbally. Usad ka lang dzae, the more na naghihintay ka sa written contract galing sa verbal ""promise"" the more na masstress ka. Edi pag nagsend ng JO tapos bet mo pa rin (kahit shitty HR nila,) then go.",25-Feb,2,EMOTIONAL,None,Yes,,"given a verbal offer, but no written contract",
phcareers,https://www.reddit.com/r/phcareers/comments/1imwgne/i_was_ghosted_by_hr_after_they_told_me_i_got_the/,I was ghosted by HR after they told me I got the job.,comment,This is the reason why I don't resign sa current job unless may start date na.,25-Feb,2,OTHER,None,Yes,,not relevant,not actual experience
phcareers,https://www.reddit.com/r/phcareers/comments/1imwgne/i_was_ghosted_by_hr_after_they_told_me_i_got_the/,I was ghosted by HR after they told me I got the job.,comment,"Normally, your hiring experience reflects what’s about to come should you decide to sign with them.",25-Feb,2,OTHER,None,Yes,,not relevant,not an actual experience of looking for a job online
phcareers,https://www.reddit.com/r/phcareers/comments/1imwgne/i_was_ghosted_by_hr_after_they_told_me_i_got_the/,I was ghosted by HR after they told me I got the job.,comment,No response is a response,25-Feb,3,OTHER,None,Yes,,not relevant,not an actual experience of looking for a job online
phcareers,https://www.reddit.com/r/phcareers/comments/1imwgne/i_was_ghosted_by_hr_after_they_told_me_i_got_the/,I was ghosted by HR after they told me I got the job.,comment,"sabi saken ng friend kong HR sa inhouse company siya now, meron daw talaga silang candidate na iniinterview pero di pinupursue, parang abang lang sila if ever di makuha ung target candidate nila. Pag di tumuloy ung target candidate, saka pa lang nila irerespond ung mga dumaan sa interview and almost JO.",25-Feb,2,GHOSTING,None,Yes,,"On the side of HR people, they say that a person may be ghosted and not rejected so that they still have them as a pool. GHOSTING usually leads to thoughts that perhaps the company was a scam.",
phcareers,https://www.reddit.com/r/phcareers/comments/1imwgne/i_was_ghosted_by_hr_after_they_told_me_i_got_the/,I was ghosted by HR after they told me I got the job.,comment,"lol same tayo, OP. i was contacted early feb then naka-ilang move na ng offer letter kasi nagfa-finalize pa rin daw sila ng details. bahala na kung may dumating o wala. nasasayangan lang ako kasi gusto ko yung line of work nung position... totoo ngang walang final hangga't di ka pa nagf-first day hahahaha",25-Feb,2,GHOSTING,None,Yes,,"given a verbal offer, but no written contract",
phcareers,https://www.reddit.com/r/phcareers/comments/1imwgne/i_was_ghosted_by_hr_after_they_told_me_i_got_the/,I was ghosted by HR after they told me I got the job.,comment,"Grabe, very unprofessional. 

As someone who has undergone on-the-job training as an HR intern before very red flag ng ganyang company. Right after calling you they should be doing the job offer na since it was actually pre-save and ine-edit nalang naman yun for additional info and they will be scheduling you for an orientation na!!",25-Feb,2,OTHER,None,Yes,As someone who has undergone on-the-job training as an HR intern before very red flag ng ganyang company.,not relevant,not actual experience
phcareers,https://www.reddit.com/r/phcareers/comments/1imwgne/i_was_ghosted_by_hr_after_they_told_me_i_got_the/,I was ghosted by HR after they told me I got the job.,comment,"Go for it! Message the supervisor, I did this once because the HR is so unresponsive with my queries. And when they do respond, usually they dont have any idea or just wont give you a straight answer.

Btw, this kind of treatment seems like a red flag already. 🤡",25-Feb,2,GHOSTING,None,Yes,,GHOSTING usually leads to thoughts that perhaps the company was a scam.,
phcareers,https://www.reddit.com/r/phcareers/comments/1imwgne/i_was_ghosted_by_hr_after_they_told_me_i_got_the/,I was ghosted by HR after they told me I got the job.,comment,Kung sa linkedin ka nag apply check mo kung posted parin ang job offer good sign if wla na.,25-Feb,1,GHOSTING,LinkedIn,Yes,,,
phcareers,https://www.reddit.com/r/phcareers/comments/1imwgne/i_was_ghosted_by_hr_after_they_told_me_i_got_the/,I was ghosted by HR after they told me I got the job.,comment,I've heard Ghost Job-posting pero sa US sya uso. Never heard na meron na rin sa PH.,25-Feb,1,OTHER,None,Yes,,not relevant,not actual experience
phcareers,https://www.reddit.com/r/phcareers/comments/1imwgne/i_was_ghosted_by_hr_after_they_told_me_i_got_the/,I was ghosted by HR after they told me I got the job.,comment,"POV ng other side. Pero case lang namin eto ah, di ko sure sa iba. Not HR pero part of the system. Eto ang mga reasons.

1. Overload. 
Ang daming iniinterview ng HR namin everyday. Majority ay yung mga lower level na personnel. Minsan lang naman sa medyo may position talaga. Manual lang din kami. So, hindi niya talaga kaya isa-isahin lahat kasi ang dami niya ring ibang responsibilities

2. To keep the ball rolling. Para nasa pool pa rin ang applicants.
Merong time na na nag-inform siya sa mga rejected since may nakuha na. Kaso umatras yung napili. So, syempre, nakakahiya naman bawiin ang rejection pag ganun. 

3. Undecided.
May pina-email sa akin yung boss ko na alukin ko na siya ng position. Kaso. Binawi. Naka-print na yung papel niya tapos for signing na kaso ayun clinose ulit yung position kasi napagtanto na di priority. Kaya, sorry sayo ah at ghinost kita 😅 

Hindi rin porket na mukhang ok ang interview mo, ok ka na. Mababait lang talaga yung iba na ayaw mag-reject. Pag ako nagiinterview, mafifeel mo kung gusto kita or hindi 😅 sorry harsh pero para ma-improve ka rin for your next interview.

Lahat tayo dumaan sa HR Application. Iniisip ko dati na once maging involved ako sa system, I'll do better kasi nga alam ko ang feeling na lost kaso ang hirap pala. 

So, rule of thumb, tama kayo na hanggat walang papel, wag kampante. Pag gusto ka talaga, sila ang lalapit sayo. So pag no response, alam mo na.",25-Feb,1,GHOSTING,None,Yes,,,
phcareers,https://www.reddit.com/r/phcareers/comments/1imwgne/i_was_ghosted_by_hr_after_they_told_me_i_got_the/,I was ghosted by HR after they told me I got the job.,comment,is this eteam by any chance lol. they ghosted me last year and resulted in 6 months' unemployment,25-Feb,1,GHOSTING,None,Yes,,"given a verbal offer, but no written contract",
phcareers,https://www.reddit.com/r/phcareers/comments/1imwgne/i_was_ghosted_by_hr_after_they_told_me_i_got_the/,I was ghosted by HR after they told me I got the job.,comment,"Kinda sad na parang mas marami yung HR na bad HR kaysa HR na good HR dito sa Pinas. Admittedly, may mga times na nakakalimutan ko rin mag-update sa applicants pero hindi pag nasa ganitong latter stage na. At usually sumasagot pa rin ako even after a month sa mga nakakaligtaan kong bigyan ng update at humihingi ng tawad. Minsan kasi talaga sobrang dami naming kinakausap and altho it is not an excuse, dapat talaga we have to be very smart about it (gumawa na lang ng ako ng simple worksheet of all the people that are expecting a reply from me at sinusuyod ko before end of day kahit paisa isa makareply sa kanilang lahat)

Anyway OP, since nakausap mo rin naman pala yung Supervisor, baka pwede ka mag inquire sa kaniya ang tell him/her na unresponsive na si HR sa'yo.

If wala ka paring makuhang reply from any, isipin mo na lang it's their loss. Gain for you for dodging a bullet.",25-Feb,1,OTHER,None,Yes,,not relevant,"not actual experience, its from the HR side"
phcareers,https://www.reddit.com/r/phcareers/comments/1imwgne/i_was_ghosted_by_hr_after_they_told_me_i_got_the/,I was ghosted by HR after they told me I got the job.,comment,"Move on Op, also minsan nag babago din takbo isip ng management. Sa company ko before meron sila binigyan ng offer then nung tatangapin na nung applicant... nicancel ng higher management yung post so in the end kay HR sisi. 

Pero bad trip din talaga hr na wala nang update..",25-Feb,1,GHOSTING,None,Yes,,,
phcareers,https://www.reddit.com/r/phcareers/comments/1imwgne/i_was_ghosted_by_hr_after_they_told_me_i_got_the/,I was ghosted by HR after they told me I got the job.,comment,"I’m an HR but been working for AU company since 2022, it’s true international companies have a more streamlined and efficient process. We make sure communication with candidates are constant both with preferred candidates or not. Not just because it’s the right thing to do, but because we don’t want to burn bridges with anyone as well. 

Anyway, I recently experienced the joy of local HR, I have a sister who’s working for a local company - she recently gave birth and had complications, her baby was premature and left in the hospital for more than a month now. My sister has been following on their HR, for her maternity benefits as they need the funds but my gosh - hr manager, supervisor they can’t be bothered to respond to her messages, she needs to sent someone pa sa office nila so someone would respond to her. Entirely different case with yours, but the lack of empathy of HR to their employees, nakakalungkot.",25-Feb,1,OFW,None,Yes,It's true international companies have a more streamlined and efficient process. ,Comparing local HR to Australian HR,
phcareers,https://www.reddit.com/r/phcareers/comments/1imwgne/i_was_ghosted_by_hr_after_they_told_me_i_got_the/,I was ghosted by HR after they told me I got the job.,comment,Red flag yan. Hanap iba,25-Feb,1,OTHER,None,Yes,,not relevant,
phcareers,https://www.reddit.com/r/phcareers/comments/1imwgne/i_was_ghosted_by_hr_after_they_told_me_i_got_the/,I was ghosted by HR after they told me I got the job.,comment,"hello! this also happened to me sa IC sa Ayala. Sabi I got the job lets just wait daw sa “gagawa ng JO docs etc hopefully next wk” ayun, 2.5 wks later gulat akes may standard email template na “unfortunately, after careful consideration…” Ang unprofessional",25-Feb,1,GHOSTING,None,Yes,,,
phcareers,https://www.reddit.com/r/phcareers/comments/1imwgne/i_was_ghosted_by_hr_after_they_told_me_i_got_the/,I was ghosted by HR after they told me I got the job.,comment,"Currently experiencing this. Had the initial interview on 1st week of Feb., and the final interview on the second week. After that, got an sms from HR that the feedback from the interview was positive and told me to wait. Then after another a week, HR called and informed me that I was chosen and they will send the contract 10mins after the call. Now, 1 week has passed pero wala pa ring sinesend na contract. Contacted them many times pero walang reply. Take note, HR manager pa mismo ang kausap ko lol",25-Mar,1,GHOSTING,None,Yes,,,
phcareers,https://www.reddit.com/r/phcareers/comments/12b1fja/unemployed_lost_and_losing_hope/,"Unemployed, lost and losing hope :(",post,"Hi,

I just wanna come here and hopefully get some support because I don’t think I could go on 😢

I’m 28 and I’ve been unemployed since last November, been applying for months now and so far, puro rejection lang natatanggap ko or even ghosting! Akala ko dati sa dating lang o relationships may ghosting pati pala sa job applications jusko 💀 I have 4 years of experience sa customer service industry / BPO pero parang kahit yun, irrelevant na or it’s not even good enough.

It’s rough out there, there are times na gusto ko nalang talaga mag give up kasi I feel like the older I get, the more I get lost or lose that sense of purpose. And it’s twice as hard for someone like me who has been diagnosed with Major Depressive Disorder / Bipolar Disorder. Grabe yung 2022 sakin, and I’m so scared this year would be even worse, considering where I’m at with my life right now.

I’ve been doing my part naman by sending out applications pero no luck talaga eh, mentally, I don’t think I’ve gotten any better too. Super hirap. Has anyone been in this situation before? Midlife crisis ba to? Or maybe I’m really just not good enough for everyone. Ang dami kong tanong, but no answers. It’s like I’m floating alone in the vast darkness of space and it feels endless. Any advice would be helpful thank you 😔",23-Apr,241,EMOTIONAL,None,Yes,,,
phcareers,https://www.reddit.com/r/phcareers/comments/12b1fja/unemployed_lost_and_losing_hope/,"Unemployed, lost and losing hope :(",comment,"Hello OP. Hmm wala ko maipapayo pero gusto ko lang sabihin na... Hindi ka nag iisa

Nagstart din ako maging unemployed last nov e. Tas ngayon rendering na lang ulit sa new company haha.. By May unemployed na ulet :( 

wala. Di ko alam. Lost and losing hope na rin sa career. Hays

Yun lang. Kaya natin to",23-Apr,77,EMOTIONAL,None,Yes,,,
phcareers,https://www.reddit.com/r/phcareers/comments/12b1fja/unemployed_lost_and_losing_hope/,"Unemployed, lost and losing hope :(",comment,"Hi OP!

Just want to say I'm sorry you're currently experiencing that.

Just want to share that Ive had the same thing happened to me a few years ago.

Walang wala ako. Wala na akong savings. Wala rin client. Freeze hiring sa lahat kasi pandemic. I quit because the pandemic caused a lot of friction with my company I just decided to quit.

Matagal yung waiting game. I got hired by an agency and long story short directly hired na ako sa isang client.


Mga ginawa ko para kahit papaano umokay:

Career-wise:

- Looked up free digital marketing certifications (Uso na kasi bigla Digital Marketing) Pwede rin kahit anong certifications na gusto mo.
- Interview lang (Don't stop. Go through the rejections.)
- Review your resumé (Nakailang revisions ako, inalam ko kasi kung ano natanggap at di natanggap)
- Optimize LinkedIn. Marami youtube vids about it. (Mas marami na recruiters na nagrireach out lately.)

Mental health wise
- Journaling
- Exercise

Always remember: Tough times do not last, tough people do.",23-Apr,74,OTHER,None,Yes,,not relevant,giving advice
phcareers,https://www.reddit.com/r/phcareers/comments/12b1fja/unemployed_lost_and_losing_hope/,"Unemployed, lost and losing hope :(",comment,"I was 28 when I lost my job. It was all very sudden. One day, nag-set sakin ng 1:1 yung manager ko na they will be letting me go because the company was having financial struggles. Pag balik ko sa desk ko, hindi na ako maka-login sa laptop ko, and my ID badge wasn’t working anymore (kahit sa pantry). Basically, they escorted me out of the building.

Same day, I was ghosted by the guy I’ve been dating for 3 years. As in bigla na lang nawala. Blocked me everywhere. No sign of life. Di ko alam until now kung buhay pa siya honestly. :))

Was unemployed for several months din, and I was in deep debt kasi may mga loans ako na I needed to pay-off. Sobrang lala, my health really deteriorated. Pero that’s life talaga. The highs are highs, and the lows are lows. Power through ka lang. You can hold on to people who support you. Ang ginawa ko that time, I made sure to apply for at least 1 job per day and at the same time I made sure to spend time on things na I’m interested in, and caught up with my friends for my mental health.

One day, nagulat na lang ako. A friend of mine referred me to a company without even knowing. Sunod sunod na yung blessings after that. I was offered a more senior role than my previous job and I’ll be celebrating my 5th year with this company soon. I’m happy with my benefits. And I was able to meet the love of my life in that same company. We’re now engaged.

Feel what you have to feel. It’s a valid human emotion. But don’t allow yourself to be sucked up by the bad things in this cruel world. Believe that this is just a phase. Malay mo you really needed this time and you just don’t know it yet. Sabi nga nila, your breakdown is your breakthrough. This might be the case for you. Goodluck! (Sorry ang haba pala. Hahaha!)",23-Apr,85,EMOTIONAL,None,Yes,,,
phcareers,https://www.reddit.com/r/phcareers/comments/12b1fja/unemployed_lost_and_losing_hope/,"Unemployed, lost and losing hope :(",comment,"Hi OP - I'm currently two weeks palang into applying and sobrang hirap. Minsan feel mo talaga wala ng pag-asa, and feel ko doble yung emotional toll sating may mental health issues.

What I would recommend is for you to double check your resume. Gawin mong one page lang. Use buzzwords, pero syempre make sure na mapprove mo sarili mo come interview time. Lagay mo lahat ng skills mo. Baka nagimplement ka ng process improvement for example. Lagay mo yun. Baka nagtrain ka dati ng teammate, or naging backup ka ng boss mo. Maybe nagorganize ka ng event or training. Lagay mo din.

Minsan I would say na itong small things na hindi mo iisiping big deal pa ang hinahanap ng HR and hiring managers.

Good luck. Don't ever give up.",23-Apr,15,OTHER,None,Yes,,not relevant,giving advice
phcareers,https://www.reddit.com/r/phcareers/comments/12b1fja/unemployed_lost_and_losing_hope/,"Unemployed, lost and losing hope :(",comment,"I can relate.
Quick background:
Im 43, have a wife and 2 kids. Been unemployed since September 2022. Saying this so the gravity of my situation can resonate with you and hopefully help.
Ive had countless applications, initial screenings, final interviews, rejection emails, ghostings, name it.
I often worry about expenses; rent, groceries, etc.

Advice:
1. Do physical activities; walk, exercise, run, bike, whatever. Its good to channel all that pain, hurt and frustration elsewhere. You will feel much better and it will clear your head, something that you really need right now.
2. Hold your head up and keep applying. Work with your network for referrals (friends, colleagues, former officemates, etc)
3. Find other employment channels/ leads, the internet is your friend. (Linkedin, Indeed,Flexjobs,Upwork,etc)
4. Recollect your previous interviews. How could you better articulate and sell yourself? What interview questions did you struggle with and how could you have better answered it? There are many resources on Youtube on how to answer various interview questions which you could search
5. Talk it out(your feelings) with a close friend or family member. We  all need some sort of emotional support. Theres no shame on it. 
6. Control what you can. You can control your attitude, thoughts, preparation for interviews, productivity, etc. Perseverance, partnered with preparation is what will see you through.

Ancillary advise:
-dont think youre a victim. someone somewhere is going through this too...
-educate yourself in other skills or interests. Many free reaources online

Dont lose hope. Someday you'll get through this. You may not want to be where you are now, but you are exactly where you need to be. 

Kaya mo to my friend. We're all here rooting for you.",23-Apr,10,OTHER,None,Yes,,not relevant,giving advice
phcareers,https://www.reddit.com/r/phcareers/comments/12b1fja/unemployed_lost_and_losing_hope/,"Unemployed, lost and losing hope :(",comment,"You're almost there. Tuloy2x lang sa pag interview and do your best in showcasing yung achievements mo sa past work experience mo.

For me, numbers game din talaga ang pag apply. I always utilize yung Monster, Linkedin and Jobstreet.

Pagdating sa resume, always remember diyan mo iyabang lahat ng achievements / highlights of your work. Might need some tweaking sa fornat like directed sa role na gusto mo applyan.

Don't stop now.",23-Apr,8,OTHER,None,Yes,,not relevant,giving advice
phcareers,https://www.reddit.com/r/phcareers/comments/12b1fja/unemployed_lost_and_losing_hope/,"Unemployed, lost and losing hope :(",comment,"same na same tayo, last november pa ako unemployed still no luck until now, nag give up na ako sa indeed dahil madalas di papansinin application mo madalas reject, same tayo ng pinagdadaanan and 35 na ako, nag bpo and back office ako, confident naman ako sa skills ko pero di ako pinalad na mag ka work pa ulit, nakakadown and depressed din. let's hope n makahanap talaga tayo ng work.",23-Apr,6,VISIBILITY,None,Yes,,,
phcareers,https://www.reddit.com/r/phcareers/comments/12b1fja/unemployed_lost_and_losing_hope/,"Unemployed, lost and losing hope :(",comment,"Q1 is difficult. Madaming opening and madami din applicants so the competition is there. 

It's normal to feel frustrated. Trust me I have an email folder with lots of rejections.

For the meantime, take a step back and assess your  shortcomings then create a plan to improve and stick with it. Good luck. We'll all get there. 🙂",23-Apr,5,OTHER,None,Yes,,not relevant,They discuss competition
phcareers,https://www.reddit.com/r/phcareers/comments/12b1fja/unemployed_lost_and_losing_hope/,"Unemployed, lost and losing hope :(",comment,"Almost 3 years unemplpyed
And hired na ako ngayon thankfully
All im saying is wag mawalan ng pag asa go lng ng go kaya yan matumal lang tlga ekonomiya natin",23-Apr,5,EMOTIONAL,None,Yes,,,
phcareers,https://www.reddit.com/r/phcareers/comments/12b1fja/unemployed_lost_and_losing_hope/,"Unemployed, lost and losing hope :(",comment,"Nasabi na nila yung magagandang advice. Maiba po ako. 

Have you tried going somewhere peaceful? Like may probinsya ba kayo then you could try and live there lang pansamantala. 

Embrace the simplicity of the rural side. Minsan kahit simpleng buhay, dun pala natin mahahanap ang peace of mind. It's very therapeutic po. 

Yung kahit simpleng kanin at ulam ok na. Bungkal dito, bungkal dun. O benta dito, benta dun. Tayo ka tindahan o magturo ng mga bata.

Yan po nakapag pagaling ng mental stress ko.

I found time to lay low muna sa corporate at naging probinsyano. 😅 Then, narerealize mo din ano ba talaga gusto mong gawin sa life. Not based on other people, but based on your OWN passion, skills, and will.

Just a thought lang po. Baka may ganito kayong opportunity na mahanap.

Will pray for you to get well 🙏❤️‍🩹",23-Apr,5,OTHER,None,Yes,,not relevant,giving advice
phcareers,https://www.reddit.com/r/phcareers/comments/12b1fja/unemployed_lost_and_losing_hope/,"Unemployed, lost and losing hope :(",comment,"I don't want to sound too toxic positive, pero odds will eventually go in your favor soon enough.

I was fresh grad when I wasn't able to get a job that was in-line in my college major, it took me a year and a month before I was able to get that job I really like. Come after a few years, I quit one job after another 3 month spaces in between unit come 2017, I quit my job unexpectedly due to issues with colleagues that really ruined my mental health, I was unemployed from early 2017 to mid 2018. I felt so deep and hit rock bottom during this time, I was employed after that time but it's a job I just took because I need a job and I'm not getting any younger - not the job that I really want. But fast forward today, I am happy now and feel contented. 

Hindi ko sinasabi na yung nangyari sakin mangyayari sayo, pero know that there will be a company and the right set of people who will take their bets sayo, and when that day come, you will be happy. Know that you are not alone and that there are many here who is also/has been in your shoes. It's tough, but hey, it will come.",23-Apr,4,OTHER,None,Yes,,not relevant,giving advice
phcareers,https://www.reddit.com/r/phcareers/comments/12b1fja/unemployed_lost_and_losing_hope/,"Unemployed, lost and losing hope :(",comment,"Before ka mag apply, make sure hirable ka. Invest in skills.",23-Apr,3,OTHER,None,Yes,,not relevant,giving advice
phcareers,https://www.reddit.com/r/phcareers/comments/12b1fja/unemployed_lost_and_losing_hope/,"Unemployed, lost and losing hope :(",comment,"Firm advice from a former unemployed:

1) regulate your sleep.
2) exercise.
3) kung mas marami kang oras ngayon kaysa pera, learn new skills for free. Kung may pera ka naman at less ang oras, use it to acquire skills faster. Upskill.
4) pwede mag host ng pitty party anytime you want, pero hindi titigil ang oras at araw para sayo. Hindi mo mamamalayan ang daming oras ang nasayang dahil bihag ka ng nakaraan.
5) and lastly, sa opinion ko, mas malala mawalan ng trabaho kaysa lovelife, lalo na sa panahon ngayon.",23-Apr,4,OTHER,None,Yes,,not relevant,giving advice
phcareers,https://www.reddit.com/r/phcareers/comments/12b1fja/unemployed_lost_and_losing_hope/,"Unemployed, lost and losing hope :(",comment,Hey! Have you tried applying for remote companies? I feel like your skillset is super in demand. Breathe. Recalibrate and then try again. :) you got this,23-Apr,3,OTHER,None,Yes,,not relevant,giving advice
phcareers,https://www.reddit.com/r/phcareers/comments/12b1fja/unemployed_lost_and_losing_hope/,"Unemployed, lost and losing hope :(",comment,Try applying sa mga ESL companies or VA Agencies. 😇,23-Apr,3,OTHER,None,Yes,,not relevant,giving advice
phcareers,https://www.reddit.com/r/phcareers/comments/12b1fja/unemployed_lost_and_losing_hope/,"Unemployed, lost and losing hope :(",comment,"Hey OP, it took me 6 months to land a job after looking aggressively. I sent out an estimated 200 applications, was invited to 10 interviews, received just 1 offer. 

I did not land my dream job, but one that pays for my needs and wants. Isipin mo lang that the job search is a journey. Your next job is the start of another, up until you start the next one na naman.",23-Apr,3,PROCESS,None,Yes,,,
phcareers,https://www.reddit.com/r/phcareers/comments/12b1fja/unemployed_lost_and_losing_hope/,"Unemployed, lost and losing hope :(",comment,"Hello OP, I’m so sorry that you’re experiencing this. Try to find jobs in Linkedin, it’s legit there. Or try working as a virtual assistant, work from home plus competitive salary kahit entry level. Also, do not lose hope, baka this quarter makakuha ka na ng work. During interview, be straightforward and concise. For now, take free online courses so you can nurture your knowledge and attach certificates kasama sa application. 😊",23-Apr,4,OTHER,None,Yes,,not relevant,giving advice
phcareers,https://www.reddit.com/r/phcareers/comments/12b1fja/unemployed_lost_and_losing_hope/,"Unemployed, lost and losing hope :(",comment,Need more skills. Stand out,23-Apr,3,OTHER,None,Yes,,not relevant,giving advice
phcareers,https://www.reddit.com/r/phcareers/comments/12b1fja/unemployed_lost_and_losing_hope/,"Unemployed, lost and losing hope :(",comment,"Hi OP! Sorry you feel that way. I feel your pain. Rejection hurts. But I implore you not to lose hope and keep trying. Maybe take some time to rest if the stress of rejection is taking its toll on you. If you can afford to, maybe do some upskilling, like learning some programming languages. 

I'm a civil engineer who resigned from my job due to burnout in March 2020, right before the lockdown hit. The initial plan for me was to rest for a month before applying for a new job. When I started applying, ayun, todo apply sa mga engineering jobs, pero rejection after rejection. Yes, it hurt not getting the jobs I applied for, and sometimes I felt I wasn't good enough, or that I should've studied more.

Around September 2020 I decided that I was gonna take a break from engineering and apply for a BPO position in the same company my sister was working at, since I figured my English was good enough to manage. Lo and behold, I ended up passing a very competitive application process for a decently paid position, even if I would've loved to continue my career path in engineering (although I ended up going back to engineering a few months later, which is another story in and of itself) 

Long story short, I would advise that you keep your options open. If you're having a hard time applying  for a BPO position, maybe try applying for a job in a different field, maybe one that makes use of some of your other skills. And please don't lose hope.",23-Apr,3,GHOSTING,None,Yes,,Rejection hurts. But I implore you not to lose hope and keep trying. This gives the consistent theme of the ghosting should still be kept with hope,
phcareers,https://www.reddit.com/r/phcareers/comments/12b1fja/unemployed_lost_and_losing_hope/,"Unemployed, lost and losing hope :(",comment,"We’re exactly the same. In my late 20s, been applying since late last year and until now I have no luck. I also have 4 years of experience in customer service. Kung makikita mo job tracker excel sheet ko either rejected or ghosted. It’s also worse lalo na when you’re planning to switch careers (I’m targeting HR) kasi they prefer someone with 2-3 years of experience kahit na “fresh grads are also welcome to apply” crap. 

I’ve tried tailor-fitting my resume/CV to the jobs that I’m applying for pero waley pa rin talaga. I’m feeling dejected day by day. Though the job market sucks right now (maybe one of the reasons why) pero ewan.",23-Apr,3,VISIBILITY,None,Yes,,"even with tailoring the CV, it seems that they are still getting ghosted.",
phcareers,https://www.reddit.com/r/phcareers/comments/12b1fja/unemployed_lost_and_losing_hope/,"Unemployed, lost and losing hope :(",comment,"Uhm. Siguro while looking for a job, try mo din mag-upskill.",23-Apr,3,OTHER,None,Yes,,not relevant,giving advice
phcareers,https://www.reddit.com/r/phcareers/comments/12b1fja/unemployed_lost_and_losing_hope/,"Unemployed, lost and losing hope :(",comment,"Hi OP, feels you bro. Currently in the same situation as you. Left my previous work last January and have been job hunting till now. Submitted my resume a lot of times, pero so far either rejected, or repeated interviews. Don't really know what to tell you except to stay strong and just keep pushing the right opportunity will come eventually.",23-Apr,3,VISIBILITY,None,Yes,"Submitted my resume a lot of times, pero so far either rejected, or repeated interviews","even though they send many resumes, none have led to a job offer",
phcareers,https://www.reddit.com/r/phcareers/comments/12b1fja/unemployed_lost_and_losing_hope/,"Unemployed, lost and losing hope :(",comment,"Hi Op,   


I hope you are doing well. May mga comments na nagsasabi na mag upskill and keep on applying, those advises are great. Nangyari din sakin ito ng Feb 2022. Tried applying and for 3 months i was jobless. Sent applications in jobstreet and fb groups.   


Btw fb landed me two legit jobs albeit agency blue collar jobs, so the experience is somewhat good than jobstreet but always be wary of scam recruitment who ask medical after interviews and no job order with any client for those applying within the platorm.  


Anyways got my first job in 3 months as maintenance and excited ako but first day palang ang pangit na agad ng experience and the commute was shit. So I quit after first day. What a loser right? haha  


Anyways 2nd job as demo in Sm and things had turn for the better but wasn't easy, for now I work at the same position nearing 1 year and all is well but plans to transition to Food delivery has been brought due to the promise of holding ones own time and the potential higher payout for the said gig.  


I Learn also that I haven't explored all the necessary avenues in applying employment before I started this job since in department stores and groceries people are always needed, I'm not advocating you to apply as some minimum wager job just to get by but rather experience it and create connections even if for a limited time you put up with the work and you might get someone with the idea where to apply for your next step. I hope you get your big break Op",23-Apr,3,SCAM,Jobstreet,Yes,be wary of scam recruitment who ask medical after interviews and no job order with any client for those applying within the platorm,They gave relevant advice on how not to get scammed,
phcareers,https://www.reddit.com/r/phcareers/comments/12b1fja/unemployed_lost_and_losing_hope/,"Unemployed, lost and losing hope :(",comment,"Hi OP. Same here, unemployed since November and dealing with mental disorder. My experience naman is with back-office recruitment. Super dami na naapplyan. May mga nakarating namang final interviews, pero so far no offers yet. Kaya rin ako nahihirapan kasi galing akong night shift and gusto ko na sana bumalik sa day shift, kaso yung day shift roles na nakikita ko less than 5-10k ng previous salary ko. Parang ang sakit.

I totally understand how you feel. Ako naman turning 27 at feeling ko rin ang tanda tanda ko na at napapagiwanan, considering I tried taking post-grad studies pero 'di ko rin tinapos. Parang nagsayang ako panahon. Mga kakilala ko, may sarili nang pamilya at stable. Tapos ito ako, hirap makahanap ng work haha.

Ang ginagawa ko na lang, nagttake ako online short courses with certification para at least I'm upskilling while job hunting. Also, malaking bagay yung may nakakausap ka about your situation. Sometimes I can't help but compare myself with others, pero OP iwasan natin ito hindi talaga healthy. May kanya kanya tayong time. Makakabangon din tayo. Huhu.",23-Apr,4,EMOTIONAL,None,Yes,"ko rin tinapos. Parang nagsayang ako panahon. Mga kakilala ko, may sarili nang pamilya at stable. Tapos ito ako, hirap makahanap ng work haha",,
phcareers,https://www.reddit.com/r/phcareers/comments/12b1fja/unemployed_lost_and_losing_hope/,"Unemployed, lost and losing hope :(",comment,Same here po...,23-Apr,2,OTHER,None,Yes,,not relevant,
phcareers,https://www.reddit.com/r/phcareers/comments/12b1fja/unemployed_lost_and_losing_hope/,"Unemployed, lost and losing hope :(",comment,"Same age, same situation 😭 Pero ako 1 year na unemployed. May napasukan ako, isang araw ko lang pinasukan at sumuko agad ako. Ito, balik sa pag-apply. I hate myself. 😭😭😭",23-Apr,2,EMOTIONAL,None,Yes,,it brings self-hatred,
phcareers,https://www.reddit.com/r/phcareers/comments/12b1fja/unemployed_lost_and_losing_hope/,"Unemployed, lost and losing hope :(",comment,"OP, what is your target field? If alam mo na, i think it os best na itailor made mo yung resume mo sa target mo. You can even edit your prev work experience para sa target mo.

2 years ago, i was only a research assistant and my target is to be in analytics field. What i did is to edit my work description as a research assistant in a way na sasakto dun sa target ko na work (may onting exagg lang like 30 percent) and was able to get in

I know that the best thing is yet to come. Take care OP!",23-Apr,3,VISIBILITY,None,Yes,analytics field. What i did is to edit my work description as a research assistant in a way na sasakto dun sa target ko na work,,
phcareers,https://www.reddit.com/r/phcareers/comments/12b1fja/unemployed_lost_and_losing_hope/,"Unemployed, lost and losing hope :(",comment,"Hi OP. Kaya mo yan! 🫡 ask ko lang ano ba inapplyan mo since last year? Ibang JD naba? Total role shift?

I think mahirap siguro lalo na pag hindi related since 4 years BPO experienced ka. Mahirap saten makahanap outside the scope. Pero laban lang.",23-Apr,2,OTHER,None,Yes,,not relevant,they asked for more info
phcareers,https://www.reddit.com/r/phcareers/comments/12b1fja/unemployed_lost_and_losing_hope/,"Unemployed, lost and losing hope :(",comment,"Keep going lang OP, I know it's really difficult Ngayon mag hanap ng work",23-Apr,2,OTHER,None,Yes,,not relevant,they asked for more info
phcareers,https://www.reddit.com/r/phcareers/comments/12b1fja/unemployed_lost_and_losing_hope/,"Unemployed, lost and losing hope :(",comment,"5years unempolyed here, since gumruaduate ako di ako nag work in any company so I just do part time manpower work that I enjoy to get me through.

I think all you need to do is calm down and learn new skills on your free time while still looking for work. Try learning how to write on your non dominant hand or learn a new language just to keep your mind mentally fit.",23-Apr,2,OTHER,None,Yes,,not relevant,just wished the OP good luck
phcareers,https://www.reddit.com/r/phcareers/comments/12b1fja/unemployed_lost_and_losing_hope/,"Unemployed, lost and losing hope :(",comment,same here unemployed since feb 28. failed on one company and then so far sa inapplyan ko wala pa tumatawag. paubos na din ef and idk what career to pursue anymore,23-Apr,2,GHOSTING,None,Yes,,GHOSTING usually leads to an EMOTIONAL theme too.,
phcareers,https://www.reddit.com/r/phcareers/comments/12b1fja/unemployed_lost_and_losing_hope/,"Unemployed, lost and losing hope :(",comment,Ako rin. Nag resign ako november last year. Nakuha ko naman mga back pay ko at lahat lahat. Pero until now wala padin ako napapasukan. Sobrang stressful. Minsan nakakaiyak tlaga. Ang hirap.,23-Apr,2,EMOTIONAL,None,Yes,,,
phcareers,https://www.reddit.com/r/phcareers/comments/12b1fja/unemployed_lost_and_losing_hope/,"Unemployed, lost and losing hope :(",comment,"hugs, OP. Same as you, I also have Major Depressive Disorder and Bipolar 2. Left my job just this February because I got really really burned out. Tried to apply online, pero got rejected din a couple of times. sadt. Pero kaya natin to! 🥺💪",23-Apr,2,OTHER,None,Yes,,not relevant,just wished the OP good luck
phcareers,https://www.reddit.com/r/phcareers/comments/12b1fja/unemployed_lost_and_losing_hope/,"Unemployed, lost and losing hope :(",comment,"Hi OP! don’t give up. pasa lang ng pasa. while waiting, consider upskilling or exploring other skills which you feel that you will enjoy.",23-Apr,2,OTHER,None,Yes,,not relevant,just wished the OP good luck
phcareers,https://www.reddit.com/r/phcareers/comments/12b1fja/unemployed_lost_and_losing_hope/,"Unemployed, lost and losing hope :(",comment,same unemployed din ako. hirap makatulog sa gabi kakaiisip kung mag kaka trabaho pa ba ako. akala ko nung nag resign ako masaya hindi pala. amp.,23-Apr,2,EMOTIONAL,None,Yes,hirap makatulog sa gabi kakaiisip kung mag kaka trabaho pa ba ako,,
phcareers,https://www.reddit.com/r/phcareers/comments/12b1fja/unemployed_lost_and_losing_hope/,"Unemployed, lost and losing hope :(",comment,"You're not the only one. I have been unemployed since 2019 and just recently got a job. Hope you realize, you not having a job at this rate is still short. So, don't give up.",23-Apr,2,OTHER,None,Yes,,not relevant,just wished the OP good luck
phcareers,https://www.reddit.com/r/phcareers/comments/12b1fja/unemployed_lost_and_losing_hope/,"Unemployed, lost and losing hope :(",comment,"Hello po wala po ako maitutulong pero gusto ko lang po sabihin sainyo na, God will provide, Just trust him and believe in him po. Don't lose hope po :)",23-Apr,2,OTHER,None,Yes,,not relevant,just wished the OP good luck
phcareers,https://www.reddit.com/r/phcareers/comments/12b1fja/unemployed_lost_and_losing_hope/,"Unemployed, lost and losing hope :(",comment,"Hi OP! Same bipolar thingz 😅 Keep going lang and do the thing that you love. 

Buti ka nga may 4yrs xperience on your belt eh.. Ako literal wala, due to what happened to me in the past. 3-4yrs din yun na walang wala ako, and of course no career experience at all. Imagine gano kahirap mag hanap ng work. 🤦🏻

Super depressed, almost ended myself as well. But here I am, still fighting. 3months na sa work as online freelancer, although minimum wage, super baba, tuloy tuloy lang. Although, naghahanap pa din ng ibang work, much better work and salary, yun nga lang mahirap talaga. 

Been thinking of learning online, heard madami naman free and also gives certifications. That will probably help boost us. 

Exercise and meditate din!! Atleast 30mins work, and 5-15mins meditation!! Connect yourself to nature, that's where I find my inner peace. Cheers OP! Fighting!!",23-Apr,2,EMOTIONAL,None,Yes,"Super depressed, almost ended myself as well. But here I am, still fighting. 3months na sa work as online freelancer, although minimum wage, super baba, tuloy tuloy lang",,
phcareers,https://www.reddit.com/r/phcareers/comments/12b1fja/unemployed_lost_and_losing_hope/,"Unemployed, lost and losing hope :(",comment,"Im 31 and recently just got unemployed last january. I had 6 years of experience from my previous job. Pero tama ka, grabe employers ngayon, di ko magets mood. Sabe nila experience hinahanap nila, we have it pero baket ang aarte padin nila. Like, anong klaseng employee gusto nila, Diyos? Nakakaasar tbh, gusto ko nalang gamitin ung small savings ko to start my own business kahit by far it will be less than my previous monthly income.",23-Apr,2,PROCESS,None,Yes,"job. Pero tama ka, grabe employers ngayon, di ko magets mood",,
phcareers,https://www.reddit.com/r/phcareers/comments/12b1fja/unemployed_lost_and_losing_hope/,"Unemployed, lost and losing hope :(",comment,"Been unemployed rin since September. Maraming work opportunities kaso sobrang layo ng locations. Kung hindi work yung problema, agency naman. Hanap lang ng hanap OP. Wag mawalan ng pag asa",23-Apr,2,PROCESS,None,Yes,"locations. Kung hindi work yung problema, agency naman",this is interesting since now they also blame the agencies.,
phcareers,https://www.reddit.com/r/phcareers/comments/12b1fja/unemployed_lost_and_losing_hope/,"Unemployed, lost and losing hope :(",comment,"hi OP , not offering any advice but I can offer to review the resume you have been sending out. not saying I am an expert but maybe I can help you on that end.",23-Apr,2,VISIBILITY,None,Yes,,not relevant,just wished the OP good luck
phcareers,https://www.reddit.com/r/phcareers/comments/12b1fja/unemployed_lost_and_losing_hope/,"Unemployed, lost and losing hope :(",comment,"Ganito din sitwasyon ko, same time span (since Nov), mas matanda nga lang ako sayo. Napasok ako sa isang exploitative company last year so hindi ako tumagal, ngayon lahat ng interview ko nagpo-focus nalang dun na para bang wala na lahat kwenta ung mga qualifications ko dahil nag resign ako agad sa isang company. Para bang ineexpect nila na dapat mag stay lang ang mga empleyado kahit gaano pa ka-toxic ang companya.

May isa kong napag interview-han, panel kaya dinig namin lahat, lahat ng issue nung mga kasabay ko wala sakin, pero sila natanggap dahil lang last work exp ko resign agad. Sa isang banda, at least alam na ng mga employer na hindi ako for exploitation, nakaka walang pagasa nga lang na kahit ung mga goods na company hindi man lang nagbibigay ng chance.",23-Apr,2,PROCESS,None,Yes,", lahat ng issue nung mga kasabay ko wala sakin, pero sila natanggap dahil lang last work exp ko resign agad",they perceived unfair evaluation criteria,
phcareers,https://www.reddit.com/r/phcareers/comments/12b1fja/unemployed_lost_and_losing_hope/,"Unemployed, lost and losing hope :(",comment,Why not go to abroad op sa pinas kasi ang taas ng qualification pero pasahod di naman naitataas kahit no exp papasukan or entry level. Sa abroad kasi pag nag apply ka ez makapasok as long kaya mo at gusto mo pasukin. Satin kasi mahirap pamumuhay kong kulang sa diskarte kahit anong dami talaga exp mapa meron o wala exp nahihirapan. Pag naka pasok na sa work saka mag dodoubt kong kaya ko ba ito o hindi? Or invest sa sarili like aral ng mga pang IT jobs total po my exp kana sa bpo like tech support rep. Maging QA analyst etc,23-Apr,2,OVERSEAS,None,Yes,Sa abroad kasi pag nag apply ka ez makapasok as long kaya mo at gusto mo pasukin,Redditors perceive that getting a job abroad is easier than working here.,
phcareers,https://www.reddit.com/r/phcareers/comments/12b1fja/unemployed_lost_and_losing_hope/,"Unemployed, lost and losing hope :(",comment,Heyy OP. We're currently in the same boat. Unemployed since early December. Nagkaron ako ng JO with 1 company na supposedly will start last month pero namove next month. It's tough not knowing where you'll get the money to survive another month or so. Hang tight OP. Everything will be fine. Kaya natin to!,23-Apr,2,OTHER,None,Yes,,not relevant,just wished the OP good luck
phcareers,https://www.reddit.com/r/phcareers/comments/12b1fja/unemployed_lost_and_losing_hope/,"Unemployed, lost and losing hope :(",comment,"Hey OP, really sorry to hear this. It might not mean much, pero kapit lang!

I suggest na i-review mo yung resumé mo. Try to fine-tune your resumé based on the job that you are aiming for. Make sure na you are HITTING THE KEYWORDS sa job description ng job na tinatarget mo. That would really help you catch the eye of the recruiter.

Hope this helps, even just a little. Kapit lang ☺️",23-Apr,2,VISIBILITY,None,Yes,the job that you are aiming for. Make sure na you are HITTING THE KEYWORDS sa job description ng job na tinatarget mo. That would really help you catch the eye of the recruiter.,,
phcareers,https://www.reddit.com/r/phcareers/comments/12b1fja/unemployed_lost_and_losing_hope/,"Unemployed, lost and losing hope :(",comment,"Di ako magaling mag advise but hindi ka nag iisa OP. I can understand how that felt, the feeling of questioning what wrong are you doing for not getting  what you're aiming for.  Pero Sabi nga Diba, kapag kinikwestyon mo na yung path meaning ay nasa tamang direction ka. I left my previous in house company employer nung July 2022 only to take a course and hoped na after 2 months of taking the course, I'll give myself additional 2 months para magka client. So I've been rejected, NUMEROUS TIMES , na parang gusto ko na mag apply nalang ulett sa BPO kahit mas mababa na sahod sa dati Kong company basta may pera Ako at maambag sa bahay. Fast forward, etong March 27 lang ako nahire after rounds of interview. Di Sya related sa course na tinake ko, may touch of customer service din and I can say I landed a good one for my first client. 
So it's not really as easy as other's testaments but I know you'll gradually find yourself acting differently and wiser dahil sa mga rejections at learnings mo.
You'll get there. Somehow you'll see the good in this waiting season. Have faith OP",23-Apr,2,OTHER,None,Yes,,not relevant,this is not a pain point. They gave an inspirational story
phcareers,https://www.reddit.com/r/phcareers/comments/12b1fja/unemployed_lost_and_losing_hope/,"Unemployed, lost and losing hope :(",comment,"whenever I reach this point .
lagi ko iniisip na - “wala naman madaling trabaho e - atleast dito nakaka etc etc pako “

yes naramdaman ko din to same age bracket - feeling ko ndi na marketable . kaya feeling achievement lagi ako pag may mga job interview na naipapasa that time e",23-Apr,2,OTHER,None,Yes,,not relevant,they are coping about the job. They are not coping about the job search
phcareers,https://www.reddit.com/r/phcareers/comments/12b1fja/unemployed_lost_and_losing_hope/,"Unemployed, lost and losing hope :(",comment,"Hello. I've been in a similar position before. Been unemployed for 7 months dahil walang nakukuhang trabaho. Madaming pinasang resume pero konti lang yung bumabalik to invite me for an interview. Tapos yung mga pinuntahan ko namang interviews, wala ding nagiging successful. Nakakadown talaga. Iniisip ko kung ano yung problema bat di ako nahihire. Basta apply lang ng apply. kahit pakonti konti iadjust mo yung resume mo to be better. Ientertain mo lang yung mga interviews. Para you'll gain more experience. Ang pinakaimportante, wag ka mag give up. Kaya mo yan! We're rooting for you.",23-Apr,2,VISIBILITY,None,Yes,yung problema bat di ako nahihire. Basta apply lang ng apply. kahit pakonti konti iadjust mo yung resume mo to be better.,"to make the resume more visible, they suggest to adjust the resume bit by bit",
phcareers,https://www.reddit.com/r/phcareers/comments/12b1fja/unemployed_lost_and_losing_hope/,"Unemployed, lost and losing hope :(",comment,"Same boat, OP. The job market just really sucks here.",23-Apr,2,EMOTIONAL,None,Yes,,there is demoralization with the job search,
phcareers,https://www.reddit.com/r/phcareers/comments/12b1fja/unemployed_lost_and_losing_hope/,"Unemployed, lost and losing hope :(",comment,"Same happened to me, I was 30, but i was already unhappy with my job anyways so I wasn't too sad abt it, I decided to have a year off back here in PH. I currently upskills online and have a goal to rather find a job that I enjoy or start a business. 

I feel like when you're getting on your 30s you'll start looking for things to do that finds you real purpose.",23-Apr,2,OTHER,None,Yes,,not relevant,
phcareers,https://www.reddit.com/r/phcareers/comments/12b1fja/unemployed_lost_and_losing_hope/,"Unemployed, lost and losing hope :(",comment,"hi OP. same tayo situation, ako unemployed since last December 🥲 waiting lang ako sa government kasi ang bagal ng hiring process nila pero di ko lang din sure kung ghinost na rin nila ako hahaha. pero kaya natin ‘to, soon makakahanap din tayo uli ng trabaho. kapit lang :(",23-Apr,2,GHOSTING,None,Yes,"nila ako hahaha. pero kaya natin ‘to, soon makakahanap din tayo uli ng trabaho. kapit lang","Even in the ghosting, this OP holds hope that eventually someone will see their worth",
phcareers,https://www.reddit.com/r/phcareers/comments/12b1fja/unemployed_lost_and_losing_hope/,"Unemployed, lost and losing hope :(",comment,"Hello. Same. Since November unemployed. I resigned to my first company even if for me competive yung salary for a newbie (25k) but because of my mental health I gave up. Ang lala ng anxiety, dep, mood swing. Gustong gusto ko na magpa consult. I don't want to self diagnose but malaki yung chance na Bipolar Disorder 'to. Sobrang struggle. At the same time ilang beses akong nag try mag apply pero while doing it nagpapanic attack ako. Dagdag pa yung tots na I'm not competitive enough. My skills to be exact. 

May tots na if stable lang sana mental health ko I know I'm unstoppable because deep down even if may doubt sa sarili I know na magaling ako at kaya ko.

6 months na but I'm still here, unemployed and still trying to be okay kasi kahit basic chores lang hindi ko na magawa sa lala ng symptoms ko. First thing I feel in the morning is yung bigat or every hour nagigising ako dahil sa bigat na nararamdaman ko and anxiety. Most of the time hindi ako makakilos ng literal, I feel like a statue. Hindi ako makahinga. Para akong nalulunod.",23-Apr,2,OTHER,None,Yes,,not relevant,They are not having an emotional response due to the job search. They already had this prior to resignment.
phcareers,https://www.reddit.com/r/phcareers/comments/12b1fja/unemployed_lost_and_losing_hope/,"Unemployed, lost and losing hope :(",comment,"OP, I don't know how volatile the job market is these days, but I guess you just need to keep looking and not be choosy. Some income is better than no income, although, no income is better than negative income.

Just remember, the fact that you're still sending resumes out there means you haven't given up, and that you haven't lost. You only lose the moment you stop trying. You're also NOT alone. the fact that you can still eat, or talk to people, means some people out there are supporting you. So Kaya mo yan because kelangan mong kayanin anyway :)

P.S.
1) Never again resign nang walang kapalit. in this day and age, ang hirap nang walang income stream.
2) Please don't call it ghosting. You barely even know the HR people you've talked to. :))",23-Apr,1,GHOSTING,None,Yes,,,
phcareers,https://www.reddit.com/r/phcareers/comments/12b1fja/unemployed_lost_and_losing_hope/,"Unemployed, lost and losing hope :(",comment,"Bata ka pa. Upskill/do trainings while looking for a job

Or

r/techcareershifter",23-Apr,1,OTHER,None,Yes,,not relevant,just wishing OP goodluck
phcareers,https://www.reddit.com/r/phcareers/comments/12b1fja/unemployed_lost_and_losing_hope/,"Unemployed, lost and losing hope :(",comment,"Walang safe na trabaho, kahit big businesses nalulugi kapag hindi nag adapt sa changes. Get out of your comfort zone, upskill on whats in-demand skill right now. You can shift to tech, I can teach you how if you want",23-Apr,1,OTHER,None,Yes,,not relevant,just wishing OP goodluck
phcareers,https://www.reddit.com/r/phcareers/comments/12b1fja/unemployed_lost_and_losing_hope/,"Unemployed, lost and losing hope :(",comment,The job market is rough at the moment. Just have faith and apply lang pdin ng apply.,23-Apr,1,OTHER,None,Yes,,not relevant,just wishing OP goodluck
phcareers,https://www.reddit.com/r/phcareers/comments/12b1fja/unemployed_lost_and_losing_hope/,"Unemployed, lost and losing hope :(",comment,Been there before lost job because of the pandemic. Applied multiple application but rejected and ghosting and Meron pa nag offer sakin Pero nagghost din almost 9 months walang work sobrang hirap but after a month from one of my job application they contact me and got an offer so don't lose hope hang in there keep on moving Lang it's normal to feel that it's worse feeling but hang in there god will make a way keep on praying it works proven and tested.,23-Apr,1,GHOSTING,None,Yes,Pero nagghost din almost 9 months walang work sobrang hirap,,
phcareers,https://www.reddit.com/r/phcareers/comments/12b1fja/unemployed_lost_and_losing_hope/,"Unemployed, lost and losing hope :(",comment,"Hi OP, wag ka mawalan ng pag asa. Tambay ako 4yrs no work sa aviation industry dahil sa pandemya naapektuhan kame talaga sa sector namin. Same feeling din hanggang nagkaroon ng milagro out of nowhere sa inapplyan ko. Wag ka sumuko, may panahon palagi para sa pag asa. Ramdam kita. Tapangan mo pa. Maging highly content sa mga bagay na meron ka, pamilya, kaibigan, pets etc..All the small things in life. Sometimes may mga pagkakataon na suko nalang para di na mahirapan. Mas nanaiisin mong pumalag sa panahon ngayon dahil merong mga taong susuporta sayo hanggang sa huli.",23-Apr,1,EMOTIONAL,None,Yes,Same feeling din hanggang nagkaroon ng milagro out of nowhere sa inapplyan ko,The same feeling here is the lost of hope as mentioned in the title of the original post.,
phcareers,https://www.reddit.com/r/phcareers/comments/12b1fja/unemployed_lost_and_losing_hope/,"Unemployed, lost and losing hope :(",comment,"Hi OP. Not really sure how this will help you since baka magkaiba naman tayo ng situation. I resigned from what I'd call a good, okay-paying job last 2021. Hindi pa rin ako employed ngayon. Yung previous job ko is something similar to my dream job at akala ko talaga dun na ko magreretire. After working there for 7 years, naconfirm ka na ayoko na talaga. It was so hard having to give it up. Marami akong coworkers na nabigla sa resignation ko because I was doing well, pero sa loob ko alam kong hindi na talaga yun para sa akin. Sobrang lost ko after resigning kasi wala akong back-up, nag-spiral din mental health ko nun at sobrang kinwestiyon ko yung worth ko bilang tao. I was lucky to have family who are willing to support me while I try to find myself again. Nag-apply naman din ako kaagad after magresign, pero last year lang pinalad na magproceed yung applications ko. Meanwhile, binalikan ko lahat ng hobbies na hininto ko nung kinailangan kong maging breadwinner. I also tried to learn a lot of new things, like making proper food para sa mga kasama ko sa bahay, or taking care of the house. Learning new skills took my mind away from negative thoughts. Nagtry din ako ng mga online jobs, yung wala masyadong commitment para di ako mapressure, like microtasking sa clickworker uhrs (in fair, may time na kumita ako ng 10k dito in 2 weeks, kaso ang hirap na ngayon so i stopped) and late last year gumawa din ako ng UpWork account. Again, easy projects lang to keep myself occupied while earning a bit pandagdag sa panggastos sa bahay. And of course upskilling din with YouTube and free online courses while waiting for my application results.
   
Ayun, again di ko alam kung makakatulong na um-okay yung state of mind mo pero share ko lang. You're going to be okay, OP.",23-Apr,1,EMOTIONAL,None,Yes,"Sobrang lost ko after resigning kasi wala akong back-up, nag-spiral din mental health ko nun at sobrang kinwestiyon ko yung worth ko bilang tao.","They left willingly, yet they still had state of self-doubt.",
phcareers,https://www.reddit.com/r/phcareers/comments/12b1fja/unemployed_lost_and_losing_hope/,"Unemployed, lost and losing hope :(",comment,"Apply for a job > while waiting, upskill > apply for a job > while waiting, upskill again > rinse and repeat. 

Patalinuhin mo ng patalinuhin sarili mo habang nag aapply, create an opportunity for yourself. Kaya mo yan!",23-Apr,1,OTHER,None,Yes,,not relevant,just wishing OP goodluck
phcareers,https://www.reddit.com/r/phcareers/comments/12b1fja/unemployed_lost_and_losing_hope/,"Unemployed, lost and losing hope :(",comment,"Lost and losing hope. Employed ako pero kulang nalang kaladkarin ko 'yung katawan ko para pumasok. Naiiyak ako kasi kung iisipin ang dami kong pangarap nung bata ako, sabi ko pa kapag 25y.o settled na dapat ako, may sarili ng pamilya, financially stable pero isang malaking lol. Haha. 28 na ako ngayon, hiyang-hiya ako sa sarili ko, lalo na sa parents ko dahil wala pa akong napapala sa buhay ko. Hindi man nila sinasabi pero alam ko na disappointed sila sakin. Masakit, mahirap, nakakaiyak. Ang hirap hindi ikumpara yung sarili sa iba na nasa edad ko at kuntento/maganda na ang buhay. Minsan gusto ko nalang muna magpaka-layo layo pero hindi ko afford magpahinga sa ngayon. Pero pipilitin kong lumaban sana kayanin. Hugs, OP.",23-Apr,1,OTHER,None,Yes,,not relevant,they have a job actually. They just hate it
phcareers,https://www.reddit.com/r/phcareers/comments/12b1fja/unemployed_lost_and_losing_hope/,"Unemployed, lost and losing hope :(",comment,I remember I applied to almost 100 jobs. I got 8 interviews and 2 job offers. Apply lang ng apply. But be sure you are working hard for it.,23-Apr,1,EMOTIONAL,None,Yes,,,
phcareers,https://www.reddit.com/r/phcareers/comments/12b1fja/unemployed_lost_and_losing_hope/,"Unemployed, lost and losing hope :(",comment,Ako nga since dec 2020 ehh,23-Apr,1,OTHER,None,Yes,,not relevant,
phcareers,https://www.reddit.com/r/phcareers/comments/12b1fja/unemployed_lost_and_losing_hope/,"Unemployed, lost and losing hope :(",comment,"Maybe in the meantime you can enroll in free online courses to hone your skills or develop new ones? [Coursera](https://www.coursera.org) offers a lot of free online courses. In fact, I have a few certifications from them which I took around 2014-2017. I even enrolled in the same course that my daughter was enrolled at a uni then so that I can get materials for her to use if she needs some.",23-Apr,1,OTHER,None,Yes,,not relevant,just wishing OP goodluck
phcareers,https://www.reddit.com/r/phcareers/comments/12b1fja/unemployed_lost_and_losing_hope/,"Unemployed, lost and losing hope :(",comment,"Hi OP. I highly suggest that you explore client/customer support roles in the startup industry. Lahit local startup, there's always a need for a support person.

Pay might be the same but you'll have a better path once you land it.

Job hunting is a job of its own. You have to be on linkedin, jobstreet, indeed, etc browsing and applying for hours. 

My question to you is how long do you spend each day on applying for jobs? If you're only spending a few hours then you're not doing enough unfortunately.

I've been in the same situation before about 10 years ago. I was browsing job openings even during Christmas Eve and NYE. Eventually, I found one after a month.",23-Apr,1,VISIBILITY,"LinkedIn, Jobstreet, Indeed",Yes,If you're only spending a few hours then you're not doing enough unfortunately.,They attribute the lack of visibility to not trying enough. They need to spend hours to get to be seen by recruiters.,
phcareers,https://www.reddit.com/r/phcareers/comments/12b1fja/unemployed_lost_and_losing_hope/,"Unemployed, lost and losing hope :(",comment,What's your line of work?,23-Apr,1,OTHER,None,Yes,,not relevant,just asking for my details
phcareers,https://www.reddit.com/r/phcareers/comments/12b1fja/unemployed_lost_and_losing_hope/,"Unemployed, lost and losing hope :(",comment,"Hi OP! If you are open for a sales job, I’m an agency manager and I can help you. I also practice mindfulness meditation, hoping makatulong ako sa journey mo.",23-Apr,1,OTHER,None,Yes,,not relevant,just wishing OP goodluck
phcareers,https://www.reddit.com/r/phcareers/comments/12b1fja/unemployed_lost_and_losing_hope/,"Unemployed, lost and losing hope :(",comment,"Keep on trying, send as many reume as you can daily. Create and update your Linkedin Indeeed accounts. 

Too young to loose hope. Find something na makaka motivate sayo like mga quotes, family.

Move on. Upskill ka, lean new things.

Keep the faith, makaka land ka din sa trabaho na gusto mo",23-Apr,1,OTHER,None,Yes,,not relevant,just wishing OP goodluck
phcareers,https://www.reddit.com/r/phcareers/comments/12b1fja/unemployed_lost_and_losing_hope/,"Unemployed, lost and losing hope :(",comment,"I feel you completely. I’ve been unemployed for the last several months due to a layoff and have hit some real lows along the way. I’ve loved being part of this community solely because of the support and keeping my sanity in check. For anyone who needs something extra, please check out Sabina Sulat’s podcast, Agile Unemployment. She is a Recruiter/Coach, and has 19 episodes on how to survive the emotional impact of losing your job, as well as helpful insights while you’re on your quest. I hope this helps!  [Agile Unemployment Podcast](https://agileunemploymentpodcast.podbean.com)[Agile Unemployment](https://www.amazon.com/dp/1737718308?ref_=cm_sw_r_apin_dp_R2YSRTNRJ49H9Q8FZNJ0)",23-Apr,1,EMOTIONAL,None,Yes,I’ve been unemployed for the last several months due to a layoff and have hit some real lows along the way.,I feel like this was an advertising campaign,
phcareers,https://www.reddit.com/r/phcareers/comments/12b1fja/unemployed_lost_and_losing_hope/,"Unemployed, lost and losing hope :(",comment,"Hi OP. Been there. Lagi ako naggbreakdown when I resigned sa first job ko, kasi sobrang draining, BPO pa man din. Nothing in life is ever certain, as we all know, we win and we will lose, cycle repeats. I think ang nakatulong sa akin dati, writing in my journal, I even recorded myself with all my negative thoughts and hopelessness, and it helped kahit papaano. 
As for the job loss, since it was my choice, nag rest mun ako ng months, pero di ko rin inakala ang hirap na mag-apply lalo kung ayaw mo na maulit yung dati... hindi sa hindi ako pasok sa standards nila, actually pumapasa naman ako kaso... ayoko nung work, parang okay na muna ako unemployed kesa same  nightmare nung nasa BPO ako. I did freelance, yung mga microtasks lang talaga na self-paced. And I'm earning small, pero kahit papaano, atleast meron.  if you are curious to try, search Clickworker.com and toloka.yandex.com, download Premise app sa Google Play. Ito mga naging source ng small earnings ko. 

Then tinry ko ulit apply-apply, until naging part ako ng Recruitment sa HR. It didn't last since baguhan ako, I tried other industry, naging Chat Support ako sa ESL industry, and got lucky kasi good yung work culture, kaso after more tha  2 yrs retrenched. Pero now, I'm part ulit ng Recruiting, since baka yun talaga calling ko, I tried again. So far, it's good and more than a year na ako. 
Ang take aways ko lang, wag mawalan ng pag-asa, walang permanente sa mundo. 🤍 Keep going.",23-Apr,1,OTHER,None,Yes,,not relevant,"shared their own experience, but they did not really want to find a job"
phcareers,https://www.reddit.com/r/phcareers/comments/12b1fja/unemployed_lost_and_losing_hope/,"Unemployed, lost and losing hope :(",comment,"Naghanap talaga ako sa google ng nasa kaparehas kong sitwasyon dahil ayokong mag-double post kung may ganito na na topic.

Anyway, same here. 35 years old going 36 this year. Unemployed ulet. I have had 3 jobs since July of last year (Jan - June eh freelance ESL tutor ako at ang baba ng kita sa mga ESL companies sa Pinas). Usually 1-3 months lang tinatagal ko sa work. Last job ko natapos noong March. Ngayon dami kong sinubmittan ng resume. I've had demo sa Alorica as Languaeg Instructor. Puro puri ang feedback sakin. Balikan daw ako. After 2 weeks wala. Nag-update ako, biglang di na daw ako napili. May tumawag ulit na isang company as English teacher (not really a school pero parang ESL school sa Guada), ganda ng creds ko dahil nga may teaching background ako for 12 years as an English teacher. Antay na lang daw for final interview. Nag-update ako kasi wala pa ngang tawag. Nagreply sa text ko tapos biglang they decided to move on na daw sa ibang candidates. Ang alat. Pressured ako kasi nakikitira lang ako sa bahay ng mga biyenan ko kasama asawa ko. Hirap sa feeling at di ko alam baka naja-judge na nila akong tamad at batugan. Sobrang praning ako dahil may anxiety disorder din ako.

Minsan naisip ko kung ilalagay ko ba sa resume ko yung 1 month lang tinagal ko sa work. Naisip ko kasi makikita din naman nila yon kahit di ko ilagay kasi baka tignan sa SSS contribution.

Naisip ko din na wag na kaya ako manghingi ng update? Baka kasi dun ako nade-decline dahil baka isipin nila atat ako.

Hirap.  Pero kaya natin yan. May tatawag at tatawag din diyan na makakakita ng worth natin.",23-May,1,GHOSTING,None,Yes,Pressured ako kasi nakikitira lang ako sa bahay ng mga biyenan ko kasama asawa ko. Hirap sa feeling at di ko alam baka naja-judge na nila akong tamad at batugan,"Even in the ghosting, this OP holds hope that eventually someone will see their worth",
phcareers,https://www.reddit.com/r/phcareers/comments/12b1fja/unemployed_lost_and_losing_hope/,"Unemployed, lost and losing hope :(",comment,"Hi OP, I feel you. Ako kakaresign lang, alam ko na maling desisyon to dahil hindi ako prepared sa pagiging jobless, walang plan A B C. Pero life must go on. Fighting :)",23-Jun,1,EMOTIONAL,None,Yes,"desisyon to dahil hindi ako prepared sa pagiging jobless, walang plan A B C. Pero life must go on",unemployment leads to emotionality,
phcareers,https://www.reddit.com/r/phcareers/comments/12b1fja/unemployed_lost_and_losing_hope/,"Unemployed, lost and losing hope :(",comment,"Hello, OP. Kamusta po sa job hunting? 4 months na kong unemployed ngayon and naghahanap din ako ng mga karamay cause my mental health is really affecting me dahil wala akong work :(",24-Feb,1,EMOTIONAL,None,Yes,4 months na kong unemployed ngayon and naghahanap din ako ng mga karamay cause my mental health is really affecting me dahil wala akong work ,,
phcareers,https://www.reddit.com/r/phcareers/comments/116wamy/hundreds_of_applications_dozens_of_rejections/,"Hundreds of applications, dozens of rejections, months of jobseeking and I still can't get a job. I'm starting to feel hopeless.",post,"I got laid off last November because they found someone who can do graphic design and customer service all in one. Honestly it was just a classic scenario of americans exploiting filipinos, they found someone else willing to work for twice the workload with the same salary. Of course they had to let me go because I didn't agree to that.

Fast forward to today, I have sent in hundreds of applications on every job search website I can find and I have no luck. Sometimes I get shortlisted and get to final interviews but then never got the chance to move forward. There is always someone better than me. I have years of experience and I am confident about my conversational and technical skills, but I feel like the market is so oversaturated and competitive now, that I am not deserving of my career anymore.

I don't know what to do. I'm hopeless. I feel so lost and honestly am so close to ending my life.

UPDATE: I am glad I did not give in to my demons. I found a job a month after this post and it's the best job I've ever had. I love the environment, the coworkers, and the pay is good too. Thank you for all your kind words. It made me trust myself and push further.",23-Feb,179,EMOTIONAL,None,Yes,The ghosting leads to also emotional undertones.,The person is so demotivated in the job seearch that they were thinking of killing themselves.,
phcareers,https://www.reddit.com/r/phcareers/comments/116wamy/hundreds_of_applications_dozens_of_rejections/,"Hundreds of applications, dozens of rejections, months of jobseeking and I still can't get a job. I'm starting to feel hopeless.",comment,"How to answer the interview is the key.
Research STAR format, it can be a good structure for you how to answer the questions.

Portfolios if needed to be presented, should stand out of the crowd. I’m not sure if you already have this skill or strategy, but there is a super advance PPT skilled presentation method.

At the end of the day, you sell yourself. Do they believe you are qualified? Do you have potential? Are you a person they want to work with not just on a professional assumption?",23-Feb,31,OTHER,None,Yes,,not relevant,just wishing OP goodluck
phcareers,https://www.reddit.com/r/phcareers/comments/116wamy/hundreds_of_applications_dozens_of_rejections/,"Hundreds of applications, dozens of rejections, months of jobseeking and I still can't get a job. I'm starting to feel hopeless.",comment,"Same shit way back 2020-2021 Inunahan ko na ng resignation yung company ko kasi parang lagi kaming nasa edge dahil di namen alam kung mareretrench kami. i tried applying as a Cyber Sec Analyst kahit 0 experience ako failed dahil wala akong enough skill set di ko rin nasagot ng maayos ang technical interviews. Nag move on na ako dito and tried improving my self

Nag apply ako sa isang BPO company and natanggap naman eventually na kalinya ng previous job ko and first time ko sobrang di kaya ng katawan ko di ba honest lagi ako nakakatulog. pero na enhance yung communication skills  ko since global support ang hinahandle namen. habang nag wowork ako dito nag aaral ako ng AWS and Aim ko mag ka certificate lang ng fundamental cert nila para makapag apply ulit ng better jobs na ang industry ay nasa cloud. nakapasa ako and i tried applying jobs na related sa cloud habang may stable source pa ako ng income bago mag resign. sa awa naman ng nasa itaas nakahanap ako ng work na related and junior position siya pero di ka tinitipid ng company kahit wala kang exp. and yun the rest is history na.


naniniwala ako sa mga points na to
-Tuloy tuloy lang dadating din ang time natin.
-Cloud technologies today are turning people from zero to hero.",23-Feb,24,OTHER,None,Yes,,not relevant,the poster left the company because they were scared if he was going to be fired. This is not related to the job searching process
phcareers,https://www.reddit.com/r/phcareers/comments/116wamy/hundreds_of_applications_dozens_of_rejections/,"Hundreds of applications, dozens of rejections, months of jobseeking and I still can't get a job. I'm starting to feel hopeless.",comment,"Hi, just think of it this way. You are given more time to change something within yourself. You may try to learn new things that you think will be helpful to the career that you want. It happened to me last 2020, and I also questioned myself and started to feel hopeless. What I did was to learn new things (in my case, programming languages) that I can showcase during interviews. I also honed the skills that I already knew up to the last smallest details. All of it paid off!

After this phase of your life, you will look back on it and you will be so proud of yourself. Keep doing your thing! Don't forget to pray as well. I'm rooting for you.!",23-Feb,42,GHOSTING,None,Yes,"It happened to me last 2020, and I also questioned myself and started to feel hopeless. What I did was to learn new things",The ghosting leads to also emotional undertones.,
phcareers,https://www.reddit.com/r/phcareers/comments/116wamy/hundreds_of_applications_dozens_of_rejections/,"Hundreds of applications, dozens of rejections, months of jobseeking and I still can't get a job. I'm starting to feel hopeless.",comment,"We have the same situation OP. And yes there are times na nakakafrustrate na kahit I know I did well sa interview and shortlisted din hanggang final interview but hindi ako pinili. 

Valid yung feelings mo OP but we just have to face reality na we are going to experience hardships and rejections like what you are going through and there are just some things that are out of our control, if anything you should be proud of yourself kasi you are trying. Kaya keep on persisting lang, rest if you must then try again.

It only takes a YES on hundreds of NO to change your life. Believe that whats meant for you will never miss you. I believe in you OP. Have faith 🙏🏻",23-Feb,17,GHOSTING,None,Yes,there are times na nakakafrustrate na kahit I know I did well sa interview and shortlisted din hanggang final interview but hindi ako pinili,The ghosting leads to also emotional undertones.,
phcareers,https://www.reddit.com/r/phcareers/comments/116wamy/hundreds_of_applications_dozens_of_rejections/,"Hundreds of applications, dozens of rejections, months of jobseeking and I still can't get a job. I'm starting to feel hopeless.",comment,"Can only feel disappointed/ discouraged/ hopeless like/ with you, OP. Hope that ray of hope shines on you some time soon.",23-Feb,30,OTHER,None,Yes,,not relevant,just wishing OP goodluck
phcareers,https://www.reddit.com/r/phcareers/comments/116wamy/hundreds_of_applications_dozens_of_rejections/,"Hundreds of applications, dozens of rejections, months of jobseeking and I still can't get a job. I'm starting to feel hopeless.",comment,"Upskill para may edge ka over other candidates. It's never too late to learn something new. Meanwhile, just keep applying.",23-Feb,31,OTHER,None,Yes,,not relevant,just wishing OP goodluck
phcareers,https://www.reddit.com/r/phcareers/comments/116wamy/hundreds_of_applications_dozens_of_rejections/,"Hundreds of applications, dozens of rejections, months of jobseeking and I still can't get a job. I'm starting to feel hopeless.",comment,"Please dont end your life. I hope you can get through this. ""As long as I live, there are infinite chances"" ~ Some Pirate.",23-Feb,13,EMOTIONAL,None,Yes,,,
phcareers,https://www.reddit.com/r/phcareers/comments/116wamy/hundreds_of_applications_dozens_of_rejections/,"Hundreds of applications, dozens of rejections, months of jobseeking and I still can't get a job. I'm starting to feel hopeless.",comment,"Take breaks, don’t be too hard on yourself.

Upskill lang habang nag-aapply. Maybe expand your skill like try mo 3D modeling or animation, I’m not sure. Digital Marketing, or other tech industry skills lang UI UX. Eto na yung time na mag-explore ka ng iba if it currently doesn’t work out.",23-Feb,12,OTHER,None,Yes,,not relevant,just wishing OP goodluck
phcareers,https://www.reddit.com/r/phcareers/comments/116wamy/hundreds_of_applications_dozens_of_rejections/,"Hundreds of applications, dozens of rejections, months of jobseeking and I still can't get a job. I'm starting to feel hopeless.",comment,"Honestly I felt that way, although hindi naman ako jobless pero yung 50k na sahod ko, 49999 dun bills. Sobrang hindi ko na alam gagawin ko. Tapos naisip ko, ano ba course ko ng college, baka may naretain ako na knowledge, and pinilit ko talagang mag upskill as web dev. Kahit alam kong wala ako ni isang patak ng artistry sa katawan, inaral ko ang figma design. Ngayon front end dev na ako with some side hustle sa upwork at olj. 2 taon yun 2020, 9 hours sa work 8 hours na aral.

PS: maghanap ka ng mga video about Monk Mode",23-Feb,6,EMOTIONAL,None,Yes,"2 taon yun 2020, 9 hours sa work 8 hours na aral.",,
phcareers,https://www.reddit.com/r/phcareers/comments/116wamy/hundreds_of_applications_dozens_of_rejections/,"Hundreds of applications, dozens of rejections, months of jobseeking and I still can't get a job. I'm starting to feel hopeless.",comment,"Same here OP tho magkaiba tayo ng industry. Been job hunting since June last year. Hindi ko na alam kung gaano kadaming interview na yung hinarap ko. Litong lito na din ako sa dami ng application na pinasa ko. Pati yung mga resume na ni tweak ko. Minsan naiiyak na lang ako sa frustration lalo na pag sobrang gusto ko yung position and company. Mostly hanggang initial interview lang din ako. Iilan lang yung naka abot ako sa final, or second or third rounds. Laging ligwak. Wala pa din offer kahit isa. Ang hirap pero laban lang. makakahanap din tayo 💪💪",23-Feb,6,EMOTIONAL,None,Yes,Minsan naiiyak na lang ako sa frustration lalo na pag sobrang gusto ko yung position and company,,
phcareers,https://www.reddit.com/r/phcareers/comments/116wamy/hundreds_of_applications_dozens_of_rejections/,"Hundreds of applications, dozens of rejections, months of jobseeking and I still can't get a job. I'm starting to feel hopeless.",comment,"Try freelancing and upskilling while waiting for work. Also, better na may assurance na sa next company - Don't rush into things kasi baka next company may mga ganito nanamang scenarios. And lastly, wag mawalan ng pag-asa!",23-Feb,4,SCAM,None,Yes,,,
phcareers,https://www.reddit.com/r/phcareers/comments/116wamy/hundreds_of_applications_dozens_of_rejections/,"Hundreds of applications, dozens of rejections, months of jobseeking and I still can't get a job. I'm starting to feel hopeless.",comment,Try to learn some other skills while your free then try to apply in aviation industry.,23-Feb,3,OTHER,None,Yes,,not relevant,wishing goodluck to OP
phcareers,https://www.reddit.com/r/phcareers/comments/116wamy/hundreds_of_applications_dozens_of_rejections/,"Hundreds of applications, dozens of rejections, months of jobseeking and I still can't get a job. I'm starting to feel hopeless.",comment,"This happened to me last 2019, it took me almost a year before I got hired. It's not easy but, you just really have to be patient and persistent. Hone  your craft, or move to an industry that is related to your career right now.",23-Feb,3,EMOTIONAL,None,Yes,,,
phcareers,https://www.reddit.com/r/phcareers/comments/116wamy/hundreds_of_applications_dozens_of_rejections/,"Hundreds of applications, dozens of rejections, months of jobseeking and I still can't get a job. I'm starting to feel hopeless.",comment,"This too shall pass OP, tiwala lng kay God at sa sarili. Good luck OP.",23-Feb,3,OTHER,None,Yes,,not relevant,wishing goodluck to OP
phcareers,https://www.reddit.com/r/phcareers/comments/116wamy/hundreds_of_applications_dozens_of_rejections/,"Hundreds of applications, dozens of rejections, months of jobseeking and I still can't get a job. I'm starting to feel hopeless.",comment,"It would be best when in one of the interviews that you will still be rejected, ask for feedback. Kahit amo pa ang sabihin syo, there will always be a workaround available.

You said you are confident with your conversational and technical skills, we wouldn’t know. Its with the recruiters what they saw in you to say “no”. Maybe (just maybe) kala mo lang na ok ang said skills mo. Baka kulang pa.",23-Feb,3,OTHER,None,Yes,,not relevant,wishing goodluck to OP
phcareers,https://www.reddit.com/r/phcareers/comments/116wamy/hundreds_of_applications_dozens_of_rejections/,"Hundreds of applications, dozens of rejections, months of jobseeking and I still can't get a job. I'm starting to feel hopeless.",comment,"Feel ko ako nagsulat neto ah haha. 

A lot of companies told me they liked me, that I had the most experience and the skills for the job. Pero pag naguusapan na about expected salary, biglang di ako pumapasa sa application. 

Ang ginawa ko na lang ay nag-part time until makakuha ng company who’s willing to pay me my expected salary. 

Good luck sa applications mo, OP!",23-Feb,2,GHOSTING,None,Yes,,,
phcareers,https://www.reddit.com/r/phcareers/comments/116wamy/hundreds_of_applications_dozens_of_rejections/,"Hundreds of applications, dozens of rejections, months of jobseeking and I still can't get a job. I'm starting to feel hopeless.",comment,"Hi. Sorry to hear what you're going through. Finding a job is indeed difficult, *especially* now post-COVID and the economy taking a nosedive. That is simply the reality, you will take the better resume. 

I can't really tell you *how* to find a job, if you passed the civil service exam, but if it's any help you can apply for the government. You can always start small, as everyone does, but if you get hired nobody will fire to be replaced. And the government will only promote you. The only way is up.",23-Feb,2,OTHER,None,Yes,,not relevant,just wishing OP goodluck
phcareers,https://www.reddit.com/r/phcareers/comments/116wamy/hundreds_of_applications_dozens_of_rejections/,"Hundreds of applications, dozens of rejections, months of jobseeking and I still can't get a job. I'm starting to feel hopeless.",comment,"Hi OP, it's understandable to feel the way you feel given what you're going through but maybe you can use that time to upskill instead. You say your industry is oversaturated, so it's probably best to find a new industry rather than sulking. It won't be easy, but it'll be worth it. Keep your head up lang!",23-Feb,1,OTHER,None,Yes,,not relevant,just wishing OP goodluck
phcareers,https://www.reddit.com/r/phcareers/comments/116wamy/hundreds_of_applications_dozens_of_rejections/,"Hundreds of applications, dozens of rejections, months of jobseeking and I still can't get a job. I'm starting to feel hopeless.",comment,Send me your CV?,23-Feb,0,OTHER,None,Yes,,not relevant,